image_path,true_idx,pred_idx,top5_idx,top1_confidence
data\raw\val\00044_Animalia_Arthropoda_Arachnida_Araneae_Araneidae_Trichonephila_clavata\b118ce80-030d-4215-8655-a1e737a8ea09.jpg,0,246,246 492 274 493 32,0.1150502935051918
data\raw\val\00044_Animalia_Arthropoda_Arachnida_Araneae_Araneidae_Trichonephila_clavata\0d598c0c-9440-4943-901f-8b3aabe9927a.jpg,0,468,468 356 471 448 460,0.47430336475372314
data\raw\val\00044_Animalia_Arthropoda_Arachnida_Araneae_Araneidae_Trichonephila_clavata\4138bcc1-935e-4238-ab10-88cb57e3867f.jpg,0,25,25 0 115 472 29,0.08821436762809753
data\raw\val\00044_Animalia_Arthropoda_Arachnida_Araneae_Araneidae_Trichonephila_clavata\f17bd6bd-5808-424b-861f-beae97458134.jpg,0,0,0 25 1 2 5,0.2748188376426697
data\raw\val\00044_Animalia_Arthropoda_Arachnida_Araneae_Araneidae_Trichonephila_clavata\9e3aaa09-75b3-4056-a786-237faeb1937f.jpg,0,356,356 313 475 483 256,0.14820586144924164
data\raw\val\00044_Animalia_Arthropoda_Arachnida_Araneae_Araneidae_Trichonephila_clavata\74a0fcae-4617-45c0-b41e-0c5bf950c63d.jpg,0,302,302 304 234 305 428,0.20321153104305267
data\raw\val\00044_Animalia_Arthropoda_Arachnida_Araneae_Araneidae_Trichonephila_clavata\6033a916-8e8a-4c4d-9822-f199464cf19c.jpg,0,305,305 496 348 302 304,0.2126367837190628
data\raw\val\00044_Animalia_Arthropoda_Arachnida_Araneae_Araneidae_Trichonephila_clavata\db3425a1-2bb3-41da-b3c9-91134ef619ad.jpg,0,398,398 9 126 91 472,0.05235685035586357
data\raw\val\00044_Animalia_Arthropoda_Arachnida_Araneae_Araneidae_Trichonephila_clavata\07ed32d8-c4a7-44e5-9bbe-b6985a943b6e.jpg,0,274,274 242 240 442 249,0.2071351408958435
data\raw\val\00044_Animalia_Arthropoda_Arachnida_Araneae_Araneidae_Trichonephila_clavata\a25891c0-0c5e-4560-bc19-a5611644732e.jpg,0,356,356 0 391 476 25,0.1567099690437317
data\raw\val\00046_Animalia_Arthropoda_Arachnida_Araneae_Araneidae_Trichonephila_edulis\c4e363c0-eb3f-44e5-b17f-46811eaff409.jpg,1,1,1 2 25 73 74,0.20844076573848724
data\raw\val\00046_Animalia_Arthropoda_Arachnida_Araneae_Araneidae_Trichonephila_edulis\87d8ff7d-7253-438d-a87d-fadefc765bc6.jpg,1,49,49 73 27 127 70,0.11983547359704971
data\raw\val\00046_Animalia_Arthropoda_Arachnida_Araneae_Araneidae_Trichonephila_edulis\d230be55-97c7-4714-99d4-de832b4bca3f.jpg,1,25,25 77 100 74 1,0.3948960602283478
data\raw\val\00046_Animalia_Arthropoda_Arachnida_Araneae_Araneidae_Trichonephila_edulis\5555c2ac-ac70-4e35-9f84-ea6294cd3c87.jpg,1,1,1 25 0 2 5,0.778110146522522
data\raw\val\00046_Animalia_Arthropoda_Arachnida_Araneae_Araneidae_Trichonephila_edulis\039419d2-5fdd-4319-ab1a-64229cf9e196.jpg,1,25,25 1 0 5 2,0.47489768266677856
data\raw\val\00046_Animalia_Arthropoda_Arachnida_Araneae_Araneidae_Trichonephila_edulis\c17d21ae-360f-4bd3-a609-6467ebf16091.jpg,1,1,1 2 0 25 127,0.53197181224823
data\raw\val\00046_Animalia_Arthropoda_Arachnida_Araneae_Araneidae_Trichonephila_edulis\69a76f56-a769-4f58-8714-aed3cf66d1e9.jpg,1,315,315 257 365 370 329,0.1633705496788025
data\raw\val\00046_Animalia_Arthropoda_Arachnida_Araneae_Araneidae_Trichonephila_edulis\33b13f02-a693-4275-9b83-99448ba63b12.jpg,1,74,74 80 86 2 5,0.14106309413909912
data\raw\val\00046_Animalia_Arthropoda_Arachnida_Araneae_Araneidae_Trichonephila_edulis\17f7b836-50c2-434f-8cac-e4f38f4502ce.jpg,1,1,1 25 2 77 72,0.3168956935405731
data\raw\val\00046_Animalia_Arthropoda_Arachnida_Araneae_Araneidae_Trichonephila_edulis\974d6f23-7c9c-4695-936b-7ca2439624a2.jpg,1,354,354 476 413 353 287,0.09837402403354645
data\raw\val\00053_Animalia_Arthropoda_Arachnida_Araneae_Desidae_Badumna_longinqua\c0a3ca21-21e3-4a45-b016-6e269d8eb6ac.jpg,2,51,51 74 25 73 124,0.06514368206262589
data\raw\val\00053_Animalia_Arthropoda_Arachnida_Araneae_Desidae_Badumna_longinqua\6aa9d32e-740a-4242-81b1-997b6478a075.jpg,2,490,490 396 394 487 398,0.15288585424423218
data\raw\val\00053_Animalia_Arthropoda_Arachnida_Araneae_Desidae_Badumna_longinqua\8a62626f-beed-42bb-b433-74c8d19a0cfe.jpg,2,124,124 40 2 242 74,0.1083020344376564
data\raw\val\00053_Animalia_Arthropoda_Arachnida_Araneae_Desidae_Badumna_longinqua\1a1d9ef5-9b00-4fdf-ae45-1762cde838e3.jpg,2,242,242 27 35 87 11,0.05876640975475311
data\raw\val\00053_Animalia_Arthropoda_Arachnida_Araneae_Desidae_Badumna_longinqua\d9eb1b08-311d-4de4-b84a-5747c13b73a0.jpg,2,14,14 344 33 2 313,0.24736449122428894
data\raw\val\00053_Animalia_Arthropoda_Arachnida_Araneae_Desidae_Badumna_longinqua\21b53644-8d79-42ff-b4b1-53da096ed5c5.jpg,2,2,2 5 348 7 1,0.1761387586593628
data\raw\val\00053_Animalia_Arthropoda_Arachnida_Araneae_Desidae_Badumna_longinqua\bf9e4e99-0c9c-412f-aafe-aca60ba07918.jpg,2,2,2 7 5 442 313,0.2817497253417969
data\raw\val\00053_Animalia_Arthropoda_Arachnida_Araneae_Desidae_Badumna_longinqua\54ae8f5e-f4e7-44b2-9dce-bccfa290aee5.jpg,2,25,25 1 2 0 5,0.4110240042209625
data\raw\val\00053_Animalia_Arthropoda_Arachnida_Araneae_Desidae_Badumna_longinqua\9da6dc82-54e5-40f6-90ed-1e3505492751.jpg,2,302,302 51 49 74 278,0.03925832360982895
data\raw\val\00053_Animalia_Arthropoda_Arachnida_Araneae_Desidae_Badumna_longinqua\3cc53f78-9e13-4bcd-8716-721fa0db235f.jpg,2,413,413 58 302 398 487,0.040345385670661926
data\raw\val\00070_Animalia_Arthropoda_Arachnida_Araneae_Pisauridae_Dolomedes_triton\88ac662c-11f2-4768-8ef5-88df221ee457.jpg,3,313,313 356 302 442 451,0.1261555254459381
data\raw\val\00070_Animalia_Arthropoda_Arachnida_Araneae_Pisauridae_Dolomedes_triton\9ac5f25e-29a4-484a-95ee-56c24caf659b.jpg,3,246,246 255 129 348 3,0.07694687694311142
data\raw\val\00070_Animalia_Arthropoda_Arachnida_Araneae_Pisauridae_Dolomedes_triton\eac6cfcc-125f-4483-a19c-7b0ec971787d.jpg,3,39,39 102 72 74 40,0.08626942336559296
data\raw\val\00070_Animalia_Arthropoda_Arachnida_Araneae_Pisauridae_Dolomedes_triton\4e4a3e12-1339-49d9-b74b-d92453c48ba4.jpg,3,3,3 124 13 2 25,0.09764115512371063
data\raw\val\00070_Animalia_Arthropoda_Arachnida_Araneae_Pisauridae_Dolomedes_triton\1d74a0bb-db5a-42ad-b800-aec6f6135cea.jpg,3,25,25 0 2 5 30,0.2373487949371338
data\raw\val\00070_Animalia_Arthropoda_Arachnida_Araneae_Pisauridae_Dolomedes_triton\482d7e58-4759-46ea-9580-bc54a0879e41.jpg,3,249,249 246 274 131 140,0.11877401918172836
data\raw\val\00070_Animalia_Arthropoda_Arachnida_Araneae_Pisauridae_Dolomedes_triton\bec70d74-99f4-4775-ad24-2524e8f94461.jpg,3,7,7 6 2 127 108,0.25791314244270325
data\raw\val\00070_Animalia_Arthropoda_Arachnida_Araneae_Pisauridae_Dolomedes_triton\ebcf9263-7502-4073-84bc-dd59fff66528.jpg,3,246,246 91 356 313 73,0.24867673218250275
data\raw\val\00070_Animalia_Arthropoda_Arachnida_Araneae_Pisauridae_Dolomedes_triton\4601b594-90e2-4cc9-bdaa-dce8931ac1c0.jpg,3,356,356 483 400 259 302,0.1315757930278778
data\raw\val\00070_Animalia_Arthropoda_Arachnida_Araneae_Pisauridae_Dolomedes_triton\dea5f67e-b137-429c-9ca6-8251bfa26772.jpg,3,302,302 246 240 305 304,0.12666712701320648
data\raw\val\00083_Animalia_Arthropoda_Arachnida_Araneae_Salticidae_Lyssomanes_viridis\2e0cbf09-71f7-4732-a1cf-f907a927e24d.jpg,4,4,4 15 20 39 3,0.08189047127962112
data\raw\val\00083_Animalia_Arthropoda_Arachnida_Araneae_Salticidae_Lyssomanes_viridis\6ecbe7a9-2384-4f91-b075-dda3ed528eaf.jpg,4,17,17 4 28 81 32,0.045610085129737854
data\raw\val\00083_Animalia_Arthropoda_Arachnida_Araneae_Salticidae_Lyssomanes_viridis\e92c4529-e52b-4613-8c99-48abe688ca5f.jpg,4,313,313 468 344 350 275,0.1555686891078949
data\raw\val\00083_Animalia_Arthropoda_Arachnida_Araneae_Salticidae_Lyssomanes_viridis\e0263b7d-2331-47c8-a1c0-440d7b0adbe0.jpg,4,428,428 302 25 145 229,0.03465200215578079
data\raw\val\00083_Animalia_Arthropoda_Arachnida_Araneae_Salticidae_Lyssomanes_viridis\eb10c42b-d42f-4b9b-999a-4719ec17fb45.jpg,4,4,4 45 25 3 46,0.06700344383716583
data\raw\val\00083_Animalia_Arthropoda_Arachnida_Araneae_Salticidae_Lyssomanes_viridis\b1b2d776-d061-46c1-886c-2537df234bcd.jpg,4,52,52 234 74 240 246,0.12261553108692169
data\raw\val\00083_Animalia_Arthropoda_Arachnida_Araneae_Salticidae_Lyssomanes_viridis\68c7a318-a092-4d34-a501-44d8144e667f.jpg,4,242,242 274 240 83 226,0.15669886767864227
data\raw\val\00083_Animalia_Arthropoda_Arachnida_Araneae_Salticidae_Lyssomanes_viridis\0def710e-07ce-453c-99c6-3ab1fbe0a6f5.jpg,4,302,302 299 387 416 451,0.4469927251338959
data\raw\val\00083_Animalia_Arthropoda_Arachnida_Araneae_Salticidae_Lyssomanes_viridis\c2c5f382-cdce-4615-a46f-62947f1d4821.jpg,4,406,406 382 386 471 370,0.20061445236206055
data\raw\val\00083_Animalia_Arthropoda_Arachnida_Araneae_Salticidae_Lyssomanes_viridis\dc8fad61-1ea9-4f8a-a6f8-c680a858cbc1.jpg,4,468,468 438 406 345 437,0.5501543879508972
data\raw\val\00089_Animalia_Arthropoda_Arachnida_Araneae_Salticidae_Naphrys_pulex\f2884746-52ea-4bd6-9df9-227d2bd17ed9.jpg,5,127,127 27 72 236 237,0.057444509118795395
data\raw\val\00089_Animalia_Arthropoda_Arachnida_Araneae_Salticidae_Naphrys_pulex\d9d5ec0c-ab39-4b05-8209-0e78cc7d44f5.jpg,5,5,5 7 124 347 2,0.17322133481502533
data\raw\val\00089_Animalia_Arthropoda_Arachnida_Araneae_Salticidae_Naphrys_pulex\45734776-4bc6-4ee8-8150-e177163384de.jpg,5,2,2 257 18 5 350,0.0711926743388176
data\raw\val\00089_Animalia_Arthropoda_Arachnida_Araneae_Salticidae_Naphrys_pulex\afef46ba-3cb6-4087-bbe4-d6facf060822.jpg,5,259,259 366 74 257 246,0.08174604922533035
data\raw\val\00089_Animalia_Arthropoda_Arachnida_Araneae_Salticidae_Naphrys_pulex\042aff0b-8809-4b45-aedc-cbbf65c666f2.jpg,5,145,145 5 7 124 237,0.18309073150157928
data\raw\val\00089_Animalia_Arthropoda_Arachnida_Araneae_Salticidae_Naphrys_pulex\b2e5acbf-714b-4866-9f7d-433806b3a84b.jpg,5,5,5 74 51 73 240,0.053559012711048126
data\raw\val\00089_Animalia_Arthropoda_Arachnida_Araneae_Salticidae_Naphrys_pulex\8feff5b8-7d4b-489c-b36e-d87aabe9d033.jpg,5,246,246 257 366 370 274,0.0599052868783474
data\raw\val\00089_Animalia_Arthropoda_Arachnida_Araneae_Salticidae_Naphrys_pulex\3a7e188b-147b-4a98-996e-7079f5dfb448.jpg,5,74,74 73 98 2 72,0.31625908613204956
data\raw\val\00089_Animalia_Arthropoda_Arachnida_Araneae_Salticidae_Naphrys_pulex\9b790795-0562-4fd0-b365-1e9ecf236799.jpg,5,246,246 73 74 5 490,0.28697535395622253
data\raw\val\00089_Animalia_Arthropoda_Arachnida_Araneae_Salticidae_Naphrys_pulex\87b84bde-cf59-42c8-bb6a-a1dafa8722d6.jpg,5,438,438 344 406 345 468,0.3211895227432251
data\raw\val\00109_Animalia_Arthropoda_Arachnida_Araneae_Theraphosidae_Aphonopelma_chalcodes\467ece33-4521-4319-bd63-738aa4da837c.jpg,6,366,366 487 370 315 257,0.375128835439682
data\raw\val\00109_Animalia_Arthropoda_Arachnida_Araneae_Theraphosidae_Aphonopelma_chalcodes\cdc667cd-53c3-43ee-b163-13aba88ba998.jpg,6,278,278 356 460 479 302,0.20038418471813202
data\raw\val\00109_Animalia_Arthropoda_Arachnida_Araneae_Theraphosidae_Aphonopelma_chalcodes\3bb5f5e3-6b38-4470-a1bb-991dc37e4046.jpg,6,246,246 347 136 7 278,0.215103879570961
data\raw\val\00109_Animalia_Arthropoda_Arachnida_Araneae_Theraphosidae_Aphonopelma_chalcodes\37984741-21a9-4dd4-bcd0-6e0522c70496.jpg,6,347,347 7 6 350 354,0.6512449979782104
data\raw\val\00109_Animalia_Arthropoda_Arachnida_Araneae_Theraphosidae_Aphonopelma_chalcodes\9f389f98-946a-4e3b-8f50-55dc0e1bfd06.jpg,6,347,347 350 348 353 442,0.8589422106742859
data\raw\val\00109_Animalia_Arthropoda_Arachnida_Araneae_Theraphosidae_Aphonopelma_chalcodes\efce0e04-d81a-4908-a31d-dc277c7f787d.jpg,6,257,257 7 9 6 255,0.16386906802654266
data\raw\val\00109_Animalia_Arthropoda_Arachnida_Araneae_Theraphosidae_Aphonopelma_chalcodes\44fa9794-ddcf-43cf-9634-f61c1dd98a03.jpg,6,73,73 51 98 246 78,0.13850218057632446
data\raw\val\00109_Animalia_Arthropoda_Arachnida_Araneae_Theraphosidae_Aphonopelma_chalcodes\917938e2-883f-473c-b090-bdf56368a620.jpg,6,246,246 7 145 230 347,0.1588582694530487
data\raw\val\00109_Animalia_Arthropoda_Arachnida_Araneae_Theraphosidae_Aphonopelma_chalcodes\ee26707c-0cc9-43b4-851a-6d8f6fafc027.jpg,6,451,451 313 302 73 320,0.1088034063577652
data\raw\val\00109_Animalia_Arthropoda_Arachnida_Araneae_Theraphosidae_Aphonopelma_chalcodes\73ed6d5b-e934-404d-a46b-dcff195b9d76.jpg,6,257,257 246 350 438 275,0.3867383599281311
data\raw\val\00110_Animalia_Arthropoda_Arachnida_Araneae_Theraphosidae_Aphonopelma_eutylenum\4e37dbe0-32e6-45fa-a49c-3ebbad4ac620.jpg,7,25,25 98 54 57 49,0.05973559990525246
data\raw\val\00110_Animalia_Arthropoda_Arachnida_Araneae_Theraphosidae_Aphonopelma_eutylenum\10690161-57ee-4f2e-8067-9b03a7868f78.jpg,7,2,2 7 6 273 124,0.160450279712677
data\raw\val\00110_Animalia_Arthropoda_Arachnida_Araneae_Theraphosidae_Aphonopelma_eutylenum\038e429f-cded-4d8a-811e-09d6a2b7821b.jpg,7,347,347 354 353 350 348,0.18047407269477844
data\raw\val\00110_Animalia_Arthropoda_Arachnida_Araneae_Theraphosidae_Aphonopelma_eutylenum\e5402a1d-e6de-4718-8742-f2035447646b.jpg,7,348,348 355 487 398 124,0.13335607945919037
data\raw\val\00110_Animalia_Arthropoda_Arachnida_Araneae_Theraphosidae_Aphonopelma_eutylenum\67f451bc-acc8-4817-a556-c4670e1fe244.jpg,7,7,7 2 246 242 350,0.0624864436686039
data\raw\val\00110_Animalia_Arthropoda_Arachnida_Araneae_Theraphosidae_Aphonopelma_eutylenum\ed7a1f2f-c487-42ea-942e-3bd8a82ce004.jpg,7,7,7 5 347 2 275,0.09567268192768097
data\raw\val\00110_Animalia_Arthropoda_Arachnida_Araneae_Theraphosidae_Aphonopelma_eutylenum\82ceeaf4-acb3-4e08-b0ad-69e4633468e6.jpg,7,347,347 246 74 5 139,0.0699167251586914
data\raw\val\00110_Animalia_Arthropoda_Arachnida_Araneae_Theraphosidae_Aphonopelma_eutylenum\11abc728-e12c-4dad-96c0-142d79bfd0a0.jpg,7,350,350 7 347 275 354,0.08856190741062164
data\raw\val\00110_Animalia_Arthropoda_Arachnida_Araneae_Theraphosidae_Aphonopelma_eutylenum\06bac472-87af-4f08-8d06-588a4c31c355.jpg,7,51,51 7 246 136 237,0.05767935886979103
data\raw\val\00110_Animalia_Arthropoda_Arachnida_Araneae_Theraphosidae_Aphonopelma_eutylenum\91484465-b9c2-4256-bd82-deb3bb00d83c.jpg,7,237,237 236 127 239 5,0.40065401792526245
data\raw\val\00147_Animalia_Arthropoda_Arachnida_Opiliones_Sclerosomatidae_Leiobunum_townsendi\b8fee04a-5c56-49d8-806b-f768f653fd4a.jpg,8,14,14 311 476 416 345,0.1369001567363739
data\raw\val\00147_Animalia_Arthropoda_Arachnida_Opiliones_Sclerosomatidae_Leiobunum_townsendi\cfbeaf48-7e16-4dac-84f8-8b2b14876cef.jpg,8,14,14 438 354 7 33,0.05672707408666611
data\raw\val\00147_Animalia_Arthropoda_Arachnida_Opiliones_Sclerosomatidae_Leiobunum_townsendi\de13ac06-6b81-4780-b77d-65b1f22f6f7c.jpg,8,77,77 81 74 25 236,0.06869456171989441
data\raw\val\00147_Animalia_Arthropoda_Arachnida_Opiliones_Sclerosomatidae_Leiobunum_townsendi\e74efdf1-509d-4c70-9983-6ba3e474cc42.jpg,8,302,302 259 246 254 356,0.41333720088005066
data\raw\val\00147_Animalia_Arthropoda_Arachnida_Opiliones_Sclerosomatidae_Leiobunum_townsendi\2f02b0bd-1420-4857-bc16-6eaafd4e6098.jpg,8,356,356 471 438 468 313,0.19145068526268005
data\raw\val\00147_Animalia_Arthropoda_Arachnida_Opiliones_Sclerosomatidae_Leiobunum_townsendi\fadf707b-0e58-4332-8fa9-c751bdfb4f89.jpg,8,356,356 256 0 25 483,0.08246569335460663
data\raw\val\00147_Animalia_Arthropoda_Arachnida_Opiliones_Sclerosomatidae_Leiobunum_townsendi\790f6deb-311c-4360-b7fe-81b08ec84d97.jpg,8,354,354 25 257 246 8,0.1403578519821167
data\raw\val\00147_Animalia_Arthropoda_Arachnida_Opiliones_Sclerosomatidae_Leiobunum_townsendi\684ecb88-6111-4d19-a723-5bd9f8d36ee7.jpg,8,315,315 468 313 487 329,0.4041502773761749
data\raw\val\00147_Animalia_Arthropoda_Arachnida_Opiliones_Sclerosomatidae_Leiobunum_townsendi\188d2b5d-c0dc-4505-8498-078cb9650764.jpg,8,356,356 345 438 413 344,0.14316827058792114
data\raw\val\00147_Animalia_Arthropoda_Arachnida_Opiliones_Sclerosomatidae_Leiobunum_townsendi\d8d766aa-ea41-419c-95b9-13c8a831bcc3.jpg,8,406,406 438 364 468 471,0.2685220241546631
data\raw\val\00170_Animalia_Arthropoda_Hexanauplia_Scalpelliformes_Pollicipedidae_Pollicipes_polymerus\7a78ba0d-f6be-452f-800f-8f0bbfeef9eb.jpg,9,9,9 451 246 366 486,0.07782260328531265
data\raw\val\00170_Animalia_Arthropoda_Hexanauplia_Scalpelliformes_Pollicipedidae_Pollicipes_polymerus\b5976321-fede-4d40-8c9f-4e06bb1158dc.jpg,9,9,9 255 262 250 127,0.7211536765098572
data\raw\val\00170_Animalia_Arthropoda_Hexanauplia_Scalpelliformes_Pollicipedidae_Pollicipes_polymerus\622e8cdf-dd5c-4c48-92d9-12c49d8bd2b2.jpg,9,9,9 366 246 257 255,0.20605075359344482
data\raw\val\00170_Animalia_Arthropoda_Hexanauplia_Scalpelliformes_Pollicipedidae_Pollicipes_polymerus\fc9c1d1d-70df-4488-83da-67361feb4b8a.jpg,9,9,9 488 262 486 489,0.5322374105453491
data\raw\val\00170_Animalia_Arthropoda_Hexanauplia_Scalpelliformes_Pollicipedidae_Pollicipes_polymerus\f87883e0-fff2-48f7-9807-44b60bb027ac.jpg,9,255,255 246 257 9 250,0.487840473651886
data\raw\val\00170_Animalia_Arthropoda_Hexanauplia_Scalpelliformes_Pollicipedidae_Pollicipes_polymerus\60d92487-d0eb-430c-bc8b-a34edb0ea894.jpg,9,9,9 246 366 255 283,0.7706382870674133
data\raw\val\00170_Animalia_Arthropoda_Hexanauplia_Scalpelliformes_Pollicipedidae_Pollicipes_polymerus\9a7df238-ebd5-4c00-a811-641d98381e60.jpg,9,246,246 9 283 489 278,0.21949231624603271
data\raw\val\00170_Animalia_Arthropoda_Hexanauplia_Scalpelliformes_Pollicipedidae_Pollicipes_polymerus\8c6badbb-24b6-48ea-9820-074e6f3d96fb.jpg,9,9,9 246 257 259 366,0.24567849934101105
data\raw\val\00170_Animalia_Arthropoda_Hexanauplia_Scalpelliformes_Pollicipedidae_Pollicipes_polymerus\06cf0a18-a71f-479f-bf1c-b871998fef53.jpg,9,246,246 9 230 137 139,0.32317379117012024
data\raw\val\00170_Animalia_Arthropoda_Hexanauplia_Scalpelliformes_Pollicipedidae_Pollicipes_polymerus\1839f430-ec29-4ede-be47-eb5835ef3294.jpg,9,9,9 348 246 391 486,0.5210302472114563
data\raw\val\00200_Animalia_Arthropoda_Insecta_Coleoptera_Carabidae_Cicindela_campestris\6218495c-a1ab-4c7e-87ff-90e3e22608dc.jpg,10,275,275 302 257 353 354,0.0805794969201088
data\raw\val\00200_Animalia_Arthropoda_Insecta_Coleoptera_Carabidae_Cicindela_campestris\1a35e94d-c739-4657-8908-77def2a3b837.jpg,10,10,10 28 13 49 74,0.2046741545200348
data\raw\val\00200_Animalia_Arthropoda_Insecta_Coleoptera_Carabidae_Cicindela_campestris\c7e33fde-17ca-44b2-b79e-26fe30855e1b.jpg,10,28,28 302 246 74 13,0.06544062495231628
data\raw\val\00200_Animalia_Arthropoda_Insecta_Coleoptera_Carabidae_Cicindela_campestris\4543aa80-0527-40cf-8630-966e9af476c2.jpg,10,246,246 347 489 275 486,0.055384084582328796
data\raw\val\00200_Animalia_Arthropoda_Insecta_Coleoptera_Carabidae_Cicindela_campestris\e2725f62-e095-4f43-8332-b2a7793e78e0.jpg,10,438,438 437 345 468 143,0.5164816379547119
data\raw\val\00200_Animalia_Arthropoda_Insecta_Coleoptera_Carabidae_Cicindela_campestris\fea2434c-08eb-43ca-8999-5b2a30be8455.jpg,10,10,10 11 13 12 14,0.6526302099227905
data\raw\val\00200_Animalia_Arthropoda_Insecta_Coleoptera_Carabidae_Cicindela_campestris\453acd5b-f333-488b-ad7e-afb69353a727.jpg,10,10,10 11 13 438 28,0.9258292317390442
data\raw\val\00200_Animalia_Arthropoda_Insecta_Coleoptera_Carabidae_Cicindela_campestris\e4405228-fc65-4642-8c96-7490b76cc29b.jpg,10,329,329 257 315 471 438,0.20382331311702728
data\raw\val\00200_Animalia_Arthropoda_Insecta_Coleoptera_Carabidae_Cicindela_campestris\56acc807-c650-49cb-b9b9-ea318f319940.jpg,10,493,493 492 275 354 496,0.29006555676460266
data\raw\val\00200_Animalia_Arthropoda_Insecta_Coleoptera_Carabidae_Cicindela_campestris\64228b6e-da82-4d16-95d3-63d3af96c63b.jpg,10,438,438 468 143 437 471,0.19868116080760956
data\raw\val\00211_Animalia_Arthropoda_Insecta_Coleoptera_Carabidae_Cicindela_scutellaris\aeb25f52-b5c7-49c6-b504-216f260b95af.jpg,11,11,11 13 10 14 12,0.5162277221679688
data\raw\val\00211_Animalia_Arthropoda_Insecta_Coleoptera_Carabidae_Cicindela_scutellaris\f7700b95-0795-45ba-b721-cf3160dd7f2b.jpg,11,2,2 11 5 7 124,0.07125362008810043
data\raw\val\00211_Animalia_Arthropoda_Insecta_Coleoptera_Carabidae_Cicindela_scutellaris\76417e09-d0c6-4521-8996-37b84e23170d.jpg,11,345,345 438 11 344 14,0.13084381818771362
data\raw\val\00211_Animalia_Arthropoda_Insecta_Coleoptera_Carabidae_Cicindela_scutellaris\a0521a4f-e020-42e1-ae88-852071868bf3.jpg,11,438,438 345 143 11 33,0.9143213629722595
data\raw\val\00211_Animalia_Arthropoda_Insecta_Coleoptera_Carabidae_Cicindela_scutellaris\ad70362e-7327-4b17-a8d5-024307e23df3.jpg,11,11,11 13 10 30 12,0.6495241522789001
data\raw\val\00211_Animalia_Arthropoda_Insecta_Coleoptera_Carabidae_Cicindela_scutellaris\e4f05168-2e4a-4803-84fc-8bc3d93b29c7.jpg,11,246,246 134 135 11 255,0.20034241676330566
data\raw\val\00211_Animalia_Arthropoda_Insecta_Coleoptera_Carabidae_Cicindela_scutellaris\71fc10bf-b9ba-4f2e-8eb3-fb5d5f85a6a3.jpg,11,354,354 353 246 11 100,0.09282831102609634
data\raw\val\00211_Animalia_Arthropoda_Insecta_Coleoptera_Carabidae_Cicindela_scutellaris\00203e9b-67db-43e4-baa2-dd8170d36b22.jpg,11,11,11 10 14 13 427,0.6021162867546082
data\raw\val\00211_Animalia_Arthropoda_Insecta_Coleoptera_Carabidae_Cicindela_scutellaris\9765044e-f37e-4dfd-9551-0af7dad4ed28.jpg,11,13,13 10 11 28 12,0.3414296805858612
data\raw\val\00211_Animalia_Arthropoda_Insecta_Coleoptera_Carabidae_Cicindela_scutellaris\83e7c783-972d-466d-8fa0-a84166339df4.jpg,11,13,13 11 22 10 21,0.8151211142539978
data\raw\val\00215_Animalia_Arthropoda_Insecta_Coleoptera_Carabidae_Harpalus_rufipes\d1d2b13b-3e4a-440b-b7bf-40bbcfd8a484.jpg,12,74,74 302 100 229 27,0.17935656011104584
data\raw\val\00215_Animalia_Arthropoda_Insecta_Coleoptera_Carabidae_Harpalus_rufipes\3846d0b6-38ba-4172-96c1-7ce3fe10a2b8.jpg,12,246,246 311 468 302 91,0.4361650049686432
data\raw\val\00215_Animalia_Arthropoda_Insecta_Coleoptera_Carabidae_Harpalus_rufipes\912817b6-ac18-4ccd-bc64-ecf62758829e.jpg,12,100,100 74 2 72 49,0.1914215236902237
data\raw\val\00215_Animalia_Arthropoda_Insecta_Coleoptera_Carabidae_Harpalus_rufipes\07e08377-cfb6-473f-8d15-c5bb04a9d313.jpg,12,13,13 12 11 22 255,0.432047575712204
data\raw\val\00215_Animalia_Arthropoda_Insecta_Coleoptera_Carabidae_Harpalus_rufipes\d20632ec-fd61-4b9b-956e-355f0015639b.jpg,12,74,74 73 25 246 302,0.11816246807575226
data\raw\val\00215_Animalia_Arthropoda_Insecta_Coleoptera_Carabidae_Harpalus_rufipes\da37c57e-f2b1-44fe-b9d7-d2b21701c600.jpg,12,74,74 13 28 311 353,0.11686432361602783
data\raw\val\00215_Animalia_Arthropoda_Insecta_Coleoptera_Carabidae_Harpalus_rufipes\9a12f89f-a333-4914-88ad-1dc6c684de00.jpg,12,257,257 438 10 275 11,0.6502113342285156
data\raw\val\00215_Animalia_Arthropoda_Insecta_Coleoptera_Carabidae_Harpalus_rufipes\4a4ab597-1b1a-42a9-856b-ac14b6872bca.jpg,12,257,257 370 438 329 366,0.27883225679397583
data\raw\val\00215_Animalia_Arthropoda_Insecta_Coleoptera_Carabidae_Harpalus_rufipes\bf29de0e-9698-446e-a39e-1120b56d2191.jpg,12,249,249 248 250 123 246,0.1106986328959465
data\raw\val\00215_Animalia_Arthropoda_Insecta_Coleoptera_Carabidae_Harpalus_rufipes\86c4dfd9-7bbf-4857-b55d-a6d0178410e5.jpg,12,246,246 74 87 274 73,0.17009668052196503
data\raw\val\00246_Animalia_Arthropoda_Insecta_Coleoptera_Cerambycidae_Prionus_laticollis\25213209-f96c-4ac8-8002-9556549b0b1e.jpg,13,13,13 124 123 30 145,0.40847381949424744
data\raw\val\00246_Animalia_Arthropoda_Insecta_Coleoptera_Cerambycidae_Prionus_laticollis\6d62bea6-1c18-484c-b0cb-968eb9606e7e.jpg,13,13,13 254 12 124 27,0.5690272450447083
data\raw\val\00246_Animalia_Arthropoda_Insecta_Coleoptera_Cerambycidae_Prionus_laticollis\5b8f5529-8e14-44a7-86af-9a07908f2959.jpg,13,257,257 13 438 255 223,0.10348650813102722
data\raw\val\00246_Animalia_Arthropoda_Insecta_Coleoptera_Cerambycidae_Prionus_laticollis\94f93d93-e622-4cfc-bfd7-499f8704172b.jpg,13,240,240 233 313 234 256,0.20980820059776306
data\raw\val\00246_Animalia_Arthropoda_Insecta_Coleoptera_Cerambycidae_Prionus_laticollis\e9b8ed03-4082-4c00-85d3-328d2bb13ca8.jpg,13,236,236 74 259 490 234,0.05566801503300667
data\raw\val\00246_Animalia_Arthropoda_Insecta_Coleoptera_Cerambycidae_Prionus_laticollis\01aba1f8-1ee6-4e9c-84b9-c71315791a4c.jpg,13,13,13 2 127 25 74,0.29356372356414795
data\raw\val\00246_Animalia_Arthropoda_Insecta_Coleoptera_Cerambycidae_Prionus_laticollis\cf5d5c63-cc6c-49a1-b6eb-0fc497bfd8e1.jpg,13,468,468 356 366 257 342,0.11082825064659119
data\raw\val\00246_Animalia_Arthropoda_Insecta_Coleoptera_Cerambycidae_Prionus_laticollis\58a540a6-20d9-4b4b-9828-d40f2fac7174.jpg,13,13,13 11 124 25 12,0.41730815172195435
data\raw\val\00246_Animalia_Arthropoda_Insecta_Coleoptera_Cerambycidae_Prionus_laticollis\85bfea06-f130-4251-adf8-859369c393c0.jpg,13,13,13 11 29 10 30,0.8508716821670532
data\raw\val\00246_Animalia_Arthropoda_Insecta_Coleoptera_Cerambycidae_Prionus_laticollis\b0ba39ed-646f-432e-9888-44f0c1687a0f.jpg,13,233,233 232 254 268 13,0.22328008711338043
data\raw\val\00261_Animalia_Arthropoda_Insecta_Coleoptera_Cerambycidae_Typocerus_velutinus\b61c5273-2d6c-4d09-89e9-711f262c7419.jpg,14,14,14 275 91 311 460,0.1977728009223938
data\raw\val\00261_Animalia_Arthropoda_Insecta_Coleoptera_Cerambycidae_Typocerus_velutinus\2bd78cbe-637d-4f18-92c4-e72882e4ea4a.jpg,14,14,14 37 32 39 80,0.2839455306529999
data\raw\val\00261_Animalia_Arthropoda_Insecta_Coleoptera_Cerambycidae_Typocerus_velutinus\3c912a44-8913-4d34-88e7-ba406cea68c5.jpg,14,366,366 274 347 370 322,0.029667867347598076
data\raw\val\00261_Animalia_Arthropoda_Insecta_Coleoptera_Cerambycidae_Typocerus_velutinus\ade0589b-8f3f-4601-b6b4-c62c0c5317c9.jpg,14,73,73 246 62 14 91,0.049372605979442596
data\raw\val\00261_Animalia_Arthropoda_Insecta_Coleoptera_Cerambycidae_Typocerus_velutinus\278aa898-f960-4576-a173-46a915eed645.jpg,14,14,14 417 39 388 476,0.18928872048854828
data\raw\val\00261_Animalia_Arthropoda_Insecta_Coleoptera_Cerambycidae_Typocerus_velutinus\84e7adf1-da0c-411c-8f61-f03fe4010a0e.jpg,14,370,370 329 471 468 328,0.5399897694587708
data\raw\val\00261_Animalia_Arthropoda_Insecta_Coleoptera_Cerambycidae_Typocerus_velutinus\be05cfc6-ad1d-49cd-8eff-b96519e5f6f2.jpg,14,39,39 37 243 14 253,0.08092880249023438
data\raw\val\00261_Animalia_Arthropoda_Insecta_Coleoptera_Cerambycidae_Typocerus_velutinus\f0b9ee40-7e15-4882-938d-2edc853254dc.jpg,14,14,14 370 468 357 312,0.08116840571165085
data\raw\val\00261_Animalia_Arthropoda_Insecta_Coleoptera_Cerambycidae_Typocerus_velutinus\09425c2d-9728-4e77-bfb8-ca30ca2a8940.jpg,14,354,354 246 351 249 123,0.15626710653305054
data\raw\val\00261_Animalia_Arthropoda_Insecta_Coleoptera_Cerambycidae_Typocerus_velutinus\e1e6ef9b-612c-4ee8-ab9a-f5b3e5e342e8.jpg,14,275,275 246 14 11 257,0.08394882082939148
data\raw\val\00273_Animalia_Arthropoda_Insecta_Coleoptera_Chrysomelidae_Chrysolina_americana\06102dae-94ef-4354-9e60-1a2d1212b7b6.jpg,15,254,254 274 302 268 351,0.06593046337366104
data\raw\val\00273_Animalia_Arthropoda_Insecta_Coleoptera_Chrysomelidae_Chrysolina_americana\e8c8d077-b257-411c-a1e3-bfaf5744a700.jpg,15,15,15 32 381 2 226,0.1305905431509018
data\raw\val\00273_Animalia_Arthropoda_Insecta_Coleoptera_Chrysomelidae_Chrysolina_americana\2642c3cc-a812-4dbe-badd-eec3c9ad1b0c.jpg,15,246,246 32 492 15 496,0.05944628641009331
data\raw\val\00273_Animalia_Arthropoda_Insecta_Coleoptera_Chrysomelidae_Chrysolina_americana\44c0d5fb-88ff-46f5-8d1d-d2b32edc5e64.jpg,15,423,423 426 123 62 491,0.05197944864630699
data\raw\val\00273_Animalia_Arthropoda_Insecta_Coleoptera_Chrysomelidae_Chrysolina_americana\f3c5982f-0544-4d30-a177-378808905fdb.jpg,15,15,15 21 18 248 27,0.9387642741203308
data\raw\val\00273_Animalia_Arthropoda_Insecta_Coleoptera_Chrysomelidae_Chrysolina_americana\59ba76bb-a91e-4dd4-b260-b2cdc51f5ae0.jpg,15,274,274 249 245 242 248,0.2766399383544922
data\raw\val\00273_Animalia_Arthropoda_Insecta_Coleoptera_Chrysomelidae_Chrysolina_americana\f8854ced-7b88-475a-ae48-234114e712ea.jpg,15,15,15 250 21 242 27,0.6932819485664368
data\raw\val\00273_Animalia_Arthropoda_Insecta_Coleoptera_Chrysomelidae_Chrysolina_americana\6b08adda-8d40-479a-937a-5d4c01fd261e.jpg,15,249,249 274 131 246 245,0.12270898371934891
data\raw\val\00273_Animalia_Arthropoda_Insecta_Coleoptera_Chrysomelidae_Chrysolina_americana\15c6c447-c346-46c9-8d99-3f8a0301214a.jpg,15,86,86 143 124 40 145,0.10304256528615952
data\raw\val\00273_Animalia_Arthropoda_Insecta_Coleoptera_Chrysomelidae_Chrysolina_americana\4dc91854-15a5-462b-b08e-c9874181b50c.jpg,15,15,15 5 2 255 347,0.09550385922193527
data\raw\val\00279_Animalia_Arthropoda_Insecta_Coleoptera_Chrysomelidae_Clytra_laeviuscula\4bfa4997-d6fa-4601-b2d3-cde8d130d7f6.jpg,16,28,28 139 30 16 33,0.0599825382232666
data\raw\val\00279_Animalia_Arthropoda_Insecta_Coleoptera_Chrysomelidae_Clytra_laeviuscula\6fae0df3-552d-426f-ba31-ac72c703752a.jpg,16,248,248 58 242 245 249,0.08995585143566132
data\raw\val\00279_Animalia_Arthropoda_Insecta_Coleoptera_Chrysomelidae_Clytra_laeviuscula\56bf21e7-c7ef-474a-ac84-db4e5637a30b.jpg,16,36,36 30 302 26 139,0.05707894265651703
data\raw\val\00279_Animalia_Arthropoda_Insecta_Coleoptera_Chrysomelidae_Clytra_laeviuscula\9d0bda55-dd03-4e80-9cf3-8e8c69543882.jpg,16,74,74 81 100 250 274,0.15207268297672272
data\raw\val\00279_Animalia_Arthropoda_Insecta_Coleoptera_Chrysomelidae_Clytra_laeviuscula\7550cd09-c65f-4eb2-b3d2-af3f276ea176.jpg,16,274,274 268 124 123 267,0.13045507669448853
data\raw\val\00279_Animalia_Arthropoda_Insecta_Coleoptera_Chrysomelidae_Clytra_laeviuscula\8515a4eb-85bc-4472-9547-af7b3bf01318.jpg,16,90,90 248 227 259 233,0.07113924622535706
data\raw\val\00279_Animalia_Arthropoda_Insecta_Coleoptera_Chrysomelidae_Clytra_laeviuscula\35abf81d-6125-4c03-8b72-ff3dc959cbb1.jpg,16,344,344 311 350 345 451,0.41129472851753235
data\raw\val\00279_Animalia_Arthropoda_Insecta_Coleoptera_Chrysomelidae_Clytra_laeviuscula\3a4c723a-ce43-4b06-bac9-5059fa21db60.jpg,16,274,274 250 248 249 245,0.5774258971214294
data\raw\val\00279_Animalia_Arthropoda_Insecta_Coleoptera_Chrysomelidae_Clytra_laeviuscula\c9d889eb-74d9-49d0-9b57-ea7b083ca5ff.jpg,16,245,245 259 242 249 36,0.09321512281894684
data\raw\val\00279_Animalia_Arthropoda_Insecta_Coleoptera_Chrysomelidae_Clytra_laeviuscula\7fe421d5-ecce-462f-948b-566875f6fcb1.jpg,16,354,354 40 74 353 302,0.13028322160243988
data\raw\val\00286_Animalia_Arthropoda_Insecta_Coleoptera_Chrysomelidae_Helocassis_clavata\362c7826-a911-4665-bb30-24fa88a4b6bb.jpg,17,274,274 242 250 248 132,0.3788485825061798
data\raw\val\00286_Animalia_Arthropoda_Insecta_Coleoptera_Chrysomelidae_Helocassis_clavata\0cbdea95-4b7f-439c-92a8-041708b45332.jpg,17,17,17 250 80 274 245,0.9963576197624207
data\raw\val\00286_Animalia_Arthropoda_Insecta_Coleoptera_Chrysomelidae_Helocassis_clavata\fb49404f-efb9-42c4-bf38-110343abdf50.jpg,17,274,274 246 487 451 255,0.8996802568435669
data\raw\val\00286_Animalia_Arthropoda_Insecta_Coleoptera_Chrysomelidae_Helocassis_clavata\97dc0ac6-4ffc-44a6-b2a3-88b9cf9529fe.jpg,17,17,17 274 250 74 18,0.8910646438598633
data\raw\val\00286_Animalia_Arthropoda_Insecta_Coleoptera_Chrysomelidae_Helocassis_clavata\79195922-adc1-4099-b336-fc10640e0fb4.jpg,17,274,274 249 246 344 351,0.7308262586593628
data\raw\val\00286_Animalia_Arthropoda_Insecta_Coleoptera_Chrysomelidae_Helocassis_clavata\c3f680f9-902d-4fc9-b8c0-d1646127fe48.jpg,17,274,274 73 74 246 98,0.3233616054058075
data\raw\val\00286_Animalia_Arthropoda_Insecta_Coleoptera_Chrysomelidae_Helocassis_clavata\955e44f9-73da-4ecb-83bb-dfcc0679d432.jpg,17,274,274 17 246 249 250,0.5597478151321411
data\raw\val\00286_Animalia_Arthropoda_Insecta_Coleoptera_Chrysomelidae_Helocassis_clavata\bca4ec8f-abfe-4f39-89ad-abc61b34585c.jpg,17,17,17 32 100 80 73,0.7268779277801514
data\raw\val\00286_Animalia_Arthropoda_Insecta_Coleoptera_Chrysomelidae_Helocassis_clavata\4d3d68b5-20c6-4d6c-90d9-8dd3f52a5030.jpg,17,246,246 74 274 245 248,0.2717188000679016
data\raw\val\00286_Animalia_Arthropoda_Insecta_Coleoptera_Chrysomelidae_Helocassis_clavata\c586995f-9ff1-4b9e-9d1e-ab24e075a6c8.jpg,17,274,274 245 302 242 74,0.4778401553630829
data\raw\val\00303_Animalia_Arthropoda_Insecta_Coleoptera_Coccinellidae_Adalia_decempunctata\36571d90-3163-44b3-9405-45a80a7eddb9.jpg,18,18,18 23 90 26 248,0.12361148744821548
data\raw\val\00303_Animalia_Arthropoda_Insecta_Coleoptera_Coccinellidae_Adalia_decempunctata\3425fe24-54bd-41f8-b33e-3d25a8477d61.jpg,18,18,18 91 82 15 242,0.47266948223114014
data\raw\val\00303_Animalia_Arthropoda_Insecta_Coleoptera_Coccinellidae_Adalia_decempunctata\095ecc8f-ddc9-4e01-8131-c1616b75297e.jpg,18,18,18 5 15 19 80,0.2669978737831116
data\raw\val\00303_Animalia_Arthropoda_Insecta_Coleoptera_Coccinellidae_Adalia_decempunctata\b447378f-f453-48ee-b59a-0fac5b6d7648.jpg,18,58,58 254 248 268 99,0.05096115916967392
data\raw\val\00303_Animalia_Arthropoda_Insecta_Coleoptera_Coccinellidae_Adalia_decempunctata\eddbbe18-f0f6-42c5-9e79-263ee80e9bbb.jpg,18,254,254 274 73 249 302,0.09466985613107681
data\raw\val\00303_Animalia_Arthropoda_Insecta_Coleoptera_Coccinellidae_Adalia_decempunctata\1e21e4ba-39a9-4795-bb99-8708b3e78806.jpg,18,18,18 17 15 19 23,0.7724992632865906
data\raw\val\00303_Animalia_Arthropoda_Insecta_Coleoptera_Coccinellidae_Adalia_decempunctata\714ff414-dec1-4c05-b059-50450e209c4f.jpg,18,242,242 245 243 58 442,0.34941717982292175
data\raw\val\00303_Animalia_Arthropoda_Insecta_Coleoptera_Coccinellidae_Adalia_decempunctata\0af59a61-f62d-4679-855e-71060eb09c85.jpg,18,274,274 250 240 17 246,0.12194689363241196
data\raw\val\00303_Animalia_Arthropoda_Insecta_Coleoptera_Coccinellidae_Adalia_decempunctata\2996d07a-413f-4b57-9c56-1a94fa11f47c.jpg,18,302,302 18 5 354 19,0.06411350518465042
data\raw\val\00303_Animalia_Arthropoda_Insecta_Coleoptera_Coccinellidae_Adalia_decempunctata\f344f900-9e54-4e32-b2ed-8c341c4b1752.jpg,18,43,43 18 91 140 20,0.32107168436050415
data\raw\val\00304_Animalia_Arthropoda_Insecta_Coleoptera_Coccinellidae_Anatis_ocellata\eb72369b-26d6-492e-a6bc-a7334f2165d3.jpg,19,246,246 245 256 259 138,0.1893344223499298
data\raw\val\00304_Animalia_Arthropoda_Insecta_Coleoptera_Coccinellidae_Anatis_ocellata\62380546-c773-43d9-b677-0c10543bacf9.jpg,19,274,274 246 17 19 91,0.34754693508148193
data\raw\val\00304_Animalia_Arthropoda_Insecta_Coleoptera_Coccinellidae_Anatis_ocellata\1feadb67-6fd8-4702-9740-7a65d320c92c.jpg,19,131,131 136 135 132 249,0.36943575739860535
data\raw\val\00304_Animalia_Arthropoda_Insecta_Coleoptera_Coccinellidae_Anatis_ocellata\788ab094-8344-43dc-aaa2-48303003184a.jpg,19,248,248 243 22 249 242,0.11371450126171112
data\raw\val\00304_Animalia_Arthropoda_Insecta_Coleoptera_Coccinellidae_Anatis_ocellata\ac49656d-a52f-4f18-829b-6cf5d3908d23.jpg,19,242,242 250 248 74 274,0.27553001046180725
data\raw\val\00304_Animalia_Arthropoda_Insecta_Coleoptera_Coccinellidae_Anatis_ocellata\9bfb41fe-cade-4690-8615-1b4c74d9744f.jpg,19,249,249 131 123 248 124,0.07467274367809296
data\raw\val\00304_Animalia_Arthropoda_Insecta_Coleoptera_Coccinellidae_Anatis_ocellata\ea4df21a-69d6-426e-84bd-833a2743bc38.jpg,19,18,18 19 17 20 47,0.30855175852775574
data\raw\val\00304_Animalia_Arthropoda_Insecta_Coleoptera_Coccinellidae_Anatis_ocellata\75ffcc2d-e93c-4173-9a43-0636b1ed0770.jpg,19,46,46 124 145 27 123,0.08801295608282089
data\raw\val\00304_Animalia_Arthropoda_Insecta_Coleoptera_Coccinellidae_Anatis_ocellata\67fcf8c6-d6de-41cd-983a-bb56bb4a051d.jpg,19,19,19 18 90 20 17,0.990425169467926
data\raw\val\00304_Animalia_Arthropoda_Insecta_Coleoptera_Coccinellidae_Anatis_ocellata\a5ce5d8a-8e5f-4f05-ad36-508a469160ba.jpg,19,19,19 18 245 30 242,0.264831006526947
data\raw\val\00332_Animalia_Arthropoda_Insecta_Coleoptera_Coccinellidae_Psyllobora_vigintiduopunctata\421288b6-e3c4-48d8-abde-4381c5311e7e.jpg,20,274,274 451 302 313 240,0.1305191069841385
data\raw\val\00332_Animalia_Arthropoda_Insecta_Coleoptera_Coccinellidae_Psyllobora_vigintiduopunctata\d2892e34-9019-422d-962e-9614c470dbc5.jpg,20,344,344 350 313 91 302,0.1402973085641861
data\raw\val\00332_Animalia_Arthropoda_Insecta_Coleoptera_Coccinellidae_Psyllobora_vigintiduopunctata\aa5cd3ef-d5d3-4d52-862a-dd995f705001.jpg,20,20,20 19 18 89 17,0.8935673236846924
data\raw\val\00332_Animalia_Arthropoda_Insecta_Coleoptera_Coccinellidae_Psyllobora_vigintiduopunctata\2f8e8f2a-f1ef-4977-a30c-909a6e9d8262.jpg,20,406,406 438 143 345 313,0.24527154862880707
data\raw\val\00332_Animalia_Arthropoda_Insecta_Coleoptera_Coccinellidae_Psyllobora_vigintiduopunctata\8533274c-740e-44de-9188-cd4254066c9a.jpg,20,242,242 268 350 248 320,0.34146273136138916
data\raw\val\00332_Animalia_Arthropoda_Insecta_Coleoptera_Coccinellidae_Psyllobora_vigintiduopunctata\c7e5cd75-cded-420c-bf62-ad0123548d83.jpg,20,20,20 19 18 17 248,0.7545170187950134
data\raw\val\00332_Animalia_Arthropoda_Insecta_Coleoptera_Coccinellidae_Psyllobora_vigintiduopunctata\f76cff9c-9e76-4be8-906e-e73e1e9d4064.jpg,20,89,89 19 20 90 226,0.14518839120864868
data\raw\val\00332_Animalia_Arthropoda_Insecta_Coleoptera_Coccinellidae_Psyllobora_vigintiduopunctata\d3be320e-855c-4488-abbc-7308e2397e84.jpg,20,20,20 19 144 22 243,0.923765242099762
data\raw\val\00332_Animalia_Arthropoda_Insecta_Coleoptera_Coccinellidae_Psyllobora_vigintiduopunctata\8ab5d7f9-a879-43b6-978b-78d224dfaa1f.jpg,20,20,20 19 56 18 23,0.9751787781715393
data\raw\val\00332_Animalia_Arthropoda_Insecta_Coleoptera_Coccinellidae_Psyllobora_vigintiduopunctata\80f0408e-3068-40ac-8795-d62cdcba91f8.jpg,20,246,246 20 274 311 91,0.08658147603273392
data\raw\val\00376_Animalia_Arthropoda_Insecta_Coleoptera_Scarabaeidae_Callistethus_marginatus\4e49188c-f14e-4395-8de7-b1e5c1fa19b7.jpg,21,21,21 15 12 79 86,0.7240926623344421
data\raw\val\00376_Animalia_Arthropoda_Insecta_Coleoptera_Scarabaeidae_Callistethus_marginatus\6e22c88d-4d95-49a8-9792-7beb8db04f2b.jpg,21,79,79 2 21 100 75,0.2681870460510254
data\raw\val\00376_Animalia_Arthropoda_Insecta_Coleoptera_Scarabaeidae_Callistethus_marginatus\48f25212-46ad-41c0-8bd5-989a00dc1aea.jpg,21,32,32 73 54 302 82,0.051615942269563675
data\raw\val\00376_Animalia_Arthropoda_Insecta_Coleoptera_Scarabaeidae_Callistethus_marginatus\6ea73c5a-999b-4b8c-a1ae-7b95ec38506f.jpg,21,242,242 15 245 243 13,0.30701878666877747
data\raw\val\00376_Animalia_Arthropoda_Insecta_Coleoptera_Scarabaeidae_Callistethus_marginatus\1688210f-1f40-4625-95c4-5ec4a789d54f.jpg,21,74,74 100 86 73 245,0.1291458010673523
data\raw\val\00376_Animalia_Arthropoda_Insecta_Coleoptera_Scarabaeidae_Callistethus_marginatus\8dd36fed-d944-475c-a79a-9012cea2bde5.jpg,21,15,15 21 32 27 72,0.5013425946235657
data\raw\val\00376_Animalia_Arthropoda_Insecta_Coleoptera_Scarabaeidae_Callistethus_marginatus\56be0ac7-8b81-48f7-af12-5c6bee736dd2.jpg,21,72,72 21 127 100 40,0.1141459047794342
data\raw\val\00376_Animalia_Arthropoda_Insecta_Coleoptera_Scarabaeidae_Callistethus_marginatus\c9cefde9-a88f-4708-80ef-fe3320785148.jpg,21,17,17 5 124 11 250,0.09147347509860992
data\raw\val\00376_Animalia_Arthropoda_Insecta_Coleoptera_Scarabaeidae_Callistethus_marginatus\b5302d25-7674-41b4-b3ba-e1f2000430b0.jpg,21,21,21 15 32 2 12,0.2162405550479889
data\raw\val\00376_Animalia_Arthropoda_Insecta_Coleoptera_Scarabaeidae_Callistethus_marginatus\325bf35f-caf7-4686-81b6-cf10cac2a874.jpg,21,366,366 315 257 468 471,0.41492870450019836
data\raw\val\00381_Animalia_Arthropoda_Insecta_Coleoptera_Scarabaeidae_Dynastes_tityus\d91e2250-6cfd-41b6-8124-3ffe57fa8593.jpg,22,2,2 74 5 73 127,0.465925008058548
data\raw\val\00381_Animalia_Arthropoda_Insecta_Coleoptera_Scarabaeidae_Dynastes_tityus\c2f1b59c-7461-42ee-8415-279324087eb6.jpg,22,249,249 245 246 274 248,0.18687567114830017
data\raw\val\00381_Animalia_Arthropoda_Insecta_Coleoptera_Scarabaeidae_Dynastes_tityus\532489df-fbcb-4f64-9b3b-be71d2817192.jpg,22,242,242 74 350 451 438,0.07960204780101776
data\raw\val\00381_Animalia_Arthropoda_Insecta_Coleoptera_Scarabaeidae_Dynastes_tityus\98894e68-d6ce-4fa8-a4b9-8aa72e9c05ee.jpg,22,22,22 13 241 127 242,0.42596858739852905
data\raw\val\00381_Animalia_Arthropoda_Insecta_Coleoptera_Scarabaeidae_Dynastes_tityus\64e48d59-ad36-4db8-94dd-a8219a38ec9b.jpg,22,246,246 311 354 86 451,0.19658726453781128
data\raw\val\00381_Animalia_Arthropoda_Insecta_Coleoptera_Scarabaeidae_Dynastes_tityus\0c6059ce-03d1-4d65-a9c9-830735e879f4.jpg,22,22,22 13 242 123 254,0.06669540703296661
data\raw\val\00381_Animalia_Arthropoda_Insecta_Coleoptera_Scarabaeidae_Dynastes_tityus\e1bd58bd-2a02-43f9-9538-c4ad65aaea53.jpg,22,22,22 243 144 19 248,0.5688768625259399
data\raw\val\00381_Animalia_Arthropoda_Insecta_Coleoptera_Scarabaeidae_Dynastes_tityus\0a37d04d-07d5-466e-982d-001982c453ba.jpg,22,9,9 472 356 13 262,0.04392918571829796
data\raw\val\00381_Animalia_Arthropoda_Insecta_Coleoptera_Scarabaeidae_Dynastes_tityus\e5920bea-7e25-4bba-8912-42a016bdd3a6.jpg,22,13,13 11 124 22 12,0.9213857054710388
data\raw\val\00381_Animalia_Arthropoda_Insecta_Coleoptera_Scarabaeidae_Dynastes_tityus\c1d06126-e723-47b1-861e-026f2042e484.jpg,22,22,22 56 243 51 248,0.06875614076852798
data\raw\val\00382_Animalia_Arthropoda_Insecta_Coleoptera_Scarabaeidae_Euphoria_basalis\56551279-457d-4e10-a3bd-43c70c1cd8e5.jpg,23,248,248 268 241 55 242,0.11160550266504288
data\raw\val\00382_Animalia_Arthropoda_Insecta_Coleoptera_Scarabaeidae_Euphoria_basalis\449724e5-84b4-4de1-a608-d85012858e41.jpg,23,376,376 325 334 389 477,0.06182634085416794
data\raw\val\00382_Animalia_Arthropoda_Insecta_Coleoptera_Scarabaeidae_Euphoria_basalis\70ca0d51-e921-41f7-9abb-94c9ede07d7e.jpg,23,74,74 14 438 5 354,0.13853397965431213
data\raw\val\00382_Animalia_Arthropoda_Insecta_Coleoptera_Scarabaeidae_Euphoria_basalis\8bb2e3a1-03b8-4750-a91e-f59a055ee4c5.jpg,23,74,74 73 302 51 242,0.20030227303504944
data\raw\val\00382_Animalia_Arthropoda_Insecta_Coleoptera_Scarabaeidae_Euphoria_basalis\180992c3-e880-44b3-875d-4ec905836b4c.jpg,23,245,245 249 248 242 54,0.12814335525035858
data\raw\val\00382_Animalia_Arthropoda_Insecta_Coleoptera_Scarabaeidae_Euphoria_basalis\91534e95-65cb-4cac-b58f-f3c2db060b32.jpg,23,271,271 274 382 268 123,0.11696562170982361
data\raw\val\00382_Animalia_Arthropoda_Insecta_Coleoptera_Scarabaeidae_Euphoria_basalis\f018147a-d311-493a-b833-e81449569add.jpg,23,246,246 240 274 135 256,0.3684779107570648
data\raw\val\00382_Animalia_Arthropoda_Insecta_Coleoptera_Scarabaeidae_Euphoria_basalis\3d21916a-83c9-4b41-b847-0a004f258100.jpg,23,28,28 274 398 17 40,0.11934088170528412
data\raw\val\00382_Animalia_Arthropoda_Insecta_Coleoptera_Scarabaeidae_Euphoria_basalis\16516bd6-0d2e-45a6-ae53-b63cb3dd9c8f.jpg,23,246,246 350 274 242 344,0.09717120975255966
data\raw\val\00382_Animalia_Arthropoda_Insecta_Coleoptera_Scarabaeidae_Euphoria_basalis\7cb950af-b93b-46c1-94d5-cd6a080720fb.jpg,23,274,274 123 268 249 124,0.3371255695819855
data\raw\val\00418_Animalia_Arthropoda_Insecta_Coleoptera_Zopheridae_Zopherus_nodulosus\139cd667-34e5-4192-82a8-4770867c3336.jpg,24,24,24 80 210 255 274,0.12972190976142883
data\raw\val\00418_Animalia_Arthropoda_Insecta_Coleoptera_Zopheridae_Zopherus_nodulosus\445e1c70-ac79-4066-8f9b-65b4a292b65a.jpg,24,142,142 24 234 22 80,0.19331364333629608
data\raw\val\00418_Animalia_Arthropoda_Insecta_Coleoptera_Zopheridae_Zopherus_nodulosus\444ff3c7-92da-4493-ba03-eb0ca7c6effb.jpg,24,5,5 2 18 328 329,0.0881376564502716
data\raw\val\00418_Animalia_Arthropoda_Insecta_Coleoptera_Zopheridae_Zopherus_nodulosus\49b7b702-800d-44be-b3fe-9f1449a03897.jpg,24,406,406 344 311 356 473,0.11110875755548477
data\raw\val\00418_Animalia_Arthropoda_Insecta_Coleoptera_Zopheridae_Zopherus_nodulosus\c75c787c-3ed6-41fc-af30-30de7962fee3.jpg,24,80,80 52 17 81 73,0.12075167149305344
data\raw\val\00418_Animalia_Arthropoda_Insecta_Coleoptera_Zopheridae_Zopherus_nodulosus\39f8d495-4e6b-40b7-b055-d4a195b37e55.jpg,24,24,24 5 25 74 424,0.23592951893806458
data\raw\val\00418_Animalia_Arthropoda_Insecta_Coleoptera_Zopheridae_Zopherus_nodulosus\ce9a6f40-49a8-4703-b565-dbc8dda66d09.jpg,24,329,329 313 406 460 344,0.04577207565307617
data\raw\val\00418_Animalia_Arthropoda_Insecta_Coleoptera_Zopheridae_Zopherus_nodulosus\577f1a06-d0cf-414b-83a8-b695e4e7e374.jpg,24,5,5 257 19 24 17,0.12590549886226654
data\raw\val\00418_Animalia_Arthropoda_Insecta_Coleoptera_Zopheridae_Zopherus_nodulosus\8fdf18c1-835b-4262-a97c-7ea43869290e.jpg,24,5,5 73 9 490 127,0.0604928620159626
data\raw\val\00418_Animalia_Arthropoda_Insecta_Coleoptera_Zopheridae_Zopherus_nodulosus\d55e1b08-dfdf-456e-b180-99e908c122f3.jpg,24,40,40 143 242 27 344,0.10130325704813004
data\raw\val\00504_Animalia_Arthropoda_Insecta_Diptera_Tipulidae_Tipula_abdominalis\08bc2639-8f4b-4708-8195-d99399be74fb.jpg,25,25,25 0 102 236 74,0.28969234228134155
data\raw\val\00504_Animalia_Arthropoda_Insecta_Diptera_Tipulidae_Tipula_abdominalis\4ba845c2-2f30-4eb0-88a9-f381e4879fdb.jpg,25,275,275 366 490 438 345,0.08325356245040894
data\raw\val\00504_Animalia_Arthropoda_Insecta_Diptera_Tipulidae_Tipula_abdominalis\78f06e04-5e90-4f91-91a8-dc2b95c89b44.jpg,25,25,25 302 73 74 304,0.5437440276145935
data\raw\val\00504_Animalia_Arthropoda_Insecta_Diptera_Tipulidae_Tipula_abdominalis\63bcc15a-4603-4f16-9319-3d24eee92b13.jpg,25,25,25 302 0 356 102,0.6578428149223328
data\raw\val\00504_Animalia_Arthropoda_Insecta_Diptera_Tipulidae_Tipula_abdominalis\b6b2644d-fa0d-4537-a49f-51a931b41a23.jpg,25,302,302 25 400 100 254,0.19382920861244202
data\raw\val\00504_Animalia_Arthropoda_Insecta_Diptera_Tipulidae_Tipula_abdominalis\954ab91f-a31a-4281-aaa1-5325b6039307.jpg,25,25,25 102 73 77 72,0.615443766117096
data\raw\val\00504_Animalia_Arthropoda_Insecta_Diptera_Tipulidae_Tipula_abdominalis\f303079b-b08e-4540-984e-054ed3b00459.jpg,25,302,302 242 345 13 438,0.06147850304841995
data\raw\val\00504_Animalia_Arthropoda_Insecta_Diptera_Tipulidae_Tipula_abdominalis\34d6affb-cf13-477c-ac86-45788f8083af.jpg,25,25,25 102 73 302 51,0.3615427017211914
data\raw\val\00504_Animalia_Arthropoda_Insecta_Diptera_Tipulidae_Tipula_abdominalis\96999a5b-e336-4905-8f52-bd397f5e53e5.jpg,25,25,25 302 102 0 74,0.6711006760597229
data\raw\val\00504_Animalia_Arthropoda_Insecta_Diptera_Tipulidae_Tipula_abdominalis\804b4415-f6ee-41c3-a947-6074f29d1e78.jpg,25,74,74 302 73 100 78,0.3235178291797638
data\raw\val\00525_Animalia_Arthropoda_Insecta_Hemiptera_Cercopidae_Cercopis_vulnerata\d1116899-3614-4ee5-8901-a5e7b01c04cf.jpg,26,49,49 72 23 20 15,0.05824865773320198
data\raw\val\00525_Animalia_Arthropoda_Insecta_Hemiptera_Cercopidae_Cercopis_vulnerata\1be2a4cc-671e-46d7-a3ac-ccb2123521d1.jpg,26,26,26 18 36 122 16,0.48193782567977905
data\raw\val\00525_Animalia_Arthropoda_Insecta_Hemiptera_Cercopidae_Cercopis_vulnerata\974187d9-c369-4d4f-8e84-7136dd5febfc.jpg,26,26,26 18 30 15 91,0.21047596633434296
data\raw\val\00525_Animalia_Arthropoda_Insecta_Hemiptera_Cercopidae_Cercopis_vulnerata\04487df5-dfcd-4f5b-b71d-f0c6c3e4ed20.jpg,26,26,26 36 30 18 16,0.6981822848320007
data\raw\val\00525_Animalia_Arthropoda_Insecta_Hemiptera_Cercopidae_Cercopis_vulnerata\703efcc5-460b-445e-9d35-31385470dc91.jpg,26,26,26 18 15 245 90,0.47319212555885315
data\raw\val\00525_Animalia_Arthropoda_Insecta_Hemiptera_Cercopidae_Cercopis_vulnerata\5c0e1f23-b208-4547-9a9e-d551fb15100f.jpg,26,26,26 18 90 16 91,0.9627422094345093
data\raw\val\00525_Animalia_Arthropoda_Insecta_Hemiptera_Cercopidae_Cercopis_vulnerata\afc1a085-6d7b-4bff-b605-34f6b0b08e6d.jpg,26,91,91 18 274 26 74,0.2536695897579193
data\raw\val\00525_Animalia_Arthropoda_Insecta_Hemiptera_Cercopidae_Cercopis_vulnerata\1f60e67d-b3b2-4a96-93cf-aa201ea916a8.jpg,26,82,82 26 18 58 98,0.04284431040287018
data\raw\val\00525_Animalia_Arthropoda_Insecta_Hemiptera_Cercopidae_Cercopis_vulnerata\d2b5b087-8827-41eb-9330-f771add59521.jpg,26,91,91 82 26 246 90,0.09564733505249023
data\raw\val\00525_Animalia_Arthropoda_Insecta_Hemiptera_Cercopidae_Cercopis_vulnerata\3198a557-53b9-4cfb-97ee-44ef6072942b.jpg,26,30,30 145 40 36 28,0.18287289142608643
data\raw\val\00529_Animalia_Arthropoda_Insecta_Hemiptera_Cicadellidae_Cuerna_costalis\b1af1ab9-42c7-4606-938b-7ca5d9ec73f0.jpg,27,27,27 46 241 72 226,0.9432622194290161
data\raw\val\00529_Animalia_Arthropoda_Insecta_Hemiptera_Cicadellidae_Cuerna_costalis\13489a8f-de93-4649-a264-b92bf5854bfd.jpg,27,27,27 229 40 253 239,0.3964168131351471
data\raw\val\00529_Animalia_Arthropoda_Insecta_Hemiptera_Cicadellidae_Cuerna_costalis\d8de6b18-851d-4360-8647-d7d6829c3735.jpg,27,15,15 32 27 73 274,0.13673797249794006
data\raw\val\00529_Animalia_Arthropoda_Insecta_Hemiptera_Cicadellidae_Cuerna_costalis\fc9f27a9-79cb-4901-bfb9-e3a7eef781d3.jpg,27,242,242 246 249 136 132,0.08126331865787506
data\raw\val\00529_Animalia_Arthropoda_Insecta_Hemiptera_Cicadellidae_Cuerna_costalis\f7a9153d-6643-4962-83b6-47db226a8f07.jpg,27,127,127 237 236 145 229,0.08771971613168716
data\raw\val\00529_Animalia_Arthropoda_Insecta_Hemiptera_Cicadellidae_Cuerna_costalis\080113f4-8ed9-4d76-9556-1a5e2bc58d84.jpg,27,74,74 56 302 73 234,0.09292113780975342
data\raw\val\00529_Animalia_Arthropoda_Insecta_Hemiptera_Cicadellidae_Cuerna_costalis\a5b0d546-0d7a-48f3-b3b1-d54954b285fe.jpg,27,136,136 145 246 77 354,0.04225956276059151
data\raw\val\00529_Animalia_Arthropoda_Insecta_Hemiptera_Cicadellidae_Cuerna_costalis\47851b1d-cf57-48ed-8d2c-772106271836.jpg,27,46,46 99 27 40 78,0.14399978518486023
data\raw\val\00529_Animalia_Arthropoda_Insecta_Hemiptera_Cicadellidae_Cuerna_costalis\d1e18f6e-fabb-42d9-a608-2a79a62b3496.jpg,27,305,305 491 302 402 304,0.6374497413635254
data\raw\val\00529_Animalia_Arthropoda_Insecta_Hemiptera_Cicadellidae_Cuerna_costalis\e2ccfbeb-fd70-4b5e-9279-79b379ff9b0b.jpg,27,249,249 246 274 73 130,0.10155768692493439
data\raw\val\00562_Animalia_Arthropoda_Insecta_Hemiptera_Coreidae_Coreus_marginatus\63129198-2dd1-441f-8821-daea5a7fb0af.jpg,28,274,274 246 492 73 312,0.9244887828826904
data\raw\val\00562_Animalia_Arthropoda_Insecta_Hemiptera_Coreidae_Coreus_marginatus\3e0ff8d5-c620-416b-b05d-9da8049f811e.jpg,28,245,245 246 274 74 124,0.07952921092510223
data\raw\val\00562_Animalia_Arthropoda_Insecta_Hemiptera_Coreidae_Coreus_marginatus\709672d0-2f97-4a9f-a1a4-3ccaa1946f88.jpg,28,58,58 28 54 246 82,0.12882079184055328
data\raw\val\00562_Animalia_Arthropoda_Insecta_Hemiptera_Coreidae_Coreus_marginatus\6b74b3a3-2f6e-4f21-8b69-9ef53c4b19ca.jpg,28,246,246 311 74 350 240,0.10699395090341568
data\raw\val\00562_Animalia_Arthropoda_Insecta_Hemiptera_Coreidae_Coreus_marginatus\647dec76-329f-4da9-9d7f-b84d84b05774.jpg,28,274,274 246 240 249 139,0.15541638433933258
data\raw\val\00562_Animalia_Arthropoda_Insecta_Hemiptera_Coreidae_Coreus_marginatus\065df732-ed6c-4b4a-ab9c-268fde735c2f.jpg,28,274,274 268 240 246 344,0.5616723299026489
data\raw\val\00562_Animalia_Arthropoda_Insecta_Hemiptera_Coreidae_Coreus_marginatus\0f01b27e-fe92-4078-9ee3-5c27d23ed5fd.jpg,28,495,495 492 246 493 497,0.27756428718566895
data\raw\val\00562_Animalia_Arthropoda_Insecta_Hemiptera_Coreidae_Coreus_marginatus\a5dd58f1-401e-41c7-8131-1f7399ae97c5.jpg,28,274,274 256 312 398 382,0.9039214253425598
data\raw\val\00562_Animalia_Arthropoda_Insecta_Hemiptera_Coreidae_Coreus_marginatus\f2b0c648-df79-43a3-8ca6-48c35ac02a75.jpg,28,468,468 438 370 329 257,0.28681743144989014
data\raw\val\00562_Animalia_Arthropoda_Insecta_Hemiptera_Coreidae_Coreus_marginatus\849dbaba-42ee-4c6a-a57e-5000b2502526.jpg,28,246,246 52 237 54 62,0.07075075060129166
data\raw\val\00573_Animalia_Arthropoda_Insecta_Hemiptera_Coreidae_Thasus_neocalifornicus\97765775-ab66-4d01-8b11-bb5d83a48d3a.jpg,29,29,29 120 25 27 140,0.1437312513589859
data\raw\val\00573_Animalia_Arthropoda_Insecta_Hemiptera_Coreidae_Thasus_neocalifornicus\fcf222de-3587-4799-b930-37d8bd82eee8.jpg,29,13,13 11 29 10 25,0.1291627436876297
data\raw\val\00573_Animalia_Arthropoda_Insecta_Hemiptera_Coreidae_Thasus_neocalifornicus\a7dda64d-d660-4044-b86d-995d3a50a12b.jpg,29,249,249 246 135 136 245,0.22192037105560303
data\raw\val\00573_Animalia_Arthropoda_Insecta_Hemiptera_Coreidae_Thasus_neocalifornicus\3ffa20f0-5cd8-4540-b977-74235957b707.jpg,29,246,246 274 497 278 398,0.12344490736722946
data\raw\val\00573_Animalia_Arthropoda_Insecta_Hemiptera_Coreidae_Thasus_neocalifornicus\9802b080-5a43-46cb-9145-caf0059704c5.jpg,29,13,13 27 29 11 127,0.3079847991466522
data\raw\val\00573_Animalia_Arthropoda_Insecta_Hemiptera_Coreidae_Thasus_neocalifornicus\d537f138-ef2f-4f7b-a962-107707d7a617.jpg,29,25,25 498 0 490 495,0.0639977753162384
data\raw\val\00573_Animalia_Arthropoda_Insecta_Hemiptera_Coreidae_Thasus_neocalifornicus\99fddfde-1882-451a-ae61-990a8554b2c6.jpg,29,139,139 145 124 123 249,0.06419654935598373
data\raw\val\00573_Animalia_Arthropoda_Insecta_Hemiptera_Coreidae_Thasus_neocalifornicus\9b6f2082-be4e-410a-b72a-f3509fa78df1.jpg,29,29,29 27 127 120 13,0.6847639083862305
data\raw\val\00573_Animalia_Arthropoda_Insecta_Hemiptera_Coreidae_Thasus_neocalifornicus\04af60c9-26eb-4a8d-8534-233efe1852d7.jpg,29,27,27 29 25 40 302,0.31813672184944153
data\raw\val\00573_Animalia_Arthropoda_Insecta_Hemiptera_Coreidae_Thasus_neocalifornicus\dbf9f3b2-d541-496c-b7da-b5a1621f52b8.jpg,29,28,28 29 302 46 73,0.04007350653409958
data\raw\val\00623_Animalia_Arthropoda_Insecta_Hemiptera_Pentatomidae_Euthyrhynchus_floridanus\06e00ca2-e343-421d-b99e-b06813b707eb.jpg,30,259,259 90 246 240 49,0.143602192401886
data\raw\val\00623_Animalia_Arthropoda_Insecta_Hemiptera_Pentatomidae_Euthyrhynchus_floridanus\6b5148ea-bdc8-49fa-a5d9-6e8d9b4c3ac8.jpg,30,30,30 18 26 259 36,0.31583112478256226
data\raw\val\00623_Animalia_Arthropoda_Insecta_Hemiptera_Pentatomidae_Euthyrhynchus_floridanus\3badb91d-ecd7-4e50-85e7-a406c2c18e02.jpg,30,91,91 14 86 40 39,0.2908816635608673
data\raw\val\00623_Animalia_Arthropoda_Insecta_Hemiptera_Pentatomidae_Euthyrhynchus_floridanus\fde34f72-f732-41f6-a25a-26a803d6c368.jpg,30,15,15 27 23 30 259,0.15704888105392456
data\raw\val\00623_Animalia_Arthropoda_Insecta_Hemiptera_Pentatomidae_Euthyrhynchus_floridanus\bc0fa491-e9a3-414b-8328-a81b7fdd340a.jpg,30,30,30 145 124 11 13,0.3641699552536011
data\raw\val\00623_Animalia_Arthropoda_Insecta_Hemiptera_Pentatomidae_Euthyrhynchus_floridanus\1d9c5fa3-cffd-4138-a0b2-9ef14c4a854b.jpg,30,30,30 124 13 29 11,0.21107420325279236
data\raw\val\00623_Animalia_Arthropoda_Insecta_Hemiptera_Pentatomidae_Euthyrhynchus_floridanus\9045eb05-0ee7-4cf7-b25f-025c712a3853.jpg,30,90,90 245 246 30 26,0.10791891068220139
data\raw\val\00623_Animalia_Arthropoda_Insecta_Hemiptera_Pentatomidae_Euthyrhynchus_floridanus\57ed8a5b-a439-4a07-93c3-2b79ecbfd188.jpg,30,56,56 54 52 59 25,0.044964563101530075
data\raw\val\00623_Animalia_Arthropoda_Insecta_Hemiptera_Pentatomidae_Euthyrhynchus_floridanus\c5d9996d-2167-453c-b6d0-34445ad6fd64.jpg,30,246,246 274 249 259 234,0.27604880928993225
data\raw\val\00623_Animalia_Arthropoda_Insecta_Hemiptera_Pentatomidae_Euthyrhynchus_floridanus\6908256a-d9a9-4a4d-80ad-a751ed4bfabc.jpg,30,30,30 259 18 329 356,0.3441019654273987
data\raw\val\00652_Animalia_Arthropoda_Insecta_Hemiptera_Reduviidae_Pselliopus_barberi\f2cf0e1a-7377-4ddd-b115-136b0dd14973.jpg,31,298,298 302 73 299 375,0.07650116831064224
data\raw\val\00652_Animalia_Arthropoda_Insecta_Hemiptera_Reduviidae_Pselliopus_barberi\73379341-4fc3-41bd-8390-cf6605dc28e6.jpg,31,353,353 33 278 311 356,0.06488797068595886
data\raw\val\00652_Animalia_Arthropoda_Insecta_Hemiptera_Reduviidae_Pselliopus_barberi\c55e0588-6737-4f47-b85f-39d8da520348.jpg,31,32,32 28 82 74 274,0.0829496681690216
data\raw\val\00652_Animalia_Arthropoda_Insecta_Hemiptera_Reduviidae_Pselliopus_barberi\f2598e14-b8c2-469a-a4b8-b71229990f08.jpg,31,28,28 31 102 25 82,0.12549898028373718
data\raw\val\00652_Animalia_Arthropoda_Insecta_Hemiptera_Reduviidae_Pselliopus_barberi\a83d4d0f-0d63-42f8-b6b5-5a7ae108ac8c.jpg,31,246,246 432 274 91 311,0.2547764480113983
data\raw\val\00652_Animalia_Arthropoda_Insecta_Hemiptera_Reduviidae_Pselliopus_barberi\08db2fd5-68b2-48a7-8a85-07aea2bd10d3.jpg,31,31,31 89 90 259 391,0.7010370492935181
data\raw\val\00652_Animalia_Arthropoda_Insecta_Hemiptera_Reduviidae_Pselliopus_barberi\96a06429-b887-4595-b2ba-b06c870ed0ef.jpg,31,274,274 73 246 402 492,0.07578812539577484
data\raw\val\00652_Animalia_Arthropoda_Insecta_Hemiptera_Reduviidae_Pselliopus_barberi\105b02f8-c09d-42fc-b079-bcf27d0c4a83.jpg,31,302,302 74 491 52 73,0.2558690011501312
data\raw\val\00652_Animalia_Arthropoda_Insecta_Hemiptera_Reduviidae_Pselliopus_barberi\7b5fe607-1e23-4527-8033-e449e03ff5dd.jpg,31,395,395 496 497 492 476,0.060205232352018356
data\raw\val\00652_Animalia_Arthropoda_Insecta_Hemiptera_Reduviidae_Pselliopus_barberi\0fb4b2de-e83a-4b77-a766-2747e2dbc8f5.jpg,31,274,274 90 245 246 82,0.09545554965734482
data\raw\val\00666_Animalia_Arthropoda_Insecta_Hemiptera_Ricaniidae_Scolypopa_australis\a8aa0a72-6e1d-4d6a-ae81-f01ae4e1e372.jpg,32,246,246 73 74 91 86,0.14080621302127838
data\raw\val\00666_Animalia_Arthropoda_Insecta_Hemiptera_Ricaniidae_Scolypopa_australis\ec233c72-d4c5-4c17-8001-43e67baea482.jpg,32,242,242 386 313 91 320,0.16289786994457245
data\raw\val\00666_Animalia_Arthropoda_Insecta_Hemiptera_Ricaniidae_Scolypopa_australis\765918ae-416a-4c45-b966-170fc1efe47a.jpg,32,274,274 246 73 451 256,0.3034304976463318
data\raw\val\00666_Animalia_Arthropoda_Insecta_Hemiptera_Ricaniidae_Scolypopa_australis\7e5a215b-b4e4-433a-8b4d-2173dba38836.jpg,32,249,249 399 246 123 354,0.06202040612697601
data\raw\val\00666_Animalia_Arthropoda_Insecta_Hemiptera_Ricaniidae_Scolypopa_australis\a3fec29a-6760-4ace-a79d-fded24e977fa.jpg,32,73,73 98 74 51 100,0.24057674407958984
data\raw\val\00666_Animalia_Arthropoda_Insecta_Hemiptera_Ricaniidae_Scolypopa_australis\6312f3dc-ea0a-4f38-a466-c652830e80dc.jpg,32,246,246 91 274 242 311,0.5490936040878296
data\raw\val\00666_Animalia_Arthropoda_Insecta_Hemiptera_Ricaniidae_Scolypopa_australis\63ed0dad-61fc-4c61-9fcd-d4c6e5587d3f.jpg,32,274,274 246 73 240 74,0.18349607288837433
data\raw\val\00666_Animalia_Arthropoda_Insecta_Hemiptera_Ricaniidae_Scolypopa_australis\ca8cba86-21d4-4e0a-98b5-4f2612e3bcdb.jpg,32,91,91 451 246 350 313,0.30774950981140137
data\raw\val\00666_Animalia_Arthropoda_Insecta_Hemiptera_Ricaniidae_Scolypopa_australis\8da5af2c-66b1-4b19-99b1-c5d7fab53b75.jpg,32,74,74 49 91 86 246,0.12414829432964325
data\raw\val\00666_Animalia_Arthropoda_Insecta_Hemiptera_Ricaniidae_Scolypopa_australis\0e88b725-817f-4bea-b33f-b6d9cd3be0fc.jpg,32,73,73 246 74 57 51,0.1047353744506836
data\raw\val\00712_Animalia_Arthropoda_Insecta_Hymenoptera_Apidae_Xylocopa_sonorina\ebbce709-2f4d-4c5e-b50b-df3930cd0f55.jpg,33,74,74 98 240 242 49,0.09421033412218094
data\raw\val\00712_Animalia_Arthropoda_Insecta_Hymenoptera_Apidae_Xylocopa_sonorina\5bcfadd2-6d3e-4a85-a3ba-ab1f310862dc.jpg,33,246,246 245 274 253 123,0.421495646238327
data\raw\val\00712_Animalia_Arthropoda_Insecta_Hymenoptera_Apidae_Xylocopa_sonorina\b84df638-5258-481f-825c-6a8de5f6ce5d.jpg,33,438,438 344 350 345 356,0.0972294956445694
data\raw\val\00712_Animalia_Arthropoda_Insecta_Hymenoptera_Apidae_Xylocopa_sonorina\c90c4dde-d72b-49b0-9bad-b33be584baf8.jpg,33,347,347 274 355 458 350,0.05630350112915039
data\raw\val\00712_Animalia_Arthropoda_Insecta_Hymenoptera_Apidae_Xylocopa_sonorina\1d4f3e8d-8be5-48b9-a37a-2a1e7ca1b121.jpg,33,274,274 245 123 249 269,0.28124362230300903
data\raw\val\00712_Animalia_Arthropoda_Insecta_Hymenoptera_Apidae_Xylocopa_sonorina\ce93cd0c-74ed-46f6-8e34-1e9d7908744a.jpg,33,413,413 476 278 479 396,0.5289152264595032
data\raw\val\00712_Animalia_Arthropoda_Insecta_Hymenoptera_Apidae_Xylocopa_sonorina\d99f9d1c-d474-4737-b590-a156c47f9ea8.jpg,33,256,256 460 391 476 283,0.08822137862443924
data\raw\val\00712_Animalia_Arthropoda_Insecta_Hymenoptera_Apidae_Xylocopa_sonorina\3b71dfe2-522c-4746-bbc7-afea5dd99452.jpg,33,85,85 274 87 472 9,0.4130057096481323
data\raw\val\00712_Animalia_Arthropoda_Insecta_Hymenoptera_Apidae_Xylocopa_sonorina\e64e6876-1f8c-4bba-b916-8054164ecf19.jpg,33,275,275 246 257 73 348,0.34033769369125366
data\raw\val\00712_Animalia_Arthropoda_Insecta_Hymenoptera_Apidae_Xylocopa_sonorina\8c409673-d225-4c4f-9b9b-ff472ab04053.jpg,33,370,370 315 328 329 372,0.6669518351554871
data\raw\val\00713_Animalia_Arthropoda_Insecta_Hymenoptera_Apidae_Xylocopa_tabaniformis\11e940b3-d3c6-4934-99ab-cd241b8efce3.jpg,34,397,397 249 394 395 254,0.10623317211866379
data\raw\val\00713_Animalia_Arthropoda_Insecta_Hymenoptera_Apidae_Xylocopa_tabaniformis\bf325f01-66a2-4486-895c-4e02cb7c360b.jpg,34,249,249 245 246 354 274,0.07856115698814392
data\raw\val\00713_Animalia_Arthropoda_Insecta_Hymenoptera_Apidae_Xylocopa_tabaniformis\a6ff8315-d82c-418a-b2d3-3677655c7e66.jpg,34,274,274 249 246 245 123,0.1667550951242447
data\raw\val\00713_Animalia_Arthropoda_Insecta_Hymenoptera_Apidae_Xylocopa_tabaniformis\7143dd14-ac71-4ecc-b80e-dc1907f5fecc.jpg,34,354,354 353 476 451 425,0.4063589572906494
data\raw\val\00713_Animalia_Arthropoda_Insecta_Hymenoptera_Apidae_Xylocopa_tabaniformis\a6354310-9a1b-46e5-ad48-54c155362be1.jpg,34,58,58 242 302 305 229,0.03850547969341278
data\raw\val\00713_Animalia_Arthropoda_Insecta_Hymenoptera_Apidae_Xylocopa_tabaniformis\94f9b97c-7b6f-438e-9219-9b14b93acae5.jpg,34,249,249 245 248 354 254,0.1241506040096283
data\raw\val\00713_Animalia_Arthropoda_Insecta_Hymenoptera_Apidae_Xylocopa_tabaniformis\68a94714-d9f8-49f2-b16f-7a3a4cc8503e.jpg,34,274,274 476 354 451 361,0.1319282203912735
data\raw\val\00713_Animalia_Arthropoda_Insecta_Hymenoptera_Apidae_Xylocopa_tabaniformis\3b798074-f937-4e76-8a7c-23a81e81d074.jpg,34,246,246 274 249 354 394,0.2576330006122589
data\raw\val\00713_Animalia_Arthropoda_Insecta_Hymenoptera_Apidae_Xylocopa_tabaniformis\c04ada87-f56e-45ed-b98c-71c3aa8a3d8c.jpg,34,302,302 274 256 322 476,0.16811984777450562
data\raw\val\00713_Animalia_Arthropoda_Insecta_Hymenoptera_Apidae_Xylocopa_tabaniformis\b59da8d8-40bd-4097-b2c2-7c77d7a4c734.jpg,34,246,246 354 131 94 361,0.07452347129583359
data\raw\val\00778_Animalia_Arthropoda_Insecta_Hymenoptera_Halictidae_Halictus_rubicundus\83e0e87d-2f96-46bd-9b0e-c87313c780f8.jpg,35,376,376 326 35 23 497,0.08281999081373215
data\raw\val\00778_Animalia_Arthropoda_Insecta_Hymenoptera_Halictidae_Halictus_rubicundus\72cf5f31-595c-4131-974a-8f4adf868f70.jpg,35,51,51 32 35 37 73,0.08913726359605789
data\raw\val\00778_Animalia_Arthropoda_Insecta_Hymenoptera_Halictidae_Halictus_rubicundus\b9421dca-67ff-49a9-ac73-93aa8dbacae6.jpg,35,73,73 98 51 32 44,0.19863098859786987
data\raw\val\00778_Animalia_Arthropoda_Insecta_Hymenoptera_Halictidae_Halictus_rubicundus\3a0b51da-338b-4413-9b5f-22159f1af472.jpg,35,18,18 242 302 32 74,0.06938055157661438
data\raw\val\00778_Animalia_Arthropoda_Insecta_Hymenoptera_Halictidae_Halictus_rubicundus\363717f6-3f16-42e4-a3eb-e37033100b8c.jpg,35,35,35 5 51 23 32,0.19957749545574188
data\raw\val\00778_Animalia_Arthropoda_Insecta_Hymenoptera_Halictidae_Halictus_rubicundus\2eaf72c7-a6f9-442d-8287-aa35c798ed70.jpg,35,23,23 35 34 33 51,0.11401963979005814
data\raw\val\00778_Animalia_Arthropoda_Insecta_Hymenoptera_Halictidae_Halictus_rubicundus\0c5d7354-8431-43fb-a88d-8d26e96249ed.jpg,35,34,34 35 37 33 14,0.3303290903568268
data\raw\val\00778_Animalia_Arthropoda_Insecta_Hymenoptera_Halictidae_Halictus_rubicundus\0fdddaa8-59c1-4e9b-a6ff-55bd9dc6ead4.jpg,35,245,245 129 250 249 255,0.06729570776224136
data\raw\val\00778_Animalia_Arthropoda_Insecta_Hymenoptera_Halictidae_Halictus_rubicundus\a74c2480-de50-4b83-b5a8-98e761be52e2.jpg,35,74,74 73 13 72 80,0.3318910598754883
data\raw\val\00778_Animalia_Arthropoda_Insecta_Hymenoptera_Halictidae_Halictus_rubicundus\bbf3505c-30a7-4ecc-a2b2-2c2e2ff3f766.jpg,35,13,13 32 11 21 33,0.08842132985591888
data\raw\val\00791_Animalia_Arthropoda_Insecta_Hymenoptera_Mutillidae_Dasymutilla_occidentalis\6fa4bc7f-0db1-4375-8830-a02d50da251e.jpg,36,257,257 366 480 451 9,0.11296568810939789
data\raw\val\00791_Animalia_Arthropoda_Insecta_Hymenoptera_Mutillidae_Dasymutilla_occidentalis\cb7cda7d-46d7-4ad5-b699-22c8300a631a.jpg,36,354,354 246 351 495 344,0.22675487399101257
data\raw\val\00791_Animalia_Arthropoda_Insecta_Hymenoptera_Mutillidae_Dasymutilla_occidentalis\45217603-488c-4012-98dc-672c0df69e6b.jpg,36,344,344 313 91 451 356,0.27366653084754944
data\raw\val\00791_Animalia_Arthropoda_Insecta_Hymenoptera_Mutillidae_Dasymutilla_occidentalis\939fe35c-a083-4192-9f25-3b3aa183770b.jpg,36,246,246 257 259 353 255,0.2615666389465332
data\raw\val\00791_Animalia_Arthropoda_Insecta_Hymenoptera_Mutillidae_Dasymutilla_occidentalis\e7af10db-fc25-4ca3-98cb-372b71cf1a73.jpg,36,74,74 5 100 51 14,0.20257574319839478
data\raw\val\00791_Animalia_Arthropoda_Insecta_Hymenoptera_Mutillidae_Dasymutilla_occidentalis\39411949-0258-44d2-8c0e-3115aacd229c.jpg,36,245,245 259 246 74 86,0.06206870079040527
data\raw\val\00791_Animalia_Arthropoda_Insecta_Hymenoptera_Mutillidae_Dasymutilla_occidentalis\e356f70e-9856-4068-b200-eaa7f86143d6.jpg,36,496,496 15 32 92 381,0.05778903514146805
data\raw\val\00791_Animalia_Arthropoda_Insecta_Hymenoptera_Mutillidae_Dasymutilla_occidentalis\6a4cd875-5602-41d6-9ea9-9af9f71d28ca.jpg,36,40,40 14 30 39 2,0.3440367579460144
data\raw\val\00791_Animalia_Arthropoda_Insecta_Hymenoptera_Mutillidae_Dasymutilla_occidentalis\787bf283-081c-44ff-9b61-f4104f0da34f.jpg,36,275,275 354 492 353 257,0.1623729020357132
data\raw\val\00791_Animalia_Arthropoda_Insecta_Hymenoptera_Mutillidae_Dasymutilla_occidentalis\830d1b68-a88a-430d-ad13-f0262d22e06c.jpg,36,353,353 36 354 12 116,0.34947600960731506
data\raw\val\00809_Animalia_Arthropoda_Insecta_Hymenoptera_Thynnidae_Myzinum_quinquecinctum\0dd9a01d-30e0-4291-82ba-e97068adc2b3.jpg,37,237,237 138 74 139 236,0.08581450581550598
data\raw\val\00809_Animalia_Arthropoda_Insecta_Hymenoptera_Thynnidae_Myzinum_quinquecinctum\fb354467-84d6-41be-8e77-5b8079176c22.jpg,37,492,492 140 493 240 234,0.07779455184936523
data\raw\val\00809_Animalia_Arthropoda_Insecta_Hymenoptera_Thynnidae_Myzinum_quinquecinctum\2e5bc1d8-937c-4699-b990-0e01b7660a47.jpg,37,38,38 37 39 35 14,0.3233611583709717
data\raw\val\00809_Animalia_Arthropoda_Insecta_Hymenoptera_Thynnidae_Myzinum_quinquecinctum\6c2aa26f-445c-4ecf-9f89-83a7baebccd2.jpg,37,52,52 246 240 350 73,0.23742768168449402
data\raw\val\00809_Animalia_Arthropoda_Insecta_Hymenoptera_Thynnidae_Myzinum_quinquecinctum\620ac107-4891-4541-afd9-a5df0fd3e31a.jpg,37,497,497 131 492 274 73,0.05696585774421692
data\raw\val\00809_Animalia_Arthropoda_Insecta_Hymenoptera_Thynnidae_Myzinum_quinquecinctum\0332668b-cb12-4cf0-926a-cd4051e87ff2.jpg,37,37,37 273 39 38 35,0.18323145806789398
data\raw\val\00809_Animalia_Arthropoda_Insecta_Hymenoptera_Thynnidae_Myzinum_quinquecinctum\6e50aad1-fe27-4fd2-9731-61a4fa510b40.jpg,37,275,275 134 274 246 40,0.10228461772203445
data\raw\val\00809_Animalia_Arthropoda_Insecta_Hymenoptera_Thynnidae_Myzinum_quinquecinctum\d87abbb1-20f2-48c4-bd37-5c54b1bdf5b0.jpg,37,39,39 38 120 140 106,0.11036787182092667
data\raw\val\00809_Animalia_Arthropoda_Insecta_Hymenoptera_Thynnidae_Myzinum_quinquecinctum\daedfdc4-79b3-4680-93a6-a6b8903e7d01.jpg,37,131,131 248 135 245 246,0.05106278881430626
data\raw\val\00809_Animalia_Arthropoda_Insecta_Hymenoptera_Thynnidae_Myzinum_quinquecinctum\02fc11d8-11e3-4919-b7ae-3a4e643615bb.jpg,37,37,37 35 34 334 38,0.2166038304567337
data\raw\val\00830_Animalia_Arthropoda_Insecta_Hymenoptera_Vespidae_Polistes_dominula\16140327-f411-49a5-adeb-ea72718c58f4.jpg,38,38,38 39 37 40 35,0.6349300146102905
data\raw\val\00830_Animalia_Arthropoda_Insecta_Hymenoptera_Vespidae_Polistes_dominula\04df973f-985f-4de2-b402-5d7c7eb9b9a6.jpg,38,274,274 246 256 255 366,0.07139653712511063
data\raw\val\00830_Animalia_Arthropoda_Insecta_Hymenoptera_Vespidae_Polistes_dominula\5f743808-216d-42a8-80d8-5b247f81cb41.jpg,38,74,74 302 13 86 2,0.1923334002494812
data\raw\val\00830_Animalia_Arthropoda_Insecta_Hymenoptera_Vespidae_Polistes_dominula\0c951474-56ad-40bd-8703-a9a970e5914a.jpg,38,325,325 327 334 299 376,0.24096029996871948
data\raw\val\00830_Animalia_Arthropoda_Insecta_Hymenoptera_Vespidae_Polistes_dominula\3a161c24-518e-4b46-8c5b-69b80c5f56fd.jpg,38,229,229 128 145 235 239,0.24101294577121735
data\raw\val\00830_Animalia_Arthropoda_Insecta_Hymenoptera_Vespidae_Polistes_dominula\1e016b81-33b6-4b03-a9ea-6e21cf54cf19.jpg,38,274,274 240 249 73 234,0.21731789410114288
data\raw\val\00830_Animalia_Arthropoda_Insecta_Hymenoptera_Vespidae_Polistes_dominula\2df6fde8-7e19-4e35-becc-cf4f29ba15ef.jpg,38,74,74 39 73 100 25,0.1317848414182663
data\raw\val\00830_Animalia_Arthropoda_Insecta_Hymenoptera_Vespidae_Polistes_dominula\f93e6289-26a9-4d9e-bb66-cc49ef9336cb.jpg,38,246,246 73 394 74 274,0.09864754229784012
data\raw\val\00830_Animalia_Arthropoda_Insecta_Hymenoptera_Vespidae_Polistes_dominula\cb2a0667-cf1b-477d-bcfb-f31001ca88e7.jpg,38,311,311 356 460 242 40,0.10417298227548599
data\raw\val\00830_Animalia_Arthropoda_Insecta_Hymenoptera_Vespidae_Polistes_dominula\c56c4e28-f40d-493e-a280-768d6d2754e8.jpg,38,249,249 136 274 131 134,0.3874965012073517
data\raw\val\00832_Animalia_Arthropoda_Insecta_Hymenoptera_Vespidae_Polistes_exclamans\f3939c2a-67ef-44b9-b770-a763563b9ee6.jpg,39,74,74 73 229 242 302,0.48411986231803894
data\raw\val\00832_Animalia_Arthropoda_Insecta_Hymenoptera_Vespidae_Polistes_exclamans\b6d0a084-df24-4ca3-bb9e-74ce5a9eb012.jpg,39,356,356 311 344 460 313,0.1908995360136032
data\raw\val\00832_Animalia_Arthropoda_Insecta_Hymenoptera_Vespidae_Polistes_exclamans\ccdb3150-cd9f-4cd5-9265-1f20e2b2952b.jpg,39,354,354 451 353 246 344,0.8011001944541931
data\raw\val\00832_Animalia_Arthropoda_Insecta_Hymenoptera_Vespidae_Polistes_exclamans\6e95f9e0-c09e-4344-ad79-dc6745777e33.jpg,39,274,274 476 246 311 472,0.4458116590976715
data\raw\val\00832_Animalia_Arthropoda_Insecta_Hymenoptera_Vespidae_Polistes_exclamans\ef07ada2-9120-4795-95e1-8dddb8187519.jpg,39,40,40 274 268 344 467,0.4725496470928192
data\raw\val\00832_Animalia_Arthropoda_Insecta_Hymenoptera_Vespidae_Polistes_exclamans\86b35091-7dfa-4c36-9b78-8583ceac3421.jpg,39,302,302 74 72 25 28,0.4499124586582184
data\raw\val\00832_Animalia_Arthropoda_Insecta_Hymenoptera_Vespidae_Polistes_exclamans\7d08233f-8289-4f47-a15f-fc1d4ee79725.jpg,39,350,350 347 259 366 354,0.05537557229399681
data\raw\val\00832_Animalia_Arthropoda_Insecta_Hymenoptera_Vespidae_Polistes_exclamans\27bc9f58-c1e1-4667-bb62-d0a6f2f73ca0.jpg,39,233,233 228 232 246 32,0.08572851866483688
data\raw\val\00832_Animalia_Arthropoda_Insecta_Hymenoptera_Vespidae_Polistes_exclamans\83ca4f9e-e550-4cbc-895c-95d8b3807336.jpg,39,40,40 302 438 292 355,0.14543800055980682
data\raw\val\00832_Animalia_Arthropoda_Insecta_Hymenoptera_Vespidae_Polistes_exclamans\82fa4564-9e27-4089-864b-668485c1c6cf.jpg,39,25,25 39 0 102 37,0.2863578200340271
data\raw\val\00834_Animalia_Arthropoda_Insecta_Hymenoptera_Vespidae_Polistes_humilis\376442f7-dfc9-4313-96c8-50fb643aecbf.jpg,40,40,40 274 350 442 242,0.09726309031248093
data\raw\val\00834_Animalia_Arthropoda_Insecta_Hymenoptera_Vespidae_Polistes_humilis\35777452-cd09-4c43-84a6-ff8bde6d5b79.jpg,40,62,62 354 32 353 98,0.060625236481428146
data\raw\val\00834_Animalia_Arthropoda_Insecta_Hymenoptera_Vespidae_Polistes_humilis\9285f203-06ce-4399-bbf9-c956f71f65d7.jpg,40,354,354 451 136 246 422,0.5366978645324707
data\raw\val\00834_Animalia_Arthropoda_Insecta_Hymenoptera_Vespidae_Polistes_humilis\e999ef8d-fc21-49ab-b3c0-e93ed4c03373.jpg,40,131,131 249 135 134 17,0.1346718817949295
data\raw\val\00834_Animalia_Arthropoda_Insecta_Hymenoptera_Vespidae_Polistes_humilis\fb60fbd8-01a7-4816-920a-5ae22a9eaf27.jpg,40,74,74 246 73 49 100,0.15058015286922455
data\raw\val\00834_Animalia_Arthropoda_Insecta_Hymenoptera_Vespidae_Polistes_humilis\7654c4e4-10f7-4186-a7d8-6271a90dba0c.jpg,40,73,73 74 85 40 91,0.22180375456809998
data\raw\val\00834_Animalia_Arthropoda_Insecta_Hymenoptera_Vespidae_Polistes_humilis\33548b3c-f2b2-442f-a2bc-45221faa3382.jpg,40,274,274 246 249 135 136,0.5672246217727661
data\raw\val\00834_Animalia_Arthropoda_Insecta_Hymenoptera_Vespidae_Polistes_humilis\2406b2e1-9716-48d1-b729-626548e6ba45.jpg,40,73,73 40 28 2 74,0.13834050297737122
data\raw\val\00834_Animalia_Arthropoda_Insecta_Hymenoptera_Vespidae_Polistes_humilis\6066763f-8f45-464d-88b5-142b21267a46.jpg,40,81,81 274 236 40 139,0.2083967924118042
data\raw\val\00834_Animalia_Arthropoda_Insecta_Hymenoptera_Vespidae_Polistes_humilis\189518f9-dc35-4ed0-b524-f49336128092.jpg,40,249,249 274 131 246 32,0.06091810390353203
data\raw\val\00858_Animalia_Arthropoda_Insecta_Lepidoptera_Crambidae_Achyra_rantalis\da494676-e941-4380-b815-0e74e648a39e.jpg,41,99,99 41 58 73 62,0.7127267122268677
data\raw\val\00858_Animalia_Arthropoda_Insecta_Lepidoptera_Crambidae_Achyra_rantalis\8f3edaf9-ed10-4f6b-bf04-9f480f105274.jpg,41,229,229 402 302 350 292,0.05084339156746864
data\raw\val\00858_Animalia_Arthropoda_Insecta_Lepidoptera_Crambidae_Achyra_rantalis\710df14e-0481-4969-84c4-0c934dc6145b.jpg,41,249,249 131 136 395 274,0.07151494175195694
data\raw\val\00858_Animalia_Arthropoda_Insecta_Lepidoptera_Crambidae_Achyra_rantalis\da16eb56-6093-41e9-afc2-858e8a8b0db4.jpg,41,98,98 62 41 49 58,0.4522588849067688
data\raw\val\00858_Animalia_Arthropoda_Insecta_Lepidoptera_Crambidae_Achyra_rantalis\130748c9-e8cc-4130-a829-d9b1353c8c32.jpg,41,41,41 98 73 99 78,0.41505691409111023
data\raw\val\00858_Animalia_Arthropoda_Insecta_Lepidoptera_Crambidae_Achyra_rantalis\4012e4ce-e78c-4671-a306-3f53f6927f86.jpg,41,73,73 100 98 74 78,0.6550393104553223
data\raw\val\00858_Animalia_Arthropoda_Insecta_Lepidoptera_Crambidae_Achyra_rantalis\4c0b3462-01be-43a4-b596-e4cc36bba57a.jpg,41,302,302 74 73 54 32,0.14525960385799408
data\raw\val\00858_Animalia_Arthropoda_Insecta_Lepidoptera_Crambidae_Achyra_rantalis\36dd226c-d330-4024-9110-95dacc0377e0.jpg,41,246,246 73 136 135 57,0.3790358006954193
data\raw\val\00858_Animalia_Arthropoda_Insecta_Lepidoptera_Crambidae_Achyra_rantalis\08cf7ccf-5ac7-42f9-a18b-33d6156e5f0f.jpg,41,73,73 57 98 74 58,0.3971061408519745
data\raw\val\00858_Animalia_Arthropoda_Insecta_Lepidoptera_Crambidae_Achyra_rantalis\8d144640-d98a-40fd-a231-d51ff89f724e.jpg,41,91,91 60 49 32 86,0.18070870637893677
data\raw\val\00860_Animalia_Arthropoda_Insecta_Lepidoptera_Crambidae_Agriphila_tristella\4a345b7d-c9ab-4302-bd9f-0b24dbc642ba.jpg,42,74,74 73 226 246 229,0.09318166971206665
data\raw\val\00860_Animalia_Arthropoda_Insecta_Lepidoptera_Crambidae_Agriphila_tristella\a062e27b-2a6e-4186-b138-f620edb93b6e.jpg,42,229,229 42 239 74 102,0.30057960748672485
data\raw\val\00860_Animalia_Arthropoda_Insecta_Lepidoptera_Crambidae_Agriphila_tristella\78ad78e9-c679-44c1-86b0-1a710d480e1c.jpg,42,275,275 492 28 351 388,0.14527322351932526
data\raw\val\00860_Animalia_Arthropoda_Insecta_Lepidoptera_Crambidae_Agriphila_tristella\9903fbc7-8e28-4b89-bbd6-0758a3f9e706.jpg,42,143,143 302 229 312 246,0.07960402965545654
data\raw\val\00860_Animalia_Arthropoda_Insecta_Lepidoptera_Crambidae_Agriphila_tristella\e8aa79e6-50ed-4d7e-a3e1-e423217af9c8.jpg,42,53,53 132 99 32 130,0.04621340334415436
data\raw\val\00860_Animalia_Arthropoda_Insecta_Lepidoptera_Crambidae_Agriphila_tristella\aa265c5d-adc9-4bc3-82d7-df55765a2f57.jpg,42,229,229 74 242 302 73,0.07801759988069534
data\raw\val\00860_Animalia_Arthropoda_Insecta_Lepidoptera_Crambidae_Agriphila_tristella\0e10bded-5c3b-40da-b6a0-1c8cac117abb.jpg,42,42,42 25 102 77 27,0.5074513554573059
data\raw\val\00860_Animalia_Arthropoda_Insecta_Lepidoptera_Crambidae_Agriphila_tristella\5dfd11e2-c883-4380-aa02-30608c7d9a5b.jpg,42,25,25 302 76 42 236,0.04389544576406479
data\raw\val\00860_Animalia_Arthropoda_Insecta_Lepidoptera_Crambidae_Agriphila_tristella\9a4c5ae7-13c0-41c9-9a6c-6b8b85c96546.jpg,42,74,74 25 302 234 236,0.23409126698970795
data\raw\val\00860_Animalia_Arthropoda_Insecta_Lepidoptera_Crambidae_Agriphila_tristella\416a5071-f5a3-481f-8c56-34fa6030af42.jpg,42,428,428 229 42 302 239,0.1537189781665802
data\raw\val\00863_Animalia_Arthropoda_Insecta_Lepidoptera_Crambidae_Anania_funebris\6143de3c-40bc-4369-b69e-6a26fa1af56e.jpg,43,274,274 350 468 246 402,0.41061630845069885
data\raw\val\00863_Animalia_Arthropoda_Insecta_Lepidoptera_Crambidae_Anania_funebris\0cc8c6d3-66e7-4b9b-bec1-519afd5e0c37.jpg,43,325,325 334 274 248 131,0.08961352705955505
data\raw\val\00863_Animalia_Arthropoda_Insecta_Lepidoptera_Crambidae_Anania_funebris\ab363048-befa-4b27-a704-4a275d4cf082.jpg,43,43,43 44 91 85 92,0.6371686458587646
data\raw\val\00863_Animalia_Arthropoda_Insecta_Lepidoptera_Crambidae_Anania_funebris\d617f8b4-dfb4-42bc-aa75-5a3836122b53.jpg,43,85,85 94 38 39 394,0.07050821185112
data\raw\val\00863_Animalia_Arthropoda_Insecta_Lepidoptera_Crambidae_Anania_funebris\9f697384-f30a-4f6d-af2c-d47f1eae3b44.jpg,43,43,43 140 94 44 85,0.7937868237495422
data\raw\val\00863_Animalia_Arthropoda_Insecta_Lepidoptera_Crambidae_Anania_funebris\0d59a590-13f1-4f51-b569-46ee571c87d6.jpg,43,98,98 49 73 74 32,0.2633189558982849
data\raw\val\00863_Animalia_Arthropoda_Insecta_Lepidoptera_Crambidae_Anania_funebris\453d54cd-6fc0-4566-b243-a8d299e904ef.jpg,43,43,43 44 240 85 140,0.2529022991657257
data\raw\val\00863_Animalia_Arthropoda_Insecta_Lepidoptera_Crambidae_Anania_funebris\51251427-a1c0-43a3-b529-411b256407dd.jpg,43,43,43 140 44 88 131,0.7217305898666382
data\raw\val\00863_Animalia_Arthropoda_Insecta_Lepidoptera_Crambidae_Anania_funebris\ce0a3250-0e2a-4c6c-bb6d-e1347b667206.jpg,43,43,43 85 44 91 88,0.4669041931629181
data\raw\val\00863_Animalia_Arthropoda_Insecta_Lepidoptera_Crambidae_Anania_funebris\afb2bb9a-0360-4e22-b14d-291d71b43125.jpg,43,43,43 140 354 131 274,0.18600967526435852
data\raw\val\00878_Animalia_Arthropoda_Insecta_Lepidoptera_Crambidae_Desmia_funeralis\3906c228-b6bb-4fa1-8e5c-ac1b99a1a6c3.jpg,44,73,73 98 74 49 44,0.2864426076412201
data\raw\val\00878_Animalia_Arthropoda_Insecta_Lepidoptera_Crambidae_Desmia_funeralis\b8e23b94-00f5-4835-8a1e-d35259672140.jpg,44,44,44 49 98 73 52,0.5674072504043579
data\raw\val\00878_Animalia_Arthropoda_Insecta_Lepidoptera_Crambidae_Desmia_funeralis\e2169dfc-b52e-4b04-ab26-031a9e5cbcd9.jpg,44,74,74 49 44 73 72,0.1867407113313675
data\raw\val\00878_Animalia_Arthropoda_Insecta_Lepidoptera_Crambidae_Desmia_funeralis\eab78aba-abe9-4a88-9516-0421ea1709f4.jpg,44,98,98 74 49 51 73,0.3666267991065979
data\raw\val\00878_Animalia_Arthropoda_Insecta_Lepidoptera_Crambidae_Desmia_funeralis\c4004aaa-3eed-4508-82fd-9f0cd55c8dbd.jpg,44,44,44 43 49 24 57,0.6406984925270081
data\raw\val\00878_Animalia_Arthropoda_Insecta_Lepidoptera_Crambidae_Desmia_funeralis\2b94bb14-2d11-498d-bb66-4d4020df59a0.jpg,44,98,98 51 74 49 240,0.0668085440993309
data\raw\val\00878_Animalia_Arthropoda_Insecta_Lepidoptera_Crambidae_Desmia_funeralis\151b8049-b9f7-4805-b87e-e6f274927297.jpg,44,80,80 44 264 246 85,0.2048424482345581
data\raw\val\00878_Animalia_Arthropoda_Insecta_Lepidoptera_Crambidae_Desmia_funeralis\d0b3f350-0d1c-46fe-a611-865689ce132b.jpg,44,73,73 98 44 74 49,0.29248684644699097
data\raw\val\00878_Animalia_Arthropoda_Insecta_Lepidoptera_Crambidae_Desmia_funeralis\a50602c6-7873-4456-ad67-97acfe75ab7a.jpg,44,44,44 24 85 94 43,0.34265241026878357
data\raw\val\00878_Animalia_Arthropoda_Insecta_Lepidoptera_Crambidae_Desmia_funeralis\aff50c52-01d0-4930-8c06-77aa4ffc53ae.jpg,44,57,57 52 49 98 73,0.21080389618873596
data\raw\val\00901_Animalia_Arthropoda_Insecta_Lepidoptera_Crambidae_Lineodes_integra\49f650d9-741b-4f83-a6dc-d4f18f180fdc.jpg,45,73,73 45 98 74 72,0.29115039110183716
data\raw\val\00901_Animalia_Arthropoda_Insecta_Lepidoptera_Crambidae_Lineodes_integra\bee8d6c5-932c-4648-ae57-4a66c6ad9b9c.jpg,45,45,45 46 72 78 75,0.41977357864379883
data\raw\val\00901_Animalia_Arthropoda_Insecta_Lepidoptera_Crambidae_Lineodes_integra\060b252e-a52b-4d5e-80bc-1f1d70eff914.jpg,45,344,344 257 274 246 249,0.05507626011967659
data\raw\val\00901_Animalia_Arthropoda_Insecta_Lepidoptera_Crambidae_Lineodes_integra\0d96a21a-0627-4aa6-add6-4979ed7cf44a.jpg,45,81,81 45 100 77 52,0.4613390266895294
data\raw\val\00901_Animalia_Arthropoda_Insecta_Lepidoptera_Crambidae_Lineodes_integra\1b9b523a-4494-495a-a724-aa07727301e3.jpg,45,45,45 102 75 73 72,0.28939780592918396
data\raw\val\00901_Animalia_Arthropoda_Insecta_Lepidoptera_Crambidae_Lineodes_integra\d90fe8b5-e40f-4b7e-bf2c-4de8c68e7a53.jpg,45,45,45 46 25 99 143,0.7215129733085632
data\raw\val\00901_Animalia_Arthropoda_Insecta_Lepidoptera_Crambidae_Lineodes_integra\1b9af913-f937-4615-9f24-cca83c0a9efe.jpg,45,45,45 98 78 99 46,0.47689294815063477
data\raw\val\00901_Animalia_Arthropoda_Insecta_Lepidoptera_Crambidae_Lineodes_integra\a1bc7874-50fc-47a1-9188-af4a648c610b.jpg,45,72,72 49 28 302 345,0.06254515796899796
data\raw\val\00901_Animalia_Arthropoda_Insecta_Lepidoptera_Crambidae_Lineodes_integra\caaf88f1-ec62-4388-830a-6322e1051bad.jpg,45,45,45 73 72 46 74,0.5433300733566284
data\raw\val\00901_Animalia_Arthropoda_Insecta_Lepidoptera_Crambidae_Lineodes_integra\bff6c446-902b-4dd9-abd3-0cc863472ec4.jpg,45,344,344 345 27 86 451,0.09449122846126556
data\raw\val\00907_Animalia_Arthropoda_Insecta_Lepidoptera_Crambidae_Microtheoris_vibicalis\3e84d402-a945-496a-84fe-3c2e55958a5f.jpg,46,302,302 345 305 242 311,0.28203245997428894
data\raw\val\00907_Animalia_Arthropoda_Insecta_Lepidoptera_Crambidae_Microtheoris_vibicalis\2861092e-7d08-454b-acd2-2904cb26669a.jpg,46,73,73 78 226 57 74,0.18722134828567505
data\raw\val\00907_Animalia_Arthropoda_Insecta_Lepidoptera_Crambidae_Microtheoris_vibicalis\35725f0a-2c58-4298-ae04-bdd1f77c1d88.jpg,46,254,254 302 320 242 245,0.06952670216560364
data\raw\val\00907_Animalia_Arthropoda_Insecta_Lepidoptera_Crambidae_Microtheoris_vibicalis\688e94a2-ab3b-4d5c-9e29-a5309afe89bb.jpg,46,46,46 45 75 77 100,0.9152408242225647
data\raw\val\00907_Animalia_Arthropoda_Insecta_Lepidoptera_Crambidae_Microtheoris_vibicalis\185bb643-c572-4c6f-895d-010f9f1d5223.jpg,46,100,100 46 74 2 73,0.5132418274879456
data\raw\val\00907_Animalia_Arthropoda_Insecta_Lepidoptera_Crambidae_Microtheoris_vibicalis\1f8ae662-adf9-4f8a-a443-79c70d81cf7c.jpg,46,46,46 45 100 73 75,0.8889150619506836
data\raw\val\00907_Animalia_Arthropoda_Insecta_Lepidoptera_Crambidae_Microtheoris_vibicalis\1e605fc0-b2cc-4c5c-adee-9c7a960b5020.jpg,46,143,143 344 345 406 139,0.08016643673181534
data\raw\val\00907_Animalia_Arthropoda_Insecta_Lepidoptera_Crambidae_Microtheoris_vibicalis\201b8ea2-9176-4082-b6c8-42c513b52c12.jpg,46,302,302 73 51 254 226,0.03536005690693855
data\raw\val\00907_Animalia_Arthropoda_Insecta_Lepidoptera_Crambidae_Microtheoris_vibicalis\a63f38f9-8ab1-428e-b283-44fd323fb05f.jpg,46,46,46 45 75 77 79,0.9949476718902588
data\raw\val\00907_Animalia_Arthropoda_Insecta_Lepidoptera_Crambidae_Microtheoris_vibicalis\3c28fcb5-4f28-4c52-9ee2-7766d11936dd.jpg,46,311,311 91 356 14 86,0.07940474152565002
data\raw\val\00950_Animalia_Arthropoda_Insecta_Lepidoptera_Depressariidae_Agonopterix_alstroemeriana\52e67731-a316-4a07-97df-c4e23f73dbab.jpg,47,256,256 274 73 47 74,0.15736491978168488
data\raw\val\00950_Animalia_Arthropoda_Insecta_Lepidoptera_Depressariidae_Agonopterix_alstroemeriana\223ec076-ba60-4c3a-8ea1-3e9bedeafb0b.jpg,47,47,47 73 62 101 72,0.278765469789505
data\raw\val\00950_Animalia_Arthropoda_Insecta_Lepidoptera_Depressariidae_Agonopterix_alstroemeriana\77148abc-f6cf-4fa9-9ec8-1f53737449b4.jpg,47,47,47 62 123 76 268,0.24634502828121185
data\raw\val\00950_Animalia_Arthropoda_Insecta_Lepidoptera_Depressariidae_Agonopterix_alstroemeriana\a94f3af0-7588-446d-9ac1-c5211644934f.jpg,47,98,98 57 73 62 49,0.6047305464744568
data\raw\val\00950_Animalia_Arthropoda_Insecta_Lepidoptera_Depressariidae_Agonopterix_alstroemeriana\83ff409a-068f-41ef-a5ca-18328763584f.jpg,47,74,74 73 100 47 80,0.2487850785255432
data\raw\val\00950_Animalia_Arthropoda_Insecta_Lepidoptera_Depressariidae_Agonopterix_alstroemeriana\c91d1623-5325-4399-a375-26292d6028af.jpg,47,246,246 250 135 137 136,0.20227886736392975
data\raw\val\00950_Animalia_Arthropoda_Insecta_Lepidoptera_Depressariidae_Agonopterix_alstroemeriana\9f73c7a4-a3a8-4fa9-a3bd-2b39bd577f12.jpg,47,406,406 344 438 345 350,0.21520954370498657
data\raw\val\00950_Animalia_Arthropoda_Insecta_Lepidoptera_Depressariidae_Agonopterix_alstroemeriana\9b3717ef-a361-4041-99e5-735b303f9765.jpg,47,73,73 74 302 476 89,0.4225001037120819
data\raw\val\00950_Animalia_Arthropoda_Insecta_Lepidoptera_Depressariidae_Agonopterix_alstroemeriana\543399c0-56f8-4686-8e18-057bf8a3a7f9.jpg,47,74,74 72 73 47 77,0.2648739516735077
data\raw\val\00950_Animalia_Arthropoda_Insecta_Lepidoptera_Depressariidae_Agonopterix_alstroemeriana\0d51c187-2a56-43ee-a777-888100c7c176.jpg,47,60,60 57 98 62 47,0.39609846472740173
data\raw\val\00976_Animalia_Arthropoda_Insecta_Lepidoptera_Erebidae_Arctia_caja\f728d736-447c-4fa4-b42d-ec5d5c3b52ad.jpg,48,48,48 80 19 17 90,0.5335432291030884
data\raw\val\00976_Animalia_Arthropoda_Insecta_Lepidoptera_Erebidae_Arctia_caja\370c3e80-b437-48ef-b6b8-1787c5e2b973.jpg,48,74,74 73 81 451 48,0.10049442946910858
data\raw\val\00976_Animalia_Arthropoda_Insecta_Lepidoptera_Erebidae_Arctia_caja\b2d22c3a-eb13-4827-b5e3-e4c23f68937c.jpg,48,240,240 234 274 246 98,0.6184020638465881
data\raw\val\00976_Animalia_Arthropoda_Insecta_Lepidoptera_Erebidae_Arctia_caja\621cc907-c42a-4ecc-9699-d6017c66934c.jpg,48,73,73 74 83 100 51,0.12596376240253448
data\raw\val\00976_Animalia_Arthropoda_Insecta_Lepidoptera_Erebidae_Arctia_caja\e952798d-87bc-4903-8a22-4e54ccead2db.jpg,48,48,48 131 246 249 19,0.09300480782985687
data\raw\val\00976_Animalia_Arthropoda_Insecta_Lepidoptera_Erebidae_Arctia_caja\1aced19e-adb5-44ef-aaf3-6fb8721cfc70.jpg,48,48,48 118 122 85 19,0.14800506830215454
data\raw\val\00976_Animalia_Arthropoda_Insecta_Lepidoptera_Erebidae_Arctia_caja\223038df-1911-44cf-942f-00fe8080c8ec.jpg,48,287,287 490 496 381 482,0.06053294986486435
data\raw\val\00976_Animalia_Arthropoda_Insecta_Lepidoptera_Erebidae_Arctia_caja\4c3389f6-1f7f-465b-9ae4-230b78c2b910.jpg,48,230,230 234 255 80 223,0.2859337031841278
data\raw\val\00976_Animalia_Arthropoda_Insecta_Lepidoptera_Erebidae_Arctia_caja\433c9c0d-d653-4dbc-b45b-cb19247ab7f0.jpg,48,355,355 305 278 451 274,0.0945582240819931
data\raw\val\00976_Animalia_Arthropoda_Insecta_Lepidoptera_Erebidae_Arctia_caja\4ce1d716-0e04-4499-9b90-a43768c4e805.jpg,48,223,223 257 350 355 51,0.07344157248735428
data\raw\val\01062_Animalia_Arthropoda_Insecta_Lepidoptera_Erebidae_Idia_lubricalis\b6fb1e83-3536-45c3-bc35-15704ead2c27.jpg,49,98,98 73 49 57 74,0.49463868141174316
data\raw\val\01062_Animalia_Arthropoda_Insecta_Lepidoptera_Erebidae_Idia_lubricalis\60b0bbd6-acb1-41ce-84ff-3108916d0fdb.jpg,49,278,278 98 51 78 72,0.04118843004107475
data\raw\val\01062_Animalia_Arthropoda_Insecta_Lepidoptera_Erebidae_Idia_lubricalis\5ffc8784-ea88-4406-a7b0-0fadd0295659.jpg,49,49,49 98 73 74 51,0.49437543749809265
data\raw\val\01062_Animalia_Arthropoda_Insecta_Lepidoptera_Erebidae_Idia_lubricalis\5f9e3af4-a6d0-4fce-a71b-e4b319d33f4f.jpg,49,73,73 74 89 51 78,0.6455190777778625
data\raw\val\01062_Animalia_Arthropoda_Insecta_Lepidoptera_Erebidae_Idia_lubricalis\9e9caab1-6d01-4ebc-b239-27426412a283.jpg,49,73,73 98 49 52 78,0.6496805548667908
data\raw\val\01062_Animalia_Arthropoda_Insecta_Lepidoptera_Erebidae_Idia_lubricalis\62312878-a157-49b3-8a01-7f9414806ab5.jpg,49,98,98 73 246 49 259,0.11299829185009003
data\raw\val\01062_Animalia_Arthropoda_Insecta_Lepidoptera_Erebidae_Idia_lubricalis\c4b2f52e-fce5-4b25-b790-70fb4de0d914.jpg,49,49,49 58 98 302 254,0.14186029136180878
data\raw\val\01062_Animalia_Arthropoda_Insecta_Lepidoptera_Erebidae_Idia_lubricalis\376e69a7-6983-4af0-b87d-4d5ae92204fb.jpg,49,73,73 49 78 257 315,0.17512555420398712
data\raw\val\01062_Animalia_Arthropoda_Insecta_Lepidoptera_Erebidae_Idia_lubricalis\ffaa812c-9e1e-43ab-9103-bb5a2274af15.jpg,49,49,49 73 98 57 74,0.36057180166244507
data\raw\val\01062_Animalia_Arthropoda_Insecta_Lepidoptera_Erebidae_Idia_lubricalis\61bb3b94-d439-4b2a-9e1d-0a7837c27665.jpg,49,98,98 73 49 51 52,0.324129194021225
data\raw\val\01068_Animalia_Arthropoda_Insecta_Lepidoptera_Erebidae_Lithosia_quadra\a821c3d8-cea8-4d4a-9f01-b7605f2352d1.jpg,50,302,302 74 313 246 242,0.05406596139073372
data\raw\val\01068_Animalia_Arthropoda_Insecta_Lepidoptera_Erebidae_Lithosia_quadra\b5a23eb2-d5af-4284-af4c-3280861fbd61.jpg,50,245,245 259 480 90 89,0.07102277874946594
data\raw\val\01068_Animalia_Arthropoda_Insecta_Lepidoptera_Erebidae_Lithosia_quadra\be606cfc-6b85-4f01-94ae-5a10ba6d34ba.jpg,50,77,77 79 356 99 102,0.19283294677734375
data\raw\val\01068_Animalia_Arthropoda_Insecta_Lepidoptera_Erebidae_Lithosia_quadra\4e7bd300-875b-4b0b-b819-df632d9b1cf1.jpg,50,99,99 41 18 31 58,0.042355913668870926
data\raw\val\01068_Animalia_Arthropoda_Insecta_Lepidoptera_Erebidae_Lithosia_quadra\572c9c62-b4e8-4bb1-b686-c3a54614938d.jpg,50,41,41 99 60 76 61,0.08279922604560852
data\raw\val\01068_Animalia_Arthropoda_Insecta_Lepidoptera_Erebidae_Lithosia_quadra\7d232a6c-3716-4efd-bc85-f58935d7dd84.jpg,50,73,73 74 246 49 78,0.17102502286434174
data\raw\val\01068_Animalia_Arthropoda_Insecta_Lepidoptera_Erebidae_Lithosia_quadra\1a5e983d-42fe-411a-aa8e-b5edfed95be5.jpg,50,2,2 74 460 350 30,0.0654086321592331
data\raw\val\01068_Animalia_Arthropoda_Insecta_Lepidoptera_Erebidae_Lithosia_quadra\a8a3f8a6-d5cc-45f7-9f11-f57ae0e19c91.jpg,50,242,242 302 83 74 254,0.2856653928756714
data\raw\val\01068_Animalia_Arthropoda_Insecta_Lepidoptera_Erebidae_Lithosia_quadra\a988fc43-439d-4a24-978f-5bd08f154202.jpg,50,79,79 77 72 27 141,0.4119639992713928
data\raw\val\01068_Animalia_Arthropoda_Insecta_Lepidoptera_Erebidae_Lithosia_quadra\3c35a11f-e5cf-426e-bdc3-c9480779839f.jpg,50,329,329 356 246 254 400,0.03581324219703674
data\raw\val\01074_Animalia_Arthropoda_Insecta_Lepidoptera_Erebidae_Lymantria_dispar\adaeec56-23e5-4531-8192-c4fc5ad017d9.jpg,51,74,74 73 250 302 274,0.47048836946487427
data\raw\val\01074_Animalia_Arthropoda_Insecta_Lepidoptera_Erebidae_Lymantria_dispar\77cb9387-b177-4da8-b199-c0f26390d352.jpg,51,313,313 246 468 442 414,0.13466396927833557
data\raw\val\01074_Animalia_Arthropoda_Insecta_Lepidoptera_Erebidae_Lymantria_dispar\fb522e9e-d6bf-4aec-b6dc-1c837e101837.jpg,51,74,74 234 25 100 236,0.1557101160287857
data\raw\val\01074_Animalia_Arthropoda_Insecta_Lepidoptera_Erebidae_Lymantria_dispar\916729a6-6c43-405f-96c3-aa0c23618103.jpg,51,83,83 73 226 123 98,0.07599916309118271
data\raw\val\01074_Animalia_Arthropoda_Insecta_Lepidoptera_Erebidae_Lymantria_dispar\c1ce9f90-8a0d-46d1-8cd3-eee10fe0d286.jpg,51,302,302 254 74 25 223,0.3792642652988434
data\raw\val\01074_Animalia_Arthropoda_Insecta_Lepidoptera_Erebidae_Lymantria_dispar\397ed57f-1dd9-4216-87b2-c063a7bd44c3.jpg,51,73,73 51 98 49 246,0.13841873407363892
data\raw\val\01074_Animalia_Arthropoda_Insecta_Lepidoptera_Erebidae_Lymantria_dispar\eec95350-ef6a-49c4-bb58-9267d670ce31.jpg,51,73,73 98 49 78 74,0.5625612735748291
data\raw\val\01074_Animalia_Arthropoda_Insecta_Lepidoptera_Erebidae_Lymantria_dispar\92b72394-b5db-42ed-ae69-2989a0d70a13.jpg,51,256,256 257 356 475 25,0.19660604000091553
data\raw\val\01074_Animalia_Arthropoda_Insecta_Lepidoptera_Erebidae_Lymantria_dispar\c4073b55-85d3-4787-b96e-6ae54b1bde61.jpg,51,73,73 57 98 78 74,0.6426541209220886
data\raw\val\01074_Animalia_Arthropoda_Insecta_Lepidoptera_Erebidae_Lymantria_dispar\392955de-81a1-409b-8347-f4bcfa7c66fb.jpg,51,394,394 354 73 476 246,0.1954139620065689
data\raw\val\01152_Animalia_Arthropoda_Insecta_Lepidoptera_Geometridae_Anticlea_vasiliata\af45e74b-62ad-4a5b-9337-a15464095ae0.jpg,52,451,451 246 345 52 311,0.07714856415987015
data\raw\val\01152_Animalia_Arthropoda_Insecta_Lepidoptera_Geometridae_Anticlea_vasiliata\5255dd21-fbcd-46f1-a09f-e287e487d9b2.jpg,52,311,311 344 86 246 350,0.2132110893726349
data\raw\val\01152_Animalia_Arthropoda_Insecta_Lepidoptera_Geometridae_Anticlea_vasiliata\41984617-b116-4d23-91ec-03f74a39bbf7.jpg,52,73,73 52 98 49 302,0.6899552345275879
data\raw\val\01152_Animalia_Arthropoda_Insecta_Lepidoptera_Geometridae_Anticlea_vasiliata\59341057-d50e-4e45-9109-f5c62481bece.jpg,52,57,57 54 52 62 58,0.7312540411949158
data\raw\val\01152_Animalia_Arthropoda_Insecta_Lepidoptera_Geometridae_Anticlea_vasiliata\3e325e32-d476-4bac-bb55-bf3f764d375e.jpg,52,73,73 98 246 78 74,0.6766595244407654
data\raw\val\01152_Animalia_Arthropoda_Insecta_Lepidoptera_Geometridae_Anticlea_vasiliata\3e6dc85e-10d7-4d39-9863-30eebdf3a6b8.jpg,52,52,52 73 74 51 98,0.35049349069595337
data\raw\val\01152_Animalia_Arthropoda_Insecta_Lepidoptera_Geometridae_Anticlea_vasiliata\f01e142e-a4d3-4f5b-acc6-d821d35def56.jpg,52,52,52 98 62 73 49,0.20268510282039642
data\raw\val\01152_Animalia_Arthropoda_Insecta_Lepidoptera_Geometridae_Anticlea_vasiliata\8be4a38e-b1b8-426d-9cd3-8edb93fd2eec.jpg,52,246,246 73 74 86 451,0.6459248065948486
data\raw\val\01152_Animalia_Arthropoda_Insecta_Lepidoptera_Geometridae_Anticlea_vasiliata\f1a22dfb-308b-44bd-a85a-e5ee73b79294.jpg,52,344,344 406 451 311 345,0.09592136740684509
data\raw\val\01152_Animalia_Arthropoda_Insecta_Lepidoptera_Geometridae_Anticlea_vasiliata\ee0b0120-79c8-4853-a4cc-7ecb1b73eaf8.jpg,52,57,57 52 78 73 72,0.6149985194206238
data\raw\val\01154_Animalia_Arthropoda_Insecta_Lepidoptera_Geometridae_Arhodia_lasiocamparia\b69bc75e-ae7d-4d54-80aa-a80b0a58fd37.jpg,53,53,53 58 99 98 49,0.13816726207733154
data\raw\val\01154_Animalia_Arthropoda_Insecta_Lepidoptera_Geometridae_Arhodia_lasiocamparia\a5329ef5-4332-45bd-91e0-6ec94305bbca.jpg,53,58,58 53 99 62 302,0.3261030912399292
data\raw\val\01154_Animalia_Arthropoda_Insecta_Lepidoptera_Geometridae_Arhodia_lasiocamparia\8e49768f-66c0-461b-ae1c-e26cfa27d5b5.jpg,53,53,53 99 302 254 322,0.5853122472763062
data\raw\val\01154_Animalia_Arthropoda_Insecta_Lepidoptera_Geometridae_Arhodia_lasiocamparia\916cbc1f-4de1-457e-9d84-b1a3ae5cce22.jpg,53,58,58 302 98 254 99,0.08498460054397583
data\raw\val\01154_Animalia_Arthropoda_Insecta_Lepidoptera_Geometridae_Arhodia_lasiocamparia\3aee9743-52dd-476d-a78a-8a2d4ebfc91a.jpg,53,73,73 302 240 246 74,0.12966057658195496
data\raw\val\01154_Animalia_Arthropoda_Insecta_Lepidoptera_Geometridae_Arhodia_lasiocamparia\fba3dd10-84b0-4bf2-9199-c7f85c3fac0b.jpg,53,58,58 52 302 246 54,0.05867169797420502
data\raw\val\01154_Animalia_Arthropoda_Insecta_Lepidoptera_Geometridae_Arhodia_lasiocamparia\74daa468-0445-4693-bd70-642c37286650.jpg,53,73,73 74 302 49 51,0.2837112247943878
data\raw\val\01154_Animalia_Arthropoda_Insecta_Lepidoptera_Geometridae_Arhodia_lasiocamparia\fe83b510-58a0-4fa5-9fad-6adc534708ce.jpg,53,73,73 246 451 142 240,0.04877842590212822
data\raw\val\01154_Animalia_Arthropoda_Insecta_Lepidoptera_Geometridae_Arhodia_lasiocamparia\216b22ab-66e4-4534-8cd5-c22cfd5214ab.jpg,53,58,58 53 99 302 49,0.3081514239311218
data\raw\val\01154_Animalia_Arthropoda_Insecta_Lepidoptera_Geometridae_Arhodia_lasiocamparia\78b53d20-9709-4411-b6f0-d82f3c8a9ca8.jpg,53,246,246 254 132 248 302,0.1579160839319229
data\raw\val\01155_Animalia_Arthropoda_Insecta_Lepidoptera_Geometridae_Besma_quercivoraria\ad36a5ef-2dbe-453c-8495-78100d5a61a5.jpg,54,54,54 57 60 58 62,0.501962423324585
data\raw\val\01155_Animalia_Arthropoda_Insecta_Lepidoptera_Geometridae_Besma_quercivoraria\8f59211b-8847-4c58-9b63-56ed694bead6.jpg,54,302,302 242 246 234 350,0.09829851984977722
data\raw\val\01155_Animalia_Arthropoda_Insecta_Lepidoptera_Geometridae_Besma_quercivoraria\26b71fc0-d625-4ec8-a205-1c6d2ca406f1.jpg,54,54,54 82 60 73 58,0.08858627080917358
data\raw\val\01155_Animalia_Arthropoda_Insecta_Lepidoptera_Geometridae_Besma_quercivoraria\0ee72326-9456-4e9d-acdd-5276b56afc29.jpg,54,57,57 58 54 60 62,0.40113192796707153
data\raw\val\01155_Animalia_Arthropoda_Insecta_Lepidoptera_Geometridae_Besma_quercivoraria\58b18f18-73c1-4c40-8615-d749d58a48bd.jpg,54,356,356 246 302 353 354,0.062464382499456406
data\raw\val\01155_Animalia_Arthropoda_Insecta_Lepidoptera_Geometridae_Besma_quercivoraria\acdc0506-d040-4b5d-8d1c-f9810c61bbe0.jpg,54,58,58 54 57 62 60,0.4050420820713043
data\raw\val\01155_Animalia_Arthropoda_Insecta_Lepidoptera_Geometridae_Besma_quercivoraria\00ee60a7-c83e-4fbd-8999-6e90452e1850.jpg,54,302,302 311 54 60 73,0.22978997230529785
data\raw\val\01155_Animalia_Arthropoda_Insecta_Lepidoptera_Geometridae_Besma_quercivoraria\9f1919a9-c089-4b24-adc9-882f47c5a47f.jpg,54,58,58 62 54 57 28,0.7544448971748352
data\raw\val\01155_Animalia_Arthropoda_Insecta_Lepidoptera_Geometridae_Besma_quercivoraria\24b8b0b7-ed25-47c4-a97e-8468844c0d57.jpg,54,259,259 234 311 400 356,0.08671627938747406
data\raw\val\01155_Animalia_Arthropoda_Insecta_Lepidoptera_Geometridae_Besma_quercivoraria\e6ae920c-435b-4bff-a365-6fb2faea2e91.jpg,54,62,62 58 99 57 123,0.2990723252296448
data\raw\val\01157_Animalia_Arthropoda_Insecta_Lepidoptera_Geometridae_Cabera_erythemaria\07074171-83b2-462a-ae5b-4a8a92414839.jpg,55,55,55 58 54 60 61,0.40545541048049927
data\raw\val\01157_Animalia_Arthropoda_Insecta_Lepidoptera_Geometridae_Cabera_erythemaria\8a3aa1b9-3281-4609-a3db-91b13cffdedc.jpg,55,274,274 73 278 489 486,0.12607291340827942
data\raw\val\01157_Animalia_Arthropoda_Insecta_Lepidoptera_Geometridae_Cabera_erythemaria\8e7fadc5-6dc1-4b32-b46c-7ddb809bfacf.jpg,55,240,240 302 246 234 304,0.272477924823761
data\raw\val\01157_Animalia_Arthropoda_Insecta_Lepidoptera_Geometridae_Cabera_erythemaria\880b2914-31df-4eae-94a1-222ad2944eb4.jpg,55,344,344 350 345 52 302,0.07075702399015427
data\raw\val\01157_Animalia_Arthropoda_Insecta_Lepidoptera_Geometridae_Cabera_erythemaria\076a550d-c186-46ba-ba95-033d6bd9fd1a.jpg,55,406,406 345 302 311 438,0.11934532225131989
data\raw\val\01157_Animalia_Arthropoda_Insecta_Lepidoptera_Geometridae_Cabera_erythemaria\773de095-6b2a-4901-ab11-28b6030b894c.jpg,55,302,302 305 242 320 229,0.24177981913089752
data\raw\val\01157_Animalia_Arthropoda_Insecta_Lepidoptera_Geometridae_Cabera_erythemaria\2ba538b3-d2d9-4bc8-9597-954422e9d312.jpg,55,55,55 56 58 229 61,0.1444929838180542
data\raw\val\01157_Animalia_Arthropoda_Insecta_Lepidoptera_Geometridae_Cabera_erythemaria\fcf6ae18-af9e-4322-a17a-bc6f5dfa3af3.jpg,55,274,274 136 302 246 298,0.1487521380186081
data\raw\val\01157_Animalia_Arthropoda_Insecta_Lepidoptera_Geometridae_Cabera_erythemaria\f6544a6b-20e2-41e7-9b4f-4e25626b9d9a.jpg,55,344,344 143 406 242 345,0.17227008938789368
data\raw\val\01157_Animalia_Arthropoda_Insecta_Lepidoptera_Geometridae_Cabera_erythemaria\4b970c03-8982-48dc-a7d8-608aa1260af1.jpg,55,58,58 54 55 98 49,0.1587730050086975
data\raw\val\01210_Animalia_Arthropoda_Insecta_Lepidoptera_Geometridae_Eubaphe_mendica\9735a1db-146c-4881-a381-37ef07578b7c.jpg,56,73,73 74 25 76 45,0.37377145886421204
data\raw\val\01210_Animalia_Arthropoda_Insecta_Lepidoptera_Geometridae_Eubaphe_mendica\5474f422-dbff-46e4-82c8-21eb129887c4.jpg,56,254,254 240 58 98 49,0.10880881547927856
data\raw\val\01210_Animalia_Arthropoda_Insecta_Lepidoptera_Geometridae_Eubaphe_mendica\54b61854-87eb-4e88-a7bf-568edaee5081.jpg,56,58,58 98 73 52 242,0.09450273960828781
data\raw\val\01210_Animalia_Arthropoda_Insecta_Lepidoptera_Geometridae_Eubaphe_mendica\35925cda-a19f-4f26-ad12-27e7ae845407.jpg,56,55,55 56 58 53 41,0.2813376188278198
data\raw\val\01210_Animalia_Arthropoda_Insecta_Lepidoptera_Geometridae_Eubaphe_mendica\a2437e6b-6de6-443f-a5ed-f4694dff9ea9.jpg,56,56,56 98 49 58 62,0.225094735622406
data\raw\val\01210_Animalia_Arthropoda_Insecta_Lepidoptera_Geometridae_Eubaphe_mendica\7c582860-726d-48a1-b6e3-2eca0a8a9900.jpg,56,58,58 56 61 54 55,0.17486922442913055
data\raw\val\01210_Animalia_Arthropoda_Insecta_Lepidoptera_Geometridae_Eubaphe_mendica\8dd63982-07c9-4da2-a2cf-3613a6a4cf80.jpg,56,56,56 55 99 58 41,0.39952728152275085
data\raw\val\01210_Animalia_Arthropoda_Insecta_Lepidoptera_Geometridae_Eubaphe_mendica\6b681f33-d955-4ad2-a122-cf9b947f5bee.jpg,56,302,302 56 45 25 18,0.06884797662496567
data\raw\val\01210_Animalia_Arthropoda_Insecta_Lepidoptera_Geometridae_Eubaphe_mendica\461e0e93-a4c3-4a49-b934-f42b60cf2830.jpg,56,246,246 91 311 476 495,0.1838628053665161
data\raw\val\01210_Animalia_Arthropoda_Insecta_Lepidoptera_Geometridae_Eubaphe_mendica\c3907681-515c-4cdd-8121-853bd710ef9b.jpg,56,302,302 344 406 345 74,0.17257799208164215
data\raw\val\01230_Animalia_Arthropoda_Insecta_Lepidoptera_Geometridae_Hypagyrtis_unipunctata\3fa39d52-a203-4c6c-9da8-b53d2f28fccc.jpg,57,57,57 58 62 54 98,0.8312958478927612
data\raw\val\01230_Animalia_Arthropoda_Insecta_Lepidoptera_Geometridae_Hypagyrtis_unipunctata\c1ef877e-fa0f-4b30-882f-cf54873cbd4f.jpg,57,366,366 487 365 451 315,0.4286300837993622
data\raw\val\01230_Animalia_Arthropoda_Insecta_Lepidoptera_Geometridae_Hypagyrtis_unipunctata\a298fb01-c667-4f6d-9347-6cee500046af.jpg,57,25,25 400 302 395 475,0.11008594185113907
data\raw\val\01230_Animalia_Arthropoda_Insecta_Lepidoptera_Geometridae_Hypagyrtis_unipunctata\e60213d7-d1b7-4e48-b036-870ae0cc6dd3.jpg,57,246,246 245 311 58 54,0.17297706007957458
data\raw\val\01230_Animalia_Arthropoda_Insecta_Lepidoptera_Geometridae_Hypagyrtis_unipunctata\a2a3d71d-3e54-4840-a949-1864e007e01f.jpg,57,240,240 73 304 246 234,0.41178297996520996
data\raw\val\01230_Animalia_Arthropoda_Insecta_Lepidoptera_Geometridae_Hypagyrtis_unipunctata\882cd075-97da-4b6e-b8b4-0ba8b9cce1e1.jpg,57,345,345 40 143 302 356,0.09744831174612045
data\raw\val\01230_Animalia_Arthropoda_Insecta_Lepidoptera_Geometridae_Hypagyrtis_unipunctata\e7c4b7a6-cbc8-437e-915d-df1bbf806c30.jpg,57,302,302 28 91 40 482,0.06559222936630249
data\raw\val\01230_Animalia_Arthropoda_Insecta_Lepidoptera_Geometridae_Hypagyrtis_unipunctata\5ccd23eb-652a-4bc7-b261-1c324094c89c.jpg,57,57,57 73 54 302 58,0.5642520189285278
data\raw\val\01230_Animalia_Arthropoda_Insecta_Lepidoptera_Geometridae_Hypagyrtis_unipunctata\055c6022-0e21-406a-8577-5d7af35a55a7.jpg,57,136,136 100 495 7 350,0.02867334522306919
data\raw\val\01230_Animalia_Arthropoda_Insecta_Lepidoptera_Geometridae_Hypagyrtis_unipunctata\86c47c95-caef-4527-a4dd-3485e332f90a.jpg,57,57,57 54 73 98 58,0.29855433106422424
data\raw\val\01242_Animalia_Arthropoda_Insecta_Lepidoptera_Geometridae_Ilexia_intractata\998c002f-5024-4873-bcf2-dd66434bc0a1.jpg,58,242,242 344 302 350 345,0.16140435636043549
data\raw\val\01242_Animalia_Arthropoda_Insecta_Lepidoptera_Geometridae_Ilexia_intractata\fdc2dee7-aa4f-4eba-8a5c-e22b866b76b8.jpg,58,57,57 58 98 62 49,0.2759832441806793
data\raw\val\01242_Animalia_Arthropoda_Insecta_Lepidoptera_Geometridae_Ilexia_intractata\6e6969eb-22c6-435a-9c79-35e2b73dc70c.jpg,58,73,73 57 74 78 98,0.3092706501483917
data\raw\val\01242_Animalia_Arthropoda_Insecta_Lepidoptera_Geometridae_Ilexia_intractata\80bf9cb5-946c-4040-abad-402a5019a499.jpg,58,57,57 98 49 58 51,0.3087676763534546
data\raw\val\01242_Animalia_Arthropoda_Insecta_Lepidoptera_Geometridae_Ilexia_intractata\fb8bf6d0-f80f-422a-814b-94654145eed4.jpg,58,302,302 73 28 58 246,0.40724506974220276
data\raw\val\01242_Animalia_Arthropoda_Insecta_Lepidoptera_Geometridae_Ilexia_intractata\d309d1bc-6e4b-4e62-b1f2-81cd71ccb33e.jpg,58,356,356 344 406 345 311,0.1023615375161171
data\raw\val\01242_Animalia_Arthropoda_Insecta_Lepidoptera_Geometridae_Ilexia_intractata\1e5cdc8a-3759-4d38-b02d-2c9cc2595752.jpg,58,395,395 58 399 398 477,0.22057302296161652
data\raw\val\01242_Animalia_Arthropoda_Insecta_Lepidoptera_Geometridae_Ilexia_intractata\248e5858-2790-4bb2-b370-b5a6cbc383be.jpg,58,58,58 54 57 302 82,0.9008760452270508
data\raw\val\01242_Animalia_Arthropoda_Insecta_Lepidoptera_Geometridae_Ilexia_intractata\0592d060-2807-401b-8cde-594960004eeb.jpg,58,58,58 54 57 62 99,0.831659197807312
data\raw\val\01242_Animalia_Arthropoda_Insecta_Lepidoptera_Geometridae_Ilexia_intractata\7692f69c-6f06-408c-8a2f-125d73a0827d.jpg,58,57,57 73 58 54 28,0.18109843134880066
data\raw\val\01244_Animalia_Arthropoda_Insecta_Lepidoptera_Geometridae_Iridopsis_larvaria\f2f0587c-73f2-43fc-a02c-37f1de5cb5f9.jpg,59,73,73 57 74 98 25,0.613860011100769
data\raw\val\01244_Animalia_Arthropoda_Insecta_Lepidoptera_Geometridae_Iridopsis_larvaria\9320e3e6-862f-4987-9a92-068e794f0d0c.jpg,59,344,344 329 406 350 460,0.05261847749352455
data\raw\val\01244_Animalia_Arthropoda_Insecta_Lepidoptera_Geometridae_Iridopsis_larvaria\7162e391-8da4-433c-8c53-30d5ab118fe5.jpg,59,59,59 237 234 229 74,0.18787150084972382
data\raw\val\01244_Animalia_Arthropoda_Insecta_Lepidoptera_Geometridae_Iridopsis_larvaria\71ca386d-3ebc-4a30-80cd-5c65fb1ca16e.jpg,59,74,74 73 25 302 72,0.38689979910850525
data\raw\val\01244_Animalia_Arthropoda_Insecta_Lepidoptera_Geometridae_Iridopsis_larvaria\81696f51-14f6-4ce8-8646-9ea67b29abd5.jpg,59,311,311 345 406 302 344,0.47144800424575806
data\raw\val\01244_Animalia_Arthropoda_Insecta_Lepidoptera_Geometridae_Iridopsis_larvaria\79a5f7df-c6b8-4cad-a037-a87be6b30306.jpg,59,344,344 240 350 345 234,0.10157138109207153
data\raw\val\01244_Animalia_Arthropoda_Insecta_Lepidoptera_Geometridae_Iridopsis_larvaria\9f05f657-b858-4a77-b68c-5cd6af2fe35d.jpg,59,57,57 73 74 52 59,0.3710969388484955
data\raw\val\01244_Animalia_Arthropoda_Insecta_Lepidoptera_Geometridae_Iridopsis_larvaria\fc65cac8-5cb3-4c61-ad56-59c367cef5c6.jpg,59,350,350 344 242 438 442,0.14540046453475952
data\raw\val\01244_Animalia_Arthropoda_Insecta_Lepidoptera_Geometridae_Iridopsis_larvaria\6351a183-ca6a-4825-a52b-70297975d828.jpg,59,59,59 57 52 74 73,0.2965202331542969
data\raw\val\01244_Animalia_Arthropoda_Insecta_Lepidoptera_Geometridae_Iridopsis_larvaria\c5bae25b-020b-4e94-bdc1-97c741de6141.jpg,59,73,73 60 54 57 51,0.3313407003879547
data\raw\val\01255_Animalia_Arthropoda_Insecta_Lepidoptera_Geometridae_Macaria_aemulataria\2f8a3687-91cb-4a4d-b9a5-885c22607bd0.jpg,60,74,74 73 100 72 83,0.2728458344936371
data\raw\val\01255_Animalia_Arthropoda_Insecta_Lepidoptera_Geometridae_Macaria_aemulataria\ba52a042-1bd2-4f55-81c2-7ba9333b1922.jpg,60,246,246 248 73 52 495,0.08806085586547852
data\raw\val\01255_Animalia_Arthropoda_Insecta_Lepidoptera_Geometridae_Macaria_aemulataria\7dd74a23-38af-4e55-8ac1-4c11eb86d9f8.jpg,60,313,313 356 394 259 451,0.12336038798093796
data\raw\val\01255_Animalia_Arthropoda_Insecta_Lepidoptera_Geometridae_Macaria_aemulataria\1d8549de-33fc-4bf6-9d03-d6fa12316898.jpg,60,60,60 54 477 357 302,0.3425642251968384
data\raw\val\01255_Animalia_Arthropoda_Insecta_Lepidoptera_Geometridae_Macaria_aemulataria\44081d70-5f43-45e7-b191-390a3ce8977a.jpg,60,344,344 74 246 345 311,0.06967179477214813
data\raw\val\01255_Animalia_Arthropoda_Insecta_Lepidoptera_Geometridae_Macaria_aemulataria\2f501224-2f12-4261-acdd-efdd3824c112.jpg,60,57,57 73 52 60 59,0.42706695199012756
data\raw\val\01255_Animalia_Arthropoda_Insecta_Lepidoptera_Geometridae_Macaria_aemulataria\76144c3f-8007-4c5d-984e-282e8dea7982.jpg,60,73,73 74 51 246 32,0.17876137793064117
data\raw\val\01255_Animalia_Arthropoda_Insecta_Lepidoptera_Geometridae_Macaria_aemulataria\7f3e4dd1-634d-4a64-94d3-ec41f229f151.jpg,60,246,246 311 73 257 259,0.17387612164020538
data\raw\val\01255_Animalia_Arthropoda_Insecta_Lepidoptera_Geometridae_Macaria_aemulataria\67d44691-e443-460e-a247-985f51848cde.jpg,60,313,313 406 143 302 345,0.06320705264806747
data\raw\val\01255_Animalia_Arthropoda_Insecta_Lepidoptera_Geometridae_Macaria_aemulataria\f3e4895d-edc4-4ba7-936b-a7eb554f89e0.jpg,60,73,73 354 62 60 491,0.0577520988881588
data\raw\val\01278_Animalia_Arthropoda_Insecta_Lepidoptera_Geometridae_Opisthograptis_luteolata\d679110a-3ac2-4b96-a4f7-0983e3978552.jpg,61,53,53 58 61 62 98,0.20203375816345215
data\raw\val\01278_Animalia_Arthropoda_Insecta_Lepidoptera_Geometridae_Opisthograptis_luteolata\2c59300c-be2b-4e50-be88-15c32292cfe0.jpg,61,53,53 99 58 61 62,0.595940351486206
data\raw\val\01278_Animalia_Arthropoda_Insecta_Lepidoptera_Geometridae_Opisthograptis_luteolata\863e7fac-6b29-4aec-a823-5d1b1e784b0c.jpg,61,99,99 62 60 58 53,0.21265804767608643
data\raw\val\01278_Animalia_Arthropoda_Insecta_Lepidoptera_Geometridae_Opisthograptis_luteolata\d2aebf87-7a60-4148-a20c-a7424c5534fb.jpg,61,53,53 58 99 61 267,0.5965014100074768
data\raw\val\01278_Animalia_Arthropoda_Insecta_Lepidoptera_Geometridae_Opisthograptis_luteolata\07ab4746-d8f9-440e-a9fa-b3ddb8c8beaf.jpg,61,242,242 345 312 320 406,0.11620979756116867
data\raw\val\01278_Animalia_Arthropoda_Insecta_Lepidoptera_Geometridae_Opisthograptis_luteolata\311adaf5-fcd7-4cd8-ba2a-f41b4b6307e6.jpg,61,58,58 53 99 302 60,0.19345031678676605
data\raw\val\01278_Animalia_Arthropoda_Insecta_Lepidoptera_Geometridae_Opisthograptis_luteolata\6db5ea3e-5f61-402e-aebe-f53c36978bea.jpg,61,302,302 320 246 344 354,0.07042159140110016
data\raw\val\01278_Animalia_Arthropoda_Insecta_Lepidoptera_Geometridae_Opisthograptis_luteolata\b4e4b360-a06e-447e-8806-647089bc68f3.jpg,61,28,28 58 82 460 61,0.19982300698757172
data\raw\val\01278_Animalia_Arthropoda_Insecta_Lepidoptera_Geometridae_Opisthograptis_luteolata\4ff75e89-1a7b-4427-99e2-6935c75f911a.jpg,61,53,53 58 61 99 60,0.3244333565235138
data\raw\val\01278_Animalia_Arthropoda_Insecta_Lepidoptera_Geometridae_Opisthograptis_luteolata\5dda263a-d087-482f-925d-776a5e9137d6.jpg,61,302,302 242 320 73 345,0.17577111721038818
data\raw\val\01293_Animalia_Arthropoda_Insecta_Lepidoptera_Geometridae_Plagodis_pulveraria\3c66e2ea-6d82-4790-96cc-5dbeae5977db.jpg,62,246,246 356 344 345 311,0.12985417246818542
data\raw\val\01293_Animalia_Arthropoda_Insecta_Lepidoptera_Geometridae_Plagodis_pulveraria\251a9680-a9a1-4c70-a690-b5a5fdd8a70f.jpg,62,62,62 58 54 57 28,0.5350509881973267
data\raw\val\01293_Animalia_Arthropoda_Insecta_Lepidoptera_Geometridae_Plagodis_pulveraria\c4428168-46b7-4ad4-9a55-d6b888cd7ffe.jpg,62,58,58 62 60 54 61,0.1530306488275528
data\raw\val\01293_Animalia_Arthropoda_Insecta_Lepidoptera_Geometridae_Plagodis_pulveraria\bb15dd71-7885-4180-98d3-0a82a4c2a29c.jpg,62,58,58 98 62 73 51,0.30274727940559387
data\raw\val\01293_Animalia_Arthropoda_Insecta_Lepidoptera_Geometridae_Plagodis_pulveraria\220842a9-85f5-4a95-878d-fd1c196f0064.jpg,62,73,73 98 49 74 51,0.4579212963581085
data\raw\val\01293_Animalia_Arthropoda_Insecta_Lepidoptera_Geometridae_Plagodis_pulveraria\7bbc25b1-c208-4e60-a838-4c86b5c0b087.jpg,62,51,51 73 98 32 49,0.14591555297374725
data\raw\val\01293_Animalia_Arthropoda_Insecta_Lepidoptera_Geometridae_Plagodis_pulveraria\7c28bbf2-5777-4bd9-8fbd-e8bd1ba7b4a5.jpg,62,58,58 62 302 28 345,0.15605933964252472
data\raw\val\01293_Animalia_Arthropoda_Insecta_Lepidoptera_Geometridae_Plagodis_pulveraria\0e82101f-c1a3-46c3-92aa-1f85900bcd8a.jpg,62,246,246 259 245 74 86,0.27628597617149353
data\raw\val\01293_Animalia_Arthropoda_Insecta_Lepidoptera_Geometridae_Plagodis_pulveraria\5a724996-4629-44f6-a9e5-6d107c9552d9.jpg,62,58,58 62 54 99 60,0.5323928594589233
data\raw\val\01293_Animalia_Arthropoda_Insecta_Lepidoptera_Geometridae_Plagodis_pulveraria\d2dcab2b-aee2-45aa-bea1-c3e0e9d760fb.jpg,62,58,58 62 99 54 53,0.5806059241294861
data\raw\val\01387_Animalia_Arthropoda_Insecta_Lepidoptera_Hesperiidae_Oligoria_maculata\7fb8205f-f573-40f8-b34a-ff11a1cc5259.jpg,63,73,73 98 223 246 83,0.12562312185764313
data\raw\val\01387_Animalia_Arthropoda_Insecta_Lepidoptera_Hesperiidae_Oligoria_maculata\2fbf1e20-6670-4666-9e44-818da7add22f.jpg,63,98,98 28 57 73 51,0.16568271815776825
data\raw\val\01387_Animalia_Arthropoda_Insecta_Lepidoptera_Hesperiidae_Oligoria_maculata\2450c41d-79f0-42d6-8850-6dbe751d63ae.jpg,63,73,73 49 98 309 300,0.06732451915740967
data\raw\val\01387_Animalia_Arthropoda_Insecta_Lepidoptera_Hesperiidae_Oligoria_maculata\a3811c90-7968-4541-834f-c468454edd03.jpg,63,74,74 246 302 73 223,0.09660788625478745
data\raw\val\01387_Animalia_Arthropoda_Insecta_Lepidoptera_Hesperiidae_Oligoria_maculata\f458f0d1-85cb-407e-9389-07c9130e5fd8.jpg,63,74,74 302 309 73 417,0.12639062106609344
data\raw\val\01387_Animalia_Arthropoda_Insecta_Lepidoptera_Hesperiidae_Oligoria_maculata\2741dc61-e5fb-4d34-8c4b-c326b5212d02.jpg,63,58,58 245 398 83 70,0.05718760937452316
data\raw\val\01387_Animalia_Arthropoda_Insecta_Lepidoptera_Hesperiidae_Oligoria_maculata\7542bbd1-50e9-4549-a24a-a0fb6b15e971.jpg,63,274,274 426 73 74 423,0.26266151666641235
data\raw\val\01387_Animalia_Arthropoda_Insecta_Lepidoptera_Hesperiidae_Oligoria_maculata\54452fdd-9c66-4b94-b8bd-8900b22a2430.jpg,63,73,73 98 74 49 302,0.1735142469406128
data\raw\val\01387_Animalia_Arthropoda_Insecta_Lepidoptera_Hesperiidae_Oligoria_maculata\73916af4-e744-4e51-924f-1e58ca2d7e66.jpg,63,274,274 248 246 91 471,0.22459562122821808
data\raw\val\01387_Animalia_Arthropoda_Insecta_Lepidoptera_Hesperiidae_Oligoria_maculata\a57b8b3a-336b-4fd6-a9e5-28fe92821512.jpg,63,274,274 18 248 246 329,0.45296576619148254
data\raw\val\01425_Animalia_Arthropoda_Insecta_Lepidoptera_Lasiocampidae_Trabala_vishnou\8517ed22-814c-47ff-b613-be5d1bbce1ff.jpg,64,73,73 274 402 74 398,0.09880714118480682
data\raw\val\01425_Animalia_Arthropoda_Insecta_Lepidoptera_Lasiocampidae_Trabala_vishnou\e9c73773-fde1-4a1d-8d95-5840d838df0b.jpg,64,246,246 274 73 492 240,0.38232356309890747
data\raw\val\01425_Animalia_Arthropoda_Insecta_Lepidoptera_Lasiocampidae_Trabala_vishnou\aebca0db-c708-41f4-8091-e2b8cd6d1448.jpg,64,278,278 259 489 406 74,0.10746848583221436
data\raw\val\01425_Animalia_Arthropoda_Insecta_Lepidoptera_Lasiocampidae_Trabala_vishnou\2d128af7-0e3a-47aa-a4a2-8b6dbd180001.jpg,64,62,62 460 256 325 329,0.11086581647396088
data\raw\val\01425_Animalia_Arthropoda_Insecta_Lepidoptera_Lasiocampidae_Trabala_vishnou\942ee7ef-1ca5-43e8-8512-527d60475a1b.jpg,64,302,302 476 73 298 497,0.17029835283756256
data\raw\val\01425_Animalia_Arthropoda_Insecta_Lepidoptera_Lasiocampidae_Trabala_vishnou\571f7171-13b5-4970-8856-c724389e8b77.jpg,64,210,210 397 396 394 451,0.07960446923971176
data\raw\val\01425_Animalia_Arthropoda_Insecta_Lepidoptera_Lasiocampidae_Trabala_vishnou\03e280ad-41df-42fb-a432-f8c4edc60333.jpg,64,249,249 274 123 58 256,0.07305362075567245
data\raw\val\01425_Animalia_Arthropoda_Insecta_Lepidoptera_Lasiocampidae_Trabala_vishnou\0590125b-474f-42ae-96fc-e3a5d1129f63.jpg,64,64,64 228 304 39 93,0.737767219543457
data\raw\val\01425_Animalia_Arthropoda_Insecta_Lepidoptera_Lasiocampidae_Trabala_vishnou\f0b3cc91-ab9d-42fc-9d53-245b75cb7aeb.jpg,64,64,64 432 51 476 298,0.19994357228279114
data\raw\val\01425_Animalia_Arthropoda_Insecta_Lepidoptera_Lasiocampidae_Trabala_vishnou\3ce57bbb-f133-467c-be93-439b124216e9.jpg,64,64,64 240 234 51 304,0.34194380044937134
data\raw\val\01471_Animalia_Arthropoda_Insecta_Lepidoptera_Lycaenidae_Eooxylides_tharis\888bd086-b261-46ae-8e8f-28d420f8ad57.jpg,65,356,356 313 471 311 86,0.2046503722667694
data\raw\val\01471_Animalia_Arthropoda_Insecta_Lepidoptera_Lycaenidae_Eooxylides_tharis\3ff94bd0-f84a-4281-9c5c-e1fea988e4ea.jpg,65,91,91 246 82 89 92,0.6451931595802307
data\raw\val\01471_Animalia_Arthropoda_Insecta_Lepidoptera_Lycaenidae_Eooxylides_tharis\51d50573-9890-4ff3-90be-7fc67dd5f9dd.jpg,65,65,65 252 268 126 246,0.10081484168767929
data\raw\val\01471_Animalia_Arthropoda_Insecta_Lepidoptera_Lycaenidae_Eooxylides_tharis\658ed261-8943-4ee9-9da0-46133d4f514d.jpg,65,274,274 70 268 442 451,0.06673244386911392
data\raw\val\01471_Animalia_Arthropoda_Insecta_Lepidoptera_Lycaenidae_Eooxylides_tharis\24b7c35a-3a06-4fa2-a93b-51c5d7aa8e52.jpg,65,91,91 246 274 65 70,0.10960076749324799
data\raw\val\01471_Animalia_Arthropoda_Insecta_Lepidoptera_Lycaenidae_Eooxylides_tharis\54ce9a29-2c21-449c-883b-c97169e7fac4.jpg,65,249,249 274 246 252 354,0.0520053431391716
data\raw\val\01471_Animalia_Arthropoda_Insecta_Lepidoptera_Lycaenidae_Eooxylides_tharis\030b7508-c670-48f1-ae1c-a37a91aa1a63.jpg,65,268,268 91 126 274 70,0.05350984260439873
data\raw\val\01471_Animalia_Arthropoda_Insecta_Lepidoptera_Lycaenidae_Eooxylides_tharis\370a86a3-3640-454e-81b6-04847caf1c9e.jpg,65,254,254 249 130 246 399,0.037912916392087936
data\raw\val\01471_Animalia_Arthropoda_Insecta_Lepidoptera_Lycaenidae_Eooxylides_tharis\47f12701-f32a-4ce6-ab3e-5dc8fed63195.jpg,65,91,91 65 246 313 268,0.21457256376743317
data\raw\val\01471_Animalia_Arthropoda_Insecta_Lepidoptera_Lycaenidae_Eooxylides_tharis\ad955173-c0b5-4160-8564-610bd0a27fcc.jpg,65,268,268 65 126 274 70,0.10724480450153351
data\raw\val\01481_Animalia_Arthropoda_Insecta_Lepidoptera_Lycaenidae_Heliophorus_ila\6e4c6328-4d94-4977-84a3-63329e794df6.jpg,66,73,73 91 62 60 28,0.09655704349279404
data\raw\val\01481_Animalia_Arthropoda_Insecta_Lepidoptera_Lycaenidae_Heliophorus_ila\c97c2108-4a04-4fbe-90f7-69d72c73eaaa.jpg,66,28,28 476 123 400 86,0.05347565934062004
data\raw\val\01481_Animalia_Arthropoda_Insecta_Lepidoptera_Lycaenidae_Heliophorus_ila\66ddd0eb-987e-4566-8f18-dee8fac328ae.jpg,66,30,30 66 90 26 82,0.07390233874320984
data\raw\val\01481_Animalia_Arthropoda_Insecta_Lepidoptera_Lycaenidae_Heliophorus_ila\0ad2e29e-2456-42e0-9c88-6deafe5d8f2a.jpg,66,58,58 82 86 66 87,0.17935200035572052
data\raw\val\01481_Animalia_Arthropoda_Insecta_Lepidoptera_Lycaenidae_Heliophorus_ila\5cea2f37-80d6-403d-9a9a-67ed45dd9908.jpg,66,126,126 99 268 471 123,0.1522635966539383
data\raw\val\01481_Animalia_Arthropoda_Insecta_Lepidoptera_Lycaenidae_Heliophorus_ila\8c75b832-daa1-48bc-ad6a-7e55f1bbf733.jpg,66,86,86 82 66 145 71,0.1255519837141037
data\raw\val\01481_Animalia_Arthropoda_Insecta_Lepidoptera_Lycaenidae_Heliophorus_ila\6c10f83c-d8b1-4b13-863f-001b78e84951.jpg,66,274,274 302 246 451 375,0.8151299953460693
data\raw\val\01481_Animalia_Arthropoda_Insecta_Lepidoptera_Lycaenidae_Heliophorus_ila\65a836f3-abcb-4814-9836-5400a60b6abc.jpg,66,82,82 246 89 90 31,0.09185008704662323
data\raw\val\01481_Animalia_Arthropoda_Insecta_Lepidoptera_Lycaenidae_Heliophorus_ila\d03ba603-e2ba-4c35-b0e3-dd05a045c363.jpg,66,66,66 61 58 82 71,0.16451652348041534
data\raw\val\01481_Animalia_Arthropoda_Insecta_Lepidoptera_Lycaenidae_Heliophorus_ila\e0847287-c8a1-41ab-8bc7-250dd96a8554.jpg,66,246,246 274 249 245 136,0.18873736262321472
data\raw\val\01485_Animalia_Arthropoda_Insecta_Lepidoptera_Lycaenidae_Icaricia_icarioides\365e6a00-1d8e-4eba-aa73-1d30ec78c394.jpg,67,246,246 274 249 73 240,0.28084781765937805
data\raw\val\01485_Animalia_Arthropoda_Insecta_Lepidoptera_Lycaenidae_Icaricia_icarioides\353fd226-1c04-4432-8e63-97eb63380054.jpg,67,242,242 83 274 249 350,0.12970903515815735
data\raw\val\01485_Animalia_Arthropoda_Insecta_Lepidoptera_Lycaenidae_Icaricia_icarioides\d9525058-9b2c-4905-a2d8-2473570f9caa.jpg,67,246,246 249 245 253 91,0.1812349259853363
data\raw\val\01485_Animalia_Arthropoda_Insecta_Lepidoptera_Lycaenidae_Icaricia_icarioides\d501bd7e-7892-46db-a7a6-6c831f538903.jpg,67,274,274 350 249 313 240,0.11462347209453583
data\raw\val\01485_Animalia_Arthropoda_Insecta_Lepidoptera_Lycaenidae_Icaricia_icarioides\31c99e09-514e-4440-b0d8-3cb92e9296cd.jpg,67,83,83 25 73 77 59,0.18956835567951202
data\raw\val\01485_Animalia_Arthropoda_Insecta_Lepidoptera_Lycaenidae_Icaricia_icarioides\b23f1443-2724-47ac-9733-5ff7caa53402.jpg,67,274,274 246 73 131 91,0.2139195054769516
data\raw\val\01485_Animalia_Arthropoda_Insecta_Lepidoptera_Lycaenidae_Icaricia_icarioides\a75a6013-9c52-4f75-8d5e-9c7f356749c9.jpg,67,67,67 97 69 234 70,0.2933903932571411
data\raw\val\01485_Animalia_Arthropoda_Insecta_Lepidoptera_Lycaenidae_Icaricia_icarioides\68da8e9d-10fb-4d22-b02f-56e8cb34f759.jpg,67,249,249 274 313 451 375,0.12171749025583267
data\raw\val\01485_Animalia_Arthropoda_Insecta_Lepidoptera_Lycaenidae_Icaricia_icarioides\4ff15c91-3644-4014-8178-920ed77736fd.jpg,67,246,246 229 240 236 245,0.06024244427680969
data\raw\val\01485_Animalia_Arthropoda_Insecta_Lepidoptera_Lycaenidae_Icaricia_icarioides\618648e3-2e4d-4078-ae97-4ead69ebb532.jpg,67,73,73 274 52 302 246,0.16679634153842926
data\raw\val\01501_Animalia_Arthropoda_Insecta_Lepidoptera_Lycaenidae_Lycaena_helloides\593d964c-a521-4e8a-b387-3324b06c8a71.jpg,68,73,73 74 254 98 58,0.21330860257148743
data\raw\val\01501_Animalia_Arthropoda_Insecta_Lepidoptera_Lycaenidae_Lycaena_helloides\8f5c6e7a-f452-4fbf-90d8-b30c703a3e5e.jpg,68,89,89 90 325 334 92,0.3956867456436157
data\raw\val\01501_Animalia_Arthropoda_Insecta_Lepidoptera_Lycaenidae_Lycaena_helloides\1eff7b37-95c5-466b-b426-770ba777def4.jpg,68,249,249 274 245 246 248,0.20381000638008118
data\raw\val\01501_Animalia_Arthropoda_Insecta_Lepidoptera_Lycaenidae_Lycaena_helloides\ee9ab2b8-faad-430e-b0a2-4aed8fc4d2ce.jpg,68,91,91 246 245 249 90,0.23912706971168518
data\raw\val\01501_Animalia_Arthropoda_Insecta_Lepidoptera_Lycaenidae_Lycaena_helloides\fda93d90-f686-4f75-8add-12a220d3c04a.jpg,68,91,91 89 90 70 68,0.17923441529273987
data\raw\val\01501_Animalia_Arthropoda_Insecta_Lepidoptera_Lycaenidae_Lycaena_helloides\646ba884-8b74-4d84-85b1-221397616b90.jpg,68,325,325 334 327 389 256,0.16796116530895233
data\raw\val\01501_Animalia_Arthropoda_Insecta_Lepidoptera_Lycaenidae_Lycaena_helloides\99d81d7b-4adb-4300-b91f-144dbe357d46.jpg,68,268,268 53 70 248 224,0.16390125453472137
data\raw\val\01501_Animalia_Arthropoda_Insecta_Lepidoptera_Lycaenidae_Lycaena_helloides\e4b3f6d4-d52d-4857-a0b7-c31e4b97bdae.jpg,68,58,58 248 268 274 249,0.09609822183847427
data\raw\val\01501_Animalia_Arthropoda_Insecta_Lepidoptera_Lycaenidae_Lycaena_helloides\5e1ede9a-7714-4f00-9454-f1c15aff83ee.jpg,68,91,91 246 274 58 89,0.06582321971654892
data\raw\val\01501_Animalia_Arthropoda_Insecta_Lepidoptera_Lycaenidae_Lycaena_helloides\2224f1dd-f2c0-4c66-be76-91e210f68915.jpg,68,249,249 274 40 137 246,0.08714448660612106
data\raw\val\01516_Animalia_Arthropoda_Insecta_Lepidoptera_Lycaenidae_Plebejus_samuelis\722e1567-e290-43d3-a4a9-d19df8f276ec.jpg,69,305,305 492 246 304 91,0.10813937336206436
data\raw\val\01516_Animalia_Arthropoda_Insecta_Lepidoptera_Lycaenidae_Plebejus_samuelis\4ed15331-fdd0-452e-b156-a7cb697fb046.jpg,69,69,69 137 132 248 250,0.13219919800758362
data\raw\val\01516_Animalia_Arthropoda_Insecta_Lepidoptera_Lycaenidae_Plebejus_samuelis\33f5a440-83eb-4ca4-a9db-d0daa6ae1297.jpg,69,97,97 69 70 91 67,0.04386533051729202
data\raw\val\01516_Animalia_Arthropoda_Insecta_Lepidoptera_Lycaenidae_Plebejus_samuelis\2b419e55-6566-4b48-ae0c-131c1eb18d76.jpg,69,496,496 497 381 467 490,0.059395190328359604
data\raw\val\01516_Animalia_Arthropoda_Insecta_Lepidoptera_Lycaenidae_Plebejus_samuelis\6405fd9a-76a8-4786-87d2-0ce980cb3cbf.jpg,69,69,69 248 70 91 268,0.37040120363235474
data\raw\val\01516_Animalia_Arthropoda_Insecta_Lepidoptera_Lycaenidae_Plebejus_samuelis\b03d47c6-21b5-4a01-a810-ce6504de7004.jpg,69,402,402 73 309 274 379,0.047161273658275604
data\raw\val\01516_Animalia_Arthropoda_Insecta_Lepidoptera_Lycaenidae_Plebejus_samuelis\155fc520-c0b1-46b9-ac0a-5a2faae8b036.jpg,69,234,234 142 80 230 350,0.09178044646978378
data\raw\val\01516_Animalia_Arthropoda_Insecta_Lepidoptera_Lycaenidae_Plebejus_samuelis\0902668a-69ab-4e14-8ffa-e764d2c38411.jpg,69,305,305 304 302 299 309,0.6936486959457397
data\raw\val\01516_Animalia_Arthropoda_Insecta_Lepidoptera_Lycaenidae_Plebejus_samuelis\aec035f0-d1cb-4fd0-a3b6-216b78ec7792.jpg,69,492,492 305 496 493 69,0.13175545632839203
data\raw\val\01516_Animalia_Arthropoda_Insecta_Lepidoptera_Lycaenidae_Plebejus_samuelis\70583d39-4152-4246-aa63-ce0b6d7888e6.jpg,69,347,347 350 305 354 353,0.11875919252634048
data\raw\val\01525_Animalia_Arthropoda_Insecta_Lepidoptera_Lycaenidae_Satyrium_behrii\0dd39e37-f7fe-42a0-a7c7-38f3f7ba5ee9.jpg,70,246,246 329 74 394 302,0.08896888047456741
data\raw\val\01525_Animalia_Arthropoda_Insecta_Lepidoptera_Lycaenidae_Satyrium_behrii\4b844776-1cd8-4ca2-beda-8d44ff86a916.jpg,70,274,274 83 354 246 249,0.08474528789520264
data\raw\val\01525_Animalia_Arthropoda_Insecta_Lepidoptera_Lycaenidae_Satyrium_behrii\6576f5a9-f406-4d38-95a4-13bfced3bfe4.jpg,70,268,268 83 248 123 255,0.11883866041898727
data\raw\val\01525_Animalia_Arthropoda_Insecta_Lepidoptera_Lycaenidae_Satyrium_behrii\3bac6f2e-c58c-4b14-9ac9-0c4f3bb9df66.jpg,70,274,274 256 325 387 70,0.24696213006973267
data\raw\val\01525_Animalia_Arthropoda_Insecta_Lepidoptera_Lycaenidae_Satyrium_behrii\d19d8a74-8be5-44f2-9b40-c623ba1fbacf.jpg,70,83,83 98 70 49 73,0.344998836517334
data\raw\val\01525_Animalia_Arthropoda_Insecta_Lepidoptera_Lycaenidae_Satyrium_behrii\ed6dfb02-1033-4298-828c-dc980d3c78de.jpg,70,142,142 234 40 127 381,0.07139080762863159
data\raw\val\01525_Animalia_Arthropoda_Insecta_Lepidoptera_Lycaenidae_Satyrium_behrii\a8bb3246-fd83-416d-8036-3924e15c7800.jpg,70,302,302 299 350 91 327,0.10113324970006943
data\raw\val\01525_Animalia_Arthropoda_Insecta_Lepidoptera_Lycaenidae_Satyrium_behrii\71f7dd67-b860-4050-befc-3291dfb58f20.jpg,70,256,256 70 480 73 274,0.07704883068799973
data\raw\val\01525_Animalia_Arthropoda_Insecta_Lepidoptera_Lycaenidae_Satyrium_behrii\a2243dc2-a851-4a32-82f7-9236319468dc.jpg,70,274,274 131 134 375 451,0.9623035788536072
data\raw\val\01525_Animalia_Arthropoda_Insecta_Lepidoptera_Lycaenidae_Satyrium_behrii\394f323a-f3e5-4c17-8317-ef248b49928f.jpg,70,246,246 139 248 83 249,0.038587115705013275
data\raw\val\01536_Animalia_Arthropoda_Insecta_Lepidoptera_Lycaenidae_Strymon_melinus\db36c6a1-5e85-44fd-ae8a-eb76f37fe026.jpg,71,325,325 334 256 333 386,0.12106538563966751
data\raw\val\01536_Animalia_Arthropoda_Insecta_Lepidoptera_Lycaenidae_Strymon_melinus\23f6d0a9-c580-4cd5-bbba-43713758ecc3.jpg,71,71,71 53 70 183 83,0.19810035824775696
data\raw\val\01536_Animalia_Arthropoda_Insecta_Lepidoptera_Lycaenidae_Strymon_melinus\12cff107-f72d-4659-8c1b-50e98669595d.jpg,71,274,274 451 245 246 91,0.16979341208934784
data\raw\val\01536_Animalia_Arthropoda_Insecta_Lepidoptera_Lycaenidae_Strymon_melinus\98a940be-0f14-4fba-ab2e-c3da10700400.jpg,71,299,299 302 274 471 90,0.09727876633405685
data\raw\val\01536_Animalia_Arthropoda_Insecta_Lepidoptera_Lycaenidae_Strymon_melinus\74f8c2d5-cc17-4544-aaff-096977407030.jpg,71,82,82 70 83 123 245,0.06432745605707169
data\raw\val\01536_Animalia_Arthropoda_Insecta_Lepidoptera_Lycaenidae_Strymon_melinus\2235e6ad-b804-4b6d-b681-8d21d8c396a0.jpg,71,86,86 82 40 83 90,0.13659413158893585
data\raw\val\01536_Animalia_Arthropoda_Insecta_Lepidoptera_Lycaenidae_Strymon_melinus\7d3cebf6-ccf9-49dc-8278-3d41ec34078f.jpg,71,28,28 354 482 353 472,0.15408624708652496
data\raw\val\01536_Animalia_Arthropoda_Insecta_Lepidoptera_Lycaenidae_Strymon_melinus\5600e3fe-08c2-47c6-a3b1-74f1b9d3e373.jpg,71,315,315 336 299 321 390,0.10967403650283813
data\raw\val\01536_Animalia_Arthropoda_Insecta_Lepidoptera_Lycaenidae_Strymon_melinus\5c72b23e-b7e8-42b5-91d7-64a46d90cd1d.jpg,71,274,274 344 442 155 246,0.9751930832862854
data\raw\val\01536_Animalia_Arthropoda_Insecta_Lepidoptera_Lycaenidae_Strymon_melinus\ba0fec75-1f38-4f38-802b-4fe6cce05a69.jpg,71,70,70 71 355 432 68,0.055447112768888474
data\raw\val\01566_Animalia_Arthropoda_Insecta_Lepidoptera_Noctuidae_Agrotis_munda\68337033-9e7e-4e7d-8020-fe6d5062868b.jpg,72,25,25 73 302 395 77,0.6207739114761353
data\raw\val\01566_Animalia_Arthropoda_Insecta_Lepidoptera_Noctuidae_Agrotis_munda\a8cea33c-90f4-41bb-b2b0-885e6cd0311a.jpg,72,73,73 98 74 78 72,0.451485276222229
data\raw\val\01566_Animalia_Arthropoda_Insecta_Lepidoptera_Noctuidae_Agrotis_munda\320ca4eb-a4e3-41c9-879d-b5d3919348ed.jpg,72,81,81 52 28 233 40,0.07826700806617737
data\raw\val\01566_Animalia_Arthropoda_Insecta_Lepidoptera_Noctuidae_Agrotis_munda\27f05c33-ecf7-4a56-9589-d1816cf6e490.jpg,72,74,74 2 73 72 27,0.3107690215110779
data\raw\val\01566_Animalia_Arthropoda_Insecta_Lepidoptera_Noctuidae_Agrotis_munda\c47ea777-a0a5-4670-a9e1-d27d62283307.jpg,72,73,73 72 78 74 77,0.23388390243053436
data\raw\val\01566_Animalia_Arthropoda_Insecta_Lepidoptera_Noctuidae_Agrotis_munda\b2ffd5b3-624d-4adc-8004-c6e7ec248101.jpg,72,72,72 73 78 98 74,0.384367972612381
data\raw\val\01566_Animalia_Arthropoda_Insecta_Lepidoptera_Noctuidae_Agrotis_munda\07d843b7-928e-4d33-a5a6-32f30c9fde3e.jpg,72,73,73 78 98 74 51,0.40076500177383423
data\raw\val\01566_Animalia_Arthropoda_Insecta_Lepidoptera_Noctuidae_Agrotis_munda\57c3f15a-f9e1-459e-a95f-6f182ebf8e54.jpg,72,257,257 256 356 366 259,0.14746767282485962
data\raw\val\01566_Animalia_Arthropoda_Insecta_Lepidoptera_Noctuidae_Agrotis_munda\5b6e827e-f41d-41fb-9f0e-c3c251ceabe2.jpg,72,356,356 74 259 73 311,0.04157927259802818
data\raw\val\01566_Animalia_Arthropoda_Insecta_Lepidoptera_Noctuidae_Agrotis_munda\a5816eae-9fc3-4135-a9c6-c23fd3e68de2.jpg,72,356,356 311 448 482 468,0.2562793493270874
data\raw\val\01576_Animalia_Arthropoda_Insecta_Lepidoptera_Noctuidae_Anaplectoides_prasina\c4dbeff3-4f72-41f8-a3c0-1404550c038b.jpg,73,73,73 74 365 370 98,0.4782980978488922
data\raw\val\01576_Animalia_Arthropoda_Insecta_Lepidoptera_Noctuidae_Anaplectoides_prasina\e4ce6249-e637-43de-b213-0915dcb10b10.jpg,73,406,406 366 451 73 315,0.16078907251358032
data\raw\val\01576_Animalia_Arthropoda_Insecta_Lepidoptera_Noctuidae_Anaplectoides_prasina\387d30fb-ffff-4016-acf5-90cbdd720ec0.jpg,73,73,73 246 302 74 240,0.3573257029056549
data\raw\val\01576_Animalia_Arthropoda_Insecta_Lepidoptera_Noctuidae_Anaplectoides_prasina\512db68c-3248-44ec-9dc6-3e1dec05d920.jpg,73,73,73 74 98 78 51,0.8699760437011719
data\raw\val\01576_Animalia_Arthropoda_Insecta_Lepidoptera_Noctuidae_Anaplectoides_prasina\d5cf1139-ce4e-4da8-b817-7123353ade3f.jpg,73,73,73 52 74 78 98,0.8929054141044617
data\raw\val\01576_Animalia_Arthropoda_Insecta_Lepidoptera_Noctuidae_Anaplectoides_prasina\d1768f52-f20e-4925-a8fa-685c25f5d8fa.jpg,73,73,73 74 98 49 240,0.8151121735572815
data\raw\val\01576_Animalia_Arthropoda_Insecta_Lepidoptera_Noctuidae_Anaplectoides_prasina\3e2588cd-cd8d-4e9d-ad02-8a5e854141c7.jpg,73,73,73 74 57 49 52,0.8599647879600525
data\raw\val\01576_Animalia_Arthropoda_Insecta_Lepidoptera_Noctuidae_Anaplectoides_prasina\dad4a04e-cc3b-4248-80ba-9adea8fa4f5a.jpg,73,73,73 98 74 57 62,0.8687961101531982
data\raw\val\01576_Animalia_Arthropoda_Insecta_Lepidoptera_Noctuidae_Anaplectoides_prasina\f48095b9-aa0e-4e9a-91e3-09ce60612205.jpg,73,73,73 74 78 51 98,0.7739400863647461
data\raw\val\01576_Animalia_Arthropoda_Insecta_Lepidoptera_Noctuidae_Anaplectoides_prasina\81d5cdcb-07c9-4b5e-9ba1-9d687d000e4d.jpg,73,73,73 98 57 74 78,0.786911129951477
data\raw\val\01603_Animalia_Arthropoda_Insecta_Lepidoptera_Noctuidae_Copivaleria_grotei\d13f95b2-ce2f-4721-8458-b6135d0ca611.jpg,74,74,74 240 73 242 234,0.3936070501804352
data\raw\val\01603_Animalia_Arthropoda_Insecta_Lepidoptera_Noctuidae_Copivaleria_grotei\3a48e3ef-234c-46dc-8b4b-767b9a041db1.jpg,74,74,74 73 256 365 328,0.29060816764831543
data\raw\val\01603_Animalia_Arthropoda_Insecta_Lepidoptera_Noctuidae_Copivaleria_grotei\a059a2aa-b20e-429b-8b69-b2f7a5765161.jpg,74,74,74 73 98 100 80,0.76418137550354
data\raw\val\01603_Animalia_Arthropoda_Insecta_Lepidoptera_Noctuidae_Copivaleria_grotei\5b55520e-4bee-4132-90ae-5c008abb4d07.jpg,74,246,246 240 406 468 370,0.21486960351467133
data\raw\val\01603_Animalia_Arthropoda_Insecta_Lepidoptera_Noctuidae_Copivaleria_grotei\1dec0cfb-5efd-4f29-85fa-8f6d62fff01c.jpg,74,74,74 73 274 256 100,0.9238617420196533
data\raw\val\01603_Animalia_Arthropoda_Insecta_Lepidoptera_Noctuidae_Copivaleria_grotei\ad334124-9369-4945-a155-bb55fa3a5386.jpg,74,74,74 73 246 350 78,0.2518945634365082
data\raw\val\01603_Animalia_Arthropoda_Insecta_Lepidoptera_Noctuidae_Copivaleria_grotei\210e2c4b-322a-49d5-9430-df1926b34982.jpg,74,366,366 275 259 74 30,0.10963395982980728
data\raw\val\01603_Animalia_Arthropoda_Insecta_Lepidoptera_Noctuidae_Copivaleria_grotei\0d2b0ca3-19fc-4d1e-99a2-0cc4b8b51014.jpg,74,74,74 73 274 370 490,0.570534348487854
data\raw\val\01603_Animalia_Arthropoda_Insecta_Lepidoptera_Noctuidae_Copivaleria_grotei\65caeaf0-8cad-4c5b-ab9d-b431a857dae1.jpg,74,73,73 74 370 315 98,0.5107743740081787
data\raw\val\01603_Animalia_Arthropoda_Insecta_Lepidoptera_Noctuidae_Copivaleria_grotei\df256263-3bfb-498e-8de8-48cd17f64ee4.jpg,74,74,74 73 78 98 100,0.5974512696266174
data\raw\val\01606_Animalia_Arthropoda_Insecta_Lepidoptera_Noctuidae_Cosmodes_elegans\f2141180-0552-47e8-97c4-ab6a145af6b3.jpg,75,246,246 75 73 397 89,0.11803848296403885
data\raw\val\01606_Animalia_Arthropoda_Insecta_Lepidoptera_Noctuidae_Cosmodes_elegans\8e2819dc-a0ce-486e-9858-94ee15f8b73d.jpg,75,344,344 75 246 52 249,0.17373105883598328
data\raw\val\01606_Animalia_Arthropoda_Insecta_Lepidoptera_Noctuidae_Cosmodes_elegans\24a5d3f9-3a79-4c28-9ca1-d1e51d227156.jpg,75,246,246 75 397 249 398,0.10109134018421173
data\raw\val\01606_Animalia_Arthropoda_Insecta_Lepidoptera_Noctuidae_Cosmodes_elegans\033a7f7d-4f90-487e-b1a4-ff623e22da6a.jpg,75,75,75 73 81 62 52,0.07808709144592285
data\raw\val\01606_Animalia_Arthropoda_Insecta_Lepidoptera_Noctuidae_Cosmodes_elegans\c85bd7d5-b265-47b6-9adf-8fc9a74003d0.jpg,75,81,81 75 145 45 28,0.1041194349527359
data\raw\val\01606_Animalia_Arthropoda_Insecta_Lepidoptera_Noctuidae_Cosmodes_elegans\57c114bb-c183-4d3a-b865-7c7df554e8ab.jpg,75,73,73 77 246 72 78,0.09076984226703644
data\raw\val\01606_Animalia_Arthropoda_Insecta_Lepidoptera_Noctuidae_Cosmodes_elegans\e3f77577-c60b-4445-bd3f-74478e809e01.jpg,75,246,246 52 240 73 234,0.1890677809715271
data\raw\val\01606_Animalia_Arthropoda_Insecta_Lepidoptera_Noctuidae_Cosmodes_elegans\7dc333ec-f7dc-4e90-ab61-aadd4f081f26.jpg,75,75,75 28 396 398 81,0.3759004473686218
data\raw\val\01606_Animalia_Arthropoda_Insecta_Lepidoptera_Noctuidae_Cosmodes_elegans\31c32e7f-6422-459d-a728-2b181e6e1fac.jpg,75,52,52 73 74 40 246,0.11681172996759415
data\raw\val\01606_Animalia_Arthropoda_Insecta_Lepidoptera_Noctuidae_Cosmodes_elegans\1c7fb993-4c94-4133-a670-ef1cc8618d31.jpg,75,246,246 274 73 249 52,0.2641695737838745
data\raw\val\01632_Animalia_Arthropoda_Insecta_Lepidoptera_Noctuidae_Helicoverpa_armigera\c775b55a-03e8-4d0e-a470-85c2b2655fa1.jpg,76,274,274 137 246 249 347,0.12810741364955902
data\raw\val\01632_Animalia_Arthropoda_Insecta_Lepidoptera_Noctuidae_Helicoverpa_armigera\1c353793-d798-40b0-97c0-ebdf708975c9.jpg,76,344,344 311 345 356 246,0.14423537254333496
data\raw\val\01632_Animalia_Arthropoda_Insecta_Lepidoptera_Noctuidae_Helicoverpa_armigera\02dcd53d-4321-4f0c-bb99-57e20c2ca921.jpg,76,353,353 40 345 302 451,0.06779177486896515
data\raw\val\01632_Animalia_Arthropoda_Insecta_Lepidoptera_Noctuidae_Helicoverpa_armigera\344dc398-4c95-4a7a-81ab-e8c0f43886b6.jpg,76,58,58 57 62 302 398,0.6051350831985474
data\raw\val\01632_Animalia_Arthropoda_Insecta_Lepidoptera_Noctuidae_Helicoverpa_armigera\50d64004-b69e-4b32-b4be-6a67844dc001.jpg,76,249,249 241 139 274 143,0.48276352882385254
data\raw\val\01632_Animalia_Arthropoda_Insecta_Lepidoptera_Noctuidae_Helicoverpa_armigera\89effc3a-4575-4d9f-bc81-3c565a310fc8.jpg,76,406,406 344 329 350 345,0.12289005517959595
data\raw\val\01632_Animalia_Arthropoda_Insecta_Lepidoptera_Noctuidae_Helicoverpa_armigera\38100991-d862-4e8c-bd50-3b37bd487cf6.jpg,76,73,73 78 98 246 143,0.11362552642822266
data\raw\val\01632_Animalia_Arthropoda_Insecta_Lepidoptera_Noctuidae_Helicoverpa_armigera\39d6261d-bb5a-43ca-b42e-c2f511b7c6a0.jpg,76,58,58 57 62 60 76,0.25699561834335327
data\raw\val\01632_Animalia_Arthropoda_Insecta_Lepidoptera_Noctuidae_Helicoverpa_armigera\e56cc8b3-7cdf-4541-82bc-0025a78373fc.jpg,76,73,73 99 143 246 74,0.06157137453556061
data\raw\val\01632_Animalia_Arthropoda_Insecta_Lepidoptera_Noctuidae_Helicoverpa_armigera\49393fc3-3c08-43fa-99e2-7628b29bdcca.jpg,76,228,228 274 240 234 233,0.12572063505649567
data\raw\val\01634_Animalia_Arthropoda_Insecta_Lepidoptera_Noctuidae_Hemieuxoa_rudens\ceed69be-cac9-4e9d-be0d-494e1cae408b.jpg,77,27,27 72 49 79 29,0.13186612725257874
data\raw\val\01634_Animalia_Arthropoda_Insecta_Lepidoptera_Noctuidae_Hemieuxoa_rudens\6057e12c-d609-4e4c-bb5a-da0d53ee7e76.jpg,77,73,73 74 98 302 25,0.6676535606384277
data\raw\val\01634_Animalia_Arthropoda_Insecta_Lepidoptera_Noctuidae_Hemieuxoa_rudens\5bf99075-abc4-4d51-a9b6-4940d1be87d8.jpg,77,74,74 302 278 100 25,0.13516634702682495
data\raw\val\01634_Animalia_Arthropoda_Insecta_Lepidoptera_Noctuidae_Hemieuxoa_rudens\fdf9509c-84f1-4510-be7c-9e46da4a4b4d.jpg,77,74,74 73 100 77 51,0.7418849468231201
data\raw\val\01634_Animalia_Arthropoda_Insecta_Lepidoptera_Noctuidae_Hemieuxoa_rudens\363cb6a4-dcb7-4bdf-80f2-bae764c2c0ed.jpg,77,91,91 73 302 246 86,0.07225803285837173
data\raw\val\01634_Animalia_Arthropoda_Insecta_Lepidoptera_Noctuidae_Hemieuxoa_rudens\8304fb11-3208-4a90-8334-cb0cf847c921.jpg,77,25,25 73 74 98 78,0.3284463882446289
data\raw\val\01634_Animalia_Arthropoda_Insecta_Lepidoptera_Noctuidae_Hemieuxoa_rudens\378018e8-dbc2-4ece-b0c0-0b815a9e47bb.jpg,77,72,72 77 223 83 216,0.08818070590496063
data\raw\val\01634_Animalia_Arthropoda_Insecta_Lepidoptera_Noctuidae_Hemieuxoa_rudens\010a6644-3c01-454c-a5ea-d92e54ac9b77.jpg,77,74,74 73 51 78 72,0.3789087235927582
data\raw\val\01634_Animalia_Arthropoda_Insecta_Lepidoptera_Noctuidae_Hemieuxoa_rudens\cda917a3-2a06-497e-bc17-cf5d7cec88c1.jpg,77,74,74 73 246 223 9,0.2813654839992523
data\raw\val\01634_Animalia_Arthropoda_Insecta_Lepidoptera_Noctuidae_Hemieuxoa_rudens\c5c87086-38e7-49e8-9079-044c420b76a8.jpg,77,77,77 74 72 73 25,0.46853911876678467
data\raw\val\01658_Animalia_Arthropoda_Insecta_Lepidoptera_Noctuidae_Morrisonia_confusa\b0a0009b-8952-4184-bf32-da2ef354b87e.jpg,78,74,74 73 100 32 98,0.7531276345252991
data\raw\val\01658_Animalia_Arthropoda_Insecta_Lepidoptera_Noctuidae_Morrisonia_confusa\068ec8eb-7702-4707-a5da-7494b24c6c75.jpg,78,56,56 305 20 226 131,0.05194598436355591
data\raw\val\01658_Animalia_Arthropoda_Insecta_Lepidoptera_Noctuidae_Morrisonia_confusa\307da033-862f-493b-aa0e-dadb5d355cbf.jpg,78,73,73 406 74 311 345,0.14412853121757507
data\raw\val\01658_Animalia_Arthropoda_Insecta_Lepidoptera_Noctuidae_Morrisonia_confusa\63f7e654-50b2-4850-a499-30e8bc7f6819.jpg,78,73,73 78 74 98 51,0.769830048084259
data\raw\val\01658_Animalia_Arthropoda_Insecta_Lepidoptera_Noctuidae_Morrisonia_confusa\38138b45-f545-490a-8a50-7be335f12832.jpg,78,78,78 73 98 57 72,0.7390114068984985
data\raw\val\01658_Animalia_Arthropoda_Insecta_Lepidoptera_Noctuidae_Morrisonia_confusa\c6f667fd-2971-48f7-b531-800f412df70d.jpg,78,468,468 414 437 313 259,0.20351868867874146
data\raw\val\01658_Animalia_Arthropoda_Insecta_Lepidoptera_Noctuidae_Morrisonia_confusa\5983981f-35fc-4d46-bdeb-0af87713d48c.jpg,78,302,302 311 476 74 470,0.18365097045898438
data\raw\val\01658_Animalia_Arthropoda_Insecta_Lepidoptera_Noctuidae_Morrisonia_confusa\cc93b0f7-df18-421a-91e4-66e20172b4c8.jpg,78,73,73 78 98 74 51,0.6251277923583984
data\raw\val\01658_Animalia_Arthropoda_Insecta_Lepidoptera_Noctuidae_Morrisonia_confusa\fd6296dc-fe92-4cab-bb91-7abc875ffe7d.jpg,78,73,73 78 74 51 98,0.38165315985679626
data\raw\val\01658_Animalia_Arthropoda_Insecta_Lepidoptera_Noctuidae_Morrisonia_confusa\9b08c7e6-144a-4a13-a5aa-fc1ecf809622.jpg,78,73,73 74 78 98 51,0.14201654493808746
data\raw\val\01669_Animalia_Arthropoda_Insecta_Lepidoptera_Noctuidae_Ochropleura_implecta\9e87c393-fb8b-486f-aa3d-580d0ef8547b.jpg,79,74,74 25 100 73 77,0.1404758244752884
data\raw\val\01669_Animalia_Arthropoda_Insecta_Lepidoptera_Noctuidae_Ochropleura_implecta\ed21a00b-91ed-45b7-b2e5-d4b822ba83fe.jpg,79,74,74 100 73 77 79,0.4912024438381195
data\raw\val\01669_Animalia_Arthropoda_Insecta_Lepidoptera_Noctuidae_Ochropleura_implecta\67e197fa-8a8f-4ad4-8284-b4932b05abdb.jpg,79,74,74 278 223 73 302,0.16619029641151428
data\raw\val\01669_Animalia_Arthropoda_Insecta_Lepidoptera_Noctuidae_Ochropleura_implecta\7097a994-cc26-40c5-bdb4-56718a73756b.jpg,79,77,77 100 79 73 98,0.35062456130981445
data\raw\val\01669_Animalia_Arthropoda_Insecta_Lepidoptera_Noctuidae_Ochropleura_implecta\96a3cffd-4293-4c44-840b-cacbd8332f3a.jpg,79,73,73 74 100 78 51,0.4209551513195038
data\raw\val\01669_Animalia_Arthropoda_Insecta_Lepidoptera_Noctuidae_Ochropleura_implecta\2c5bf5fa-b8d4-4c47-93cb-ab7f4977eaa2.jpg,79,100,100 74 32 73 72,0.3642789125442505
data\raw\val\01669_Animalia_Arthropoda_Insecta_Lepidoptera_Noctuidae_Ochropleura_implecta\0fe86fd9-b08a-4690-be13-30d10380fdd4.jpg,79,40,40 39 28 38 81,0.39639174938201904
data\raw\val\01669_Animalia_Arthropoda_Insecta_Lepidoptera_Noctuidae_Ochropleura_implecta\0c96b147-3102-447b-a72f-198c4c94614d.jpg,79,73,73 74 302 98 72,0.4860057532787323
data\raw\val\01669_Animalia_Arthropoda_Insecta_Lepidoptera_Noctuidae_Ochropleura_implecta\500a2c7e-95fc-40d4-a973-e1d4a2148cc6.jpg,79,77,77 73 79 100 98,0.1916777491569519
data\raw\val\01669_Animalia_Arthropoda_Insecta_Lepidoptera_Noctuidae_Ochropleura_implecta\49101951-23bb-4aad-9682-fb41655c15bc.jpg,79,73,73 74 100 98 72,0.4905869960784912
data\raw\val\01713_Animalia_Arthropoda_Insecta_Lepidoptera_Noctuidae_Tarache_aprica\bca47fa6-eb38-4fb6-94f5-d6ec8125a48c.jpg,80,74,74 73 80 100 72,0.7656567692756653
data\raw\val\01713_Animalia_Arthropoda_Insecta_Lepidoptera_Noctuidae_Tarache_aprica\8bdf13d2-1188-4d53-8aba-763303ee7e6f.jpg,80,74,74 73 100 80 98,0.7738174200057983
data\raw\val\01713_Animalia_Arthropoda_Insecta_Lepidoptera_Noctuidae_Tarache_aprica\7e260aba-0b82-4af1-bf91-1baa0fe8a05f.jpg,80,242,242 40 229 302 74,0.16838455200195312
data\raw\val\01713_Animalia_Arthropoda_Insecta_Lepidoptera_Noctuidae_Tarache_aprica\c07d3e93-0c6b-4e23-b0dc-51a3cff2f9f7.jpg,80,73,73 57 74 98 49,0.5160650610923767
data\raw\val\01713_Animalia_Arthropoda_Insecta_Lepidoptera_Noctuidae_Tarache_aprica\f1ddcefb-34c4-4b7f-aa31-037b6431601f.jpg,80,274,274 134 246 135 249,0.9854581356048584
data\raw\val\01713_Animalia_Arthropoda_Insecta_Lepidoptera_Noctuidae_Tarache_aprica\116d0928-f9e3-43aa-9b92-664b0d343970.jpg,80,274,274 246 74 73 249,0.40047499537467957
data\raw\val\01713_Animalia_Arthropoda_Insecta_Lepidoptera_Noctuidae_Tarache_aprica\7586a35e-6a95-43cd-ac75-af1a7e8bb11d.jpg,80,240,240 242 302 73 98,0.407804936170578
data\raw\val\01713_Animalia_Arthropoda_Insecta_Lepidoptera_Noctuidae_Tarache_aprica\792188ef-cb74-473d-9cfc-466b466bf63f.jpg,80,80,80 73 74 44 100,0.3332718312740326
data\raw\val\01713_Animalia_Arthropoda_Insecta_Lepidoptera_Noctuidae_Tarache_aprica\c0e48e06-9844-481b-884b-3d64b871da10.jpg,80,74,74 100 73 81 80,0.9077665209770203
data\raw\val\01713_Animalia_Arthropoda_Insecta_Lepidoptera_Noctuidae_Tarache_aprica\34e4b387-2892-4b24-8ad4-3d4dd7de13ff.jpg,80,74,74 250 274 136 254,0.15331432223320007
data\raw\val\01732_Animalia_Arthropoda_Insecta_Lepidoptera_Notodontidae_Clostera_apicalis\dbfca335-324d-402c-936e-19eb381ddf2b.jpg,81,240,240 52 246 58 242,0.08064962923526764
data\raw\val\01732_Animalia_Arthropoda_Insecta_Lepidoptera_Notodontidae_Clostera_apicalis\2d6c0dcc-1d8a-4706-badc-8bf33938c94a.jpg,81,74,74 73 100 81 49,0.5999977588653564
data\raw\val\01732_Animalia_Arthropoda_Insecta_Lepidoptera_Notodontidae_Clostera_apicalis\cc109036-713d-4802-b9f4-398fe20df06e.jpg,81,313,313 242 246 442 350,0.14694465696811676
data\raw\val\01732_Animalia_Arthropoda_Insecta_Lepidoptera_Notodontidae_Clostera_apicalis\76f3c222-76d4-4f57-b454-e72e092b9e1f.jpg,81,74,74 100 73 77 81,0.29388830065727234
data\raw\val\01732_Animalia_Arthropoda_Insecta_Lepidoptera_Notodontidae_Clostera_apicalis\b485717a-c536-4c74-b66f-0cf3370ebb43.jpg,81,74,74 73 100 302 40,0.5349392890930176
data\raw\val\01732_Animalia_Arthropoda_Insecta_Lepidoptera_Notodontidae_Clostera_apicalis\4baefc2f-9fc8-4ee2-9a7d-978f91e038f3.jpg,81,311,311 313 246 451 406,0.09104862064123154
data\raw\val\01732_Animalia_Arthropoda_Insecta_Lepidoptera_Notodontidae_Clostera_apicalis\0cb06177-0b51-4bfc-8e52-859c698e3f56.jpg,81,91,91 73 74 32 313,0.10345646739006042
data\raw\val\01732_Animalia_Arthropoda_Insecta_Lepidoptera_Notodontidae_Clostera_apicalis\d8e5217a-ea1d-422c-b2ca-22a02d57ce5c.jpg,81,73,73 98 302 78 49,0.3051941394805908
data\raw\val\01732_Animalia_Arthropoda_Insecta_Lepidoptera_Notodontidae_Clostera_apicalis\50573fc4-6cf6-495c-8c63-ccbf58215973.jpg,81,257,257 329 259 468 438,0.14325572550296783
data\raw\val\01732_Animalia_Arthropoda_Insecta_Lepidoptera_Notodontidae_Clostera_apicalis\06a4f889-4c21-443a-a384-b4b516aec19f.jpg,81,73,73 246 74 240 274,0.276273250579834
data\raw\val\01788_Animalia_Arthropoda_Insecta_Lepidoptera_Nymphalidae_Ariadne_ariadne\936d1541-04d5-486c-aedf-20998994265a.jpg,82,58,58 53 28 82 302,0.38677898049354553
data\raw\val\01788_Animalia_Arthropoda_Insecta_Lepidoptera_Nymphalidae_Ariadne_ariadne\9a1ca48d-9ee9-4127-9c96-419c16dbe586.jpg,82,54,54 82 58 57 83,0.8791307806968689
data\raw\val\01788_Animalia_Arthropoda_Insecta_Lepidoptera_Nymphalidae_Ariadne_ariadne\a4805696-c678-4cdd-8ffb-de3112804297.jpg,82,356,356 256 400 302 460,0.05063042789697647
data\raw\val\01788_Animalia_Arthropoda_Insecta_Lepidoptera_Nymphalidae_Ariadne_ariadne\5659536c-aec6-452d-a7db-a0baf547e68b.jpg,82,274,274 302 73 246 240,0.3895382583141327
data\raw\val\01788_Animalia_Arthropoda_Insecta_Lepidoptera_Nymphalidae_Ariadne_ariadne\22ac8ee2-27c8-451f-a126-f4b801becc00.jpg,82,246,246 259 351 350 302,0.21133378148078918
data\raw\val\01788_Animalia_Arthropoda_Insecta_Lepidoptera_Nymphalidae_Ariadne_ariadne\833d4e61-14e5-4fc1-85dc-5c6151e83dfe.jpg,82,58,58 82 62 28 54,0.42966368794441223
data\raw\val\01788_Animalia_Arthropoda_Insecta_Lepidoptera_Nymphalidae_Ariadne_ariadne\1c132d26-0dac-4339-a3d0-338ef6eac743.jpg,82,302,302 274 90 246 89,0.12350428849458694
data\raw\val\01788_Animalia_Arthropoda_Insecta_Lepidoptera_Nymphalidae_Ariadne_ariadne\1cfd9b56-a4f1-4fe4-af36-05582f927f42.jpg,82,58,58 82 54 245 62,0.9476555585861206
data\raw\val\01788_Animalia_Arthropoda_Insecta_Lepidoptera_Nymphalidae_Ariadne_ariadne\1c146c89-6e02-4ede-b1f8-6249ff3410df.jpg,82,246,246 259 62 302 73,0.21587404608726501
data\raw\val\01788_Animalia_Arthropoda_Insecta_Lepidoptera_Nymphalidae_Ariadne_ariadne\f671be40-153f-412e-bea1-ffab27cf626b.jpg,82,85,85 93 94 228 240,0.2802869975566864
data\raw\val\01875_Animalia_Arthropoda_Insecta_Lepidoptera_Nymphalidae_Hipparchia_statilinus\5f39a522-a89b-4067-aa2e-3aae2c2a25f4.jpg,83,275,275 315 366 438 257,0.09954605251550674
data\raw\val\01875_Animalia_Arthropoda_Insecta_Lepidoptera_Nymphalidae_Hipparchia_statilinus\e45561e3-767c-4517-bb2f-1c6df0da9931.jpg,83,145,145 257 230 246 229,0.1847943514585495
data\raw\val\01875_Animalia_Arthropoda_Insecta_Lepidoptera_Nymphalidae_Hipparchia_statilinus\72d879aa-f329-42c2-8490-07f61fb0bd0f.jpg,83,490,490 234 25 246 83,0.03808969259262085
data\raw\val\01875_Animalia_Arthropoda_Insecta_Lepidoptera_Nymphalidae_Hipparchia_statilinus\ebab871b-4a03-4a32-8633-e4a8df1c9ba2.jpg,83,98,98 58 62 49 73,0.2047819197177887
data\raw\val\01875_Animalia_Arthropoda_Insecta_Lepidoptera_Nymphalidae_Hipparchia_statilinus\122e973f-0efb-43e4-a6a6-3e620f855a43.jpg,83,98,98 83 350 73 246,0.04577243700623512
data\raw\val\01875_Animalia_Arthropoda_Insecta_Lepidoptera_Nymphalidae_Hipparchia_statilinus\ff7e1a92-1d3d-415f-b3e9-65b741c666a2.jpg,83,83,83 240 98 74 73,0.1379069685935974
data\raw\val\01875_Animalia_Arthropoda_Insecta_Lepidoptera_Nymphalidae_Hipparchia_statilinus\60f0e082-0b0a-4856-8446-df1047260872.jpg,83,313,313 406 344 438 468,0.35662510991096497
data\raw\val\01875_Animalia_Arthropoda_Insecta_Lepidoptera_Nymphalidae_Hipparchia_statilinus\638e8f0e-3dad-43cb-9120-d69e0ec3d713.jpg,83,354,354 353 275 257 438,0.293325275182724
data\raw\val\01875_Animalia_Arthropoda_Insecta_Lepidoptera_Nymphalidae_Hipparchia_statilinus\4cd8f417-1523-4d2a-a656-cd15cde8a0d9.jpg,83,83,83 59 25 74 57,0.21104180812835693
data\raw\val\01875_Animalia_Arthropoda_Insecta_Lepidoptera_Nymphalidae_Hipparchia_statilinus\44a765f7-494b-432d-8c7c-7db64e8c9e11.jpg,83,83,83 302 59 54 25,0.34825772047042847
data\raw\val\01907_Animalia_Arthropoda_Insecta_Lepidoptera_Nymphalidae_Limenitis_archippus\bf8fe559-5c39-4cf4-9c5f-ec52e345cb94.jpg,84,91,91 84 92 85 88,0.6185424327850342
data\raw\val\01907_Animalia_Arthropoda_Insecta_Lepidoptera_Nymphalidae_Limenitis_archippus\dc1d0a16-5502-4bcd-b343-57fa531831a5.jpg,84,91,91 85 92 246 93,0.5893551111221313
data\raw\val\01907_Animalia_Arthropoda_Insecta_Lepidoptera_Nymphalidae_Limenitis_archippus\602d8df9-fe28-4155-b4e8-5ba9e8734a21.jpg,84,92,92 91 84 85 89,0.29994508624076843
data\raw\val\01907_Animalia_Arthropoda_Insecta_Lepidoptera_Nymphalidae_Limenitis_archippus\1d30943f-abbf-4b93-ab32-d25bc28195c6.jpg,84,345,345 381 302 402 476,0.06774619221687317
data\raw\val\01907_Animalia_Arthropoda_Insecta_Lepidoptera_Nymphalidae_Limenitis_archippus\25a069f1-61e9-4e17-8989-8b5209a81b10.jpg,84,85,85 93 84 91 246,0.3144085109233856
data\raw\val\01907_Animalia_Arthropoda_Insecta_Lepidoptera_Nymphalidae_Limenitis_archippus\92a9ff32-902a-4d29-a893-239cdeea644f.jpg,84,91,91 304 305 388 246,0.18338143825531006
data\raw\val\01907_Animalia_Arthropoda_Insecta_Lepidoptera_Nymphalidae_Limenitis_archippus\43bb1388-f57a-4024-9254-eb390b30647e.jpg,84,91,91 92 89 84 85,0.5951559543609619
data\raw\val\01907_Animalia_Arthropoda_Insecta_Lepidoptera_Nymphalidae_Limenitis_archippus\acb54314-86d5-4ba5-a14c-a7e1e6203b8e.jpg,84,91,91 84 92 88 85,0.39162787795066833
data\raw\val\01907_Animalia_Arthropoda_Insecta_Lepidoptera_Nymphalidae_Limenitis_archippus\affcabe4-5bb6-410d-8891-2aadfd277674.jpg,84,84,84 93 91 92 88,0.7439751625061035
data\raw\val\01907_Animalia_Arthropoda_Insecta_Lepidoptera_Nymphalidae_Limenitis_archippus\67f04685-a2c0-4b3a-8a49-1d5594d578fd.jpg,84,91,91 84 92 88 85,0.7852296829223633
data\raw\val\01910_Animalia_Arthropoda_Insecta_Lepidoptera_Nymphalidae_Limenitis_lorquini\1c0fee61-f5e0-472e-bef0-cefd23f005c3.jpg,85,246,246 74 136 226 242,0.17180320620536804
data\raw\val\01910_Animalia_Arthropoda_Insecta_Lepidoptera_Nymphalidae_Limenitis_lorquini\d665463a-95a7-46ac-afba-7b521ceb2ada.jpg,85,85,85 93 87 14 91,0.8119672536849976
data\raw\val\01910_Animalia_Arthropoda_Insecta_Lepidoptera_Nymphalidae_Limenitis_lorquini\14999efc-acec-4753-acc6-d20085caa6cd.jpg,85,246,246 85 86 493 311,0.2992417514324188
data\raw\val\01910_Animalia_Arthropoda_Insecta_Lepidoptera_Nymphalidae_Limenitis_lorquini\2fe75d15-2983-42d4-a5db-b14377c1bfe1.jpg,85,85,85 93 43 373 497,0.991070032119751
data\raw\val\01910_Animalia_Arthropoda_Insecta_Lepidoptera_Nymphalidae_Limenitis_lorquini\54a3508e-23fa-42de-8839-1f7808a0d31a.jpg,85,85,85 493 497 87 492,0.27797409892082214
data\raw\val\01910_Animalia_Arthropoda_Insecta_Lepidoptera_Nymphalidae_Limenitis_lorquini\56a06f67-0105-42a7-9a23-06d68c0dc7b8.jpg,85,85,85 91 93 497 92,0.949058473110199
data\raw\val\01910_Animalia_Arthropoda_Insecta_Lepidoptera_Nymphalidae_Limenitis_lorquini\40f8b590-020e-4ad8-bb83-561a2a515087.jpg,85,493,493 85 492 497 93,0.5809528827667236
data\raw\val\01910_Animalia_Arthropoda_Insecta_Lepidoptera_Nymphalidae_Limenitis_lorquini\f6d39b70-fa05-460f-a735-ae29f8fade16.jpg,85,85,85 93 87 493 246,0.9910650849342346
data\raw\val\01910_Animalia_Arthropoda_Insecta_Lepidoptera_Nymphalidae_Limenitis_lorquini\260157cd-4c66-4f70-ad00-dcdb11e1becd.jpg,85,85,85 32 246 93 135,0.39684414863586426
data\raw\val\01910_Animalia_Arthropoda_Insecta_Lepidoptera_Nymphalidae_Limenitis_lorquini\91d74da8-408b-48af-b7b3-4ad37a8b1683.jpg,85,85,85 87 44 51 48,0.28156206011772156
data\raw\val\01932_Animalia_Arthropoda_Insecta_Lepidoptera_Nymphalidae_Morpho_helenor\c8941c2f-ac21-44eb-84ac-e2030a7c69ed.jpg,86,86,86 246 210 354 451,0.21529224514961243
data\raw\val\01932_Animalia_Arthropoda_Insecta_Lepidoptera_Nymphalidae_Morpho_helenor\8394b68d-7358-40d0-9ade-6ee84e5ade6c.jpg,86,86,86 245 69 30 58,0.2498677521944046
data\raw\val\01932_Animalia_Arthropoda_Insecta_Lepidoptera_Nymphalidae_Morpho_helenor\ea40cad0-0ed0-41c8-89ce-3237db768610.jpg,86,246,246 145 86 274 245,0.11191017925739288
data\raw\val\01932_Animalia_Arthropoda_Insecta_Lepidoptera_Nymphalidae_Morpho_helenor\2319f6ee-7773-4e41-bf61-bb41bc2a77cc.jpg,86,86,86 255 135 246 134,0.19235700368881226
data\raw\val\01932_Animalia_Arthropoda_Insecta_Lepidoptera_Nymphalidae_Morpho_helenor\5b752485-d652-4de7-98c9-8662c9df359c.jpg,86,86,86 246 354 245 51,0.11937740445137024
data\raw\val\01932_Animalia_Arthropoda_Insecta_Lepidoptera_Nymphalidae_Morpho_helenor\677e524c-51aa-4782-b76d-4b7a2bb09f73.jpg,86,86,86 58 54 82 62,0.2626483142375946
data\raw\val\01932_Animalia_Arthropoda_Insecta_Lepidoptera_Nymphalidae_Morpho_helenor\7f052e5e-1807-4c02-961f-7c79a5c4b24c.jpg,86,254,254 74 302 49 100,0.20617012679576874
data\raw\val\01932_Animalia_Arthropoda_Insecta_Lepidoptera_Nymphalidae_Morpho_helenor\aeecd6d4-7e13-42a6-ab7b-a5e9e35bc04c.jpg,86,86,86 40 246 245 83,0.23484161496162415
data\raw\val\01932_Animalia_Arthropoda_Insecta_Lepidoptera_Nymphalidae_Morpho_helenor\927c740d-ab7e-4b16-a8b3-e0215eda11a4.jpg,86,246,246 492 493 259 264,0.5106630325317383
data\raw\val\01932_Animalia_Arthropoda_Insecta_Lepidoptera_Nymphalidae_Morpho_helenor\8067ea27-96b1-4d9b-af71-43db16f18c13.jpg,86,249,249 246 274 136 137,0.4037891924381256
data\raw\val\01938_Animalia_Arthropoda_Insecta_Lepidoptera_Nymphalidae_Nymphalis_antiopa\4da9be94-a236-43a8-8dc6-a177bf6a7437.jpg,87,311,311 468 85 14 356,0.10147824883460999
data\raw\val\01938_Animalia_Arthropoda_Insecta_Lepidoptera_Nymphalidae_Nymphalis_antiopa\4acff1b8-02ef-41a8-879b-30d7323ae7cb.jpg,87,87,87 86 85 91 15,0.16440467536449432
data\raw\val\01938_Animalia_Arthropoda_Insecta_Lepidoptera_Nymphalidae_Nymphalis_antiopa\d72602b6-350b-48d7-ae3b-34da8ca75a0d.jpg,87,274,274 255 246 86 490,0.08605879545211792
data\raw\val\01938_Animalia_Arthropoda_Insecta_Lepidoptera_Nymphalidae_Nymphalis_antiopa\55faf620-6e37-45a2-b8c8-8740b7eda92f.jpg,87,246,246 73 492 259 234,0.3194926977157593
data\raw\val\01938_Animalia_Arthropoda_Insecta_Lepidoptera_Nymphalidae_Nymphalis_antiopa\966b93ad-64f6-44eb-b843-2a850cccf9b9.jpg,87,498,498 73 491 492 295,0.12863345444202423
data\raw\val\01938_Animalia_Arthropoda_Insecta_Lepidoptera_Nymphalidae_Nymphalis_antiopa\1f36558f-7636-4e75-b265-72f68ec64c09.jpg,87,27,27 91 86 143 345,0.11856157332658768
data\raw\val\01938_Animalia_Arthropoda_Insecta_Lepidoptera_Nymphalidae_Nymphalis_antiopa\37894d48-5883-48ca-bfdd-6f109c8aa003.jpg,87,471,471 362 394 451 469,0.1686384379863739
data\raw\val\01938_Animalia_Arthropoda_Insecta_Lepidoptera_Nymphalidae_Nymphalis_antiopa\6288ddb3-6dea-4f9f-bf03-28f85c3fbd31.jpg,87,246,246 87 86 354 123,0.2129819393157959
data\raw\val\01938_Animalia_Arthropoda_Insecta_Lepidoptera_Nymphalidae_Nymphalis_antiopa\e5d76bf6-4b9f-4f83-ac3a-08977c3d2875.jpg,87,492,492 493 275 497 365,0.3747340440750122
data\raw\val\01938_Animalia_Arthropoda_Insecta_Lepidoptera_Nymphalidae_Nymphalis_antiopa\8c64ab13-2e6a-4d34-8311-761536370015.jpg,87,246,246 123 274 249 354,0.5844995379447937
data\raw\val\01944_Animalia_Arthropoda_Insecta_Lepidoptera_Nymphalidae_Parantica_aglea\353a66de-bcce-4c45-97ce-3603538b3151.jpg,88,88,88 91 253 84 43,0.7918798923492432
data\raw\val\01944_Animalia_Arthropoda_Insecta_Lepidoptera_Nymphalidae_Parantica_aglea\1b10c4ac-67dd-404c-9741-2c72e38e9a69.jpg,88,246,246 88 91 27 274,0.10600616782903671
data\raw\val\01944_Animalia_Arthropoda_Insecta_Lepidoptera_Nymphalidae_Parantica_aglea\300aa391-1cb0-4480-ba8e-3ee4dd562fab.jpg,88,91,91 74 242 226 49,0.16160036623477936
data\raw\val\01944_Animalia_Arthropoda_Insecta_Lepidoptera_Nymphalidae_Parantica_aglea\bd5c5161-7b9d-46ed-ac6d-2e3ca5915ef4.jpg,88,88,88 394 49 246 91,0.6333017349243164
data\raw\val\01944_Animalia_Arthropoda_Insecta_Lepidoptera_Nymphalidae_Parantica_aglea\de425e53-7ae3-4943-8d55-650bb2d06d8a.jpg,88,88,88 91 84 43 111,0.6810832619667053
data\raw\val\01944_Animalia_Arthropoda_Insecta_Lepidoptera_Nymphalidae_Parantica_aglea\d552d56c-f42f-4318-a880-242800ec07c1.jpg,88,88,88 84 91 221 94,0.9486526250839233
data\raw\val\01944_Animalia_Arthropoda_Insecta_Lepidoptera_Nymphalidae_Parantica_aglea\72f9d6c7-4180-4adc-acd4-29be29f2bcb0.jpg,88,88,88 85 91 84 92,0.6619479060173035
data\raw\val\01944_Animalia_Arthropoda_Insecta_Lepidoptera_Nymphalidae_Parantica_aglea\cb469963-e32b-4141-aaee-d9ffc0495b99.jpg,88,460,460 470 382 472 471,0.10522343963384628
data\raw\val\01944_Animalia_Arthropoda_Insecta_Lepidoptera_Nymphalidae_Parantica_aglea\e87894d3-e71f-421d-82d5-7fba67f6ca65.jpg,88,88,88 91 246 131 253,0.732323944568634
data\raw\val\01944_Animalia_Arthropoda_Insecta_Lepidoptera_Nymphalidae_Parantica_aglea\2f2e9336-514c-41e3-a5bd-ff8f886b514a.jpg,88,88,88 43 91 84 85,0.9804220795631409
data\raw\val\01955_Animalia_Arthropoda_Insecta_Lepidoptera_Nymphalidae_Polygonia_c-album\0743c2de-2f3e-48d0-bc78-de14f887532f.jpg,89,245,245 74 274 90 278,0.07243619114160538
data\raw\val\01955_Animalia_Arthropoda_Insecta_Lepidoptera_Nymphalidae_Polygonia_c-album\cde61b7a-4e53-4ef3-83cb-d1fa21f1b33d.jpg,89,89,89 90 471 246 245,0.17283228039741516
data\raw\val\01955_Animalia_Arthropoda_Insecta_Lepidoptera_Nymphalidae_Polygonia_c-album\f3867819-8203-4f0e-bf05-f26774e29caa.jpg,89,274,274 17 245 249 131,0.5845775604248047
data\raw\val\01955_Animalia_Arthropoda_Insecta_Lepidoptera_Nymphalidae_Polygonia_c-album\18ad499d-1ab9-4dc2-88b8-ff09e4390cba.jpg,89,90,90 89 245 92 82,0.37183472514152527
data\raw\val\01955_Animalia_Arthropoda_Insecta_Lepidoptera_Nymphalidae_Polygonia_c-album\cd579e91-5230-481f-a504-7f3644c785fc.jpg,89,74,74 73 245 51 98,0.35145869851112366
data\raw\val\01955_Animalia_Arthropoda_Insecta_Lepidoptera_Nymphalidae_Polygonia_c-album\79407c6e-7e6b-4f6a-8178-3389dfe70404.jpg,89,73,73 274 28 89 246,0.14387039840221405
data\raw\val\01955_Animalia_Arthropoda_Insecta_Lepidoptera_Nymphalidae_Polygonia_c-album\ccb8bc61-1632-4b7d-8430-7a53032e5741.jpg,89,85,85 257 90 259 92,0.1162024587392807
data\raw\val\01955_Animalia_Arthropoda_Insecta_Lepidoptera_Nymphalidae_Polygonia_c-album\46af63c3-459c-41ae-b463-635a013e85d7.jpg,89,89,89 90 92 432 398,0.6865787506103516
data\raw\val\01955_Animalia_Arthropoda_Insecta_Lepidoptera_Nymphalidae_Polygonia_c-album\66acf202-242a-42a7-8c89-4e9b8dcece5e.jpg,89,89,89 90 92 246 245,0.5410726070404053
data\raw\val\01955_Animalia_Arthropoda_Insecta_Lepidoptera_Nymphalidae_Polygonia_c-album\cc72866f-bdff-49fc-a22f-4e22910778f7.jpg,89,89,89 246 90 60 248,0.12158333510160446
data\raw\val\01958_Animalia_Arthropoda_Insecta_Lepidoptera_Nymphalidae_Polygonia_faunus\7b41995f-4563-4b84-9f76-67d3d987dfbe.jpg,90,90,90 89 245 92 74,0.8733952045440674
data\raw\val\01958_Animalia_Arthropoda_Insecta_Lepidoptera_Nymphalidae_Polygonia_faunus\0599d372-3a95-4fb3-b429-5760b496ab92.jpg,90,259,259 90 246 249 354,0.042780373245477676
data\raw\val\01958_Animalia_Arthropoda_Insecta_Lepidoptera_Nymphalidae_Polygonia_faunus\e776d0e2-82de-48b5-9091-2571319ef07d.jpg,90,90,90 89 398 92 246,0.4279342293739319
data\raw\val\01958_Animalia_Arthropoda_Insecta_Lepidoptera_Nymphalidae_Polygonia_faunus\c9652c0f-9a87-41c6-9abc-8d2f33e903ea.jpg,90,90,90 89 274 246 249,0.37921521067619324
data\raw\val\01958_Animalia_Arthropoda_Insecta_Lepidoptera_Nymphalidae_Polygonia_faunus\415737be-15ab-42a3-86f1-6b5197c37b57.jpg,90,73,73 74 240 246 223,0.17562440037727356
data\raw\val\01958_Animalia_Arthropoda_Insecta_Lepidoptera_Nymphalidae_Polygonia_faunus\1d489b24-0087-4002-b243-1ef4e2dbd1fc.jpg,90,90,90 74 274 245 5,0.08756760507822037
data\raw\val\01958_Animalia_Arthropoda_Insecta_Lepidoptera_Nymphalidae_Polygonia_faunus\9c899fc8-703c-4b5f-a383-5f7aac2b40ab.jpg,90,74,74 73 90 302 89,0.1798764318227768
data\raw\val\01958_Animalia_Arthropoda_Insecta_Lepidoptera_Nymphalidae_Polygonia_faunus\9fe17899-14aa-4699-af97-5c261cff8a34.jpg,90,90,90 89 92 19 20,0.4646303951740265
data\raw\val\01958_Animalia_Arthropoda_Insecta_Lepidoptera_Nymphalidae_Polygonia_faunus\5c6c9a80-9ce0-40c1-a5ad-0153aec9cae8.jpg,90,90,90 89 51 57 54,0.152731254696846
data\raw\val\01958_Animalia_Arthropoda_Insecta_Lepidoptera_Nymphalidae_Polygonia_faunus\6b2338fc-0bd3-4c65-b4e3-ed71d729f994.jpg,90,90,90 274 89 246 245,0.12065771222114563
data\raw\val\01979_Animalia_Arthropoda_Insecta_Lepidoptera_Nymphalidae_Texola_elada\2f35598f-f830-42c0-bb51-fb85921d8997.jpg,91,91,91 92 246 89 84,0.9423117637634277
data\raw\val\01979_Animalia_Arthropoda_Insecta_Lepidoptera_Nymphalidae_Texola_elada\6117a963-4ead-4ecc-8dbf-4800ee99a8a6.jpg,91,281,281 414 378 499 473,0.07910741120576859
data\raw\val\01979_Animalia_Arthropoda_Insecta_Lepidoptera_Nymphalidae_Texola_elada\23045f36-d8c0-4e20-a2ed-f735679f2128.jpg,91,91,91 92 84 246 253,0.8556890487670898
data\raw\val\01979_Animalia_Arthropoda_Insecta_Lepidoptera_Nymphalidae_Texola_elada\f0576f40-b58b-49d5-9e7e-f19ddeaa4808.jpg,91,91,91 92 246 85 89,0.6970512866973877
data\raw\val\01979_Animalia_Arthropoda_Insecta_Lepidoptera_Nymphalidae_Texola_elada\35505dfc-ff1e-416b-ada4-f1f49df51b4e.jpg,91,91,91 246 9 85 248,0.910705029964447
data\raw\val\01979_Animalia_Arthropoda_Insecta_Lepidoptera_Nymphalidae_Texola_elada\5291665e-6416-4199-8fbc-24dd4ea60b4e.jpg,91,91,91 253 92 246 84,0.877859890460968
data\raw\val\01979_Animalia_Arthropoda_Insecta_Lepidoptera_Nymphalidae_Texola_elada\56923aa3-9c56-441d-a9cd-469f2761fa7e.jpg,91,91,91 85 246 92 86,0.6943199634552002
data\raw\val\01979_Animalia_Arthropoda_Insecta_Lepidoptera_Nymphalidae_Texola_elada\c734de41-a01d-40a6-84d0-53238d95578a.jpg,91,91,91 246 89 92 302,0.45002835988998413
data\raw\val\01979_Animalia_Arthropoda_Insecta_Lepidoptera_Nymphalidae_Texola_elada\c36e4b64-48a2-48cc-b8c1-13b40cbda8ba.jpg,91,91,91 246 92 85 259,0.4538328945636749
data\raw\val\01979_Animalia_Arthropoda_Insecta_Lepidoptera_Nymphalidae_Texola_elada\35e597c2-a1af-42f0-b1d5-7a9d4b80ae85.jpg,91,246,246 73 402 57 98,0.07085244357585907
data\raw\val\01983_Animalia_Arthropoda_Insecta_Lepidoptera_Nymphalidae_Vanessa_annabella\41de4879-23cb-4f66-ba3d-0c7bd60bd352.jpg,92,89,89 92 90 54 82,0.21321351826190948
data\raw\val\01983_Animalia_Arthropoda_Insecta_Lepidoptera_Nymphalidae_Vanessa_annabella\07ebe8bd-df1f-43bf-8a96-467483df0b70.jpg,92,246,246 259 249 91 90,0.4601360559463501
data\raw\val\01983_Animalia_Arthropoda_Insecta_Lepidoptera_Nymphalidae_Vanessa_annabella\16419cd3-ef65-4afe-b413-e670666ab8b5.jpg,92,259,259 246 31 92 253,0.16421759128570557
data\raw\val\01983_Animalia_Arthropoda_Insecta_Lepidoptera_Nymphalidae_Vanessa_annabella\817e9fc1-b98f-444a-b28c-e091fb98aa1a.jpg,92,89,89 246 92 90 91,0.22826515138149261
data\raw\val\01983_Animalia_Arthropoda_Insecta_Lepidoptera_Nymphalidae_Vanessa_annabella\6b00d835-fd45-4b1c-9288-16a440bdf7ce.jpg,92,91,91 92 89 246 492,0.1375696361064911
data\raw\val\01983_Animalia_Arthropoda_Insecta_Lepidoptera_Nymphalidae_Vanessa_annabella\14d8df15-f650-4600-a1ec-9f0f8c74e013.jpg,92,92,92 91 89 90 68,0.7555422186851501
data\raw\val\01983_Animalia_Arthropoda_Insecta_Lepidoptera_Nymphalidae_Vanessa_annabella\4293046a-3bdb-469a-9b2b-ac2ccdb73195.jpg,92,92,92 246 91 89 480,0.2674170434474945
data\raw\val\01983_Animalia_Arthropoda_Insecta_Lepidoptera_Nymphalidae_Vanessa_annabella\14beb766-c7d8-424d-8f36-4762891803c6.jpg,92,246,246 245 353 92 91,0.1386277824640274
data\raw\val\01983_Animalia_Arthropoda_Insecta_Lepidoptera_Nymphalidae_Vanessa_annabella\848abb66-db2d-4f7e-b6f9-97256f63dd1c.jpg,92,92,92 90 89 31 82,0.6987338066101074
data\raw\val\01983_Animalia_Arthropoda_Insecta_Lepidoptera_Nymphalidae_Vanessa_annabella\2fad2deb-8ea0-4f1d-971a-26a4cf9046ad.jpg,92,91,91 92 246 438 350,0.1076817661523819
data\raw\val\02034_Animalia_Arthropoda_Insecta_Lepidoptera_Papilionidae_Papilio_thoas\5daad53c-875f-4075-be54-58d429f3bef6.jpg,93,93,93 85 497 493 492,0.8617443442344666
data\raw\val\02034_Animalia_Arthropoda_Insecta_Lepidoptera_Papilionidae_Papilio_thoas\cf333c0e-b66f-4e1f-9fcb-bc62a6db3328.jpg,93,492,492 93 493 85 311,0.28583046793937683
data\raw\val\02034_Animalia_Arthropoda_Insecta_Lepidoptera_Papilionidae_Papilio_thoas\564918d9-41c1-419e-808e-e536483e8e45.jpg,93,493,493 93 85 311 476,0.18066054582595825
data\raw\val\02034_Animalia_Arthropoda_Insecta_Lepidoptera_Papilionidae_Papilio_thoas\bd7acf5f-70d9-4364-8486-eecdfea0287e.jpg,93,492,492 496 348 391 259,0.1051257848739624
data\raw\val\02034_Animalia_Arthropoda_Insecta_Lepidoptera_Papilionidae_Papilio_thoas\0966817c-9f63-4967-8b1e-c165fbac77e7.jpg,93,354,354 246 493 51 85,0.10959217697381973
data\raw\val\02034_Animalia_Arthropoda_Insecta_Lepidoptera_Papilionidae_Papilio_thoas\5619ef61-fe9b-42a0-847a-8a41f7c56c80.jpg,93,93,93 85 94 492 493,0.9228420257568359
data\raw\val\02034_Animalia_Arthropoda_Insecta_Lepidoptera_Papilionidae_Papilio_thoas\e268f2d7-4a87-419c-a453-40bf363b35d0.jpg,93,85,85 91 93 492 246,0.8816512823104858
data\raw\val\02034_Animalia_Arthropoda_Insecta_Lepidoptera_Papilionidae_Papilio_thoas\da425ca8-1323-46fe-8bd0-3a9c1bd190c6.jpg,93,274,274 492 493 497 275,0.329795241355896
data\raw\val\02034_Animalia_Arthropoda_Insecta_Lepidoptera_Papilionidae_Papilio_thoas\04e89d0a-6dee-4d0f-9943-a51af1126bf7.jpg,93,93,93 493 85 492 497,0.7092241048812866
data\raw\val\02034_Animalia_Arthropoda_Insecta_Lepidoptera_Papilionidae_Papilio_thoas\e5c97831-4fbc-48f2-a3e3-3b212be1cf24.jpg,93,93,93 38 239 236 270,0.19693490862846375
data\raw\val\02035_Animalia_Arthropoda_Insecta_Lepidoptera_Papilionidae_Papilio_troilus\c4bdda49-e037-4332-a451-e15a38d62304.jpg,94,86,86 9 246 94 259,0.12672798335552216
data\raw\val\02035_Animalia_Arthropoda_Insecta_Lepidoptera_Papilionidae_Papilio_troilus\70a7c16e-64e7-45ff-8ccc-476357c1c621.jpg,94,139,139 138 141 57 144,0.13362708687782288
data\raw\val\02035_Animalia_Arthropoda_Insecta_Lepidoptera_Papilionidae_Papilio_troilus\3dcd85b9-c9e6-4bcd-b81e-f7f0209e8025.jpg,94,361,361 311 246 275 492,0.2028426229953766
data\raw\val\02035_Animalia_Arthropoda_Insecta_Lepidoptera_Papilionidae_Papilio_troilus\8cc0f1e2-91ce-48ed-8e9a-0b81076deadd.jpg,94,87,87 94 85 93 240,0.3828114867210388
data\raw\val\02035_Animalia_Arthropoda_Insecta_Lepidoptera_Papilionidae_Papilio_troilus\90ed3d87-f956-4bb4-8f59-8354d5946b6e.jpg,94,14,14 313 468 30 438,0.07756878435611725
data\raw\val\02035_Animalia_Arthropoda_Insecta_Lepidoptera_Papilionidae_Papilio_troilus\38bc0bb4-fefc-467e-a39a-f0cdfd778c1d.jpg,94,52,52 242 350 240 442,0.23247994482517242
data\raw\val\02035_Animalia_Arthropoda_Insecta_Lepidoptera_Papilionidae_Papilio_troilus\1e2416a4-568b-4af9-bb70-abf31f7a48a2.jpg,94,274,274 246 248 249 240,0.6474581360816956
data\raw\val\02035_Animalia_Arthropoda_Insecta_Lepidoptera_Papilionidae_Papilio_troilus\11d9f70c-31db-48e1-85ea-5df4a9916b63.jpg,94,94,94 85 86 93 140,0.177443727850914
data\raw\val\02035_Animalia_Arthropoda_Insecta_Lepidoptera_Papilionidae_Papilio_troilus\22d38943-6087-423d-bbff-61f3552fdc50.jpg,94,246,246 240 232 492 83,0.17386692762374878
data\raw\val\02035_Animalia_Arthropoda_Insecta_Lepidoptera_Papilionidae_Papilio_troilus\3945f8d9-412f-449f-9521-ee7eecd09035.jpg,94,313,313 240 246 233 274,0.4764857590198517
data\raw\val\02047_Animalia_Arthropoda_Insecta_Lepidoptera_Pieridae_Anteos_maerula\bae8a25b-5faf-4e72-96e5-cdfd69d283c7.jpg,95,245,245 249 354 353 123,0.16066214442253113
data\raw\val\02047_Animalia_Arthropoda_Insecta_Lepidoptera_Pieridae_Anteos_maerula\e4546ad8-202a-4ef3-8384-83b06f25772c.jpg,95,482,482 73 257 259 329,0.03853645548224449
data\raw\val\02047_Animalia_Arthropoda_Insecta_Lepidoptera_Pieridae_Anteos_maerula\dd02833f-c80d-4522-9cb5-69238061921d.jpg,95,58,58 95 96 53 477,0.5366650223731995
data\raw\val\02047_Animalia_Arthropoda_Insecta_Lepidoptera_Pieridae_Anteos_maerula\38d30094-0014-4203-b5b7-613185ef04b9.jpg,95,274,274 248 268 249 478,0.4241592288017273
data\raw\val\02047_Animalia_Arthropoda_Insecta_Lepidoptera_Pieridae_Anteos_maerula\f25c3c09-c2e1-4f28-9642-813b26d6a251.jpg,95,274,274 246 248 249 242,0.18191802501678467
data\raw\val\02047_Animalia_Arthropoda_Insecta_Lepidoptera_Pieridae_Anteos_maerula\63627e80-7a8b-4da1-ba03-8b04b0c0c734.jpg,95,242,242 302 320 83 268,0.18389824032783508
data\raw\val\02047_Animalia_Arthropoda_Insecta_Lepidoptera_Pieridae_Anteos_maerula\b9ad0187-0749-4caf-b2f9-50a4c2f5ea2c.jpg,95,242,242 302 311 312 274,0.15573875606060028
data\raw\val\02047_Animalia_Arthropoda_Insecta_Lepidoptera_Pieridae_Anteos_maerula\4a992975-89cc-4072-9eaa-cc1615dfbab1.jpg,95,274,274 246 136 135 249,0.561000406742096
data\raw\val\02047_Animalia_Arthropoda_Insecta_Lepidoptera_Pieridae_Anteos_maerula\1ccfaf08-ee25-4567-8072-4013811fcf4c.jpg,95,438,438 345 344 292 471,0.48157572746276855
data\raw\val\02047_Animalia_Arthropoda_Insecta_Lepidoptera_Pieridae_Anteos_maerula\ae010f5c-2103-4229-bcc5-ccb6b7891beb.jpg,95,242,242 274 302 268 344,0.19330638647079468
data\raw\val\02061_Animalia_Arthropoda_Insecta_Lepidoptera_Pieridae_Catopsilia_pyranthe\5e3152fa-f701-439a-bbe7-0988e96aea33.jpg,96,96,96 400 53 60 28,0.113777294754982
data\raw\val\02061_Animalia_Arthropoda_Insecta_Lepidoptera_Pieridae_Catopsilia_pyranthe\86cf6c2d-5193-4b12-9179-6def83a56c27.jpg,96,82,82 58 60 96 55,0.07589192688465118
data\raw\val\02061_Animalia_Arthropoda_Insecta_Lepidoptera_Pieridae_Catopsilia_pyranthe\451d39df-ce7c-48f8-b05c-c96af2d3e5e3.jpg,96,438,438 406 345 143 344,0.4469655752182007
data\raw\val\02061_Animalia_Arthropoda_Insecta_Lepidoptera_Pieridae_Catopsilia_pyranthe\233d58fb-8720-47b9-8aa0-e87ba8368762.jpg,96,242,242 302 126 83 70,0.3231111466884613
data\raw\val\02061_Animalia_Arthropoda_Insecta_Lepidoptera_Pieridae_Catopsilia_pyranthe\b6d924c2-5b5d-408b-9165-59c7ba0fbb7e.jpg,96,246,246 274 249 123 354,0.06338976323604584
data\raw\val\02061_Animalia_Arthropoda_Insecta_Lepidoptera_Pieridae_Catopsilia_pyranthe\75bf63a1-bdec-49b9-97bb-8af013f2a335.jpg,96,82,82 58 245 96 70,0.20682135224342346
data\raw\val\02061_Animalia_Arthropoda_Insecta_Lepidoptera_Pieridae_Catopsilia_pyranthe\95252e63-2962-4ad6-bdf3-039b8214c226.jpg,96,55,55 58 83 54 82,0.21649254858493805
data\raw\val\02061_Animalia_Arthropoda_Insecta_Lepidoptera_Pieridae_Catopsilia_pyranthe\ff1607d9-5db0-4bc1-a2e2-82c715ec0b45.jpg,96,71,71 362 472 424 464,0.1075664684176445
data\raw\val\02061_Animalia_Arthropoda_Insecta_Lepidoptera_Pieridae_Catopsilia_pyranthe\95c120d8-d946-40ba-9315-82fe001a24d5.jpg,96,96,96 55 60 58 70,0.4021303355693817
data\raw\val\02061_Animalia_Arthropoda_Insecta_Lepidoptera_Pieridae_Catopsilia_pyranthe\665bbca1-3121-4107-b75f-fa773353048d.jpg,96,320,320 329 302 345 242,0.08371739834547043
data\raw\val\02100_Animalia_Arthropoda_Insecta_Lepidoptera_Pieridae_Pontia_edusa\5a92d73f-7d85-4e18-b964-f6bfff1bb24b.jpg,97,451,451 74 246 73 353,0.11493995785713196
data\raw\val\02100_Animalia_Arthropoda_Insecta_Lepidoptera_Pieridae_Pontia_edusa\9e0a7d6f-92e4-471f-b6c4-40732f618bbc.jpg,97,73,73 278 302 32 305,0.12208626419305801
data\raw\val\02100_Animalia_Arthropoda_Insecta_Lepidoptera_Pieridae_Pontia_edusa\00d7cdd1-59eb-4aae-adf9-b4fbe1419381.jpg,97,274,274 350 249 354 246,0.30234014987945557
data\raw\val\02100_Animalia_Arthropoda_Insecta_Lepidoptera_Pieridae_Pontia_edusa\4ba3aa89-2cc3-40d3-a974-8ae9fc9d8e56.jpg,97,248,248 249 131 334 380,0.0936974361538887
data\raw\val\02100_Animalia_Arthropoda_Insecta_Lepidoptera_Pieridae_Pontia_edusa\b26d8fe4-52a4-4e89-a071-cdbd9abd0783.jpg,97,274,274 309 487 489 370,0.16059938073158264
data\raw\val\02100_Animalia_Arthropoda_Insecta_Lepidoptera_Pieridae_Pontia_edusa\3989127d-00dc-4d91-a235-d2875d0220bd.jpg,97,246,246 240 350 234 91,0.16870839893817902
data\raw\val\02100_Animalia_Arthropoda_Insecta_Lepidoptera_Pieridae_Pontia_edusa\942f94b5-9455-4294-8def-21517cd167b0.jpg,97,396,396 398 97 397 60,0.1141696646809578
data\raw\val\02100_Animalia_Arthropoda_Insecta_Lepidoptera_Pieridae_Pontia_edusa\635dd566-df1c-4221-9617-c6721dbd0c2c.jpg,97,98,98 51 73 49 32,0.207973450422287
data\raw\val\02100_Animalia_Arthropoda_Insecta_Lepidoptera_Pieridae_Pontia_edusa\82db2d47-c9ae-4eef-95ac-82e82ecaae4f.jpg,97,350,350 344 315 468 371,0.16023549437522888
data\raw\val\02100_Animalia_Arthropoda_Insecta_Lepidoptera_Pieridae_Pontia_edusa\f42082f8-3c85-4059-8f97-a8a151fc1542.jpg,97,438,438 345 484 313 344,0.12118470668792725
data\raw\val\02114_Animalia_Arthropoda_Insecta_Lepidoptera_Pyralidae_Aglossa_pinguinalis\8ff53dbe-3ba5-47b0-8282-ae17f3530dd0.jpg,98,98,98 73 51 49 78,0.9345415830612183
data\raw\val\02114_Animalia_Arthropoda_Insecta_Lepidoptera_Pyralidae_Aglossa_pinguinalis\4a18f1c4-8c9e-414e-9124-acc6f602641e.jpg,98,74,74 73 52 78 100,0.404256135225296
data\raw\val\02114_Animalia_Arthropoda_Insecta_Lepidoptera_Pyralidae_Aglossa_pinguinalis\dc87cb15-dc07-45b9-b51a-a8861d40398d.jpg,98,73,73 49 98 78 100,0.5801960825920105
data\raw\val\02114_Animalia_Arthropoda_Insecta_Lepidoptera_Pyralidae_Aglossa_pinguinalis\f45fc3de-ccef-42b3-8d5a-9c55bb178767.jpg,98,246,246 74 259 73 31,0.2550834119319916
data\raw\val\02114_Animalia_Arthropoda_Insecta_Lepidoptera_Pyralidae_Aglossa_pinguinalis\82cfeb06-4eb2-4672-b055-5af6962f8414.jpg,98,74,74 451 242 91 313,0.20461274683475494
data\raw\val\02114_Animalia_Arthropoda_Insecta_Lepidoptera_Pyralidae_Aglossa_pinguinalis\193fc2bf-4a7b-46c1-8e4c-b241f837c9f2.jpg,98,73,73 98 78 49 74,0.740022599697113
data\raw\val\02114_Animalia_Arthropoda_Insecta_Lepidoptera_Pyralidae_Aglossa_pinguinalis\2a55c8c7-967d-44b8-bc2c-18acfc5204ab.jpg,98,344,344 2 406 350 313,0.08506549149751663
data\raw\val\02114_Animalia_Arthropoda_Insecta_Lepidoptera_Pyralidae_Aglossa_pinguinalis\30d8e52a-3ec9-4515-b9d6-57f5762bea87.jpg,98,73,73 98 78 49 74,0.47365182638168335
data\raw\val\02114_Animalia_Arthropoda_Insecta_Lepidoptera_Pyralidae_Aglossa_pinguinalis\3deb43af-2b2d-471f-9965-145af062ae1b.jpg,98,73,73 74 98 302 49,0.6659845113754272
data\raw\val\02114_Animalia_Arthropoda_Insecta_Lepidoptera_Pyralidae_Aglossa_pinguinalis\d6df1e47-cadc-46e6-bfab-6c615046f298.jpg,98,98,98 73 49 74 57,0.4669714570045471
data\raw\val\02121_Animalia_Arthropoda_Insecta_Lepidoptera_Pyralidae_Endotricha_pyrosalis\80e7bfc5-3cf9-4470-9bda-05ded80774d8.jpg,99,302,302 353 74 300 476,0.27177709341049194
data\raw\val\02121_Animalia_Arthropoda_Insecta_Lepidoptera_Pyralidae_Endotricha_pyrosalis\b3ac9326-06c2-4342-b169-03e1ae733f32.jpg,99,99,99 62 58 57 41,0.462833434343338
data\raw\val\02121_Animalia_Arthropoda_Insecta_Lepidoptera_Pyralidae_Endotricha_pyrosalis\d588d118-243b-4b1a-8311-692774c6e490.jpg,99,99,99 123 62 353 58,0.270647794008255
data\raw\val\02121_Animalia_Arthropoda_Insecta_Lepidoptera_Pyralidae_Endotricha_pyrosalis\a2519749-d2d4-4446-9338-8246bf3d67fe.jpg,99,99,99 62 123 58 245,0.16314956545829773
data\raw\val\02121_Animalia_Arthropoda_Insecta_Lepidoptera_Pyralidae_Endotricha_pyrosalis\c556efca-3bfe-4ad9-b0c6-596da5b8cb84.jpg,99,354,354 353 302 246 278,0.07363247126340866
data\raw\val\02121_Animalia_Arthropoda_Insecta_Lepidoptera_Pyralidae_Endotricha_pyrosalis\d077fc4d-e3eb-4ee5-990f-7f185d3b2592.jpg,99,139,139 75 141 73 143,0.30382537841796875
data\raw\val\02121_Animalia_Arthropoda_Insecta_Lepidoptera_Pyralidae_Endotricha_pyrosalis\650e9218-8f89-4ad6-a395-ff6ab4bd93a6.jpg,99,54,54 58 62 57 28,0.350826233625412
data\raw\val\02121_Animalia_Arthropoda_Insecta_Lepidoptera_Pyralidae_Endotricha_pyrosalis\bcc9dec6-1808-4508-9bde-d2293db8e600.jpg,99,99,99 41 53 49 62,0.49410974979400635
data\raw\val\02121_Animalia_Arthropoda_Insecta_Lepidoptera_Pyralidae_Endotricha_pyrosalis\67cf7fe7-0f9d-45de-aca1-d7b0fd58ccba.jpg,99,99,99 41 62 58 78,0.3648470640182495
data\raw\val\02121_Animalia_Arthropoda_Insecta_Lepidoptera_Pyralidae_Endotricha_pyrosalis\263022db-d77a-4a84-b9dc-62078081c32f.jpg,99,57,57 54 74 73 302,0.20816293358802795
data\raw\val\02129_Animalia_Arthropoda_Insecta_Lepidoptera_Pyralidae_Moodna_ostrinella\781d03f2-afa3-43a9-a70e-d1fcb0123496.jpg,100,74,74 246 240 234 242,0.23916515707969666
data\raw\val\02129_Animalia_Arthropoda_Insecta_Lepidoptera_Pyralidae_Moodna_ostrinella\45f04a11-13ab-43d3-906c-87988cde5d5c.jpg,100,74,74 100 73 98 57,0.38607391715049744
data\raw\val\02129_Animalia_Arthropoda_Insecta_Lepidoptera_Pyralidae_Moodna_ostrinella\59f39252-741c-43fb-bfa6-721301ae9904.jpg,100,313,313 52 240 451 302,0.1237032487988472
data\raw\val\02129_Animalia_Arthropoda_Insecta_Lepidoptera_Pyralidae_Moodna_ostrinella\b6c18135-f30a-4e37-b84b-1e4aa678550b.jpg,100,100,100 32 27 80 17,0.2577660381793976
data\raw\val\02129_Animalia_Arthropoda_Insecta_Lepidoptera_Pyralidae_Moodna_ostrinella\3c539566-e870-4956-9e9b-5a3fed7a12b3.jpg,100,73,73 74 100 80 32,0.2246251255273819
data\raw\val\02129_Animalia_Arthropoda_Insecta_Lepidoptera_Pyralidae_Moodna_ostrinella\d008c144-633b-4389-bda3-31530f769f41.jpg,100,74,74 73 100 98 51,0.6818940043449402
data\raw\val\02129_Animalia_Arthropoda_Insecta_Lepidoptera_Pyralidae_Moodna_ostrinella\5eca3ba6-4a26-4d57-ac82-959f52939d0a.jpg,100,100,100 74 73 77 81,0.657106339931488
data\raw\val\02129_Animalia_Arthropoda_Insecta_Lepidoptera_Pyralidae_Moodna_ostrinella\986c1358-e0b2-4d19-b097-00587ceb576c.jpg,100,74,74 73 100 274 81,0.9242512583732605
data\raw\val\02129_Animalia_Arthropoda_Insecta_Lepidoptera_Pyralidae_Moodna_ostrinella\ab6476e0-fb6c-4960-8d43-b5d9020ec240.jpg,100,74,74 302 73 350 240,0.15384234488010406
data\raw\val\02129_Animalia_Arthropoda_Insecta_Lepidoptera_Pyralidae_Moodna_ostrinella\b29724c4-103c-48ef-8e88-e59732aa4f94.jpg,100,73,73 74 98 100 57,0.5462386012077332
data\raw\val\02242_Animalia_Arthropoda_Insecta_Lepidoptera_Tortricidae_Clepsis_persicana\672b2e1a-8119-4909-93d6-9f29f448d6eb.jpg,101,74,74 73 246 86 83,0.22052614390850067
data\raw\val\02242_Animalia_Arthropoda_Insecta_Lepidoptera_Tortricidae_Clepsis_persicana\090674f0-c4d6-4b47-995a-7710d963ae6a.jpg,101,77,77 100 59 57 25,0.10354432463645935
data\raw\val\02242_Animalia_Arthropoda_Insecta_Lepidoptera_Tortricidae_Clepsis_persicana\b039638f-6de8-4a24-bc90-395ae9c838b1.jpg,101,58,58 57 54 73 62,0.3627189099788666
data\raw\val\02242_Animalia_Arthropoda_Insecta_Lepidoptera_Tortricidae_Clepsis_persicana\a7f4f6b4-4349-4d90-8be1-eed8fff24ece.jpg,101,101,101 62 249 75 248,0.8199114799499512
data\raw\val\02242_Animalia_Arthropoda_Insecta_Lepidoptera_Tortricidae_Clepsis_persicana\67fb649f-8dc2-4128-a6cc-b7b432a1a454.jpg,101,73,73 101 78 51 57,0.16921940445899963
data\raw\val\02242_Animalia_Arthropoda_Insecta_Lepidoptera_Tortricidae_Clepsis_persicana\24293088-547f-454b-80d2-7fa6ebf2adef.jpg,101,57,57 99 101 49 55,0.08786766976118088
data\raw\val\02242_Animalia_Arthropoda_Insecta_Lepidoptera_Tortricidae_Clepsis_persicana\55d36430-ba72-4251-9503-bb4498960efc.jpg,101,101,101 62 47 100 41,0.8137156963348389
data\raw\val\02242_Animalia_Arthropoda_Insecta_Lepidoptera_Tortricidae_Clepsis_persicana\2e41d644-c829-40b7-a7cb-a5e7f191b806.jpg,101,123,123 62 101 99 58,0.2579408884048462
data\raw\val\02242_Animalia_Arthropoda_Insecta_Lepidoptera_Tortricidae_Clepsis_persicana\81590bbd-74e8-434d-ba01-18d63c657cd1.jpg,101,57,57 302 49 58 98,0.19871489703655243
data\raw\val\02242_Animalia_Arthropoda_Insecta_Lepidoptera_Tortricidae_Clepsis_persicana\45d5dd08-e44f-41e2-8c7b-fde07b2e2767.jpg,101,101,101 62 99 79 81,0.7134901881217957
data\raw\val\02300_Animalia_Arthropoda_Insecta_Neuroptera_Mantispidae_Dicromantispa_interrupta\776567b0-dbbd-4620-b3d0-28c9cba4524a.jpg,102,74,74 73 246 51 32,0.16505636274814606
data\raw\val\02300_Animalia_Arthropoda_Insecta_Neuroptera_Mantispidae_Dicromantispa_interrupta\d866f151-216f-4b42-a497-90787d46ab70.jpg,102,52,52 73 59 51 54,0.24834416806697845
data\raw\val\02300_Animalia_Arthropoda_Insecta_Neuroptera_Mantispidae_Dicromantispa_interrupta\df07bd00-2c60-4e9c-b15b-4f6ba9077058.jpg,102,302,302 305 322 311 451,0.37102481722831726
data\raw\val\02300_Animalia_Arthropoda_Insecta_Neuroptera_Mantispidae_Dicromantispa_interrupta\52cffb49-d6ba-4996-942c-d88af60e08e8.jpg,102,74,74 81 25 45 100,0.19587451219558716
data\raw\val\02300_Animalia_Arthropoda_Insecta_Neuroptera_Mantispidae_Dicromantispa_interrupta\78fd514d-0055-4623-85e9-6cc606798466.jpg,102,248,248 274 250 81 32,0.25310754776000977
data\raw\val\02300_Animalia_Arthropoda_Insecta_Neuroptera_Mantispidae_Dicromantispa_interrupta\002624f2-7659-4adb-a49d-a0aadcd760a1.jpg,102,74,74 15 28 143 2,0.06826984137296677
data\raw\val\02300_Animalia_Arthropoda_Insecta_Neuroptera_Mantispidae_Dicromantispa_interrupta\35d4e88e-f9cd-4a60-8592-1e93dbbdea0e.jpg,102,74,74 246 73 234 302,0.16965216398239136
data\raw\val\02300_Animalia_Arthropoda_Insecta_Neuroptera_Mantispidae_Dicromantispa_interrupta\d19757a7-480c-45cd-af7f-bef937024705.jpg,102,246,246 137 136 135 275,0.09237096458673477
data\raw\val\02300_Animalia_Arthropoda_Insecta_Neuroptera_Mantispidae_Dicromantispa_interrupta\04f418ce-a79d-4a0d-9959-6ff539f3df49.jpg,102,40,40 438 345 356 460,0.14529992640018463
data\raw\val\02300_Animalia_Arthropoda_Insecta_Neuroptera_Mantispidae_Dicromantispa_interrupta\5a705ec4-3b3b-4a1d-ab51-eef852b2e16d.jpg,102,81,81 123 108 32 83,0.21516670286655426
data\raw\val\02340_Animalia_Arthropoda_Insecta_Odonata_Coenagrionidae_Agriocnemis_femina\e46b2c15-d031-4113-9f6e-52a71f31f3da.jpg,103,302,302 73 305 136 298,0.37612712383270264
data\raw\val\02340_Animalia_Arthropoda_Insecta_Odonata_Coenagrionidae_Agriocnemis_femina\ae294336-1d8c-4062-85ff-418d5e0dc97b.jpg,103,74,74 40 32 73 127,0.20719803869724274
data\raw\val\02340_Animalia_Arthropoda_Insecta_Odonata_Coenagrionidae_Agriocnemis_femina\f0bb629d-a18f-420b-8cfa-ae8764adac4a.jpg,103,313,313 451 311 86 91,0.29450806975364685
data\raw\val\02340_Animalia_Arthropoda_Insecta_Odonata_Coenagrionidae_Agriocnemis_femina\2c0cf081-5417-4e1f-afae-57653336e954.jpg,103,242,242 229 241 70 83,0.05716511234641075
data\raw\val\02340_Animalia_Arthropoda_Insecta_Odonata_Coenagrionidae_Agriocnemis_femina\76505eb5-8218-443b-baf1-2e38818760e5.jpg,103,27,27 28 15 105 30,0.16834522783756256
data\raw\val\02340_Animalia_Arthropoda_Insecta_Odonata_Coenagrionidae_Agriocnemis_femina\c5952133-4393-43eb-9090-d17e396a5463.jpg,103,105,105 114 104 119 115,0.6801218390464783
data\raw\val\02340_Animalia_Arthropoda_Insecta_Odonata_Coenagrionidae_Agriocnemis_femina\1f180615-04f5-450a-83ce-7aba3159a9cf.jpg,103,302,302 234 305 304 492,0.12853482365608215
data\raw\val\02340_Animalia_Arthropoda_Insecta_Odonata_Coenagrionidae_Agriocnemis_femina\df9fc7dc-e72f-4699-b187-1df8b1fdf656.jpg,103,302,302 246 240 136 236,0.1333247721195221
data\raw\val\02340_Animalia_Arthropoda_Insecta_Odonata_Coenagrionidae_Agriocnemis_femina\6d6556c6-1e01-4b00-a4bb-c12ceac66d91.jpg,103,302,302 117 118 136 298,0.11320601403713226
data\raw\val\02340_Animalia_Arthropoda_Insecta_Odonata_Coenagrionidae_Agriocnemis_femina\1478eae5-b542-4b98-87ab-4b591226310d.jpg,103,105,105 104 119 112 103,0.7087793946266174
data\raw\val\02375_Animalia_Arthropoda_Insecta_Odonata_Coenagrionidae_Enallagma_geminatum\dfee5123-16c4-4628-9bcb-8afd98e61c94.jpg,104,105,105 11 91 86 143,0.08450507372617722
data\raw\val\02375_Animalia_Arthropoda_Insecta_Odonata_Coenagrionidae_Enallagma_geminatum\c7483ed7-d1f2-4ade-a844-b936bc05aa49.jpg,104,74,74 25 0 30 80,0.13633063435554504
data\raw\val\02375_Animalia_Arthropoda_Insecta_Odonata_Coenagrionidae_Enallagma_geminatum\87b47c12-efc4-4709-8e98-e41c1510ecbf.jpg,104,256,256 451 134 375 110,0.07950654625892639
data\raw\val\02375_Animalia_Arthropoda_Insecta_Odonata_Coenagrionidae_Enallagma_geminatum\8b8c5941-eba7-41dd-96d8-832891bb019c.jpg,104,74,74 73 40 311 246,0.06406961381435394
data\raw\val\02375_Animalia_Arthropoda_Insecta_Odonata_Coenagrionidae_Enallagma_geminatum\60ed2ed8-08a2-41cd-8648-dc02a547f9ec.jpg,104,105,105 106 104 140 114,0.4271332323551178
data\raw\val\02375_Animalia_Arthropoda_Insecta_Odonata_Coenagrionidae_Enallagma_geminatum\e492b971-d305-4485-b7cf-3db7c288f61a.jpg,104,105,105 104 110 138 112,0.5742113590240479
data\raw\val\02375_Animalia_Arthropoda_Insecta_Odonata_Coenagrionidae_Enallagma_geminatum\8b499312-0ff9-41f6-91ce-a2aa997a2716.jpg,104,110,110 105 104 111 11,0.29129424691200256
data\raw\val\02375_Animalia_Arthropoda_Insecta_Odonata_Coenagrionidae_Enallagma_geminatum\0e423724-7913-4c4a-9882-2f10c946bcb3.jpg,104,110,110 111 30 105 109,0.20674856007099152
data\raw\val\02375_Animalia_Arthropoda_Insecta_Odonata_Coenagrionidae_Enallagma_geminatum\92b0c3de-b5d0-46a5-befa-d7cbe014c0ec.jpg,104,13,13 105 115 30 110,0.4496435225009918
data\raw\val\02375_Animalia_Arthropoda_Insecta_Odonata_Coenagrionidae_Enallagma_geminatum\334b250d-00f5-47c0-a4e6-25826c16bac5.jpg,104,311,311 302 240 304 312,0.34792187809944153
data\raw\val\02385_Animalia_Arthropoda_Insecta_Odonata_Coenagrionidae_Ischnura_denticollis\ca6b7d61-7e2e-4bc0-81b5-f6e4bd9afa7f.jpg,105,13,13 30 302 350 234,0.16968372464179993
data\raw\val\02385_Animalia_Arthropoda_Insecta_Odonata_Coenagrionidae_Ischnura_denticollis\440e1d60-1c49-4461-afdb-d16d53689ab2.jpg,105,105,105 119 145 104 103,0.7702713012695312
data\raw\val\02385_Animalia_Arthropoda_Insecta_Odonata_Coenagrionidae_Ischnura_denticollis\ea01ab0d-0882-4fa6-b2fa-8fb01d6e8036.jpg,105,246,246 105 237 145 238,0.2990048825740814
data\raw\val\02385_Animalia_Arthropoda_Insecta_Odonata_Coenagrionidae_Ischnura_denticollis\e296f6a5-9f61-4072-ae70-787f1241fe12.jpg,105,313,313 442 302 233 136,0.030387192964553833
data\raw\val\02385_Animalia_Arthropoda_Insecta_Odonata_Coenagrionidae_Ischnura_denticollis\090d2346-7214-47d2-ba11-e1ac58f6fd16.jpg,105,32,32 73 27 100 254,0.07138574868440628
data\raw\val\02385_Animalia_Arthropoda_Insecta_Odonata_Coenagrionidae_Ischnura_denticollis\8c35d9a8-306d-41b3-868b-671a47fb77c7.jpg,105,73,73 236 74 246 32,0.07760856300592422
data\raw\val\02385_Animalia_Arthropoda_Insecta_Odonata_Coenagrionidae_Ischnura_denticollis\62b826f1-d567-4b0b-9001-ac47f360f90e.jpg,105,313,313 451 246 442 487,0.13519947230815887
data\raw\val\02385_Animalia_Arthropoda_Insecta_Odonata_Coenagrionidae_Ischnura_denticollis\122b2265-1d24-4066-9865-8c8ca98ab797.jpg,105,105,105 110 302 111 119,0.22758521139621735
data\raw\val\02385_Animalia_Arthropoda_Insecta_Odonata_Coenagrionidae_Ischnura_denticollis\505bef79-3bf2-4175-9007-4310c6f194f3.jpg,105,274,274 136 254 451 132,0.21005043387413025
data\raw\val\02385_Animalia_Arthropoda_Insecta_Odonata_Coenagrionidae_Ischnura_denticollis\2ba9b2dc-3ce0-4423-8701-96a68aeee8f1.jpg,105,104,104 105 106 110 109,0.19203133881092072
data\raw\val\02404_Animalia_Arthropoda_Insecta_Odonata_Cordulegastridae_Cordulegaster_diastatops\42c5439c-9b30-493c-b778-2105b7fd381c.jpg,106,108,108 106 114 115 490,0.10971424728631973
data\raw\val\02404_Animalia_Arthropoda_Insecta_Odonata_Cordulegastridae_Cordulegaster_diastatops\c585ed3d-a7e9-429f-907f-56d6c04ecec3.jpg,106,43,43 106 44 140 93,0.09309040009975433
data\raw\val\02404_Animalia_Arthropoda_Insecta_Odonata_Cordulegastridae_Cordulegaster_diastatops\1b4d76e9-9731-45fb-9bdf-3e3bd402a1e9.jpg,106,119,119 105 120 106 236,0.1368105560541153
data\raw\val\02404_Animalia_Arthropoda_Insecta_Odonata_Cordulegastridae_Cordulegaster_diastatops\a1d82812-a2b6-49ba-bbd5-23f2f242e631.jpg,106,106,106 109 111 110 107,0.45873892307281494
data\raw\val\02404_Animalia_Arthropoda_Insecta_Odonata_Cordulegastridae_Cordulegaster_diastatops\671d10e8-dd3b-43bc-80eb-6d320e7be881.jpg,106,44,44 106 73 114 108,0.07007452845573425
data\raw\val\02404_Animalia_Arthropoda_Insecta_Odonata_Cordulegastridae_Cordulegaster_diastatops\708b90fe-18df-49dd-b098-49774b747d27.jpg,106,106,106 234 114 0 108,0.6503929495811462
data\raw\val\02404_Animalia_Arthropoda_Insecta_Odonata_Cordulegastridae_Cordulegaster_diastatops\3ebbee56-b0e1-4cfe-9571-5f8742c1a75d.jpg,106,106,106 109 110 111 0,0.4083383083343506
data\raw\val\02404_Animalia_Arthropoda_Insecta_Odonata_Cordulegastridae_Cordulegaster_diastatops\0ec3295f-1666-4f86-8bd3-2d4a821841ec.jpg,106,490,490 246 240 492 136,0.06485148519277573
data\raw\val\02404_Animalia_Arthropoda_Insecta_Odonata_Cordulegastridae_Cordulegaster_diastatops\77decaa3-e96d-457a-87db-a421f4b409f0.jpg,106,106,106 109 39 111 110,0.683398962020874
data\raw\val\02404_Animalia_Arthropoda_Insecta_Odonata_Cordulegastridae_Cordulegaster_diastatops\e2360e6c-cb2e-4f95-87db-11a695696d9e.jpg,106,115,115 110 111 106 114,0.20755842328071594
data\raw\val\02408_Animalia_Arthropoda_Insecta_Odonata_Corduliidae_Cordulia_aenea\632b4451-2a29-4f37-b578-c0d305cb1672.jpg,107,107,107 115 114 108 105,0.24654735624790192
data\raw\val\02408_Animalia_Arthropoda_Insecta_Odonata_Corduliidae_Cordulia_aenea\1852c581-125f-4638-ac90-00d4892c3ec9.jpg,107,111,111 25 2 110 107,0.1611236333847046
data\raw\val\02408_Animalia_Arthropoda_Insecta_Odonata_Corduliidae_Cordulia_aenea\e789b29c-7fb5-49e7-91d3-141bcf439082.jpg,107,14,14 311 33 302 40,0.1026197075843811
data\raw\val\02408_Animalia_Arthropoda_Insecta_Odonata_Corduliidae_Cordulia_aenea\63b7d80d-e6e4-44da-b3fd-2e096714e47c.jpg,107,274,274 498 246 476 365,0.08184576034545898
data\raw\val\02408_Animalia_Arthropoda_Insecta_Odonata_Corduliidae_Cordulia_aenea\2de13d1c-05de-4cc9-bc60-c3080e6262f2.jpg,107,302,302 304 417 305 298,0.1095966026186943
data\raw\val\02408_Animalia_Arthropoda_Insecta_Odonata_Corduliidae_Cordulia_aenea\59a0da51-fa85-4e88-9eaf-2ffe81357e09.jpg,107,107,107 106 109 25 115,0.13432742655277252
data\raw\val\02408_Animalia_Arthropoda_Insecta_Odonata_Corduliidae_Cordulia_aenea\bd5b6aee-3dfb-43fc-b904-baf7048a993c.jpg,107,274,274 354 353 246 394,0.19849330186843872
data\raw\val\02408_Animalia_Arthropoda_Insecta_Odonata_Corduliidae_Cordulia_aenea\237e7422-b106-49b8-8a24-f9e6d7746030.jpg,107,256,256 73 246 274 91,0.05704973638057709
data\raw\val\02408_Animalia_Arthropoda_Insecta_Odonata_Corduliidae_Cordulia_aenea\6f1c0326-f084-4d8c-9901-6c300b3522ca.jpg,107,115,115 109 107 25 108,0.4779549241065979
data\raw\val\02408_Animalia_Arthropoda_Insecta_Odonata_Corduliidae_Cordulia_aenea\8a03cad4-31de-464d-856d-951fa514220c.jpg,107,246,246 27 274 73 140,0.12331832945346832
data\raw\val\02414_Animalia_Arthropoda_Insecta_Odonata_Corduliidae_Epitheca_princeps\54c483da-9648-4353-8d49-00732bee70f8.jpg,108,350,350 91 302 476 40,0.07656560838222504
data\raw\val\02414_Animalia_Arthropoda_Insecta_Odonata_Corduliidae_Epitheca_princeps\1c433518-6f62-4bd3-8b2d-71eb987e1ad4.jpg,108,274,274 246 73 354 347,0.07643651217222214
data\raw\val\02414_Animalia_Arthropoda_Insecta_Odonata_Corduliidae_Epitheca_princeps\a0814a47-836e-4617-9a6c-252d2784afc1.jpg,108,27,27 105 25 74 259,0.2186763882637024
data\raw\val\02414_Animalia_Arthropoda_Insecta_Odonata_Corduliidae_Epitheca_princeps\46b96460-f0ed-4d67-a006-39e15711ef46.jpg,108,302,302 229 91 242 82,0.048619143664836884
data\raw\val\02414_Animalia_Arthropoda_Insecta_Odonata_Corduliidae_Epitheca_princeps\d28e0ce1-65c5-4eb0-8332-f5ef4c08ac6b.jpg,108,86,86 356 311 246 345,0.05162423104047775
data\raw\val\02414_Animalia_Arthropoda_Insecta_Odonata_Corduliidae_Epitheca_princeps\08c71ff6-3b13-4010-804c-2f4e9a73d97b.jpg,108,356,356 246 468 460 259,0.08877089619636536
data\raw\val\02414_Animalia_Arthropoda_Insecta_Odonata_Corduliidae_Epitheca_princeps\231bc20b-0a1d-4326-9745-c3f1a6850656.jpg,108,483,483 25 7 353 39,0.05066508799791336
data\raw\val\02414_Animalia_Arthropoda_Insecta_Odonata_Corduliidae_Epitheca_princeps\ce0ec328-981e-4ccb-9234-98003a091c00.jpg,108,345,345 438 320 2 344,0.09709034115076065
data\raw\val\02414_Animalia_Arthropoda_Insecta_Odonata_Corduliidae_Epitheca_princeps\36b1a0fe-0535-4ff0-97c2-48ca47a5f703.jpg,108,97,97 67 70 83 315,0.11355381458997726
data\raw\val\02414_Animalia_Arthropoda_Insecta_Odonata_Corduliidae_Epitheca_princeps\c3e5d728-e9a2-431f-8937-5e024d97c3ea.jpg,108,73,73 428 302 305 78,0.22624404728412628
data\raw\val\02418_Animalia_Arthropoda_Insecta_Odonata_Corduliidae_Somatochlora_tenebrosa\e0e60ff9-60e5-484b-824b-f50c5b37964a.jpg,109,136,136 13 30 176 140,0.03591345623135567
data\raw\val\02418_Animalia_Arthropoda_Insecta_Odonata_Corduliidae_Somatochlora_tenebrosa\464fbbe5-f187-44d0-a60a-a7e8e0332dae.jpg,109,124,124 123 254 145 13,0.14766953885555267
data\raw\val\02418_Animalia_Arthropoda_Insecta_Odonata_Corduliidae_Somatochlora_tenebrosa\2336bb3f-63c6-417d-9b34-a4e3ac3aa9ac.jpg,109,25,25 74 73 300 49,0.1188422441482544
data\raw\val\02418_Animalia_Arthropoda_Insecta_Odonata_Corduliidae_Somatochlora_tenebrosa\1019f607-cdd5-41f5-b419-4e000e96ebd2.jpg,109,124,124 123 13 136 190,0.10303353518247604
data\raw\val\02418_Animalia_Arthropoda_Insecta_Odonata_Corduliidae_Somatochlora_tenebrosa\dc0b37cc-2584-45fa-9834-1de0943c5dfb.jpg,109,109,109 107 115 0 111,0.4006233811378479
data\raw\val\02418_Animalia_Arthropoda_Insecta_Odonata_Corduliidae_Somatochlora_tenebrosa\1007cfe9-989b-407c-b6d4-7e1c4f8cc3f1.jpg,109,25,25 302 33 13 223,0.06844307482242584
data\raw\val\02418_Animalia_Arthropoda_Insecta_Odonata_Corduliidae_Somatochlora_tenebrosa\a0817104-0b7f-4799-86a4-b9b7b005cbbf.jpg,109,106,106 111 109 110 115,0.27440860867500305
data\raw\val\02418_Animalia_Arthropoda_Insecta_Odonata_Corduliidae_Somatochlora_tenebrosa\6722eddf-9a74-4b04-853d-2de8349c510c.jpg,109,110,110 106 111 109 313,0.04417179897427559
data\raw\val\02418_Animalia_Arthropoda_Insecta_Odonata_Corduliidae_Somatochlora_tenebrosa\63a76834-e501-4864-bbb0-759c11aa6786.jpg,109,109,109 106 111 0 115,0.5213614106178284
data\raw\val\02418_Animalia_Arthropoda_Insecta_Odonata_Corduliidae_Somatochlora_tenebrosa\7e51b5ef-a630-442e-84ca-2434d928d3e1.jpg,109,109,109 106 111 115 107,0.5322855114936829
data\raw\val\02424_Animalia_Arthropoda_Insecta_Odonata_Gomphidae_Arigomphus_villosipes\704bdc8d-ccf7-4038-b942-0578b55e054c.jpg,110,25,25 115 111 110 302,0.3538567125797272
data\raw\val\02424_Animalia_Arthropoda_Insecta_Odonata_Gomphidae_Arigomphus_villosipes\29551f19-9278-4ba8-9bbf-124c1e9c3097.jpg,110,302,302 229 428 305 304,0.13015510141849518
data\raw\val\02424_Animalia_Arthropoda_Insecta_Odonata_Gomphidae_Arigomphus_villosipes\85b2ac6b-7a5b-4941-890d-6b3538120871.jpg,110,468,468 313 471 442 315,0.22393058240413666
data\raw\val\02424_Animalia_Arthropoda_Insecta_Odonata_Gomphidae_Arigomphus_villosipes\874e9c67-498d-4239-8139-7b463af045c2.jpg,110,9,9 257 110 10 111,0.38645026087760925
data\raw\val\02424_Animalia_Arthropoda_Insecta_Odonata_Gomphidae_Arigomphus_villosipes\eed1ef8e-2b6a-4f7c-8b57-774832302567.jpg,110,110,110 111 114 106 115,0.23033051192760468
data\raw\val\02424_Animalia_Arthropoda_Insecta_Odonata_Gomphidae_Arigomphus_villosipes\9bac8bb2-206a-496c-894e-2edda5f9ca84.jpg,110,115,115 111 2 110 107,0.5473750233650208
data\raw\val\02424_Animalia_Arthropoda_Insecta_Odonata_Gomphidae_Arigomphus_villosipes\491ef147-1893-43af-80f4-0642562eaafd.jpg,110,74,74 73 98 347 78,0.20706923305988312
data\raw\val\02424_Animalia_Arthropoda_Insecta_Odonata_Gomphidae_Arigomphus_villosipes\964db432-dad3-495c-9c6c-539428955aa7.jpg,110,311,311 356 242 302 438,0.07224109768867493
data\raw\val\02424_Animalia_Arthropoda_Insecta_Odonata_Gomphidae_Arigomphus_villosipes\956b0416-54e0-4ab2-be8d-cd5920c6304f.jpg,110,111,111 91 13 27 302,0.034693799912929535
data\raw\val\02424_Animalia_Arthropoda_Insecta_Odonata_Gomphidae_Arigomphus_villosipes\08e3c49f-d6b0-436d-8eca-a447686a6f74.jpg,110,44,44 25 111 105 115,0.03242048993706703
data\raw\val\02430_Animalia_Arthropoda_Insecta_Odonata_Gomphidae_Gomphurus_vastus\eb39fc61-0924-4d8e-8ec3-7bec73b1f26a.jpg,111,431,431 467 401 400 231,0.1850377470254898
data\raw\val\02430_Animalia_Arthropoda_Insecta_Odonata_Gomphidae_Gomphurus_vastus\d6e06856-1b1e-4b4f-a893-d10d8345fe91.jpg,111,13,13 109 106 11 115,0.28962644934654236
data\raw\val\02430_Animalia_Arthropoda_Insecta_Odonata_Gomphidae_Gomphurus_vastus\2acd2d94-7ad3-49ec-a186-d4171dae113f.jpg,111,106,106 111 109 110 115,0.21118904650211334
data\raw\val\02430_Animalia_Arthropoda_Insecta_Odonata_Gomphidae_Gomphurus_vastus\e7e43d45-1a1a-4490-96c7-8e8ff3e3fe87.jpg,111,110,110 111 115 114 107,0.674620509147644
data\raw\val\02430_Animalia_Arthropoda_Insecta_Odonata_Gomphidae_Gomphurus_vastus\bc386362-7c9f-4288-b310-edb02b428b9d.jpg,111,111,111 110 136 312 132,0.0855366587638855
data\raw\val\02430_Animalia_Arthropoda_Insecta_Odonata_Gomphidae_Gomphurus_vastus\e655f179-46b0-4f22-8375-187400a7fc08.jpg,111,111,111 106 110 109 115,0.2858012020587921
data\raw\val\02430_Animalia_Arthropoda_Insecta_Odonata_Gomphidae_Gomphurus_vastus\5b323b4b-c1db-4477-b196-9d1952abb2ea.jpg,111,120,120 111 106 38 110,0.10586219280958176
data\raw\val\02430_Animalia_Arthropoda_Insecta_Odonata_Gomphidae_Gomphurus_vastus\6481602c-7d11-4d08-a4bb-0f0cda03603f.jpg,111,111,111 106 110 114 115,0.2942666709423065
data\raw\val\02430_Animalia_Arthropoda_Insecta_Odonata_Gomphidae_Gomphurus_vastus\cf27ad91-01ab-42de-889b-092c4875dbf9.jpg,111,106,106 39 111 109 5,0.11574891209602356
data\raw\val\02430_Animalia_Arthropoda_Insecta_Odonata_Gomphidae_Gomphurus_vastus\9fa2c0bc-b67d-4b93-988b-bacdcc3cffce.jpg,111,356,356 246 236 476 228,0.08525192737579346
data\raw\val\02450_Animalia_Arthropoda_Insecta_Odonata_Lestidae_Lestes_alacer\6c43f4d3-629f-471b-9790-66504fa9b215.jpg,112,302,302 428 300 74 305,0.1914636194705963
data\raw\val\02450_Animalia_Arthropoda_Insecta_Odonata_Lestidae_Lestes_alacer\77319206-671f-42d8-a707-3a418bab9cd5.jpg,112,112,112 113 121 105 115,0.37972795963287354
data\raw\val\02450_Animalia_Arthropoda_Insecta_Odonata_Lestidae_Lestes_alacer\d16c02e7-e021-449e-ae67-6b65b23ae717.jpg,112,236,236 451 302 40 356,0.06460244953632355
data\raw\val\02450_Animalia_Arthropoda_Insecta_Odonata_Lestidae_Lestes_alacer\b754f8ae-2881-44f5-ae99-988436548f0c.jpg,112,40,40 102 3 145 236,0.12064038962125778
data\raw\val\02450_Animalia_Arthropoda_Insecta_Odonata_Lestidae_Lestes_alacer\e311a0cd-857d-4521-87c9-96b6ccec1b17.jpg,112,302,302 345 143 438 311,0.21641220152378082
data\raw\val\02450_Animalia_Arthropoda_Insecta_Odonata_Lestidae_Lestes_alacer\f28693cb-b3d5-4ef4-81d5-fe87f3317e42.jpg,112,302,302 25 102 46 56,0.11967122554779053
data\raw\val\02450_Animalia_Arthropoda_Insecta_Odonata_Lestidae_Lestes_alacer\38dc0e54-1247-4c5f-9ebf-25431bc34805.jpg,112,25,25 112 339 8 74,0.14063116908073425
data\raw\val\02450_Animalia_Arthropoda_Insecta_Odonata_Lestidae_Lestes_alacer\be544a72-5514-4636-a3cb-4a8a9f00238d.jpg,112,302,302 491 246 278 305,0.10436271131038666
data\raw\val\02450_Animalia_Arthropoda_Insecta_Odonata_Lestidae_Lestes_alacer\065d0131-6ac3-4d34-8587-cb8ae2a161d2.jpg,112,124,124 131 246 132 134,0.08902648091316223
data\raw\val\02450_Animalia_Arthropoda_Insecta_Odonata_Lestidae_Lestes_alacer\83d9d0e5-d085-45bd-8e07-826c4f41ef42.jpg,112,112,112 105 110 42 52,0.054780263453722
data\raw\val\02458_Animalia_Arthropoda_Insecta_Odonata_Lestidae_Lestes_inaequalis\ad2701f5-9ce0-441f-ba1a-868ebbd0d74a.jpg,113,399,399 268 345 397 302,0.06652741879224777
data\raw\val\02458_Animalia_Arthropoda_Insecta_Odonata_Lestidae_Lestes_inaequalis\ed115567-115f-4612-83e2-f2514e2cacea.jpg,113,25,25 302 236 395 136,0.20134152472019196
data\raw\val\02458_Animalia_Arthropoda_Insecta_Odonata_Lestidae_Lestes_inaequalis\02f244a9-3861-4c62-873e-edfd128cfb48.jpg,113,136,136 278 246 302 305,0.08707508444786072
data\raw\val\02458_Animalia_Arthropoda_Insecta_Odonata_Lestidae_Lestes_inaequalis\e79e1397-8d88-493f-b71a-7ae2dac6dbc6.jpg,113,432,432 302 254 322 74,0.21369190514087677
data\raw\val\02458_Animalia_Arthropoda_Insecta_Odonata_Lestidae_Lestes_inaequalis\0cbede0b-5f38-47ef-9df8-955a3a0d4e4b.jpg,113,302,302 300 305 301 426,0.14534765481948853
data\raw\val\02458_Animalia_Arthropoda_Insecta_Odonata_Lestidae_Lestes_inaequalis\d3023ac3-bd7b-4313-95d2-5e0363b66cbd.jpg,113,302,302 105 345 311 312,0.23428122699260712
data\raw\val\02458_Animalia_Arthropoda_Insecta_Odonata_Lestidae_Lestes_inaequalis\3e0a1423-e105-46d5-9839-6348255017f3.jpg,113,274,274 136 249 135 229,0.09892336279153824
data\raw\val\02458_Animalia_Arthropoda_Insecta_Odonata_Lestidae_Lestes_inaequalis\71d6cd53-4a7a-42b7-b5d6-43ac054463e8.jpg,113,497,497 490 366 498 73,0.09027682989835739
data\raw\val\02458_Animalia_Arthropoda_Insecta_Odonata_Lestidae_Lestes_inaequalis\73a5489a-a7d5-4ca0-8b2f-bc38321b8a89.jpg,113,302,302 136 236 25 229,0.2574025094509125
data\raw\val\02458_Animalia_Arthropoda_Insecta_Odonata_Lestidae_Lestes_inaequalis\f19b7b32-da94-45b8-80b6-0705e22fb0ab.jpg,113,305,305 78 73 139 138,0.044953230768442154
data\raw\val\02501_Animalia_Arthropoda_Insecta_Odonata_Libellulidae_Leucorrhinia_intacta\568dceba-70e0-46ca-8b4b-97897d25c3e0.jpg,114,274,274 49 74 250 114,0.8849052786827087
data\raw\val\02501_Animalia_Arthropoda_Insecta_Odonata_Libellulidae_Leucorrhinia_intacta\dc9b722b-585b-4cf2-9425-1dafb994b2cd.jpg,114,414,414 468 437 74 442,0.08458227664232254
data\raw\val\02501_Animalia_Arthropoda_Insecta_Odonata_Libellulidae_Leucorrhinia_intacta\f1b754af-f5b4-44e9-8740-06c81b99b958.jpg,114,304,304 305 496 428 498,0.1120227798819542
data\raw\val\02501_Animalia_Arthropoda_Insecta_Odonata_Libellulidae_Leucorrhinia_intacta\d90a4af5-639d-49c2-8beb-9648cfdd8f2a.jpg,114,275,275 348 145 246 492,0.1094987690448761
data\raw\val\02501_Animalia_Arthropoda_Insecta_Odonata_Libellulidae_Leucorrhinia_intacta\c664c0c5-e298-4044-a863-6f6c7a9ff858.jpg,114,27,27 423 33 15 105,0.07737850397825241
data\raw\val\02501_Animalia_Arthropoda_Insecta_Odonata_Libellulidae_Leucorrhinia_intacta\dab24015-3e90-47d1-ab0f-61fef1bfc815.jpg,114,302,302 305 304 278 428,0.33217504620552063
data\raw\val\02501_Animalia_Arthropoda_Insecta_Odonata_Libellulidae_Leucorrhinia_intacta\2a05b7ba-8660-41bc-a638-a7dd0272b30d.jpg,114,302,302 305 304 234 345,0.4113728106021881
data\raw\val\02501_Animalia_Arthropoda_Insecta_Odonata_Libellulidae_Leucorrhinia_intacta\60db4e1b-4831-49df-9def-3e019b509108.jpg,114,468,468 9 2 5 127,0.12735773622989655
data\raw\val\02501_Animalia_Arthropoda_Insecta_Odonata_Libellulidae_Leucorrhinia_intacta\05e0e207-9e2e-4793-b872-1f1dc3e77a69.jpg,114,74,74 73 274 49 246,0.2114681899547577
data\raw\val\02501_Animalia_Arthropoda_Insecta_Odonata_Libellulidae_Leucorrhinia_intacta\973f35dc-ae08-4666-b67e-fac76b180f93.jpg,114,115,115 114 111 117 106,0.3654264807701111
data\raw\val\02502_Animalia_Arthropoda_Insecta_Odonata_Libellulidae_Leucorrhinia_proxima\6aaffaab-d0ce-4e4f-a0d0-dd206f39a268.jpg,115,302,302 311 476 91 397,0.04389932006597519
data\raw\val\02502_Animalia_Arthropoda_Insecta_Odonata_Libellulidae_Leucorrhinia_proxima\ee6821f3-38b8-415f-8f35-989bbbe5d5b7.jpg,115,74,74 91 311 14 143,0.1980796754360199
data\raw\val\02502_Animalia_Arthropoda_Insecta_Odonata_Libellulidae_Leucorrhinia_proxima\f05c61f8-07ca-41d9-8053-60d8c28346df.jpg,115,13,13 29 28 124 25,0.2294078767299652
data\raw\val\02502_Animalia_Arthropoda_Insecta_Odonata_Libellulidae_Leucorrhinia_proxima\84622f3c-b90f-4c06-9985-2e0411b5f496.jpg,115,123,123 52 254 246 237,0.04788677766919136
data\raw\val\02502_Animalia_Arthropoda_Insecta_Odonata_Libellulidae_Leucorrhinia_proxima\86e71c95-5e0b-4bc9-be37-7e7f9074d608.jpg,115,388,388 381 305 495 378,0.13589242100715637
data\raw\val\02502_Animalia_Arthropoda_Insecta_Odonata_Libellulidae_Leucorrhinia_proxima\cb78f124-87b4-43cc-9089-37f46279f236.jpg,115,115,115 117 110 116 119,0.38756799697875977
data\raw\val\02502_Animalia_Arthropoda_Insecta_Odonata_Libellulidae_Leucorrhinia_proxima\45260d49-5d06-43c0-ae37-4bc30a7b78b8.jpg,115,74,74 115 117 30 25,0.0808083787560463
data\raw\val\02502_Animalia_Arthropoda_Insecta_Odonata_Libellulidae_Leucorrhinia_proxima\01f15cb8-c814-4f97-9888-fc28bb4f36a8.jpg,115,34,34 32 114 27 33,0.10238480567932129
data\raw\val\02502_Animalia_Arthropoda_Insecta_Odonata_Libellulidae_Leucorrhinia_proxima\cdd39647-deac-4177-827e-d79dcbe534bf.jpg,115,246,246 259 223 302 234,0.28021401166915894
data\raw\val\02502_Animalia_Arthropoda_Insecta_Odonata_Libellulidae_Leucorrhinia_proxima\1a169942-bd47-400b-8155-362721b68069.jpg,115,210,210 468 451 356 246,0.07935449481010437
data\raw\val\02569_Animalia_Arthropoda_Insecta_Odonata_Libellulidae_Sympetrum_obtrusum\8ae04bb3-b13d-4559-b677-6ddd2a52ff84.jpg,116,240,240 40 39 246 234,0.3923780620098114
data\raw\val\02569_Animalia_Arthropoda_Insecta_Odonata_Libellulidae_Sympetrum_obtrusum\24e93d1a-991c-4b9f-91a4-2c27e566eb28.jpg,116,274,274 131 249 132 134,0.2744530141353607
data\raw\val\02569_Animalia_Arthropoda_Insecta_Odonata_Libellulidae_Sympetrum_obtrusum\e173d6aa-adf5-442c-bacf-3e9a950eb5cd.jpg,116,91,91 246 145 428 89,0.22527147829532623
data\raw\val\02569_Animalia_Arthropoda_Insecta_Odonata_Libellulidae_Sympetrum_obtrusum\343acf73-2654-4e8b-8ad7-2e5bb44ca4f2.jpg,116,118,118 117 51 116 246,0.06395277380943298
data\raw\val\02569_Animalia_Arthropoda_Insecta_Odonata_Libellulidae_Sympetrum_obtrusum\d45e8b43-d327-42e5-9825-5fb84acf99a9.jpg,116,311,311 246 451 356 394,0.24739289283752441
data\raw\val\02569_Animalia_Arthropoda_Insecta_Odonata_Libellulidae_Sympetrum_obtrusum\ae67c081-e519-4dc0-8a6b-239835fa1e28.jpg,116,116,116 118 117 145 40,0.12597274780273438
data\raw\val\02569_Animalia_Arthropoda_Insecta_Odonata_Libellulidae_Sympetrum_obtrusum\069e9e82-6ee7-4e8f-947f-4dc725dc9f99.jpg,116,114,114 115 497 28 110,0.22481219470500946
data\raw\val\02569_Animalia_Arthropoda_Insecta_Odonata_Libellulidae_Sympetrum_obtrusum\6f0fec64-57f9-4364-ae65-72acb6ac3e25.jpg,116,259,259 365 73 476 302,0.04868389666080475
data\raw\val\02569_Animalia_Arthropoda_Insecta_Odonata_Libellulidae_Sympetrum_obtrusum\430de389-cd54-4def-b903-258898e4542a.jpg,116,40,40 115 28 116 5,0.06734560430049896
data\raw\val\02569_Animalia_Arthropoda_Insecta_Odonata_Libellulidae_Sympetrum_obtrusum\ff57da09-ea58-47a4-8cf2-e31ffbd9044a.jpg,116,298,298 274 476 73 302,0.6315000653266907
data\raw\val\02581_Animalia_Arthropoda_Insecta_Odonata_Libellulidae_Trithemis_annulata\eb6ff453-b764-4bbc-8c43-3919b3ce863d.jpg,117,246,246 313 91 348 136,0.2469271719455719
data\raw\val\02581_Animalia_Arthropoda_Insecta_Odonata_Libellulidae_Trithemis_annulata\47c3ff9a-58d2-47ff-9f53-bbc39dec0917.jpg,117,33,33 14 51 2 74,0.07656840234994888
data\raw\val\02581_Animalia_Arthropoda_Insecta_Odonata_Libellulidae_Trithemis_annulata\1a000089-eabb-4da9-83c5-fd860f826e7b.jpg,117,246,246 413 91 350 451,0.09582336246967316
data\raw\val\02581_Animalia_Arthropoda_Insecta_Odonata_Libellulidae_Trithemis_annulata\ae1cf67c-347a-4c0b-ac51-69dd1ea69414.jpg,117,246,246 451 313 353 394,0.07711858302354813
data\raw\val\02581_Animalia_Arthropoda_Insecta_Odonata_Libellulidae_Trithemis_annulata\bb729f4e-2647-47a5-9d82-a38525445067.jpg,117,246,246 304 476 240 492,0.13140153884887695
data\raw\val\02581_Animalia_Arthropoda_Insecta_Odonata_Libellulidae_Trithemis_annulata\a48c92e4-5ae3-4263-a6d8-359d625742b9.jpg,117,117,117 118 116 108 114,0.3892674744129181
data\raw\val\02581_Animalia_Arthropoda_Insecta_Odonata_Libellulidae_Trithemis_annulata\51b5ad46-76a5-450b-95f9-d20eac551ed2.jpg,117,117,117 116 118 115 122,0.472265362739563
data\raw\val\02581_Animalia_Arthropoda_Insecta_Odonata_Libellulidae_Trithemis_annulata\ca27b29e-ca3b-4806-86b0-20e5b4002910.jpg,117,236,236 145 228 237 246,0.09226373583078384
data\raw\val\02581_Animalia_Arthropoda_Insecta_Odonata_Libellulidae_Trithemis_annulata\6250cae2-7adb-4011-9aed-4a10044eb17e.jpg,117,356,356 313 345 406 344,0.06970479339361191
data\raw\val\02581_Animalia_Arthropoda_Insecta_Odonata_Libellulidae_Trithemis_annulata\5ee591ad-be8f-4108-9f0f-903e9d383a0c.jpg,117,348,348 275 287 353 354,0.21640047430992126
data\raw\val\02585_Animalia_Arthropoda_Insecta_Odonata_Libellulidae_Trithemis_kirbyi\9e9c3c3e-b2d5-41a2-a669-9883cea70877.jpg,118,74,74 73 476 51 118,0.08407344669103622
data\raw\val\02585_Animalia_Arthropoda_Insecta_Odonata_Libellulidae_Trithemis_kirbyi\e4e5a8bd-557e-4dbf-a302-7bba6bc65859.jpg,118,145,145 118 117 51 102,0.12776149809360504
data\raw\val\02585_Animalia_Arthropoda_Insecta_Odonata_Libellulidae_Trithemis_kirbyi\b469251e-fd6c-461e-ba56-186d2c718607.jpg,118,118,118 117 116 51 353,0.6505407691001892
data\raw\val\02585_Animalia_Arthropoda_Insecta_Odonata_Libellulidae_Trithemis_kirbyi\5a87fe20-54e8-4a83-9420-c40a15b65621.jpg,118,118,118 117 116 102 122,0.4302867352962494
data\raw\val\02585_Animalia_Arthropoda_Insecta_Odonata_Libellulidae_Trithemis_kirbyi\3d7ab930-f5d8-48c4-a4de-5a06ab4cbe6c.jpg,118,246,246 52 242 245 451,0.16393184661865234
data\raw\val\02585_Animalia_Arthropoda_Insecta_Odonata_Libellulidae_Trithemis_kirbyi\22349f7f-1bb2-45ce-b9ea-a6155b7cd264.jpg,118,118,118 51 353 354 124,0.14105573296546936
data\raw\val\02585_Animalia_Arthropoda_Insecta_Odonata_Libellulidae_Trithemis_kirbyi\363d4b77-ffd7-4697-9a28-80bb23e7bea8.jpg,118,74,74 108 117 234 25,0.10119219869375229
data\raw\val\02585_Animalia_Arthropoda_Insecta_Odonata_Libellulidae_Trithemis_kirbyi\b1e99f2b-222c-4fb6-a8d5-a1b1dd48456e.jpg,118,442,442 257 437 438 313,0.1129712387919426
data\raw\val\02585_Animalia_Arthropoda_Insecta_Odonata_Libellulidae_Trithemis_kirbyi\4a45399e-069d-4bae-a22f-ecbeb3544538.jpg,118,124,124 353 40 136 451,0.0479644238948822
data\raw\val\02585_Animalia_Arthropoda_Insecta_Odonata_Libellulidae_Trithemis_kirbyi\7ec00fdf-da2e-4e9d-8084-55ab732f3a7b.jpg,118,118,118 117 102 99 51,0.5607183575630188
data\raw\val\02593_Animalia_Arthropoda_Insecta_Odonata_Platycnemididae_Nososticta_solida\2e43db93-5ee4-43d0-8f91-693f99355da1.jpg,119,242,242 13 223 246 15,0.07880774885416031
data\raw\val\02593_Animalia_Arthropoda_Insecta_Odonata_Platycnemididae_Nososticta_solida\6dd86bd0-36d0-4835-92ec-0e0e45b12784.jpg,119,119,119 105 229 110 104,0.42651820182800293
data\raw\val\02593_Animalia_Arthropoda_Insecta_Odonata_Platycnemididae_Nososticta_solida\748fef49-5d65-401e-baa3-8ffd60a3ead9.jpg,119,119,119 105 40 104 28,0.3109178841114044
data\raw\val\02593_Animalia_Arthropoda_Insecta_Odonata_Platycnemididae_Nososticta_solida\482faedb-9994-43fa-80a1-0a858ffa78cc.jpg,119,236,236 145 136 302 25,0.09497444331645966
data\raw\val\02593_Animalia_Arthropoda_Insecta_Odonata_Platycnemididae_Nososticta_solida\aca8a76a-eb98-4534-96b4-8513b5bf7226.jpg,119,119,119 105 112 117 104,0.9444626569747925
data\raw\val\02593_Animalia_Arthropoda_Insecta_Odonata_Platycnemididae_Nososticta_solida\5ee476d8-890d-4eae-a1f9-2b9b1733cd5f.jpg,119,240,240 234 302 52 246,0.1858433336019516
data\raw\val\02593_Animalia_Arthropoda_Insecta_Odonata_Platycnemididae_Nososticta_solida\68962017-04cd-473a-a91a-33b938a952e5.jpg,119,40,40 313 451 14 38,0.33710727095603943
data\raw\val\02593_Animalia_Arthropoda_Insecta_Odonata_Platycnemididae_Nososticta_solida\c2eafab1-d8ba-41bc-84bd-9567594ead88.jpg,119,29,29 120 14 40 119,0.2897782623767853
data\raw\val\02593_Animalia_Arthropoda_Insecta_Odonata_Platycnemididae_Nososticta_solida\d14de661-f16a-48dc-a72e-c452c4825554.jpg,119,451,451 292 356 375 389,0.27918770909309387
data\raw\val\02593_Animalia_Arthropoda_Insecta_Odonata_Platycnemididae_Nososticta_solida\8018db98-d390-40c6-8bce-6982741353bd.jpg,119,348,348 246 136 216 192,0.04557906463742256
data\raw\val\02661_Animalia_Arthropoda_Insecta_Orthoptera_Romaleidae_Taeniopoda_eques\5ec6d57f-09ea-4d95-9e03-999b21754f74.jpg,120,30,30 11 10 27 15,0.2137065976858139
data\raw\val\02661_Animalia_Arthropoda_Insecta_Orthoptera_Romaleidae_Taeniopoda_eques\96f6ecba-2db5-4113-a5bf-af9230aa34da.jpg,120,74,74 73 302 136 234,0.09705560654401779
data\raw\val\02661_Animalia_Arthropoda_Insecta_Orthoptera_Romaleidae_Taeniopoda_eques\df865107-ebbd-48e4-bcb1-f08180e3845f.jpg,120,27,27 120 239 229 228,0.061570897698402405
data\raw\val\02661_Animalia_Arthropoda_Insecta_Orthoptera_Romaleidae_Taeniopoda_eques\32096599-2f33-408d-819c-1508d6c11680.jpg,120,120,120 38 241 39 93,0.6419461965560913
data\raw\val\02661_Animalia_Arthropoda_Insecta_Orthoptera_Romaleidae_Taeniopoda_eques\31edbe08-167a-4b3d-99b8-e0ff6d0009d4.jpg,120,120,120 30 29 13 122,0.7092960476875305
data\raw\val\02661_Animalia_Arthropoda_Insecta_Orthoptera_Romaleidae_Taeniopoda_eques\a5d6b1ed-c2ec-40dd-95d9-32d70ee0a4c1.jpg,120,11,11 5 2 275 127,0.14485067129135132
data\raw\val\02661_Animalia_Arthropoda_Insecta_Orthoptera_Romaleidae_Taeniopoda_eques\a72ae6c6-c7fb-4fb5-86ff-f5cc4f7248f8.jpg,120,120,120 29 25 302 27,0.17852415144443512
data\raw\val\02661_Animalia_Arthropoda_Insecta_Orthoptera_Romaleidae_Taeniopoda_eques\d4223e51-2d30-45b0-bbe5-444226b39dd5.jpg,120,240,240 350 492 91 351,0.19495463371276855
data\raw\val\02661_Animalia_Arthropoda_Insecta_Orthoptera_Romaleidae_Taeniopoda_eques\bda1a717-51e0-495d-bdd7-6f214d08ff42.jpg,120,14,14 120 13 93 44,0.06975506246089935
data\raw\val\02661_Animalia_Arthropoda_Insecta_Orthoptera_Romaleidae_Taeniopoda_eques\957928cf-2a8c-40ac-8d29-b40e479b7e6d.jpg,120,25,25 120 29 127 111,0.2093299925327301
data\raw\val\02691_Animalia_Arthropoda_Insecta_Orthoptera_Tettigoniidae_Tettigonia_viridissima\4ce7981f-c95b-436b-8087-f49af9b45a0d.jpg,121,302,302 28 274 27 298,0.2562175393104553
data\raw\val\02691_Animalia_Arthropoda_Insecta_Orthoptera_Tettigoniidae_Tettigonia_viridissima\36ca0cd6-43e3-4e15-92cd-34f2acaf4b1f.jpg,121,192,192 187 186 188 191,0.21658873558044434
data\raw\val\02691_Animalia_Arthropoda_Insecta_Orthoptera_Tettigoniidae_Tettigonia_viridissima\093cf266-5fd2-4fe4-8760-a94a1b7ab203.jpg,121,302,302 74 73 240 350,0.2509584426879883
data\raw\val\02691_Animalia_Arthropoda_Insecta_Orthoptera_Tettigoniidae_Tettigonia_viridissima\68468ed1-f11b-4471-93db-7933678f2f7e.jpg,121,302,302 476 345 311 234,0.14189191162586212
data\raw\val\02691_Animalia_Arthropoda_Insecta_Orthoptera_Tettigoniidae_Tettigonia_viridissima\7c5394eb-63aa-4c69-badb-8ea717c714df.jpg,121,99,99 102 302 73 118,0.10058493167161942
data\raw\val\02691_Animalia_Arthropoda_Insecta_Orthoptera_Tettigoniidae_Tettigonia_viridissima\a4722ba3-9a29-4f19-bba8-23abc10db919.jpg,121,72,72 79 100 254 27,0.23894523084163666
data\raw\val\02691_Animalia_Arthropoda_Insecta_Orthoptera_Tettigoniidae_Tettigonia_viridissima\d6d87d5d-38a0-4c18-a2c2-b93053713172.jpg,121,302,302 309 496 305 466,0.07930247485637665
data\raw\val\02691_Animalia_Arthropoda_Insecta_Orthoptera_Tettigoniidae_Tettigonia_viridissima\c252c6dc-378e-49a9-a4ce-d12e40c49ca6.jpg,121,479,479 476 497 493 475,0.2395036816596985
data\raw\val\02691_Animalia_Arthropoda_Insecta_Orthoptera_Tettigoniidae_Tettigonia_viridissima\ea3d41d3-c5f6-4cfe-8f0b-bb1da828055c.jpg,121,25,25 302 395 77 127,0.333457350730896
data\raw\val\02691_Animalia_Arthropoda_Insecta_Orthoptera_Tettigoniidae_Tettigonia_viridissima\48b707e1-151b-41f9-ac2d-95aacadbc7f6.jpg,121,132,132 131 136 302 128,0.29855039715766907
data\raw\val\02692_Animalia_Arthropoda_Insecta_Orthoptera_Trigonidiidae_Phyllopalpus_pulchellus\bb4fa2de-85da-40d4-9e53-9925e81f59e2.jpg,122,2,2 5 74 7 30,0.1107247993350029
data\raw\val\02692_Animalia_Arthropoda_Insecta_Orthoptera_Trigonidiidae_Phyllopalpus_pulchellus\1dc6b7f8-b472-4193-b1c6-dd182d44310a.jpg,122,46,46 39 14 102 100,0.433972030878067
data\raw\val\02692_Animalia_Arthropoda_Insecta_Orthoptera_Trigonidiidae_Phyllopalpus_pulchellus\e646be90-c101-4b01-8587-ad9948b55ebe.jpg,122,100,100 73 74 254 79,0.2844134569168091
data\raw\val\02692_Animalia_Arthropoda_Insecta_Orthoptera_Trigonidiidae_Phyllopalpus_pulchellus\f0559410-292a-4837-91a9-9c58f3485df0.jpg,122,313,313 451 91 394 344,0.27860772609710693
data\raw\val\02692_Animalia_Arthropoda_Insecta_Orthoptera_Trigonidiidae_Phyllopalpus_pulchellus\00084f8a-182d-49e6-a80d-3a47fed0087b.jpg,122,122,122 100 17 87 12,0.14026448130607605
data\raw\val\02692_Animalia_Arthropoda_Insecta_Orthoptera_Trigonidiidae_Phyllopalpus_pulchellus\79389a19-194e-47ef-abfc-4543c28fa9f0.jpg,122,124,124 13 12 249 29,0.6486131548881531
data\raw\val\02692_Animalia_Arthropoda_Insecta_Orthoptera_Trigonidiidae_Phyllopalpus_pulchellus\eaa18346-541c-47af-9283-af353329c36e.jpg,122,74,74 100 73 51 476,0.23601429164409637
data\raw\val\02692_Animalia_Arthropoda_Insecta_Orthoptera_Trigonidiidae_Phyllopalpus_pulchellus\23fab94b-635a-40ca-8b92-156194654db2.jpg,122,26,26 18 122 27 17,0.5592319369316101
data\raw\val\02692_Animalia_Arthropoda_Insecta_Orthoptera_Trigonidiidae_Phyllopalpus_pulchellus\10bdbc59-d2c4-416c-8a13-9099e1995814.jpg,122,240,240 246 234 91 302,0.2450057864189148
data\raw\val\02692_Animalia_Arthropoda_Insecta_Orthoptera_Trigonidiidae_Phyllopalpus_pulchellus\bfa16417-e426-4a4e-8018-3d3d92d146c3.jpg,122,12,12 27 122 100 13,0.2266162931919098
data\raw\val\02704_Animalia_Arthropoda_Malacostraca_Decapoda_Cancridae_Cancer_borealis\1b8a862e-6e5e-4764-b0ae-8c21b35deb0c.jpg,123,350,350 246 344 242 83,0.14156830310821533
data\raw\val\02704_Animalia_Arthropoda_Malacostraca_Decapoda_Cancridae_Cancer_borealis\2b1e98fd-1d46-4973-83f9-92c6aee33706.jpg,123,312,312 257 275 471 366,0.273758202791214
data\raw\val\02704_Animalia_Arthropoda_Malacostraca_Decapoda_Cancridae_Cancer_borealis\710a6423-2079-4011-ab0f-9f217bcc66a3.jpg,123,246,246 350 344 242 354,0.09581032395362854
data\raw\val\02704_Animalia_Arthropoda_Malacostraca_Decapoda_Cancridae_Cancer_borealis\ee3a99bf-2c77-4b2a-a98e-e0efff4d9ced.jpg,123,353,353 354 344 451 246,0.11416789889335632
data\raw\val\02704_Animalia_Arthropoda_Malacostraca_Decapoda_Cancridae_Cancer_borealis\e77270f5-afeb-46c0-ab4f-a5be4b02d4eb.jpg,123,246,246 238 123 237 145,0.07146026194095612
data\raw\val\02704_Animalia_Arthropoda_Malacostraca_Decapoda_Cancridae_Cancer_borealis\4f20ed52-aa03-4bd6-aa63-302ed28169b0.jpg,123,123,123 246 132 255 137,0.08376564830541611
data\raw\val\02704_Animalia_Arthropoda_Malacostraca_Decapoda_Cancridae_Cancer_borealis\7ba289f4-9d47-4937-bed4-0149dad4f1c9.jpg,123,274,274 123 451 246 487,0.11193027347326279
data\raw\val\02704_Animalia_Arthropoda_Malacostraca_Decapoda_Cancridae_Cancer_borealis\34e16521-2bb6-4c0c-a431-97fb00f06a01.jpg,123,268,268 123 83 242 248,0.0874662771821022
data\raw\val\02704_Animalia_Arthropoda_Malacostraca_Decapoda_Cancridae_Cancer_borealis\131f34ce-539a-43a8-a794-97518580807f.jpg,123,274,274 468 246 350 438,0.08341338485479355
data\raw\val\02704_Animalia_Arthropoda_Malacostraca_Decapoda_Cancridae_Cancer_borealis\74e5825d-2434-445f-a9e5-c8d615ada44d.jpg,123,123,123 246 9 62 255,0.30729812383651733
data\raw\val\02712_Animalia_Arthropoda_Malacostraca_Decapoda_Epialtidae_Pugettia_producta\1ba96057-a417-4ee8-bb4e-211fa31fd929.jpg,124,356,356 329 468 471 406,0.05343629792332649
data\raw\val\02712_Animalia_Arthropoda_Malacostraca_Decapoda_Epialtidae_Pugettia_producta\747ae6b9-ae72-4b2d-bd03-72e4dd12a4ef.jpg,124,344,344 406 313 345 143,0.1283024698495865
data\raw\val\02712_Animalia_Arthropoda_Malacostraca_Decapoda_Epialtidae_Pugettia_producta\5965d782-6762-4ea7-8d62-d60f1af69364.jpg,124,249,249 135 245 246 136,0.2685316205024719
data\raw\val\02712_Animalia_Arthropoda_Malacostraca_Decapoda_Epialtidae_Pugettia_producta\edf19fa4-23f9-49b8-b98a-8326f3f4f9c3.jpg,124,249,249 344 234 240 75,0.16646449267864227
data\raw\val\02712_Animalia_Arthropoda_Malacostraca_Decapoda_Epialtidae_Pugettia_producta\8d02525b-0442-4bdd-975a-1bcc0c42cc65.jpg,124,344,344 345 438 406 311,0.4344857633113861
data\raw\val\02712_Animalia_Arthropoda_Malacostraca_Decapoda_Epialtidae_Pugettia_producta\7d9d2fc1-22b9-4a07-a687-297c53ee7b39.jpg,124,246,246 136 259 249 139,0.5917706489562988
data\raw\val\02712_Animalia_Arthropoda_Malacostraca_Decapoda_Epialtidae_Pugettia_producta\ad29f261-e2c4-4462-9817-e5a964e5b3a1.jpg,124,246,246 249 123 124 135,0.6939597725868225
data\raw\val\02712_Animalia_Arthropoda_Malacostraca_Decapoda_Epialtidae_Pugettia_producta\cd0d08da-16f1-41ce-b453-e56702889269.jpg,124,249,249 123 124 276 245,0.7705637216567993
data\raw\val\02712_Animalia_Arthropoda_Malacostraca_Decapoda_Epialtidae_Pugettia_producta\c881999f-d4bf-4e5f-9bd5-0a0040a561ab.jpg,124,246,246 313 394 315 468,0.13883459568023682
data\raw\val\02712_Animalia_Arthropoda_Malacostraca_Decapoda_Epialtidae_Pugettia_producta\235ee060-be34-4960-95ab-16f8852ddc2b.jpg,124,246,246 230 240 257 259,0.20851577818393707
data\raw\val\02721_Animalia_Arthropoda_Malacostraca_Decapoda_Hippidae_Emerita_talpoida\17bdaa2d-fe7f-41c6-bc0a-0d53c9a34cfa.jpg,125,123,123 58 62 52 249,0.1256258636713028
data\raw\val\02721_Animalia_Arthropoda_Malacostraca_Decapoda_Hippidae_Emerita_talpoida\e6daeee7-9e09-40e0-8d24-9001e2e6b036.jpg,125,242,242 274 246 250 255,0.5455392003059387
data\raw\val\02721_Animalia_Arthropoda_Malacostraca_Decapoda_Hippidae_Emerita_talpoida\ee9f26ca-6144-4b3c-8528-eb2bbcd811ba.jpg,125,54,54 58 242 254 49,0.06087593361735344
data\raw\val\02721_Animalia_Arthropoda_Malacostraca_Decapoda_Hippidae_Emerita_talpoida\17c62b49-32ab-40c6-ab9f-7a8c41de29e3.jpg,125,229,229 242 143 240 234,0.2578463852405548
data\raw\val\02721_Animalia_Arthropoda_Malacostraca_Decapoda_Hippidae_Emerita_talpoida\f1ab0e7b-4991-448e-afb3-97a40c1f1294.jpg,125,406,406 468 438 345 437,0.1990845501422882
data\raw\val\02721_Animalia_Arthropoda_Malacostraca_Decapoda_Hippidae_Emerita_talpoida\70075bac-f1d2-46d4-84c5-47c1c336816d.jpg,125,354,354 344 257 350 353,0.20203614234924316
data\raw\val\02721_Animalia_Arthropoda_Malacostraca_Decapoda_Hippidae_Emerita_talpoida\95f5b335-7cd1-4476-8fb9-7bb42a6da0b7.jpg,125,345,345 344 356 406 143,0.11594907939434052
data\raw\val\02721_Animalia_Arthropoda_Malacostraca_Decapoda_Hippidae_Emerita_talpoida\28f30084-8a2b-4538-ab37-d2c14811c8dd.jpg,125,242,242 268 226 243 143,0.16925260424613953
data\raw\val\02721_Animalia_Arthropoda_Malacostraca_Decapoda_Hippidae_Emerita_talpoida\23ac7d23-e5e0-4029-8a66-c4c3992543fe.jpg,125,58,58 52 62 54 98,0.32727503776550293
data\raw\val\02721_Animalia_Arthropoda_Malacostraca_Decapoda_Hippidae_Emerita_talpoida\776bf2ab-8d84-47de-90d2-89ec00477797.jpg,125,123,123 246 54 58 249,0.10112795978784561
data\raw\val\02737_Animalia_Arthropoda_Malacostraca_Decapoda_Portunidae_Arenaeus_cribrarius\f38b71c6-e5f9-43a1-bf47-1b9b9a07f701.jpg,126,246,246 240 91 351 230,0.7797757983207703
data\raw\val\02737_Animalia_Arthropoda_Malacostraca_Decapoda_Portunidae_Arenaeus_cribrarius\5c1c3921-0681-4dc1-830a-5781a850535e.jpg,126,240,240 234 246 350 249,0.06684545427560806
data\raw\val\02737_Animalia_Arthropoda_Malacostraca_Decapoda_Portunidae_Arenaeus_cribrarius\af8ec3f5-8f86-43d2-a3d6-04b3f91cafcd.jpg,126,246,246 278 302 476 350,0.21856606006622314
data\raw\val\02737_Animalia_Arthropoda_Malacostraca_Decapoda_Portunidae_Arenaeus_cribrarius\4723cb35-1f23-4aa5-b33d-e1b39bc9b7c3.jpg,126,74,74 81 302 73 248,0.2122044414281845
data\raw\val\02737_Animalia_Arthropoda_Malacostraca_Decapoda_Portunidae_Arenaeus_cribrarius\76b1af24-9620-4c80-967a-e484b5df3078.jpg,126,313,313 442 437 438 468,0.6610379815101624
data\raw\val\02737_Animalia_Arthropoda_Malacostraca_Decapoda_Portunidae_Arenaeus_cribrarius\630a9e60-b502-4cd4-bd29-fcd18300515d.jpg,126,246,246 230 74 234 143,0.22156208753585815
data\raw\val\02737_Animalia_Arthropoda_Malacostraca_Decapoda_Portunidae_Arenaeus_cribrarius\c04f258c-4bf0-4ea9-b5d6-cdec4e5baac7.jpg,126,246,246 245 123 348 145,0.0773080512881279
data\raw\val\02737_Animalia_Arthropoda_Malacostraca_Decapoda_Portunidae_Arenaeus_cribrarius\a5c5d602-ac1a-44ac-8640-26d137493356.jpg,126,302,302 344 242 311 74,0.1381756216287613
data\raw\val\02737_Animalia_Arthropoda_Malacostraca_Decapoda_Portunidae_Arenaeus_cribrarius\9df85117-bc8d-4949-898b-09be71baade4.jpg,126,242,242 246 313 248 249,0.12044021487236023
data\raw\val\02737_Animalia_Arthropoda_Malacostraca_Decapoda_Portunidae_Arenaeus_cribrarius\556eb44a-6b94-4549-89ca-217e71983f32.jpg,126,246,246 126 123 137 125,0.6971059441566467
data\raw\val\02739_Animalia_Arthropoda_Malacostraca_Decapoda_Sesarmidae_Aratus_pisonii\8a2e85d6-7c7e-4c0f-b067-d0f59a9d6bf9.jpg,127,78,78 302 347 49 348,0.03663071244955063
data\raw\val\02739_Animalia_Arthropoda_Malacostraca_Decapoda_Sesarmidae_Aratus_pisonii\efe5d11e-c877-4e89-b237-c8c318eb6e4b.jpg,127,313,313 30 406 259 13,0.06568999588489532
data\raw\val\02739_Animalia_Arthropoda_Malacostraca_Decapoda_Sesarmidae_Aratus_pisonii\36a2fb87-391e-49ba-b344-fb99e4cd6647.jpg,127,355,355 348 414 468 449,0.075690358877182
data\raw\val\02739_Animalia_Arthropoda_Malacostraca_Decapoda_Sesarmidae_Aratus_pisonii\3c15d503-f6b9-4db3-a56b-4fbd5b1c1d9d.jpg,127,246,246 344 52 240 354,0.1865764707326889
data\raw\val\02739_Animalia_Arthropoda_Malacostraca_Decapoda_Sesarmidae_Aratus_pisonii\2f233598-9d81-4b30-9c5f-e80b58d33190.jpg,127,73,73 136 74 488 274,0.1454058587551117
data\raw\val\02739_Animalia_Arthropoda_Malacostraca_Decapoda_Sesarmidae_Aratus_pisonii\5ed0780d-7bf1-4548-8385-16d981af0d8f.jpg,127,313,313 442 315 451 468,0.4618331491947174
data\raw\val\02739_Animalia_Arthropoda_Malacostraca_Decapoda_Sesarmidae_Aratus_pisonii\ed66df75-bd76-4665-955e-a8b2924a2389.jpg,127,246,246 354 249 353 245,0.1570941060781479
data\raw\val\02739_Animalia_Arthropoda_Malacostraca_Decapoda_Sesarmidae_Aratus_pisonii\4b5050f6-49d0-488d-a515-9d4f8829135d.jpg,127,313,313 442 246 242 344,0.14904196560382843
data\raw\val\02739_Animalia_Arthropoda_Malacostraca_Decapoda_Sesarmidae_Aratus_pisonii\dace3698-d6d4-4b68-be61-7167eeece4bd.jpg,127,356,356 287 431 394 393,0.12858325242996216
data\raw\val\02739_Animalia_Arthropoda_Malacostraca_Decapoda_Sesarmidae_Aratus_pisonii\53840f88-b561-4c62-84a5-c751b547559e.jpg,127,2,2 39 5 40 14,0.21219967305660248
data\raw\val\02769_Animalia_Chordata_Actinopterygii_Cypriniformes_Cyprinidae_Pimephales_notatus\4d524879-1db2-4b9d-a02c-6b464eeab762.jpg,128,145,145 79 77 100 246,0.04850783571600914
data\raw\val\02769_Animalia_Chordata_Actinopterygii_Cypriniformes_Cyprinidae_Pimephales_notatus\9ef2dfb1-5871-467b-9e58-41401bfda903.jpg,128,254,254 130 249 123 132,0.13756489753723145
data\raw\val\02769_Animalia_Chordata_Actinopterygii_Cypriniformes_Cyprinidae_Pimephales_notatus\1d1e6e37-4594-46ea-9131-9f70bbbe8f9a.jpg,128,74,74 73 246 100 259,0.1723293662071228
data\raw\val\02769_Animalia_Chordata_Actinopterygii_Cypriniformes_Cyprinidae_Pimephales_notatus\5ed7b253-2ba4-40d7-9938-5b552360d669.jpg,128,74,74 246 302 345 40,0.10258422791957855
data\raw\val\02769_Animalia_Chordata_Actinopterygii_Cypriniformes_Cyprinidae_Pimephales_notatus\06766b99-ee4a-485e-af41-c8d3111be51b.jpg,128,74,74 242 73 254 229,0.12077593058347702
data\raw\val\02769_Animalia_Chordata_Actinopterygii_Cypriniformes_Cyprinidae_Pimephales_notatus\18920a53-61b9-4d6a-be75-fc1352ac591f.jpg,128,302,302 52 344 311 73,0.05736531317234039
data\raw\val\02769_Animalia_Chordata_Actinopterygii_Cypriniformes_Cyprinidae_Pimephales_notatus\6ce5c7e5-1198-411c-b4c8-14ac8786d867.jpg,128,216,216 136 133 226 246,0.06198975816369057
data\raw\val\02769_Animalia_Chordata_Actinopterygii_Cypriniformes_Cyprinidae_Pimephales_notatus\3754cc24-3de1-40e3-8b21-19f26f389c98.jpg,128,229,229 49 74 302 100,0.04843037948012352
data\raw\val\02769_Animalia_Chordata_Actinopterygii_Cypriniformes_Cyprinidae_Pimephales_notatus\ba14416a-361e-45d9-a3ac-4c176ef91961.jpg,128,254,254 249 232 129 233,0.13006888329982758
data\raw\val\02769_Animalia_Chordata_Actinopterygii_Cypriniformes_Cyprinidae_Pimephales_notatus\081a6889-8f5d-4d58-9a1a-0051a9a65b9d.jpg,128,74,74 246 136 73 52,0.21287937462329865
data\raw\val\02785_Animalia_Chordata_Actinopterygii_Gobiesociformes_Gobiesocidae_Gobiesox_maeandricus\a457aeab-371c-482e-978c-347535f3b314.jpg,129,315,315 468 356 471 313,0.07169122993946075
data\raw\val\02785_Animalia_Chordata_Actinopterygii_Gobiesociformes_Gobiesocidae_Gobiesox_maeandricus\e75aacaf-2c8b-43b3-8436-c7f6ea0d710d.jpg,129,249,249 255 248 246 129,0.15734966099262238
data\raw\val\02785_Animalia_Chordata_Actinopterygii_Gobiesociformes_Gobiesocidae_Gobiesox_maeandricus\b6db49c3-0f22-4ed7-86bc-2ad6e1073ff8.jpg,129,249,249 245 246 248 123,0.26464617252349854
data\raw\val\02785_Animalia_Chordata_Actinopterygii_Gobiesociformes_Gobiesocidae_Gobiesox_maeandricus\fc23344a-7fbd-43c2-a5fc-d51c3a903386.jpg,129,257,257 468 315 329 366,0.29273903369903564
data\raw\val\02785_Animalia_Chordata_Actinopterygii_Gobiesociformes_Gobiesocidae_Gobiesox_maeandricus\e484f148-183b-463a-91e9-0fa3e31149e0.jpg,129,468,468 344 313 438 471,0.14461703598499298
data\raw\val\02785_Animalia_Chordata_Actinopterygii_Gobiesociformes_Gobiesocidae_Gobiesox_maeandricus\b6ecae1f-3846-4959-bbc5-19d43f1641dc.jpg,129,254,254 302 129 234 123,0.03609524294734001
data\raw\val\02785_Animalia_Chordata_Actinopterygii_Gobiesociformes_Gobiesocidae_Gobiesox_maeandricus\75225c7d-20f4-4370-a1be-f48c56dc360c.jpg,129,98,98 58 49 254 73,0.19627021253108978
data\raw\val\02785_Animalia_Chordata_Actinopterygii_Gobiesociformes_Gobiesocidae_Gobiesox_maeandricus\253d3539-2d85-44f8-bb4e-828804769e90.jpg,129,274,274 246 249 255 123,0.1925249844789505
data\raw\val\02785_Animalia_Chordata_Actinopterygii_Gobiesociformes_Gobiesocidae_Gobiesox_maeandricus\5712841a-aeca-4a40-99db-4fc3f9265bf8.jpg,129,230,230 250 234 145 129,0.31732627749443054
data\raw\val\02785_Animalia_Chordata_Actinopterygii_Gobiesociformes_Gobiesocidae_Gobiesox_maeandricus\600cb8fe-e37c-4f85-87e8-b96be67b27ca.jpg,129,246,246 240 274 234 136,0.1885037124156952
data\raw\val\02807_Animalia_Chordata_Actinopterygii_Perciformes_Centrarchidae_Micropterus_dolomieu\5545b309-bc93-4992-864a-63c34bdec66b.jpg,130,254,254 130 123 129 145,0.26657330989837646
data\raw\val\02807_Animalia_Chordata_Actinopterygii_Perciformes_Centrarchidae_Micropterus_dolomieu\5568748a-fb9b-46c6-a065-7c579b81559c.jpg,130,246,246 259 311 190 86,0.08578673005104065
data\raw\val\02807_Animalia_Chordata_Actinopterygii_Perciformes_Centrarchidae_Micropterus_dolomieu\ef2ec774-3f42-4645-876c-ec5dfe7cce59.jpg,130,242,242 240 246 52 234,0.24919536709785461
data\raw\val\02807_Animalia_Chordata_Actinopterygii_Perciformes_Centrarchidae_Micropterus_dolomieu\504da78c-d8e5-4f26-901f-985134355610.jpg,130,356,356 74 259 246 394,0.06486377120018005
data\raw\val\02807_Animalia_Chordata_Actinopterygii_Perciformes_Centrarchidae_Micropterus_dolomieu\d5070417-212c-4aa6-b317-f263bb829772.jpg,130,313,313 344 350 451 406,0.1913997381925583
data\raw\val\02807_Animalia_Chordata_Actinopterygii_Perciformes_Centrarchidae_Micropterus_dolomieu\8b22c472-95b4-478b-9bb8-9f5215e30149.jpg,130,356,356 311 438 246 345,0.08448449522256851
data\raw\val\02807_Animalia_Chordata_Actinopterygii_Perciformes_Centrarchidae_Micropterus_dolomieu\85164417-18f9-4720-9c7d-ae23aab0a0e8.jpg,130,393,393 130 133 74 73,0.05180194601416588
data\raw\val\02807_Animalia_Chordata_Actinopterygii_Perciformes_Centrarchidae_Micropterus_dolomieu\36789f2d-5eae-401a-89b1-f4d3c9a5c86e.jpg,130,246,246 476 350 356 354,0.06648009270429611
data\raw\val\02807_Animalia_Chordata_Actinopterygii_Perciformes_Centrarchidae_Micropterus_dolomieu\83fe6871-5a6d-4814-810c-8db18914f65d.jpg,130,249,249 129 245 234 132,0.19023863971233368
data\raw\val\02807_Animalia_Chordata_Actinopterygii_Perciformes_Centrarchidae_Micropterus_dolomieu\8c8fcfb8-e6db-4683-b1bf-db98ff3a00a4.jpg,130,249,249 395 398 399 396,0.6984779238700867
data\raw\val\02815_Animalia_Chordata_Actinopterygii_Perciformes_Cheilodactylidae_Cheilodactylus_vestitus\0c2a5fef-eeb5-437e-8826-90961df1bcef.jpg,131,131,131 135 249 246 248,0.5983938574790955
data\raw\val\02815_Animalia_Chordata_Actinopterygii_Perciformes_Cheilodactylidae_Cheilodactylus_vestitus\a9dc4758-413e-4876-9535-09851323b975.jpg,131,254,254 131 225 56 124,0.059331491589546204
data\raw\val\02815_Animalia_Chordata_Actinopterygii_Perciformes_Cheilodactylidae_Cheilodactylus_vestitus\e0d5d90b-83ff-4abf-83bf-579e0e045c16.jpg,131,246,246 135 136 274 240,0.40870264172554016
data\raw\val\02815_Animalia_Chordata_Actinopterygii_Perciformes_Cheilodactylidae_Cheilodactylus_vestitus\b84c2f37-2bc4-42f0-969c-9c0c949994f2.jpg,131,131,131 136 225 249 236,0.7759063243865967
data\raw\val\02815_Animalia_Chordata_Actinopterygii_Perciformes_Cheilodactylidae_Cheilodactylus_vestitus\765ec66d-d1c0-4822-9477-c75f4fabb0f9.jpg,131,131,131 136 135 134 124,0.34884583950042725
data\raw\val\02815_Animalia_Chordata_Actinopterygii_Perciformes_Cheilodactylidae_Cheilodactylus_vestitus\b62f56e3-e56a-493c-9614-defc78aa3fb2.jpg,131,73,73 136 52 246 451,0.18526768684387207
data\raw\val\02815_Animalia_Chordata_Actinopterygii_Perciformes_Cheilodactylidae_Cheilodactylus_vestitus\e8b7b4c6-b1a6-4aa1-ae9a-3bcd500eb437.jpg,131,246,246 136 311 442 305,0.2764526605606079
data\raw\val\02815_Animalia_Chordata_Actinopterygii_Perciformes_Cheilodactylidae_Cheilodactylus_vestitus\0b174f75-9188-42dd-9ae3-0fe2d4f1e0c5.jpg,131,356,356 468 313 471 448,0.12940622866153717
data\raw\val\02815_Animalia_Chordata_Actinopterygii_Perciformes_Cheilodactylidae_Cheilodactylus_vestitus\ef1bb632-7b22-4d69-b39c-7d508f589339.jpg,131,356,356 468 471 431 382,0.13112719357013702
data\raw\val\02815_Animalia_Chordata_Actinopterygii_Perciformes_Cheilodactylidae_Cheilodactylus_vestitus\f5713c79-3a05-4bd7-bed5-1a540ae9135b.jpg,131,239,239 226 225 229 254,0.2295963168144226
data\raw\val\02823_Animalia_Chordata_Actinopterygii_Perciformes_Girellidae_Girella_nigricans\b65afe9c-c376-4687-a7b2-0f28fdbb3167.jpg,132,313,313 406 356 438 471,0.6672052145004272
data\raw\val\02823_Animalia_Chordata_Actinopterygii_Perciformes_Girellidae_Girella_nigricans\c89e7641-aab0-4ef0-a8ae-9bbac6febbe5.jpg,132,356,356 246 460 312 143,0.12642361223697662
data\raw\val\02823_Animalia_Chordata_Actinopterygii_Perciformes_Girellidae_Girella_nigricans\604f6699-2385-45c5-ac5c-2438721c4c62.jpg,132,406,406 313 344 345 471,0.1654553860425949
data\raw\val\02823_Animalia_Chordata_Actinopterygii_Perciformes_Girellidae_Girella_nigricans\68066ecf-9e2e-4472-83c0-505d78454f05.jpg,132,313,313 468 356 382 448,0.5866213440895081
data\raw\val\02823_Animalia_Chordata_Actinopterygii_Perciformes_Girellidae_Girella_nigricans\cf222b1b-bc25-407e-8028-3bd7561dcc45.jpg,132,442,442 313 345 468 320,0.2223379760980606
data\raw\val\02823_Animalia_Chordata_Actinopterygii_Perciformes_Girellidae_Girella_nigricans\8d7a913b-5625-47c3-b4b2-3598d0e3fe81.jpg,132,245,245 246 136 242 313,0.07155027985572815
data\raw\val\02823_Animalia_Chordata_Actinopterygii_Perciformes_Girellidae_Girella_nigricans\9a1059f1-1eab-460a-aa88-8c56e04a06c0.jpg,132,320,320 376 386 299 382,0.21339720487594604
data\raw\val\02823_Animalia_Chordata_Actinopterygii_Perciformes_Girellidae_Girella_nigricans\b6b5583d-d44e-4ed0-90e4-42bccf527fcb.jpg,132,356,356 246 313 451 468,0.1450851410627365
data\raw\val\02823_Animalia_Chordata_Actinopterygii_Perciformes_Girellidae_Girella_nigricans\761bcb18-72a8-4412-a22c-8b57e43acc98.jpg,132,313,313 344 350 406 442,0.2266034036874771
data\raw\val\02823_Animalia_Chordata_Actinopterygii_Perciformes_Girellidae_Girella_nigricans\fcc52cb4-7851-4725-89cd-8cecc8855547.jpg,132,468,468 356 313 471 438,0.15544995665550232
data\raw\val\02826_Animalia_Chordata_Actinopterygii_Perciformes_Gobiidae_Neogobius_melanostomus\db513449-a847-493f-98a0-324ea6aaae56.jpg,133,344,344 451 345 406 311,0.15481369197368622
data\raw\val\02826_Animalia_Chordata_Actinopterygii_Perciformes_Gobiidae_Neogobius_melanostomus\62750240-0cfc-48a8-abdd-44237eab76e8.jpg,133,302,302 254 258 476 123,0.06925686448812485
data\raw\val\02826_Animalia_Chordata_Actinopterygii_Perciformes_Gobiidae_Neogobius_melanostomus\0345aef7-d1dc-40b6-bc2a-78164ebce8bb.jpg,133,274,274 451 246 73 375,0.11526582390069962
data\raw\val\02826_Animalia_Chordata_Actinopterygii_Perciformes_Gobiidae_Neogobius_melanostomus\ca9faa6d-3dd9-4d3a-aea1-bcba56e75f77.jpg,133,423,423 476 259 419 432,0.2252100557088852
data\raw\val\02826_Animalia_Chordata_Actinopterygii_Perciformes_Gobiidae_Neogobius_melanostomus\8f42936a-0216-4325-8151-e37865447cc7.jpg,133,226,226 250 248 242 254,0.0953105017542839
data\raw\val\02826_Animalia_Chordata_Actinopterygii_Perciformes_Gobiidae_Neogobius_melanostomus\5fe18394-18b8-4b7f-839c-7e1b8eafc938.jpg,133,246,246 476 259 278 73,0.16754786670207977
data\raw\val\02826_Animalia_Chordata_Actinopterygii_Perciformes_Gobiidae_Neogobius_melanostomus\961c33f4-651d-4d01-aafc-96dd993f6a9a.jpg,133,73,73 246 274 302 74,0.15434151887893677
data\raw\val\02826_Animalia_Chordata_Actinopterygii_Perciformes_Gobiidae_Neogobius_melanostomus\1bb042bc-8fcd-4cbe-8780-e387ec1331a9.jpg,133,242,242 52 246 240 243,0.2550699710845947
data\raw\val\02826_Animalia_Chordata_Actinopterygii_Perciformes_Gobiidae_Neogobius_melanostomus\a1fc306f-31f3-4263-a4ad-71b50c650aea.jpg,133,237,237 145 123 254 124,0.08674048632383347
data\raw\val\02826_Animalia_Chordata_Actinopterygii_Perciformes_Gobiidae_Neogobius_melanostomus\aaf6dd60-37cf-4e2e-b568-8301c27dc9a0.jpg,133,249,249 129 245 130 248,0.32549360394477844
data\raw\val\02843_Animalia_Chordata_Actinopterygii_Perciformes_Labridae_Thalassoma_bifasciatum\ab6e5e87-3e4d-4958-8bbd-4c2f3f6c75e9.jpg,134,344,344 406 313 471 356,0.14863106608390808
data\raw\val\02843_Animalia_Chordata_Actinopterygii_Perciformes_Labridae_Thalassoma_bifasciatum\2b000842-6212-4688-a6f1-3d99dca3b702.jpg,134,350,350 302 242 442 313,0.18114855885505676
data\raw\val\02843_Animalia_Chordata_Actinopterygii_Perciformes_Labridae_Thalassoma_bifasciatum\8f6f326f-3a6e-42d1-9c9a-25de00eed0e8.jpg,134,442,442 313 487 315 350,0.30455902218818665
data\raw\val\02843_Animalia_Chordata_Actinopterygii_Perciformes_Labridae_Thalassoma_bifasciatum\3ff13a99-6051-4c0c-a8db-5d6367ca0b0f.jpg,134,135,135 134 246 136 312,0.46211835741996765
data\raw\val\02843_Animalia_Chordata_Actinopterygii_Perciformes_Labridae_Thalassoma_bifasciatum\e27a904e-4173-4035-8536-bdf0e9ebd6d5.jpg,134,135,135 136 132 246 131,0.094272680580616
data\raw\val\02843_Animalia_Chordata_Actinopterygii_Perciformes_Labridae_Thalassoma_bifasciatum\71062146-eee3-4853-a7e8-fd6c21a26c29.jpg,134,313,313 406 345 438 344,0.422804594039917
data\raw\val\02843_Animalia_Chordata_Actinopterygii_Perciformes_Labridae_Thalassoma_bifasciatum\92325dc5-3b61-4e0f-8458-c8098e003e60.jpg,134,246,246 274 257 255 313,0.18241189420223236
data\raw\val\02843_Animalia_Chordata_Actinopterygii_Perciformes_Labridae_Thalassoma_bifasciatum\daf5d813-6ad0-41b0-ac86-6eff1e1e12e1.jpg,134,344,344 350 313 451 406,0.2312527894973755
data\raw\val\02843_Animalia_Chordata_Actinopterygii_Perciformes_Labridae_Thalassoma_bifasciatum\da977606-0a40-4e49-a595-2b4ae5c9233b.jpg,134,249,249 134 130 245 131,0.21088697016239166
data\raw\val\02843_Animalia_Chordata_Actinopterygii_Perciformes_Labridae_Thalassoma_bifasciatum\987253c2-dd8a-4aa3-a96c-4da4ac0573cb.jpg,134,302,302 234 229 132 304,0.14045216143131256
data\raw\val\02875_Animalia_Chordata_Actinopterygii_Perciformes_Scaridae_Scarus_ghobban\c0aeb43a-d312-42e6-b06f-8e6a67064e21.jpg,135,135,135 134 246 136 137,0.853390097618103
data\raw\val\02875_Animalia_Chordata_Actinopterygii_Perciformes_Scaridae_Scarus_ghobban\81a273ef-41c0-4abc-ba22-d9062da69989.jpg,135,240,240 136 246 313 451,0.13376188278198242
data\raw\val\02875_Animalia_Chordata_Actinopterygii_Perciformes_Scaridae_Scarus_ghobban\e6ec53d2-25d7-422d-9786-8c37f98ccc14.jpg,135,135,135 249 131 134 136,0.43826958537101746
data\raw\val\02875_Animalia_Chordata_Actinopterygii_Perciformes_Scaridae_Scarus_ghobban\ecdf016d-1221-4e6c-a457-f7fd6d907dcf.jpg,135,302,302 309 136 240 320,0.12429256737232208
data\raw\val\02875_Animalia_Chordata_Actinopterygii_Perciformes_Scaridae_Scarus_ghobban\9e146866-5765-4c4d-a1c3-b122c148d672.jpg,135,246,246 245 135 54 123,0.09556786715984344
data\raw\val\02875_Animalia_Chordata_Actinopterygii_Perciformes_Scaridae_Scarus_ghobban\9dafc6c1-ef25-40ed-ab42-80d5c480282f.jpg,135,451,451 313 398 245 401,0.11049140989780426
data\raw\val\02875_Animalia_Chordata_Actinopterygii_Perciformes_Scaridae_Scarus_ghobban\fc3b3236-96e3-43c5-9569-7ef6a81ad123.jpg,135,136,136 135 246 245 132,0.20794150233268738
data\raw\val\02875_Animalia_Chordata_Actinopterygii_Perciformes_Scaridae_Scarus_ghobban\1bdb52b1-c8ed-49cf-89a8-b8e8dffd3caf.jpg,135,313,313 246 442 487 468,0.5688043236732483
data\raw\val\02875_Animalia_Chordata_Actinopterygii_Perciformes_Scaridae_Scarus_ghobban\85c09714-7b02-466c-8226-93cfa6fd036a.jpg,135,135,135 246 245 136 86,0.5278687477111816
data\raw\val\02875_Animalia_Chordata_Actinopterygii_Perciformes_Scaridae_Scarus_ghobban\b1e0ee75-8d26-45f6-a559-737baee823f9.jpg,135,246,246 136 135 274 313,0.2740744352340698
data\raw\val\02915_Animalia_Chordata_Actinopterygii_Syngnathiformes_Aulostomidae_Aulostomus_chinensis\37dc66e8-b87d-4d4f-a12c-d5922564fe5c.jpg,136,302,302 136 234 240 406,0.13322584331035614
data\raw\val\02915_Animalia_Chordata_Actinopterygii_Syngnathiformes_Aulostomidae_Aulostomus_chinensis\af1184c8-e0d8-4595-810f-f306f48175f0.jpg,136,313,313 356 471 468 382,0.22386565804481506
data\raw\val\02915_Animalia_Chordata_Actinopterygii_Syngnathiformes_Aulostomidae_Aulostomus_chinensis\d28652ab-685c-433d-9203-7706c5438314.jpg,136,246,246 240 234 313 487,0.10816828161478043
data\raw\val\02915_Animalia_Chordata_Actinopterygii_Syngnathiformes_Aulostomidae_Aulostomus_chinensis\9f7cf2f0-3879-4829-90c6-6efee1329f1e.jpg,136,136,136 134 135 246 132,0.32563960552215576
data\raw\val\02915_Animalia_Chordata_Actinopterygii_Syngnathiformes_Aulostomidae_Aulostomus_chinensis\ebd45427-8eb2-491a-881f-3da98842b52a.jpg,136,136,136 131 304 240 302,0.7954734563827515
data\raw\val\02915_Animalia_Chordata_Actinopterygii_Syngnathiformes_Aulostomidae_Aulostomus_chinensis\283f080b-6682-4004-b847-84340ddb37f3.jpg,136,246,246 313 356 451 86,0.4967067539691925
data\raw\val\02915_Animalia_Chordata_Actinopterygii_Syngnathiformes_Aulostomidae_Aulostomus_chinensis\540db973-1923-4e8b-87ca-a84bdd347af6.jpg,136,344,344 313 406 356 345,0.29407212138175964
data\raw\val\02915_Animalia_Chordata_Actinopterygii_Syngnathiformes_Aulostomidae_Aulostomus_chinensis\8a84dde4-9297-46b3-b439-2a9c23a74cbc.jpg,136,136,136 131 135 132 134,0.41379696130752563
data\raw\val\02915_Animalia_Chordata_Actinopterygii_Syngnathiformes_Aulostomidae_Aulostomus_chinensis\a8a2832c-2baa-42b9-86ea-0ff15183211d.jpg,136,240,240 246 234 73 302,0.6169179081916809
data\raw\val\02915_Animalia_Chordata_Actinopterygii_Syngnathiformes_Aulostomidae_Aulostomus_chinensis\3a02c1c9-43c2-43c7-a8e4-89b9bd6b3390.jpg,136,234,234 240 302 442 313,0.15892499685287476
data\raw\val\02927_Animalia_Chordata_Actinopterygii_Tetraodontiformes_Diodontidae_Diodon_hystrix\9c330f4e-3550-4fb5-81a3-714cd707c076.jpg,137,246,246 136 249 135 134,0.4116196632385254
data\raw\val\02927_Animalia_Chordata_Actinopterygii_Tetraodontiformes_Diodontidae_Diodon_hystrix\84a4b31b-ef02-4e83-a2d7-5c65fdaa86e2.jpg,137,246,246 136 274 135 240,0.8023515343666077
data\raw\val\02927_Animalia_Chordata_Actinopterygii_Tetraodontiformes_Diodontidae_Diodon_hystrix\84c99c39-3996-4473-b046-97aeb2ec7f8e.jpg,137,313,313 451 246 394 468,0.30422458052635193
data\raw\val\02927_Animalia_Chordata_Actinopterygii_Tetraodontiformes_Diodontidae_Diodon_hystrix\89157283-4285-44ac-852a-6811aa4b447f.jpg,137,344,344 451 406 311 468,0.3080543279647827
data\raw\val\02927_Animalia_Chordata_Actinopterygii_Tetraodontiformes_Diodontidae_Diodon_hystrix\da52ef4f-a1a8-4b96-be19-b7ea2a032f3d.jpg,137,246,246 91 311 240 40,0.42233508825302124
data\raw\val\02927_Animalia_Chordata_Actinopterygii_Tetraodontiformes_Diodontidae_Diodon_hystrix\e5286bd3-fe79-4dde-a749-e48db07a6b63.jpg,137,136,136 246 275 135 406,0.13077595829963684
data\raw\val\02927_Animalia_Chordata_Actinopterygii_Tetraodontiformes_Diodontidae_Diodon_hystrix\8fe7f668-6a1f-4908-816c-ee6c90338edc.jpg,137,406,406 344 345 242 311,0.41226789355278015
data\raw\val\02927_Animalia_Chordata_Actinopterygii_Tetraodontiformes_Diodontidae_Diodon_hystrix\1b73e8aa-f05a-47ec-8fb1-07b81d5b18d4.jpg,137,313,313 382 448 394 431,0.6102789640426636
data\raw\val\02927_Animalia_Chordata_Actinopterygii_Tetraodontiformes_Diodontidae_Diodon_hystrix\7ad2a657-d3c8-41e2-9450-e72e32f0ff35.jpg,137,246,246 136 137 249 274,0.13318732380867004
data\raw\val\02927_Animalia_Chordata_Actinopterygii_Tetraodontiformes_Diodontidae_Diodon_hystrix\f9beff6e-d1df-4ff9-8118-c72e680583fa.jpg,137,313,313 451 406 356 435,0.5678795576095581
data\raw\val\02941_Animalia_Chordata_Amphibia_Anura_Bombinatoridae_Bombina_variegata\da9bd2d0-e8d9-456b-8652-869e395ec70c.jpg,138,344,344 345 406 242 438,0.32147714495658875
data\raw\val\02941_Animalia_Chordata_Amphibia_Anura_Bombinatoridae_Bombina_variegata\97e5d446-3630-467f-803e-dd9ca9f48cc3.jpg,138,246,246 91 350 73 74,0.1345805674791336
data\raw\val\02941_Animalia_Chordata_Amphibia_Anura_Bombinatoridae_Bombina_variegata\0ddc315b-f7f4-4af6-9410-a29cae1aa2f3.jpg,138,329,329 370 257 315 328,0.23055791854858398
data\raw\val\02941_Animalia_Chordata_Amphibia_Anura_Bombinatoridae_Bombina_variegata\82b18a51-0dba-414c-a136-5c8720df225c.jpg,138,313,313 240 234 451 344,0.23882949352264404
data\raw\val\02941_Animalia_Chordata_Amphibia_Anura_Bombinatoridae_Bombina_variegata\340fb7d9-ac68-44c5-ad4f-b25c2d2081af.jpg,138,246,246 274 249 242 243,0.12373901158571243
data\raw\val\02941_Animalia_Chordata_Amphibia_Anura_Bombinatoridae_Bombina_variegata\4ca7aa96-07ab-4c2c-b37e-451d09dce908.jpg,138,350,350 313 246 242 442,0.1302659809589386
data\raw\val\02941_Animalia_Chordata_Amphibia_Anura_Bombinatoridae_Bombina_variegata\4470c81f-b8e9-4376-9edb-277d21c8b42e.jpg,138,313,313 234 406 350 230,0.13314040005207062
data\raw\val\02941_Animalia_Chordata_Amphibia_Anura_Bombinatoridae_Bombina_variegata\e7c0488b-0568-4bbe-8088-3f60af5e184e.jpg,138,355,355 242 442 467 278,0.08318110555410385
data\raw\val\02941_Animalia_Chordata_Amphibia_Anura_Bombinatoridae_Bombina_variegata\083a9df0-c497-4e1c-beac-b2450aab28f4.jpg,138,249,249 246 274 62 245,0.39877861738204956
data\raw\val\02941_Animalia_Chordata_Amphibia_Anura_Bombinatoridae_Bombina_variegata\1dee3689-3c05-49d3-9f84-607c571b15be.jpg,138,344,344 438 350 468 345,0.30676916241645813
data\raw\val\02951_Animalia_Chordata_Amphibia_Anura_Bufonidae_Bufo_bankorensis\4072a828-87e2-4f0b-af48-121199fe9f14.jpg,139,356,356 394 471 246 468,0.106279157102108
data\raw\val\02951_Animalia_Chordata_Amphibia_Anura_Bufonidae_Bufo_bankorensis\37400f40-b575-4edc-9939-1b5a48708c9f.jpg,139,139,139 143 142 246 138,0.585765540599823
data\raw\val\02951_Animalia_Chordata_Amphibia_Anura_Bufonidae_Bufo_bankorensis\ed2d19bf-3404-495d-b5ce-8f31adac919a.jpg,139,73,73 74 246 278 223,0.5684241652488708
data\raw\val\02951_Animalia_Chordata_Amphibia_Anura_Bufonidae_Bufo_bankorensis\a0a7b4eb-adbc-40a3-91c9-955d836e4d90.jpg,139,274,274 312 366 471 492,0.09302147477865219
data\raw\val\02951_Animalia_Chordata_Amphibia_Anura_Bufonidae_Bufo_bankorensis\bcaeec6d-8a5a-4985-9ce3-97e9b55e0e24.jpg,139,249,249 246 230 139 145,0.1500031054019928
data\raw\val\02951_Animalia_Chordata_Amphibia_Anura_Bufonidae_Bufo_bankorensis\aa898f61-6edd-4926-b704-681501998abf.jpg,139,312,312 143 256 492 246,0.6178959608078003
data\raw\val\02951_Animalia_Chordata_Amphibia_Anura_Bufonidae_Bufo_bankorensis\2744a312-d77c-43bb-8add-91ce7939e615.jpg,139,438,438 468 313 406 437,0.3508048951625824
data\raw\val\02951_Animalia_Chordata_Amphibia_Anura_Bufonidae_Bufo_bankorensis\590590fe-b965-4306-8d5b-43c03a3f9d53.jpg,139,442,442 274 366 315 350,0.20859217643737793
data\raw\val\02951_Animalia_Chordata_Amphibia_Anura_Bufonidae_Bufo_bankorensis\c7859afd-b254-48f7-b673-41e27564fccd.jpg,139,246,246 145 249 492 274,0.6590198278427124
data\raw\val\02951_Animalia_Chordata_Amphibia_Anura_Bufonidae_Bufo_bankorensis\96c19e2c-4ab8-4a80-a83a-e537a208f503.jpg,139,246,246 354 135 249 136,0.48855188488960266
data\raw\val\02974_Animalia_Chordata_Amphibia_Anura_Dendrobatidae_Dendrobates_auratus\b82d02b9-8809-4d27-aff4-68f541492447.jpg,140,311,311 302 492 305 275,0.228062704205513
data\raw\val\02974_Animalia_Chordata_Amphibia_Anura_Dendrobatidae_Dendrobates_auratus\f7671b2f-066d-413f-b500-f15adc2fd468.jpg,140,246,246 249 136 145 124,0.042053550481796265
data\raw\val\02974_Animalia_Chordata_Amphibia_Anura_Dendrobatidae_Dendrobates_auratus\aacc11e8-365d-48ed-8dd3-6d3703fad2b9.jpg,140,124,124 13 140 12 127,0.4804513156414032
data\raw\val\02974_Animalia_Chordata_Amphibia_Anura_Dendrobatidae_Dendrobates_auratus\31098f4f-e75c-4250-8981-eb5532476c21.jpg,140,11,11 30 10 13 15,0.5534611940383911
data\raw\val\02974_Animalia_Chordata_Amphibia_Anura_Dendrobatidae_Dendrobates_auratus\6ca2b6b8-5db3-4849-b4a5-e7728401942d.jpg,140,210,210 91 246 93 32,0.1188790500164032
data\raw\val\02974_Animalia_Chordata_Amphibia_Anura_Dendrobatidae_Dendrobates_auratus\61e7fc93-4498-45f8-8e96-24e0d65e0738.jpg,140,131,131 249 246 136 344,0.16103321313858032
data\raw\val\02974_Animalia_Chordata_Amphibia_Anura_Dendrobatidae_Dendrobates_auratus\ff71f734-1ed5-48af-ab1e-c42ae6ef0342.jpg,140,249,249 246 131 274 134,0.16554725170135498
data\raw\val\02974_Animalia_Chordata_Amphibia_Anura_Dendrobatidae_Dendrobates_auratus\c80b3195-788c-46ad-bed8-768db0b13d77.jpg,140,140,140 131 134 253 136,0.22638946771621704
data\raw\val\02974_Animalia_Chordata_Amphibia_Anura_Dendrobatidae_Dendrobates_auratus\932c1b91-2d33-4567-bbdd-00c691b50dcc.jpg,140,492,492 493 140 497 246,0.06797435879707336
data\raw\val\02974_Animalia_Chordata_Amphibia_Anura_Dendrobatidae_Dendrobates_auratus\d1833801-286a-4e90-ae95-850f723a37b5.jpg,140,313,313 246 140 275 492,0.06922485679388046
data\raw\val\02982_Animalia_Chordata_Amphibia_Anura_Hylidae_Boana_rosenbergi\2bab1400-d9a9-43f9-b066-04ae74a2e06c.jpg,141,73,73 32 75 249 74,0.4334472119808197
data\raw\val\02982_Animalia_Chordata_Amphibia_Anura_Hylidae_Boana_rosenbergi\c0fe5e31-16c2-48cb-92a0-dac233a33277.jpg,141,73,73 242 467 125 251,0.04071957617998123
data\raw\val\02982_Animalia_Chordata_Amphibia_Anura_Hylidae_Boana_rosenbergi\f19fcde9-aeab-4ed2-9ee0-b2ca3bc2f788.jpg,141,138,138 139 143 137 136,0.15137110650539398
data\raw\val\02982_Animalia_Chordata_Amphibia_Anura_Hylidae_Boana_rosenbergi\3b2f5c3e-bfbb-4da5-9615-95cef890ddae.jpg,141,143,143 139 141 142 246,0.3540119528770447
data\raw\val\02982_Animalia_Chordata_Amphibia_Anura_Hylidae_Boana_rosenbergi\8340132b-2e41-4a30-a6ef-de802c6bb0f6.jpg,141,139,139 141 143 144 138,0.41224196553230286
data\raw\val\02982_Animalia_Chordata_Amphibia_Anura_Hylidae_Boana_rosenbergi\d954f0bb-9d39-4d10-8b45-371f49cfc8e0.jpg,141,143,143 45 142 83 139,0.2571564018726349
data\raw\val\02982_Animalia_Chordata_Amphibia_Anura_Hylidae_Boana_rosenbergi\75b9531f-772e-461c-9aea-cb2815a784d4.jpg,141,58,58 100 81 74 49,0.05340035632252693
data\raw\val\02982_Animalia_Chordata_Amphibia_Anura_Hylidae_Boana_rosenbergi\f11ada09-2432-41c6-825a-8c6c0ab4d0c4.jpg,141,73,73 249 274 74 81,0.14163176715373993
data\raw\val\02982_Animalia_Chordata_Amphibia_Anura_Hylidae_Boana_rosenbergi\3be6a5b1-615c-450c-8997-8690b359662b.jpg,141,139,139 246 249 492 141,0.42460691928863525
data\raw\val\02982_Animalia_Chordata_Amphibia_Anura_Hylidae_Boana_rosenbergi\46a6b96b-af30-4029-bac8-83cbd864ffcb.jpg,141,141,141 139 246 249 248,0.20484231412410736
data\raw\val\03026_Animalia_Chordata_Amphibia_Anura_Ranidae_Lithobates_blairi\cbb151fc-bbef-4432-a4d6-ee80e448de2e.jpg,142,136,136 98 73 223 135,0.0475129559636116
data\raw\val\03026_Animalia_Chordata_Amphibia_Anura_Ranidae_Lithobates_blairi\d6222c7e-cc7a-428d-9c2c-fcb7ded67871.jpg,142,246,246 73 74 347 136,0.1057029664516449
data\raw\val\03026_Animalia_Chordata_Amphibia_Anura_Ranidae_Lithobates_blairi\fff5fdc4-b3ba-4451-987e-6fdb9b42efde.jpg,142,246,246 89 28 402 139,0.12440824508666992
data\raw\val\03026_Animalia_Chordata_Amphibia_Anura_Ranidae_Lithobates_blairi\e2fce7fb-5e43-45a5-9894-15b8e08fa3c8.jpg,142,438,438 406 424 312 344,0.1456831395626068
data\raw\val\03026_Animalia_Chordata_Amphibia_Anura_Ranidae_Lithobates_blairi\fb468bda-bc6f-4cdd-98ba-798cf9b74f6c.jpg,142,246,246 451 86 313 394,0.2186432182788849
data\raw\val\03026_Animalia_Chordata_Amphibia_Anura_Ranidae_Lithobates_blairi\4df1e2e1-c4eb-4699-b767-627c36b675d4.jpg,142,142,142 143 139 240 234,0.8836556673049927
data\raw\val\03026_Animalia_Chordata_Amphibia_Anura_Ranidae_Lithobates_blairi\60f2f6c2-784a-4c42-8893-41107926f056.jpg,142,246,246 78 275 226 98,0.044173870235681534
data\raw\val\03026_Animalia_Chordata_Amphibia_Anura_Ranidae_Lithobates_blairi\25e7b4bf-c690-4090-9379-bd5173f2a767.jpg,142,73,73 74 142 49 52,0.783807635307312
data\raw\val\03026_Animalia_Chordata_Amphibia_Anura_Ranidae_Lithobates_blairi\e13e4b37-89dc-4c66-bc7e-a3ae3af3938d.jpg,142,302,302 354 28 476 40,0.12474799156188965
data\raw\val\03026_Animalia_Chordata_Amphibia_Anura_Ranidae_Lithobates_blairi\a5a70928-8800-4cf3-8f0d-88750952e7b3.jpg,142,9,9 262 246 139 257,0.10473234206438065
data\raw\val\03038_Animalia_Chordata_Amphibia_Anura_Ranidae_Pelophylax_ridibundus\2517140f-c807-4abf-b8ca-17cb6247840f.jpg,143,311,311 345 302 344 350,0.1249154806137085
data\raw\val\03038_Animalia_Chordata_Amphibia_Anura_Ranidae_Pelophylax_ridibundus\886c4f08-e506-4e38-b768-8b300771d2ee.jpg,143,305,305 302 491 299 304,0.23165465891361237
data\raw\val\03038_Animalia_Chordata_Amphibia_Anura_Ranidae_Pelophylax_ridibundus\98a6887f-ac09-4d96-9211-5ef12f235275.jpg,143,127,127 139 353 223 142,0.06668148934841156
data\raw\val\03038_Animalia_Chordata_Amphibia_Anura_Ranidae_Pelophylax_ridibundus\68890f75-60b5-4d5c-93c0-333fcdb5be1b.jpg,143,139,139 249 246 248 226,0.15990586578845978
data\raw\val\03038_Animalia_Chordata_Amphibia_Anura_Ranidae_Pelophylax_ridibundus\69deaf91-8741-4e83-86bc-270e094be5ed.jpg,143,143,143 139 142 246 144,0.4779820144176483
data\raw\val\03038_Animalia_Chordata_Amphibia_Anura_Ranidae_Pelophylax_ridibundus\4b136ee3-31f8-4231-9e0d-46750196f8d7.jpg,143,249,249 139 138 246 132,0.10240201652050018
data\raw\val\03038_Animalia_Chordata_Amphibia_Anura_Ranidae_Pelophylax_ridibundus\f6177ee1-e9d6-4f3d-b718-fd9b6c057e22.jpg,143,73,73 143 74 98 57,0.5771663784980774
data\raw\val\03038_Animalia_Chordata_Amphibia_Anura_Ranidae_Pelophylax_ridibundus\e40df01c-e37b-4364-82f2-7f87e129586a.jpg,143,305,305 302 301 304 428,0.3516899645328522
data\raw\val\03038_Animalia_Chordata_Amphibia_Anura_Ranidae_Pelophylax_ridibundus\c27db9ee-b968-4c68-baf8-bfd0735dcea2.jpg,143,143,143 144 142 139 226,0.828335702419281
data\raw\val\03038_Animalia_Chordata_Amphibia_Anura_Ranidae_Pelophylax_ridibundus\b1fd3d63-0e6a-4894-bf6d-b29bb607a3af.jpg,143,246,246 366 355 249 274,0.11851947009563446
data\raw\val\03054_Animalia_Chordata_Amphibia_Anura_Scaphiopodidae_Scaphiopus_couchii\cbb66a24-89e4-466c-ad66-96a1d13b3660.jpg,144,344,344 350 246 257 274,0.3068895637989044
data\raw\val\03054_Animalia_Chordata_Amphibia_Anura_Scaphiopodidae_Scaphiopus_couchii\2e0d95d9-f1b1-4e27-a0d7-c0e8802da76e.jpg,144,406,406 438 143 345 350,0.3051450550556183
data\raw\val\03054_Animalia_Chordata_Amphibia_Anura_Scaphiopodidae_Scaphiopus_couchii\7366b0e5-3a50-4665-9423-90e3460c6521.jpg,144,139,139 248 144 83 262,0.15305911004543304
data\raw\val\03054_Animalia_Chordata_Amphibia_Anura_Scaphiopodidae_Scaphiopus_couchii\a910afd3-38e9-413d-9f97-e062b2a776b7.jpg,144,246,246 255 9 257 312,0.39533570408821106
data\raw\val\03054_Animalia_Chordata_Amphibia_Anura_Scaphiopodidae_Scaphiopus_couchii\03564176-999a-4d0d-b6d7-51ee5b6436bb.jpg,144,74,74 73 57 52 240,0.6487528085708618
data\raw\val\03054_Animalia_Chordata_Amphibia_Anura_Scaphiopodidae_Scaphiopus_couchii\0c83e170-51f2-434f-9752-e467e7bb2e91.jpg,144,257,257 487 255 246 315,0.21766215562820435
data\raw\val\03054_Animalia_Chordata_Amphibia_Anura_Scaphiopodidae_Scaphiopus_couchii\5d6292f1-bc08-43a2-b042-2126e19261fd.jpg,144,246,246 139 255 83 129,0.3114173114299774
data\raw\val\03054_Animalia_Chordata_Amphibia_Anura_Scaphiopodidae_Scaphiopus_couchii\9f8ab971-c87f-4ec5-a315-6e7a51673740.jpg,144,313,313 329 451 468 344,0.10700509697198868
data\raw\val\03054_Animalia_Chordata_Amphibia_Anura_Scaphiopodidae_Scaphiopus_couchii\bd626b9d-3ead-40cb-ad58-f39b101a74a6.jpg,144,353,353 257 354 427 124,0.3736262917518616
data\raw\val\03054_Animalia_Chordata_Amphibia_Anura_Scaphiopodidae_Scaphiopus_couchii\8d6acead-77e4-40bd-a646-9b836d1e4da1.jpg,144,246,246 145 230 232 51,0.112641341984272
data\raw\val\03094_Animalia_Chordata_Amphibia_Caudata_Plethodontidae_Plethodon_serratus\537ccb10-6ebf-403b-8500-be2923be8c2f.jpg,145,232,232 229 228 230 235,0.4523010551929474
data\raw\val\03094_Animalia_Chordata_Amphibia_Caudata_Plethodontidae_Plethodon_serratus\287d9858-bdda-43d2-a942-84e311581a92.jpg,145,353,353 348 145 301 124,0.13465793430805206
data\raw\val\03094_Animalia_Chordata_Amphibia_Caudata_Plethodontidae_Plethodon_serratus\c2e2eff3-4b0d-49bd-bfe0-2d17b72175e1.jpg,145,145,145 246 230 249 234,0.6428998708724976
data\raw\val\03094_Animalia_Chordata_Amphibia_Caudata_Plethodontidae_Plethodon_serratus\1e55442a-c9c9-4e2f-a735-c663425d1a72.jpg,145,246,246 492 145 223 136,0.3906559348106384
data\raw\val\03094_Animalia_Chordata_Amphibia_Caudata_Plethodontidae_Plethodon_serratus\4ecb68b9-9dae-41d4-aca2-f7588653d354.jpg,145,145,145 230 232 246 234,0.5287883281707764
data\raw\val\03094_Animalia_Chordata_Amphibia_Caudata_Plethodontidae_Plethodon_serratus\cac8e664-daa4-4152-b70c-9714626b01b3.jpg,145,353,353 354 145 236 287,0.4201821982860565
data\raw\val\03094_Animalia_Chordata_Amphibia_Caudata_Plethodontidae_Plethodon_serratus\e35783f7-e18d-47b2-b63f-6e2be29b57f9.jpg,145,249,249 246 351 234 232,0.08724866807460785
data\raw\val\03094_Animalia_Chordata_Amphibia_Caudata_Plethodontidae_Plethodon_serratus\ef9aa659-e25e-4092-a5dc-8596a1d0cd68.jpg,145,246,246 240 91 229 234,0.18207575380802155
data\raw\val\03094_Animalia_Chordata_Amphibia_Caudata_Plethodontidae_Plethodon_serratus\9f717d3e-6425-41df-bce2-4e2bf8555c9e.jpg,145,145,145 246 245 356 249,0.3383706510066986
data\raw\val\03094_Animalia_Chordata_Amphibia_Caudata_Plethodontidae_Plethodon_serratus\5dcdf2ab-b414-49fa-9037-c40afda4c204.jpg,145,230,230 254 145 229 246,0.14281053841114044
data\raw\val\03135_Animalia_Chordata_Aves_Accipitriformes_Accipitridae_Buteo_swainsoni\93303a29-a94b-48a2-9f39-bc1115bdc2a3.jpg,146,226,226 143 225 32 83,0.35132062435150146
data\raw\val\03135_Animalia_Chordata_Aves_Accipitriformes_Accipitridae_Buteo_swainsoni\207bed70-fd79-4ea3-8283-09fa53dd2b14.jpg,146,350,350 74 274 242 246,0.11838734149932861
data\raw\val\03135_Animalia_Chordata_Aves_Accipitriformes_Accipitridae_Buteo_swainsoni\d2332c16-9e52-44ed-a813-175332f0dfd2.jpg,146,98,98 57 49 51 81,0.38526085019111633
data\raw\val\03135_Animalia_Chordata_Aves_Accipitriformes_Accipitridae_Buteo_swainsoni\968e7ddb-e9ab-4180-9a8c-6d114ca3e299.jpg,146,27,27 15 25 302 32,0.11159972846508026
data\raw\val\03135_Animalia_Chordata_Aves_Accipitriformes_Accipitridae_Buteo_swainsoni\62142206-d523-4f0e-be29-c9d06b387502.jpg,146,74,74 73 256 90 89,0.5643696188926697
data\raw\val\03135_Animalia_Chordata_Aves_Accipitriformes_Accipitridae_Buteo_swainsoni\57316ed4-93ff-4cac-932e-ac6fe5ecd606.jpg,146,242,242 344 345 143 229,0.27369019389152527
data\raw\val\03135_Animalia_Chordata_Aves_Accipitriformes_Accipitridae_Buteo_swainsoni\b741dde2-b145-4f73-881b-fec03ab1467e.jpg,146,98,98 74 52 302 57,0.14704778790473938
data\raw\val\03135_Animalia_Chordata_Aves_Accipitriformes_Accipitridae_Buteo_swainsoni\4c146e8d-16a6-49c7-a041-8b591763457d.jpg,146,27,27 127 2 242 72,0.23981964588165283
data\raw\val\03135_Animalia_Chordata_Aves_Accipitriformes_Accipitridae_Buteo_swainsoni\0050265e-4fba-422b-ae05-e520b883cc8e.jpg,146,98,98 49 74 73 226,0.22423020005226135
data\raw\val\03135_Animalia_Chordata_Aves_Accipitriformes_Accipitridae_Buteo_swainsoni\2e3b2e5d-a2b3-40c0-8ca8-dd81ffb98235.jpg,146,74,74 242 73 269 72,0.1394423097372055
data\raw\val\03147_Animalia_Chordata_Aves_Accipitriformes_Accipitridae_Circus_pygargus\86370773-6ed0-48dd-8929-6ab5e47169c1.jpg,147,414,414 468 320 350 437,0.1250939518213272
data\raw\val\03147_Animalia_Chordata_Aves_Accipitriformes_Accipitridae_Circus_pygargus\4ff7249e-2e8c-4d0d-b281-cfe58d4d448c.jpg,147,344,344 406 345 313 143,0.20313863456249237
data\raw\val\03147_Animalia_Chordata_Aves_Accipitriformes_Accipitridae_Circus_pygargus\79d5a783-8ad7-47dd-84d7-792c8040585c.jpg,147,242,242 344 143 350 345,0.1826094686985016
data\raw\val\03147_Animalia_Chordata_Aves_Accipitriformes_Accipitridae_Circus_pygargus\25d35085-2bf2-4d91-9ced-d6b648708f34.jpg,147,27,27 32 226 143 15,0.1629985272884369
data\raw\val\03147_Animalia_Chordata_Aves_Accipitriformes_Accipitridae_Circus_pygargus\50fdb524-b08f-4534-ae2f-52b266db3f8b.jpg,147,229,229 232 226 81 98,0.05270988494157791
data\raw\val\03147_Animalia_Chordata_Aves_Accipitriformes_Accipitridae_Circus_pygargus\03127c54-c375-4e0f-8edf-9625b218455a.jpg,147,49,49 143 74 32 73,0.09857095777988434
data\raw\val\03147_Animalia_Chordata_Aves_Accipitriformes_Accipitridae_Circus_pygargus\1592b445-92c8-46ce-ad86-27654e92acf0.jpg,147,86,86 344 91 226 292,0.10769269615411758
data\raw\val\03147_Animalia_Chordata_Aves_Accipitriformes_Accipitridae_Circus_pygargus\6576ff78-ffd3-499d-86c1-aae3a4758def.jpg,147,27,27 100 32 127 139,0.375686377286911
data\raw\val\03147_Animalia_Chordata_Aves_Accipitriformes_Accipitridae_Circus_pygargus\a4f26f62-29a0-4372-b59f-87f023c69deb.jpg,147,229,229 27 242 15 74,0.3753160238265991
data\raw\val\03147_Animalia_Chordata_Aves_Accipitriformes_Accipitridae_Circus_pygargus\c5968607-e2b3-4c1d-a4ed-b486b1dcc70f.jpg,147,74,74 100 49 73 250,0.6109392642974854
data\raw\val\03160_Animalia_Chordata_Aves_Accipitriformes_Accipitridae_Haliaeetus_albicilla\bd64a408-8e32-4d29-807a-dd510b993035.jpg,148,246,246 249 274 242 344,0.11705217510461807
data\raw\val\03160_Animalia_Chordata_Aves_Accipitriformes_Accipitridae_Haliaeetus_albicilla\06f7d170-5453-4993-95ec-cc5a4568935b.jpg,148,81,81 49 148 52 98,0.07859573513269424
data\raw\val\03160_Animalia_Chordata_Aves_Accipitriformes_Accipitridae_Haliaeetus_albicilla\11441194-9b21-4426-a02e-8ba7dca1ea9a.jpg,148,234,234 52 240 73 74,0.07101717591285706
data\raw\val\03160_Animalia_Chordata_Aves_Accipitriformes_Accipitridae_Haliaeetus_albicilla\b050c36b-44c0-43c7-a2c3-45f5702d05d7.jpg,148,240,240 57 49 234 52,0.37678220868110657
data\raw\val\03160_Animalia_Chordata_Aves_Accipitriformes_Accipitridae_Haliaeetus_albicilla\f2a3c307-2f4c-4804-bbba-4cbb6ba083f4.jpg,148,242,242 344 345 143 320,0.5369707942008972
data\raw\val\03160_Animalia_Chordata_Aves_Accipitriformes_Accipitridae_Haliaeetus_albicilla\7f02c7c7-b434-4c59-8ff1-7dedca33a057.jpg,148,74,74 127 27 242 72,0.24606521427631378
data\raw\val\03160_Animalia_Chordata_Aves_Accipitriformes_Accipitridae_Haliaeetus_albicilla\789f2781-50ba-49e1-8f3b-fa8bf025df1c.jpg,148,468,468 449 344 313 315,0.04984283074736595
data\raw\val\03160_Animalia_Chordata_Aves_Accipitriformes_Accipitridae_Haliaeetus_albicilla\02394e50-660a-416a-80e7-9e593ce1921f.jpg,148,74,74 17 27 15 49,0.22533291578292847
data\raw\val\03160_Animalia_Chordata_Aves_Accipitriformes_Accipitridae_Haliaeetus_albicilla\0a4b5be7-e0e3-456e-9e19-4bcad5cda14e.jpg,148,242,242 250 241 229 226,0.4002915024757385
data\raw\val\03160_Animalia_Chordata_Aves_Accipitriformes_Accipitridae_Haliaeetus_albicilla\f53843c6-7556-4331-8280-1ccbea0a4899.jpg,148,345,345 242 344 406 302,0.11919043958187103
data\raw\val\03168_Animalia_Chordata_Aves_Accipitriformes_Accipitridae_Ictinia_plumbea\20a56d66-6175-4f73-a332-7fdf606c19ad.jpg,149,398,398 486 396 397 487,0.21983040869235992
data\raw\val\03168_Animalia_Chordata_Aves_Accipitriformes_Accipitridae_Ictinia_plumbea\944bd8a7-16ba-4d58-8e2b-7290b09c20dc.jpg,149,74,74 49 72 32 139,0.08427351713180542
data\raw\val\03168_Animalia_Chordata_Aves_Accipitriformes_Accipitridae_Ictinia_plumbea\6dd45f07-a420-401a-bad9-f1a671c23d44.jpg,149,162,162 233 237 240 234,0.2906215190887451
data\raw\val\03168_Animalia_Chordata_Aves_Accipitriformes_Accipitridae_Ictinia_plumbea\3206bf49-ae3c-45c2-a3f6-96af09d7648f.jpg,149,32,32 74 91 126 27,0.48827487230300903
data\raw\val\03168_Animalia_Chordata_Aves_Accipitriformes_Accipitridae_Ictinia_plumbea\bfabcdfe-39d8-49d0-991c-b8275b5ae1c2.jpg,149,254,254 274 81 74 136,0.2415437549352646
data\raw\val\03168_Animalia_Chordata_Aves_Accipitriformes_Accipitridae_Ictinia_plumbea\b5cde211-f408-43f9-9bab-d11c1161715d.jpg,149,74,74 145 234 229 228,0.04895886778831482
data\raw\val\03168_Animalia_Chordata_Aves_Accipitriformes_Accipitridae_Ictinia_plumbea\eae4416b-6f97-4146-9895-a4968cca3c1c.jpg,149,127,127 33 146 166 176,0.059278663247823715
data\raw\val\03168_Animalia_Chordata_Aves_Accipitriformes_Accipitridae_Ictinia_plumbea\b4bca1fe-6467-4a7b-8366-7890e3471c97.jpg,149,74,74 73 91 98 72,0.530316948890686
data\raw\val\03168_Animalia_Chordata_Aves_Accipitriformes_Accipitridae_Ictinia_plumbea\7c08fa31-f915-4414-ad36-3a15d575acea.jpg,149,229,229 234 242 139 86,0.127482071518898
data\raw\val\03168_Animalia_Chordata_Aves_Accipitriformes_Accipitridae_Ictinia_plumbea\e32c032f-9e97-4568-b47f-bc2e6217c98a.jpg,149,398,398 395 302 52 397,0.09183017164468765
data\raw\val\03200_Animalia_Chordata_Aves_Anseriformes_Anatidae_Anas_gracilis\3da4be70-112c-4d31-8cbd-1ec769cc935b.jpg,150,242,242 240 246 243 241,0.11084358394145966
data\raw\val\03200_Animalia_Chordata_Aves_Anseriformes_Anatidae_Anas_gracilis\1bf2a580-ff39-49f0-a507-d3201f3cf497.jpg,150,240,240 246 234 249 248,0.2609112560749054
data\raw\val\03200_Animalia_Chordata_Aves_Anseriformes_Anatidae_Anas_gracilis\02a99192-97d4-4850-b3ca-597c0ada3794.jpg,150,98,98 150 246 81 216,0.07248146086931229
data\raw\val\03200_Animalia_Chordata_Aves_Anseriformes_Anatidae_Anas_gracilis\8dca27b1-20bd-48e0-9bf6-5f590c82398a.jpg,150,25,25 302 73 77 479,0.32336923480033875
data\raw\val\03200_Animalia_Chordata_Aves_Anseriformes_Anatidae_Anas_gracilis\5764bdd6-e75a-444a-9975-aeaba477f069.jpg,150,344,344 350 313 311 442,0.3857955038547516
data\raw\val\03200_Animalia_Chordata_Aves_Anseriformes_Anatidae_Anas_gracilis\06dab1ab-4587-4917-bde6-1e7dc31fe2a5.jpg,150,240,240 242 226 52 74,0.3416248857975006
data\raw\val\03200_Animalia_Chordata_Aves_Anseriformes_Anatidae_Anas_gracilis\8bf8e12f-6947-45dc-9a1d-aa56d7f7c6f0.jpg,150,240,240 246 74 81 98,0.29221898317337036
data\raw\val\03200_Animalia_Chordata_Aves_Anseriformes_Anatidae_Anas_gracilis\8579eb4f-9721-41ff-90a7-c361ad920810.jpg,150,240,240 91 262 311 472,0.170445516705513
data\raw\val\03200_Animalia_Chordata_Aves_Anseriformes_Anatidae_Anas_gracilis\d2419610-57da-47fa-82d9-67ccfecde860.jpg,150,302,302 74 491 91 345,0.24257799983024597
data\raw\val\03200_Animalia_Chordata_Aves_Anseriformes_Anatidae_Anas_gracilis\390c3a5e-8f9f-4bfc-9804-b937a5f7290f.jpg,150,127,127 142 75 45 126,0.2151237577199936
data\raw\val\03206_Animalia_Chordata_Aves_Anseriformes_Anatidae_Anas_zonorhyncha\2e35ef91-520c-4adf-8158-08f6657c5252.jpg,151,246,246 278 240 223 489,0.11563991010189056
data\raw\val\03206_Animalia_Chordata_Aves_Anseriformes_Anatidae_Anas_zonorhyncha\0f61f959-b737-4856-9134-305efb55c459.jpg,151,350,350 344 451 313 242,0.11078892648220062
data\raw\val\03206_Animalia_Chordata_Aves_Anseriformes_Anatidae_Anas_zonorhyncha\32f4456d-2b78-4fe1-ad22-293afaec542a.jpg,151,74,74 240 52 226 242,0.13934797048568726
data\raw\val\03206_Animalia_Chordata_Aves_Anseriformes_Anatidae_Anas_zonorhyncha\432555c2-807b-4daf-a03e-6c201804cd6b.jpg,151,74,74 73 246 242 240,0.1564950942993164
data\raw\val\03206_Animalia_Chordata_Aves_Anseriformes_Anatidae_Anas_zonorhyncha\b2f85224-2825-4896-83de-2584081f5499.jpg,151,492,492 246 274 489 486,0.12774354219436646
data\raw\val\03206_Animalia_Chordata_Aves_Anseriformes_Anatidae_Anas_zonorhyncha\aece1620-6dbf-42bb-a87f-1544e68ad87c.jpg,151,246,246 240 151 9 162,0.41336268186569214
data\raw\val\03206_Animalia_Chordata_Aves_Anseriformes_Anatidae_Anas_zonorhyncha\da21a087-02af-4201-a368-6751bd04f632.jpg,151,356,356 278 396 483 375,0.0950474664568901
data\raw\val\03206_Animalia_Chordata_Aves_Anseriformes_Anatidae_Anas_zonorhyncha\a04e3429-2eed-4b33-95da-687ac402f42d.jpg,151,302,302 301 305 355 278,0.25642797350883484
data\raw\val\03206_Animalia_Chordata_Aves_Anseriformes_Anatidae_Anas_zonorhyncha\80473fce-2b5c-4548-ada7-777cd1e0e418.jpg,151,246,246 240 151 150 248,0.15633869171142578
data\raw\val\03206_Animalia_Chordata_Aves_Anseriformes_Anatidae_Anas_zonorhyncha\84238ed5-3b93-4695-b102-f6b5b9bfe0ff.jpg,151,240,240 151 150 262 232,0.509125828742981
data\raw\val\03242_Animalia_Chordata_Aves_Anseriformes_Anatidae_Cygnus_cygnus\c29254c7-7400-4b59-af66-ecfc1bc1d2eb.jpg,152,246,246 245 240 249 274,0.4180509150028229
data\raw\val\03242_Animalia_Chordata_Aves_Anseriformes_Anatidae_Cygnus_cygnus\ec24de29-f16e-4369-b4df-85f4227ea74e.jpg,152,152,152 249 292 162 451,0.09674454480409622
data\raw\val\03242_Animalia_Chordata_Aves_Anseriformes_Anatidae_Cygnus_cygnus\371a8609-0831-4f62-bd99-25aabc6b0a7d.jpg,152,313,313 240 234 52 91,0.08947290480136871
data\raw\val\03242_Animalia_Chordata_Aves_Anseriformes_Anatidae_Cygnus_cygnus\a7ede449-a260-462f-a021-03b00fb75c09.jpg,152,344,344 350 345 406 311,0.5382605791091919
data\raw\val\03242_Animalia_Chordata_Aves_Anseriformes_Anatidae_Cygnus_cygnus\bf1d3c63-b04f-46b6-8303-a1ca974300ce.jpg,152,226,226 246 143 242 240,0.14382173120975494
data\raw\val\03242_Animalia_Chordata_Aves_Anseriformes_Anatidae_Cygnus_cygnus\8f6aa3a7-d38f-4a33-9971-8f677501166c.jpg,152,152,152 151 91 329 246,0.0801347866654396
data\raw\val\03242_Animalia_Chordata_Aves_Anseriformes_Anatidae_Cygnus_cygnus\1b05791a-8bf1-47c1-a53b-af182da7c7ec.jpg,152,242,242 91 302 74 311,0.17824342846870422
data\raw\val\03242_Animalia_Chordata_Aves_Anseriformes_Anatidae_Cygnus_cygnus\e48c6c3a-5cce-4031-b164-d77dde2e6006.jpg,152,229,229 83 28 70 82,0.10447654128074646
data\raw\val\03242_Animalia_Chordata_Aves_Anseriformes_Anatidae_Cygnus_cygnus\7ff56262-9dbb-4ce3-97eb-2567f6ffb957.jpg,152,229,229 234 241 240 235,0.5196160674095154
data\raw\val\03242_Animalia_Chordata_Aves_Anseriformes_Anatidae_Cygnus_cygnus\c9066374-da87-46b7-9ede-94d372c15c53.jpg,152,74,74 248 245 246 242,0.06278108060359955
data\raw\val\03297_Animalia_Chordata_Aves_Caprimulgiformes_Podargidae_Podargus_strigoides\337ba8b1-5207-4789-8b38-25e88ac675aa.jpg,153,451,451 375 366 394 356,0.08026954531669617
data\raw\val\03297_Animalia_Chordata_Aves_Caprimulgiformes_Podargidae_Podargus_strigoides\06f90f74-6f31-451d-b335-2261e019c14d.jpg,153,73,73 153 218 98 127,0.2120727002620697
data\raw\val\03297_Animalia_Chordata_Aves_Caprimulgiformes_Podargidae_Podargus_strigoides\677c3d27-e82d-48fd-b9c1-e6c64f1f4078.jpg,153,246,246 259 356 136 468,0.17753183841705322
data\raw\val\03297_Animalia_Chordata_Aves_Caprimulgiformes_Podargidae_Podargus_strigoides\3de34e63-1cb9-4a1f-96f9-f57212d84417.jpg,153,278,278 376 293 356 210,0.1424425095319748
data\raw\val\03297_Animalia_Chordata_Aves_Caprimulgiformes_Podargidae_Podargus_strigoides\fc17808f-9dcf-4e06-9678-0bf0afe92a9b.jpg,153,210,210 191 490 398 293,0.15491273999214172
data\raw\val\03297_Animalia_Chordata_Aves_Caprimulgiformes_Podargidae_Podargus_strigoides\2b910bdb-a0b3-49cc-8d82-71a25997691c.jpg,153,162,162 209 240 153 236,0.302065908908844
data\raw\val\03297_Animalia_Chordata_Aves_Caprimulgiformes_Podargidae_Podargus_strigoides\14693411-e635-4237-b2d8-dea4fd4f9fdb.jpg,153,468,468 356 437 391 438,0.17764538526535034
data\raw\val\03297_Animalia_Chordata_Aves_Caprimulgiformes_Podargidae_Podargus_strigoides\b335f5e6-3f67-4607-8a62-cd02635cb615.jpg,153,73,73 98 49 51 74,0.5365917682647705
data\raw\val\03297_Animalia_Chordata_Aves_Caprimulgiformes_Podargidae_Podargus_strigoides\0024bc5b-c52c-4d72-a3c8-97bee987453a.jpg,153,73,73 246 25 313 259,0.052830230444669724
data\raw\val\03297_Animalia_Chordata_Aves_Caprimulgiformes_Podargidae_Podargus_strigoides\42fa189f-61e3-43f8-8823-cbbbd552d9df.jpg,153,492,492 496 490 73 442,0.17564760148525238
data\raw\val\03341_Animalia_Chordata_Aves_Charadriiformes_Alcidae_Cerorhinca_monocerata\e04048cc-9e6e-4c57-8e65-c169889344ed.jpg,154,311,311 292 356 353 344,0.1139037162065506
data\raw\val\03341_Animalia_Chordata_Aves_Charadriiformes_Alcidae_Cerorhinca_monocerata\325b4a7b-2106-41e4-ba0b-04a774062149.jpg,154,100,100 74 25 127 302,0.2908324897289276
data\raw\val\03341_Animalia_Chordata_Aves_Charadriiformes_Alcidae_Cerorhinca_monocerata\1bfeb5ce-3f60-4132-aef7-30e181c0de6a.jpg,154,100,100 154 98 45 74,0.21275636553764343
data\raw\val\03341_Animalia_Chordata_Aves_Charadriiformes_Alcidae_Cerorhinca_monocerata\215ae68f-3648-49f8-906f-ea7d80ee2712.jpg,154,74,74 100 250 491 489,0.2105792909860611
data\raw\val\03341_Animalia_Chordata_Aves_Charadriiformes_Alcidae_Cerorhinca_monocerata\08ab8c70-59c8-4527-8747-f5d07c429de0.jpg,154,250,250 216 242 154 159,0.21032167971134186
data\raw\val\03341_Animalia_Chordata_Aves_Charadriiformes_Alcidae_Cerorhinca_monocerata\97105fe3-8def-4388-aa48-d5e07fd99c09.jpg,154,74,74 242 226 27 72,0.16320480406284332
data\raw\val\03341_Animalia_Chordata_Aves_Charadriiformes_Alcidae_Cerorhinca_monocerata\aa2fd1ac-41e6-4429-9a61-9b9a4472557b.jpg,154,74,74 242 345 406 311,0.11838008463382721
data\raw\val\03341_Animalia_Chordata_Aves_Charadriiformes_Alcidae_Cerorhinca_monocerata\db2b3ecd-178a-4407-9440-072cc378d1cf.jpg,154,74,74 15 27 250 381,0.11460793763399124
data\raw\val\03341_Animalia_Chordata_Aves_Charadriiformes_Alcidae_Cerorhinca_monocerata\6871f834-e5ed-41bf-920c-d0c19f178c18.jpg,154,100,100 74 98 250 127,0.35260066390037537
data\raw\val\03341_Animalia_Chordata_Aves_Charadriiformes_Alcidae_Cerorhinca_monocerata\a9943838-09f3-4b3b-9714-3f3838c86ec7.jpg,154,249,249 246 490 139 240,0.05372226983308792
data\raw\val\03342_Animalia_Chordata_Aves_Charadriiformes_Alcidae_Fratercula_arctica\3d67e1bc-47e7-4904-8967-fc7160095de3.jpg,155,100,100 151 248 45 75,0.09913980960845947
data\raw\val\03342_Animalia_Chordata_Aves_Charadriiformes_Alcidae_Fratercula_arctica\6752ee6a-9377-44b1-b364-9f0dad9571a1.jpg,155,240,240 242 350 246 243,0.5652897953987122
data\raw\val\03342_Animalia_Chordata_Aves_Charadriiformes_Alcidae_Fratercula_arctica\1b62fa65-64b0-48da-96d9-d78d13506ffd.jpg,155,242,242 248 254 83 268,0.12899108231067657
data\raw\val\03342_Animalia_Chordata_Aves_Charadriiformes_Alcidae_Fratercula_arctica\66346614-d277-4291-8ed8-2ba43a790457.jpg,155,242,242 255 248 245 249,0.15416370332241058
data\raw\val\03342_Animalia_Chordata_Aves_Charadriiformes_Alcidae_Fratercula_arctica\2f0349c4-7a56-4507-bf31-73a701355b88.jpg,155,315,315 468 210 329 471,0.06114500015974045
data\raw\val\03342_Animalia_Chordata_Aves_Charadriiformes_Alcidae_Fratercula_arctica\23625c2f-f3cc-4437-b276-e152f21023ff.jpg,155,311,311 205 357 242 406,0.0899103656411171
data\raw\val\03342_Animalia_Chordata_Aves_Charadriiformes_Alcidae_Fratercula_arctica\1f5bc33d-50be-4b20-a0ad-ef299fd8cdc5.jpg,155,344,344 406 350 313 86,0.3694988191127777
data\raw\val\03342_Animalia_Chordata_Aves_Charadriiformes_Alcidae_Fratercula_arctica\08cdb847-c82b-4fbf-bd5f-3b69e6bb419c.jpg,155,242,242 248 217 255 155,0.10833600908517838
data\raw\val\03342_Animalia_Chordata_Aves_Charadriiformes_Alcidae_Fratercula_arctica\9850e979-e73c-4953-85e1-f91922a35fbd.jpg,155,246,246 249 255 274 242,0.14167426526546478
data\raw\val\03342_Animalia_Chordata_Aves_Charadriiformes_Alcidae_Fratercula_arctica\f3004947-eea1-4e2f-88b2-db9badbed9d1.jpg,155,246,246 9 351 91 492,0.5939701795578003
data\raw\val\03346_Animalia_Chordata_Aves_Charadriiformes_Burhinidae_Burhinus_grallarius\324ac794-aee1-400f-ab0e-159a04c781cc.jpg,156,278,278 226 156 223 225,0.09170950204133987
data\raw\val\03346_Animalia_Chordata_Aves_Charadriiformes_Burhinidae_Burhinus_grallarius\347faeef-4042-478e-84f2-a6544d6ff83a.jpg,156,491,491 305 304 309 281,0.2822806239128113
data\raw\val\03346_Animalia_Chordata_Aves_Charadriiformes_Burhinidae_Burhinus_grallarius\5ae8119a-758f-45ef-9c20-7d4fce7c6415.jpg,156,226,226 242 243 91 381,0.19623444974422455
data\raw\val\03346_Animalia_Chordata_Aves_Charadriiformes_Burhinidae_Burhinus_grallarius\53569351-f0ee-4e4e-a697-8838ce5c4dfb.jpg,156,311,311 489 226 259 223,0.08250150829553604
data\raw\val\03346_Animalia_Chordata_Aves_Charadriiformes_Burhinidae_Burhinus_grallarius\b6efcc1d-77ec-49b8-ba2a-c43d84e06256.jpg,156,159,159 226 162 178 246,0.22028222680091858
data\raw\val\03346_Animalia_Chordata_Aves_Charadriiformes_Burhinidae_Burhinus_grallarius\b6c012a7-8f2a-4516-bcd7-c620fa257b63.jpg,156,156,156 147 162 226 146,0.4923807978630066
data\raw\val\03346_Animalia_Chordata_Aves_Charadriiformes_Burhinidae_Burhinus_grallarius\b0b5f3f5-71d3-445a-b24e-f6a79b69c3ff.jpg,156,156,156 210 270 278 488,0.08448955416679382
data\raw\val\03346_Animalia_Chordata_Aves_Charadriiformes_Burhinidae_Burhinus_grallarius\0752d5ab-f2fd-4c3d-885d-0e362698b253.jpg,156,498,498 490 489 494 497,0.10194087028503418
data\raw\val\03346_Animalia_Chordata_Aves_Charadriiformes_Burhinidae_Burhinus_grallarius\34e97d5e-68cb-426c-af1e-f15ed3d3592a.jpg,156,438,438 344 257 468 366,0.7740193605422974
data\raw\val\03346_Animalia_Chordata_Aves_Charadriiformes_Burhinidae_Burhinus_grallarius\fb0a13a4-ad07-4be2-ad9e-35b020c59db9.jpg,156,240,240 246 91 344 471,0.0652552917599678
data\raw\val\03352_Animalia_Chordata_Aves_Charadriiformes_Charadriidae_Charadrius_hiaticula\4991b00d-6aaa-4487-8b83-eda1f0a330d4.jpg,157,246,246 229 312 311 136,0.10523685067892075
data\raw\val\03352_Animalia_Chordata_Aves_Charadriiformes_Charadriidae_Charadrius_hiaticula\a8afd468-d7e6-40c6-8744-6837b5b0e861.jpg,157,344,344 242 311 406 86,0.10143245756626129
data\raw\val\03352_Animalia_Chordata_Aves_Charadriiformes_Charadriidae_Charadrius_hiaticula\5442fc22-c999-485d-857b-11f55b2ee464.jpg,157,311,311 143 242 312 406,0.16829894483089447
data\raw\val\03352_Animalia_Chordata_Aves_Charadriiformes_Charadriidae_Charadrius_hiaticula\e12b9fa9-8b45-4f58-9766-bdf9319c9505.jpg,157,98,98 255 246 274 155,0.07325859367847443
data\raw\val\03352_Animalia_Chordata_Aves_Charadriiformes_Charadriidae_Charadrius_hiaticula\2bfcb3f0-119b-4b5f-ba72-4647442527e0.jpg,157,74,74 100 73 51 57,0.3480583429336548
data\raw\val\03352_Animalia_Chordata_Aves_Charadriiformes_Charadriidae_Charadrius_hiaticula\8345412a-b849-457b-98bd-5083de1eb6db.jpg,157,344,344 35 15 18 23,0.1584937870502472
data\raw\val\03352_Animalia_Chordata_Aves_Charadriiformes_Charadriidae_Charadrius_hiaticula\d7169000-d23d-4e0f-b69c-ff57af7241dc.jpg,157,32,32 35 51 381 27,0.21698717772960663
data\raw\val\03352_Animalia_Chordata_Aves_Charadriiformes_Charadriidae_Charadrius_hiaticula\3a9119cb-b1b4-4c42-85dd-1f2d0b5b3d5e.jpg,157,74,74 27 32 2 5,0.19261591136455536
data\raw\val\03352_Animalia_Chordata_Aves_Charadriiformes_Charadriidae_Charadrius_hiaticula\9a0d3d42-0f51-4dea-96a3-c8c26cf03b6d.jpg,157,240,240 242 406 344 246,0.08570641279220581
data\raw\val\03352_Animalia_Chordata_Aves_Charadriiformes_Charadriidae_Charadrius_hiaticula\54dd4a3f-885c-49a5-adcb-d48ce2894339.jpg,157,255,255 246 155 248 249,0.09225301444530487
data\raw\val\03402_Animalia_Chordata_Aves_Charadriiformes_Laridae_Chroicocephalus_ridibundus\b3530d17-727e-4764-95b1-ad381c33c92b.jpg,158,242,242 345 438 143 40,0.1778917759656906
data\raw\val\03402_Animalia_Chordata_Aves_Charadriiformes_Laridae_Chroicocephalus_ridibundus\86d223d3-23ed-46eb-a051-9a14d2687427.jpg,158,100,100 74 159 98 57,0.15640000998973846
data\raw\val\03402_Animalia_Chordata_Aves_Charadriiformes_Laridae_Chroicocephalus_ridibundus\6023e79c-3da4-42d0-b709-c4df79138a40.jpg,158,311,311 357 472 482 478,0.6579470634460449
data\raw\val\03402_Animalia_Chordata_Aves_Charadriiformes_Laridae_Chroicocephalus_ridibundus\9953c5b8-fcc6-40cb-9389-411c7cb32fac.jpg,158,344,344 345 438 143 74,0.2111833691596985
data\raw\val\03402_Animalia_Chordata_Aves_Charadriiformes_Laridae_Chroicocephalus_ridibundus\bcbae826-c16d-4097-b7b0-3d192f957fa9.jpg,158,302,302 242 451 471 240,0.1275498867034912
data\raw\val\03402_Animalia_Chordata_Aves_Charadriiformes_Laridae_Chroicocephalus_ridibundus\724adb40-b05d-4b6c-994c-52cde5bc1145.jpg,158,274,274 150 151 246 163,0.057593464851379395
data\raw\val\03402_Animalia_Chordata_Aves_Charadriiformes_Laridae_Chroicocephalus_ridibundus\2e19e6ad-0961-4acb-a354-29cc7a92ce4f.jpg,158,241,241 70 55 242 83,0.1570838838815689
data\raw\val\03402_Animalia_Chordata_Aves_Charadriiformes_Laridae_Chroicocephalus_ridibundus\5393aed5-9960-4106-8604-af7f658cbd97.jpg,158,246,246 274 9 242 248,0.22969850897789001
data\raw\val\03402_Animalia_Chordata_Aves_Charadriiformes_Laridae_Chroicocephalus_ridibundus\65bad439-1763-46d8-9b27-3245f81653b0.jpg,158,73,73 52 74 234 242,0.12684884667396545
data\raw\val\03402_Animalia_Chordata_Aves_Charadriiformes_Laridae_Chroicocephalus_ridibundus\185f5d68-7b6e-4f76-9f76-1e975891079d.jpg,158,226,226 159 242 143 32,0.07899999618530273
data\raw\val\03479_Animalia_Chordata_Aves_Charadriiformes_Scolopacidae_Numenius_americanus\193eea0e-e6cb-4de9-8c26-3fb0c437a91b.jpg,159,229,229 302 242 234 240,0.21503113210201263
data\raw\val\03479_Animalia_Chordata_Aves_Charadriiformes_Scolopacidae_Numenius_americanus\14e36164-b940-43e0-adb8-9d077e17bad6.jpg,159,242,242 143 91 345 442,0.47676339745521545
data\raw\val\03479_Animalia_Chordata_Aves_Charadriiformes_Scolopacidae_Numenius_americanus\1f97c733-7b79-4474-a04d-8d7cd292cdc6.jpg,159,242,242 345 30 302 27,0.10838816314935684
data\raw\val\03479_Animalia_Chordata_Aves_Charadriiformes_Scolopacidae_Numenius_americanus\7126ae70-3b02-4581-a4a0-c836c5314ab7.jpg,159,81,81 89 139 74 226,0.2751387655735016
data\raw\val\03479_Animalia_Chordata_Aves_Charadriiformes_Scolopacidae_Numenius_americanus\cc73709b-073f-4780-bc45-d4a726e5f502.jpg,159,74,74 52 240 246 73,0.16306322813034058
data\raw\val\03479_Animalia_Chordata_Aves_Charadriiformes_Scolopacidae_Numenius_americanus\9e147d9c-2e2c-4bc3-a614-233ddb69dc1d.jpg,159,229,229 72 74 241 234,0.09671575576066971
data\raw\val\03479_Animalia_Chordata_Aves_Charadriiformes_Scolopacidae_Numenius_americanus\1422b015-1e43-4e65-b21f-e43953a1a158.jpg,159,74,74 100 73 14 5,0.5702341198921204
data\raw\val\03479_Animalia_Chordata_Aves_Charadriiformes_Scolopacidae_Numenius_americanus\53d69bc3-c067-48f6-b85a-346c09123aad.jpg,159,159,159 226 178 91 32,0.7652136087417603
data\raw\val\03479_Animalia_Chordata_Aves_Charadriiformes_Scolopacidae_Numenius_americanus\19a65058-9906-4ca5-8549-2bd9c3d71406.jpg,159,312,312 311 143 242 302,0.18582308292388916
data\raw\val\03479_Animalia_Chordata_Aves_Charadriiformes_Scolopacidae_Numenius_americanus\d0c93bbb-933e-4ae9-840b-4fbc9686e638.jpg,159,495,495 406 311 482 278,0.06449291855096817
data\raw\val\03502_Animalia_Chordata_Aves_Ciconiiformes_Ciconiidae_Ciconia_ciconia\5e82d9f9-f628-4cc8-a17b-a645f66d81ba.jpg,160,240,240 262 242 226 268,0.15894362330436707
data\raw\val\03502_Animalia_Chordata_Aves_Ciconiiformes_Ciconiidae_Ciconia_ciconia\9c11480a-bc4b-4a3c-b408-ebafcf4c40e9.jpg,160,406,406 311 345 424 86,0.19125321507453918
data\raw\val\03502_Animalia_Chordata_Aves_Ciconiiformes_Ciconiidae_Ciconia_ciconia\53fdc7d0-cdbc-4f3b-9a23-4ba8565013c9.jpg,160,73,73 274 74 269 40,0.14456363022327423
data\raw\val\03502_Animalia_Chordata_Aves_Ciconiiformes_Ciconiidae_Ciconia_ciconia\d2d8411e-d961-4850-b017-531bed1342f1.jpg,160,350,350 246 240 91 344,0.08609689027070999
data\raw\val\03502_Animalia_Chordata_Aves_Ciconiiformes_Ciconiidae_Ciconia_ciconia\463a06e4-2cea-4196-bc4e-710ae49a22ee.jpg,160,51,51 146 178 162 73,0.1405382752418518
data\raw\val\03502_Animalia_Chordata_Aves_Ciconiiformes_Ciconiidae_Ciconia_ciconia\589df228-184b-40cc-9037-ad1cb0c1c57b.jpg,160,242,242 226 250 240 243,0.16171999275684357
data\raw\val\03502_Animalia_Chordata_Aves_Ciconiiformes_Ciconiidae_Ciconia_ciconia\d01676e9-1bf0-4460-a5ed-712929e51669.jpg,160,143,143 406 345 311 226,0.18170922994613647
data\raw\val\03502_Animalia_Chordata_Aves_Ciconiiformes_Ciconiidae_Ciconia_ciconia\12487737-1a54-4dc0-8bff-3a63e4e4eeea.jpg,160,91,91 451 313 442 246,0.11528198421001434
data\raw\val\03502_Animalia_Chordata_Aves_Ciconiiformes_Ciconiidae_Ciconia_ciconia\5664255e-c4a6-41ac-bc4e-1953c0720271.jpg,160,311,311 17 14 74 23,0.10963189601898193
data\raw\val\03502_Animalia_Chordata_Aves_Ciconiiformes_Ciconiidae_Ciconia_ciconia\5b6620c5-94cf-45a0-b6f4-d07ea79bfbab.jpg,160,91,91 14 74 350 242,0.1657591611146927
data\raw\val\03534_Animalia_Chordata_Aves_Columbiformes_Columbidae_Streptopelia_capicola\a26cbc13-2451-40ed-9291-4f1bda1be7b1.jpg,161,123,123 139 216 248 242,0.24586601555347443
data\raw\val\03534_Animalia_Chordata_Aves_Columbiformes_Columbidae_Streptopelia_capicola\4bbe09c9-6ed5-485e-9861-b4414c58e786.jpg,161,274,274 492 487 398 313,0.3522512912750244
data\raw\val\03534_Animalia_Chordata_Aves_Columbiformes_Columbidae_Streptopelia_capicola\db3e751c-7f48-450f-b970-3c72f0ea3836.jpg,161,243,243 224 242 227 139,0.08408533036708832
data\raw\val\03534_Animalia_Chordata_Aves_Columbiformes_Columbidae_Streptopelia_capicola\0387f0ac-5528-47d7-8ee2-5d3b96cce10e.jpg,161,49,49 139 237 127 236,0.05337681621313095
data\raw\val\03534_Animalia_Chordata_Aves_Columbiformes_Columbidae_Streptopelia_capicola\c4739073-3dec-40df-9143-b5b7cf5b52d3.jpg,161,242,242 83 86 69 143,0.3247607946395874
data\raw\val\03534_Animalia_Chordata_Aves_Columbiformes_Columbidae_Streptopelia_capicola\7d034fd9-c41a-4215-996e-df909b2087fa.jpg,161,52,52 54 58 59 136,0.1664481908082962
data\raw\val\03534_Animalia_Chordata_Aves_Columbiformes_Columbidae_Streptopelia_capicola\579c7070-b054-4570-9fff-d13800919f6a.jpg,161,344,344 86 406 311 246,0.3565138876438141
data\raw\val\03534_Animalia_Chordata_Aves_Columbiformes_Columbidae_Streptopelia_capicola\ef6f1c4f-b3fb-452d-bcd8-03c8ee18b26f.jpg,161,74,74 240 395 274 398,0.05958448722958565
data\raw\val\03534_Animalia_Chordata_Aves_Columbiformes_Columbidae_Streptopelia_capicola\4f598a4d-9918-4598-ba61-488c7d88be6c.jpg,161,98,98 74 242 83 73,0.13381338119506836
data\raw\val\03534_Animalia_Chordata_Aves_Columbiformes_Columbidae_Streptopelia_capicola\6e1644ed-b217-40a3-964a-d40098db5c10.jpg,161,246,246 240 234 74 230,0.18491028249263763
data\raw\val\03617_Animalia_Chordata_Aves_Galliformes_Cracidae_Penelope_obscura\836e9fc5-1783-4e27-812f-62fc224d71aa.jpg,162,240,240 162 178 156 234,0.18945921957492828
data\raw\val\03617_Animalia_Chordata_Aves_Galliformes_Cracidae_Penelope_obscura\3af371d3-c2f4-4549-892b-0065a116ceb9.jpg,162,162,162 259 240 153 236,0.528215229511261
data\raw\val\03617_Animalia_Chordata_Aves_Galliformes_Cracidae_Penelope_obscura\57900f09-d8a3-4d4d-9eff-53abb70c4205.jpg,162,451,451 281 366 91 476,0.22849597036838531
data\raw\val\03617_Animalia_Chordata_Aves_Galliformes_Cracidae_Penelope_obscura\20ba6f4e-584c-4289-a8ec-04a9f741e955.jpg,162,246,246 240 492 233 91,0.36814120411872864
data\raw\val\03617_Animalia_Chordata_Aves_Galliformes_Cracidae_Penelope_obscura\ae8c441c-9073-4166-abdf-51a38263e184.jpg,162,476,476 356 451 391 440,0.0792868584394455
data\raw\val\03617_Animalia_Chordata_Aves_Galliformes_Cracidae_Penelope_obscura\012d7c8c-b0ee-4cbc-9d04-7948b2f69e5d.jpg,162,249,249 234 274 248 240,0.16420195996761322
data\raw\val\03617_Animalia_Chordata_Aves_Galliformes_Cracidae_Penelope_obscura\28b32f5c-884c-4bed-958f-dca5660a1c3a.jpg,162,86,86 190 246 9 356,0.06234492361545563
data\raw\val\03617_Animalia_Chordata_Aves_Galliformes_Cracidae_Penelope_obscura\5957f2aa-deba-4f9a-a566-b2fe18786b19.jpg,162,162,162 163 226 246 91,0.2320011854171753
data\raw\val\03617_Animalia_Chordata_Aves_Galliformes_Cracidae_Penelope_obscura\5c028320-e567-4ad1-8864-d293c694ade7.jpg,162,274,274 162 246 269 489,0.24420739710330963
data\raw\val\03617_Animalia_Chordata_Aves_Galliformes_Cracidae_Penelope_obscura\92760302-c73a-4d3e-8674-199669c472bd.jpg,162,492,492 246 493 240 89,0.6959812641143799
data\raw\val\03621_Animalia_Chordata_Aves_Galliformes_Odontophoridae_Callipepla_californica\64507433-350a-4be2-b3ba-5aeb8b71fe90.jpg,163,246,246 86 394 91 311,0.3858872950077057
data\raw\val\03621_Animalia_Chordata_Aves_Galliformes_Odontophoridae_Callipepla_californica\aaf1fd77-7818-41e9-b2b9-896f0bef9f2a.jpg,163,305,305 304 302 432 386,0.34912577271461487
data\raw\val\03621_Animalia_Chordata_Aves_Galliformes_Odontophoridae_Callipepla_californica\e3c0f8f1-6049-4384-9be7-1e78b830e9cf.jpg,163,178,178 253 226 163 246,0.16515743732452393
data\raw\val\03621_Animalia_Chordata_Aves_Galliformes_Odontophoridae_Callipepla_californica\dc010618-7efb-4e15-aa9d-9164ae472257.jpg,163,240,240 242 152 73 199,0.13131357729434967
data\raw\val\03621_Animalia_Chordata_Aves_Galliformes_Odontophoridae_Callipepla_californica\d561856c-0e88-433e-9d43-b1505a64ab19.jpg,163,356,356 413 353 246 354,0.18514707684516907
data\raw\val\03621_Animalia_Chordata_Aves_Galliformes_Odontophoridae_Callipepla_californica\2618d48c-4c2c-4e85-aeb0-62d4e2756982.jpg,163,246,246 311 86 259 366,0.6869843602180481
data\raw\val\03621_Animalia_Chordata_Aves_Galliformes_Odontophoridae_Callipepla_californica\922ad8e6-bfbe-49cf-8715-eda97685fb57.jpg,163,344,344 350 345 91 451,0.20054063200950623
data\raw\val\03621_Animalia_Chordata_Aves_Galliformes_Odontophoridae_Callipepla_californica\49bc9d3a-9125-4e20-a620-83640dd5d087.jpg,163,356,356 448 313 438 30,0.1665479987859726
data\raw\val\03621_Animalia_Chordata_Aves_Galliformes_Odontophoridae_Callipepla_californica\33f1478a-262e-4a1d-b2e5-dc44a11973e1.jpg,163,350,350 240 304 246 495,0.16236630082130432
data\raw\val\03621_Animalia_Chordata_Aves_Galliformes_Odontophoridae_Callipepla_californica\77b0d106-2aa9-4a4d-8d29-ce99bff5b99a.jpg,163,259,259 413 246 348 233,0.2958233058452606
data\raw\val\03647_Animalia_Chordata_Aves_Gruiformes_Gruidae_Anthropoides_virgo\81d1b8eb-eae9-46c6-907b-0433952bb590.jpg,164,139,139 52 73 74 246,0.045595526695251465
data\raw\val\03647_Animalia_Chordata_Aves_Gruiformes_Gruidae_Anthropoides_virgo\4208f1ae-f000-4555-9e02-111d539a7470.jpg,164,229,229 234 240 228 145,0.662469744682312
data\raw\val\03647_Animalia_Chordata_Aves_Gruiformes_Gruidae_Anthropoides_virgo\f3542ae6-a2f5-496e-9bdf-dee4ef1367d1.jpg,164,229,229 246 240 226 91,0.17579489946365356
data\raw\val\03647_Animalia_Chordata_Aves_Gruiformes_Gruidae_Anthropoides_virgo\211dcb0a-bdf6-4904-8830-cdd75cdfe307.jpg,164,242,242 86 27 229 30,0.11501892656087875
data\raw\val\03647_Animalia_Chordata_Aves_Gruiformes_Gruidae_Anthropoides_virgo\fd1e9de7-2644-4131-92e1-d9f1bb6e35de.jpg,164,205,205 242 229 235 156,0.10834503918886185
data\raw\val\03647_Animalia_Chordata_Aves_Gruiformes_Gruidae_Anthropoides_virgo\f2f65295-2ff6-4c1b-8106-f6d274a98938.jpg,164,345,345 406 344 302 451,0.18435044586658478
data\raw\val\03647_Animalia_Chordata_Aves_Gruiformes_Gruidae_Anthropoides_virgo\6be2b962-5628-4fcd-8e9e-db85805a76b5.jpg,164,74,74 143 344 242 406,0.07924673706293106
data\raw\val\03647_Animalia_Chordata_Aves_Gruiformes_Gruidae_Anthropoides_virgo\1b363ce3-42c7-4770-9554-50940a531917.jpg,164,205,205 156 164 162 159,0.17645323276519775
data\raw\val\03647_Animalia_Chordata_Aves_Gruiformes_Gruidae_Anthropoides_virgo\61887c23-b98f-40a8-83e7-9cc26b0963b0.jpg,164,254,254 246 229 232 234,0.09371883422136307
data\raw\val\03647_Animalia_Chordata_Aves_Gruiformes_Gruidae_Anthropoides_virgo\301086a6-7993-474b-815c-1bbe03edc416.jpg,164,162,162 51 74 226 344,0.06959150731563568
data\raw\val\03727_Animalia_Chordata_Aves_Passeriformes_Cardinalidae_Spiza_americana\ef9cfbe6-c0de-4892-ad6f-3526d47e3960.jpg,165,139,139 194 184 395 398,0.03593164309859276
data\raw\val\03727_Animalia_Chordata_Aves_Passeriformes_Cardinalidae_Spiza_americana\e81d0072-a35a-4b59-ade7-e0e91d8adcc3.jpg,165,302,302 25 417 311 14,0.1273745745420456
data\raw\val\03727_Animalia_Chordata_Aves_Passeriformes_Cardinalidae_Spiza_americana\03db9885-3675-46fa-a5d9-29eaf2fbf6de.jpg,165,391,391 376 389 327 382,0.12492109090089798
data\raw\val\03727_Animalia_Chordata_Aves_Passeriformes_Cardinalidae_Spiza_americana\77d41a81-5d0b-418e-b2e1-c4e2f9d9a1df.jpg,165,226,226 179 32 178 146,0.10719246417284012
data\raw\val\03727_Animalia_Chordata_Aves_Passeriformes_Cardinalidae_Spiza_americana\f9773e46-16f1-45c9-b639-c5bd76f78ac3.jpg,165,381,381 299 320 325 309,0.1090192198753357
data\raw\val\03727_Animalia_Chordata_Aves_Passeriformes_Cardinalidae_Spiza_americana\673f2de4-1804-4b31-b1e8-06bd3bb47a8d.jpg,165,305,305 226 320 299 381,0.03017374873161316
data\raw\val\03727_Animalia_Chordata_Aves_Passeriformes_Cardinalidae_Spiza_americana\e3771620-645d-44a6-aac1-993cb908a6a6.jpg,165,246,246 249 131 75 236,0.21690721809864044
data\raw\val\03727_Animalia_Chordata_Aves_Passeriformes_Cardinalidae_Spiza_americana\9041824c-9e51-4add-ad61-8b9c893ef308.jpg,165,350,350 320 299 302 305,0.17870964109897614
data\raw\val\03727_Animalia_Chordata_Aves_Passeriformes_Cardinalidae_Spiza_americana\1363a9b1-c12e-428b-bb28-993a6a55d4ff.jpg,165,395,395 398 399 397 431,0.1297900676727295
data\raw\val\03727_Animalia_Chordata_Aves_Passeriformes_Cardinalidae_Spiza_americana\a3ca5e04-d8f3-422b-87c2-7a6881f6000f.jpg,165,25,25 79 72 236 45,0.14787383377552032
data\raw\val\03755_Animalia_Chordata_Aves_Passeriformes_Corvidae_Corvus_frugilegus\0f4cfb66-498f-4372-85e8-6c85c63ff613.jpg,166,274,274 242 240 451 375,0.094975046813488
data\raw\val\03755_Animalia_Chordata_Aves_Passeriformes_Corvidae_Corvus_frugilegus\165e7e97-b53b-4ea0-95d2-666dbda424c2.jpg,166,162,162 87 240 242 232,0.12982110679149628
data\raw\val\03755_Animalia_Chordata_Aves_Passeriformes_Corvidae_Corvus_frugilegus\3c6e7bd5-0918-42b8-b650-837ef506336a.jpg,166,311,311 479 302 278 482,0.29244333505630493
data\raw\val\03755_Animalia_Chordata_Aves_Passeriformes_Corvidae_Corvus_frugilegus\57e8faf8-2fea-44ef-b989-3ae44430aa9a.jpg,166,477,477 74 400 33 479,0.06531184911727905
data\raw\val\03755_Animalia_Chordata_Aves_Passeriformes_Corvidae_Corvus_frugilegus\8b31e3ae-d79d-4103-a907-034ad9261811.jpg,166,74,74 73 57 81 49,0.6496537923812866
data\raw\val\03755_Animalia_Chordata_Aves_Passeriformes_Corvidae_Corvus_frugilegus\e5464941-b602-429d-bb12-a0d6e526f223.jpg,166,166,166 153 162 176 49,0.0864587053656578
data\raw\val\03755_Animalia_Chordata_Aves_Passeriformes_Corvidae_Corvus_frugilegus\ba26f732-f6e1-4555-a993-317c3b4db8b7.jpg,166,398,398 315 490 487 452,0.10452768951654434
data\raw\val\03755_Animalia_Chordata_Aves_Passeriformes_Corvidae_Corvus_frugilegus\d591b509-d6ac-417c-a95a-1510d6f02b06.jpg,166,242,242 143 345 438 312,0.10080080479383469
data\raw\val\03755_Animalia_Chordata_Aves_Passeriformes_Corvidae_Corvus_frugilegus\928d821f-38f7-4aa7-9cb9-59fecf52b282.jpg,166,74,74 73 302 100 98,0.3213755488395691
data\raw\val\03755_Animalia_Chordata_Aves_Passeriformes_Corvidae_Corvus_frugilegus\a8fde818-63da-4866-8c2b-255bcde0fcea.jpg,166,240,240 226 234 233 162,0.491217702627182
data\raw\val\03767_Animalia_Chordata_Aves_Passeriformes_Corvidae_Dendrocitta_formosae\d7866e46-830f-4dba-bb18-97ccf63a3568.jpg,167,73,73 74 100 49 98,0.1227371096611023
data\raw\val\03767_Animalia_Chordata_Aves_Passeriformes_Corvidae_Dendrocitta_formosae\5ce66621-b175-4771-b077-1390a00fb98e.jpg,167,489,489 487 490 486 274,0.28498145937919617
data\raw\val\03767_Animalia_Chordata_Aves_Passeriformes_Corvidae_Dendrocitta_formosae\eebb7ca8-cdef-446a-a317-690daed0acd6.jpg,167,492,492 442 487 441 476,0.0900430902838707
data\raw\val\03767_Animalia_Chordata_Aves_Passeriformes_Corvidae_Dendrocitta_formosae\fca0717a-bb76-4ab0-87c6-2ea22c88ec92.jpg,167,388,388 476 413 482 483,0.0905972272157669
data\raw\val\03767_Animalia_Chordata_Aves_Passeriformes_Corvidae_Dendrocitta_formosae\2c86a555-7c09-4641-97b8-375549686b03.jpg,167,366,366 364 471 315 362,0.4312043786048889
data\raw\val\03767_Animalia_Chordata_Aves_Passeriformes_Corvidae_Dendrocitta_formosae\be13ce15-4409-494e-8b44-46e38ea4c697.jpg,167,240,240 233 274 234 442,0.16688355803489685
data\raw\val\03767_Animalia_Chordata_Aves_Passeriformes_Corvidae_Dendrocitta_formosae\7c60242a-a5fb-4717-ab64-f5c542101739.jpg,167,73,73 49 311 32 398,0.08501464128494263
data\raw\val\03767_Animalia_Chordata_Aves_Passeriformes_Corvidae_Dendrocitta_formosae\84e17634-fa88-4a55-b9f8-f92642653b19.jpg,167,490,490 187 222 496 302,0.0320265032351017
data\raw\val\03767_Animalia_Chordata_Aves_Passeriformes_Corvidae_Dendrocitta_formosae\45484266-17ab-4313-9d89-f42d5acd4172.jpg,167,190,190 222 223 210 479,0.17830699682235718
data\raw\val\03767_Animalia_Chordata_Aves_Passeriformes_Corvidae_Dendrocitta_formosae\90df9144-c726-4a57-9b0c-2f378a7e8ff6.jpg,167,27,27 32 226 237 139,0.1744551658630371
data\raw\val\03776_Animalia_Chordata_Aves_Passeriformes_Corvidae_Pica_serica\bddc92de-121b-41d5-8fe5-43cf562d7421.jpg,168,236,236 81 396 86 245,0.07853108644485474
data\raw\val\03776_Animalia_Chordata_Aves_Passeriformes_Corvidae_Pica_serica\734dd8d6-ee36-4cde-a362-d35bd1e594af.jpg,168,229,229 242 238 235 239,0.5374757051467896
data\raw\val\03776_Animalia_Chordata_Aves_Passeriformes_Corvidae_Pica_serica\6768823e-c62b-4cfd-8c2d-657d4c956295.jpg,168,246,246 492 210 240 233,0.14775031805038452
data\raw\val\03776_Animalia_Chordata_Aves_Passeriformes_Corvidae_Pica_serica\4eb61820-ad3d-464b-91af-138b059632cb.jpg,168,176,176 86 223 242 246,0.07310626655817032
data\raw\val\03776_Animalia_Chordata_Aves_Passeriformes_Corvidae_Pica_serica\cc9f38dd-cd86-4fb0-b063-780db90f977e.jpg,168,442,442 467 490 313 397,0.15171657502651215
data\raw\val\03776_Animalia_Chordata_Aves_Passeriformes_Corvidae_Pica_serica\4de0c8d9-acad-4883-90b7-efd9096cee77.jpg,168,240,240 246 234 230 83,0.19432295858860016
data\raw\val\03776_Animalia_Chordata_Aves_Passeriformes_Corvidae_Pica_serica\557c073b-ea04-4cf9-a182-ef958643f1e1.jpg,168,240,240 73 162 139 311,0.09323655813932419
data\raw\val\03776_Animalia_Chordata_Aves_Passeriformes_Corvidae_Pica_serica\0afacb72-8968-4e2d-a2b2-2c6fe937c41b.jpg,168,240,240 246 74 73 259,0.09779839217662811
data\raw\val\03776_Animalia_Chordata_Aves_Passeriformes_Corvidae_Pica_serica\fd941aa6-5b87-4a44-98d5-a9c5ee4e58b3.jpg,168,274,274 312 240 246 344,0.05635392293334007
data\raw\val\03776_Animalia_Chordata_Aves_Passeriformes_Corvidae_Pica_serica\724f27fa-e223-4e09-adc4-d4822605494d.jpg,168,162,162 166 168 183 153,0.19926045835018158
data\raw\val\03792_Animalia_Chordata_Aves_Passeriformes_Emberizidae_Emberiza_hortulana\7a5d8b2a-0ce4-4dab-8d3e-50f033f96ea0.jpg,169,350,350 313 442 240 74,0.1985664814710617
data\raw\val\03792_Animalia_Chordata_Aves_Passeriformes_Emberizidae_Emberiza_hortulana\052c4874-ce84-4c8b-aec7-cf2f31b73b5f.jpg,169,73,73 143 74 253 142,0.27470237016677856
data\raw\val\03792_Animalia_Chordata_Aves_Passeriformes_Emberizidae_Emberiza_hortulana\77929291-6525-4b16-9a49-fbdbea1dded6.jpg,169,192,192 246 8 488 132,0.051585230976343155
data\raw\val\03792_Animalia_Chordata_Aves_Passeriformes_Emberizidae_Emberiza_hortulana\31ec8cd9-6cf4-406c-97fc-1e95e839fdbd.jpg,169,226,226 178 183 163 169,0.5286348462104797
data\raw\val\03792_Animalia_Chordata_Aves_Passeriformes_Emberizidae_Emberiza_hortulana\e6ca676e-9b73-4931-9cf0-58e1261b3970.jpg,169,83,83 73 127 72 98,0.053393252193927765
data\raw\val\03792_Animalia_Chordata_Aves_Passeriformes_Emberizidae_Emberiza_hortulana\471cb10b-f027-4ad5-bcb4-8f495adf57b9.jpg,169,274,274 249 246 139 190,0.2614053785800934
data\raw\val\03792_Animalia_Chordata_Aves_Passeriformes_Emberizidae_Emberiza_hortulana\0657e845-1de8-4b05-b308-e0d4adfd5349.jpg,169,143,143 226 142 139 345,0.5698950886726379
data\raw\val\03792_Animalia_Chordata_Aves_Passeriformes_Emberizidae_Emberiza_hortulana\ca68194d-56c4-40b7-bee4-9bc163e0907c.jpg,169,184,184 208 170 193 179,0.14289437234401703
data\raw\val\03792_Animalia_Chordata_Aves_Passeriformes_Emberizidae_Emberiza_hortulana\4407f92a-7728-435a-8f5c-2a69b8618c4a.jpg,169,246,246 242 274 248 350,0.0687408298254013
data\raw\val\03792_Animalia_Chordata_Aves_Passeriformes_Emberizidae_Emberiza_hortulana\a93dbfb5-d8b7-4c59-8b43-e0562d54a360.jpg,169,353,353 354 292 344 355,0.12029364705085754
data\raw\val\03800_Animalia_Chordata_Aves_Passeriformes_Estrildidae_Lonchura_punctulata\8da19d84-bef8-4dc0-8e20-a6fee8e3a257.jpg,170,398,398 400 467 490 441,0.1325800120830536
data\raw\val\03800_Animalia_Chordata_Aves_Passeriformes_Estrildidae_Lonchura_punctulata\5447765a-555c-4e68-a4b2-3c197ce5648f.jpg,170,246,246 274 135 134 126,0.7834019064903259
data\raw\val\03800_Animalia_Chordata_Aves_Passeriformes_Estrildidae_Lonchura_punctulata\60e1d5b8-33b0-4ee8-93cc-829c4662f135.jpg,170,74,74 25 236 237 117,0.13007119297981262
data\raw\val\03800_Animalia_Chordata_Aves_Passeriformes_Estrildidae_Lonchura_punctulata\60b68096-a869-4603-866c-4d10d7b909d5.jpg,170,246,246 398 487 49 98,0.0472990907728672
data\raw\val\03800_Animalia_Chordata_Aves_Passeriformes_Estrildidae_Lonchura_punctulata\5bc15c50-6317-4a41-bc3d-771f8c27d021.jpg,170,236,236 246 139 184 170,0.045998696237802505
data\raw\val\03800_Animalia_Chordata_Aves_Passeriformes_Estrildidae_Lonchura_punctulata\55e95532-07e2-4be7-b8cd-3315c2e76884.jpg,170,305,305 355 278 301 302,0.13316883146762848
data\raw\val\03800_Animalia_Chordata_Aves_Passeriformes_Estrildidae_Lonchura_punctulata\5b7c4110-0619-425c-93dd-6eccd3054145.jpg,170,74,74 73 81 89 237,0.42273789644241333
data\raw\val\03800_Animalia_Chordata_Aves_Passeriformes_Estrildidae_Lonchura_punctulata\20b45fe7-47d9-4974-ac44-980188c4c08e.jpg,170,313,313 356 468 391 382,0.07584855705499649
data\raw\val\03800_Animalia_Chordata_Aves_Passeriformes_Estrildidae_Lonchura_punctulata\b5b14ec0-b84f-4ea1-8041-4eb6412e7211.jpg,170,451,451 366 487 468 460,0.13685134053230286
data\raw\val\03800_Animalia_Chordata_Aves_Passeriformes_Estrildidae_Lonchura_punctulata\17763658-1ea4-4ff1-897e-152e8fe54258.jpg,170,51,51 237 52 254 74,0.10604910552501678
data\raw\val\03814_Animalia_Chordata_Aves_Passeriformes_Fringillidae_Coccothraustes_coccothraustes\8c9da120-9f2c-4d45-8423-5d656868f4bf.jpg,171,242,242 240 254 248 229,0.23273411393165588
data\raw\val\03814_Animalia_Chordata_Aves_Passeriformes_Fringillidae_Coccothraustes_coccothraustes\7bcdaca3-5b85-484d-a686-245b5e1c48f0.jpg,171,25,25 302 77 74 51,0.33492809534072876
data\raw\val\03814_Animalia_Chordata_Aves_Passeriformes_Fringillidae_Coccothraustes_coccothraustes\410b9dfc-0362-40e3-9e87-bbb1be10f969.jpg,171,171,171 173 184 167 185,0.2211945354938507
data\raw\val\03814_Animalia_Chordata_Aves_Passeriformes_Fringillidae_Coccothraustes_coccothraustes\5b6a54b2-de3c-45e9-94df-c88f759050bb.jpg,171,86,86 356 313 246 190,0.09502937644720078
data\raw\val\03814_Animalia_Chordata_Aves_Passeriformes_Fringillidae_Coccothraustes_coccothraustes\5a6da83f-63c8-42fd-b4fd-600ed79e0ef4.jpg,171,344,344 246 257 275 366,0.1853397935628891
data\raw\val\03814_Animalia_Chordata_Aves_Passeriformes_Fringillidae_Coccothraustes_coccothraustes\a9ed9ab8-aba8-4203-bed2-eb2fd20b56b6.jpg,171,30,30 29 25 476 259,0.2138497233390808
data\raw\val\03814_Animalia_Chordata_Aves_Passeriformes_Fringillidae_Coccothraustes_coccothraustes\4a370999-e300-4133-a8c8-0b697eca6fba.jpg,171,27,27 25 302 15 32,0.23974871635437012
data\raw\val\03814_Animalia_Chordata_Aves_Passeriformes_Fringillidae_Coccothraustes_coccothraustes\101b4ecc-16c5-4c14-bc9f-313565abae6b.jpg,171,25,25 0 236 1 145,0.25099989771842957
data\raw\val\03814_Animalia_Chordata_Aves_Passeriformes_Fringillidae_Coccothraustes_coccothraustes\c17de0a2-6eb1-4c5c-8fed-cb73657ef443.jpg,171,74,74 73 248 57 51,0.1148577630519867
data\raw\val\03814_Animalia_Chordata_Aves_Passeriformes_Fringillidae_Coccothraustes_coccothraustes\0befab6e-aae7-4245-85b8-fca2815ed9fd.jpg,171,182,182 171 191 193 167,0.2542807161808014
data\raw\val\03848_Animalia_Chordata_Aves_Passeriformes_Hirundinidae_Hirundo_neoxena\0dbd3de1-b4e1-4c2f-bf34-f17083967277.jpg,172,438,438 344 313 406 345,0.17085207998752594
data\raw\val\03848_Animalia_Chordata_Aves_Passeriformes_Hirundinidae_Hirundo_neoxena\1229ec8e-4d85-4237-8017-34ed814c14e3.jpg,172,250,250 249 183 255 154,0.09269283711910248
data\raw\val\03848_Animalia_Chordata_Aves_Passeriformes_Hirundinidae_Hirundo_neoxena\15480aa4-44f2-4f0f-9686-f3d95ba3f02a.jpg,172,184,184 208 90 89 162,0.0988287478685379
data\raw\val\03848_Animalia_Chordata_Aves_Passeriformes_Hirundinidae_Hirundo_neoxena\7daa77fa-eec9-4a3f-93c8-f76c29e03087.jpg,172,190,190 259 162 278 210,0.07357397675514221
data\raw\val\03848_Animalia_Chordata_Aves_Passeriformes_Hirundinidae_Hirundo_neoxena\1d6add27-6f1a-4186-8dcc-e918a3ba5cfa.jpg,172,74,74 81 236 100 77,0.18048828840255737
data\raw\val\03848_Animalia_Chordata_Aves_Passeriformes_Hirundinidae_Hirundo_neoxena\7ce07d4b-eb70-43b1-91df-54c967bc0c65.jpg,172,246,246 91 32 350 250,0.15660586953163147
data\raw\val\03848_Animalia_Chordata_Aves_Passeriformes_Hirundinidae_Hirundo_neoxena\77bb0ecb-86a8-4f46-9792-a6679bdb5979.jpg,172,226,226 246 240 27 242,0.07992320507764816
data\raw\val\03848_Animalia_Chordata_Aves_Passeriformes_Hirundinidae_Hirundo_neoxena\996b25e1-b14c-4532-a527-bac10fd55e80.jpg,172,344,344 311 313 356 451,0.09352154284715652
data\raw\val\03848_Animalia_Chordata_Aves_Passeriformes_Hirundinidae_Hirundo_neoxena\872e452d-67f2-4bdb-a824-e307e89eaeac.jpg,172,302,302 226 229 183 305,0.23958256840705872
data\raw\val\03848_Animalia_Chordata_Aves_Passeriformes_Hirundinidae_Hirundo_neoxena\e7c36924-81c4-4617-bd72-cb7e99c3e68d.jpg,172,240,240 246 242 52 234,0.19348818063735962
data\raw\val\03859_Animalia_Chordata_Aves_Passeriformes_Hirundinidae_Riparia_riparia\fa97a0ae-5dbd-4afb-b325-f24ee729fc90.jpg,173,345,345 473 344 406 302,0.09173820912837982
data\raw\val\03859_Animalia_Chordata_Aves_Passeriformes_Hirundinidae_Riparia_riparia\21d3ba65-9eb6-4a68-b063-e2236f0e2771.jpg,173,25,25 229 236 27 105,0.1845208704471588
data\raw\val\03859_Animalia_Chordata_Aves_Passeriformes_Hirundinidae_Riparia_riparia\94c3b511-2580-4a4a-bd65-9854c5fb8dfe.jpg,173,242,242 350 240 274 255,0.13661155104637146
data\raw\val\03859_Animalia_Chordata_Aves_Passeriformes_Hirundinidae_Riparia_riparia\d7668870-46c0-4117-a8a7-94b8ee24759b.jpg,173,233,233 190 236 222 223,0.10496607422828674
data\raw\val\03859_Animalia_Chordata_Aves_Passeriformes_Hirundinidae_Riparia_riparia\5e069ffe-91af-4ea2-8395-f6ae8aed0775.jpg,173,313,313 329 370 471 406,0.07642518728971481
data\raw\val\03859_Animalia_Chordata_Aves_Passeriformes_Hirundinidae_Riparia_riparia\80172d23-f29a-4d91-9938-6c8b1d881190.jpg,173,226,226 183 242 27 2,0.30373695492744446
data\raw\val\03859_Animalia_Chordata_Aves_Passeriformes_Hirundinidae_Riparia_riparia\44530ec2-ce9c-4a9a-8524-a3c05ca8a144.jpg,173,250,250 49 246 242 83,0.14775893092155457
data\raw\val\03859_Animalia_Chordata_Aves_Passeriformes_Hirundinidae_Riparia_riparia\8a172a0e-5718-4919-b96b-0170ff24f131.jpg,173,226,226 45 74 32 139,0.10956808179616928
data\raw\val\03859_Animalia_Chordata_Aves_Passeriformes_Hirundinidae_Riparia_riparia\edec049f-1bba-4dc5-bbd2-fe4db88d0d84.jpg,173,242,242 229 86 145 83,0.13482354581356049
data\raw\val\03859_Animalia_Chordata_Aves_Passeriformes_Hirundinidae_Riparia_riparia\f9f6d0b6-2154-4e1e-990e-eaa1c428e4c5.jpg,173,242,242 350 246 240 442,0.33819541335105896
data\raw\val\03864_Animalia_Chordata_Aves_Passeriformes_Hirundinidae_Tachycineta_bicolor\47fcc7e7-441e-4810-a2c9-cab35410d5ac.jpg,174,74,74 350 234 240 246,0.07418189942836761
data\raw\val\03864_Animalia_Chordata_Aves_Passeriformes_Hirundinidae_Tachycineta_bicolor\4214483f-f184-407e-b3c5-6b4c73f1c42c.jpg,174,239,239 236 77 100 254,0.05066746845841408
data\raw\val\03864_Animalia_Chordata_Aves_Passeriformes_Hirundinidae_Tachycineta_bicolor\191ef7ff-24dd-42ac-befd-215f2649bb67.jpg,174,91,91 242 246 27 98,0.10093298554420471
data\raw\val\03864_Animalia_Chordata_Aves_Passeriformes_Hirundinidae_Tachycineta_bicolor\4edef3dc-8464-47da-9e6f-e3d07cf31a28.jpg,174,400,400 399 236 401 393,0.04104328528046608
data\raw\val\03864_Animalia_Chordata_Aves_Passeriformes_Hirundinidae_Tachycineta_bicolor\c62b40f8-2d9c-445a-a914-6700ecc6305b.jpg,174,229,229 74 27 13 242,0.11105784773826599
data\raw\val\03864_Animalia_Chordata_Aves_Passeriformes_Hirundinidae_Tachycineta_bicolor\3dee115b-16f4-48f8-8fb5-aadce0c21ffc.jpg,174,74,74 7 100 44 72,0.13229608535766602
data\raw\val\03864_Animalia_Chordata_Aves_Passeriformes_Hirundinidae_Tachycineta_bicolor\f32029cc-7b5a-4e7e-9bcc-30a649de2e91.jpg,174,413,413 347 397 396 451,0.054733097553253174
data\raw\val\03864_Animalia_Chordata_Aves_Passeriformes_Hirundinidae_Tachycineta_bicolor\03483d8f-e209-41a2-b7f3-c7114761ca89.jpg,174,127,127 192 490 174 190,0.10936033725738525
data\raw\val\03864_Animalia_Chordata_Aves_Passeriformes_Hirundinidae_Tachycineta_bicolor\a422818c-15f4-40aa-9671-9b9916bc825e.jpg,174,223,223 254 242 250 166,0.08060398697853088
data\raw\val\03864_Animalia_Chordata_Aves_Passeriformes_Hirundinidae_Tachycineta_bicolor\4b9e9bd5-6826-45b3-b33c-f000e1415381.jpg,174,174,174 162 182 190 146,0.05027465522289276
data\raw\val\03870_Animalia_Chordata_Aves_Passeriformes_Icteridae_Cassiculus_melanicterus\c64608c1-0e52-4799-9f6e-61ab7d2b6c3c.jpg,175,274,274 249 256 240 246,0.10911205410957336
data\raw\val\03870_Animalia_Chordata_Aves_Passeriformes_Icteridae_Cassiculus_melanicterus\8a081290-465f-45ae-9bb3-e650c6c86628.jpg,175,131,131 140 132 134 497,0.07206577807664871
data\raw\val\03870_Animalia_Chordata_Aves_Passeriformes_Icteridae_Cassiculus_melanicterus\817bcb56-9a2e-4d2e-8ddf-75f999069aab.jpg,175,28,28 33 398 476 311,0.08023765683174133
data\raw\val\03870_Animalia_Chordata_Aves_Passeriformes_Icteridae_Cassiculus_melanicterus\45f0026b-ccea-40dd-9b79-397530dd6c2a.jpg,175,274,274 210 497 190 492,0.18568046391010284
data\raw\val\03870_Animalia_Chordata_Aves_Passeriformes_Icteridae_Cassiculus_melanicterus\0fd58dfa-a545-4968-99d5-e5e1cb5e6c41.jpg,175,25,25 302 488 395 483,0.3224349021911621
data\raw\val\03870_Animalia_Chordata_Aves_Passeriformes_Icteridae_Cassiculus_melanicterus\d6f46ad8-985b-4889-b88e-bfdda493a8e9.jpg,175,313,313 120 140 136 253,0.030836189165711403
data\raw\val\03870_Animalia_Chordata_Aves_Passeriformes_Icteridae_Cassiculus_melanicterus\fa23efbc-ff41-4d61-a417-2052ed99f2fb.jpg,175,87,87 210 32 493 51,0.09861914813518524
data\raw\val\03870_Animalia_Chordata_Aves_Passeriformes_Icteridae_Cassiculus_melanicterus\0a25dabf-401a-4bd2-88f4-efa00342ef68.jpg,175,191,191 488 192 175 209,0.12341997772455215
data\raw\val\03870_Animalia_Chordata_Aves_Passeriformes_Icteridae_Cassiculus_melanicterus\4d38200e-d94e-4b87-8839-c14f02d22f3f.jpg,175,441,441 451 479 394 476,0.08751041442155838
data\raw\val\03870_Animalia_Chordata_Aves_Passeriformes_Icteridae_Cassiculus_melanicterus\3a48849d-9cd6-42fa-9f5e-4dc2a19c8947.jpg,175,210,210 396 86 497 435,0.1373022496700287
data\raw\val\03901_Animalia_Chordata_Aves_Passeriformes_Icteridae_Quiscalus_quiscula\2e5a30c8-9854-4842-8cac-1c150700dfa7.jpg,176,248,248 250 127 223 100,0.13740971684455872
data\raw\val\03901_Animalia_Chordata_Aves_Passeriformes_Icteridae_Quiscalus_quiscula\d39fdbe6-bcee-4873-8813-489e65829761.jpg,176,438,438 406 344 345 356,0.37107130885124207
data\raw\val\03901_Animalia_Chordata_Aves_Passeriformes_Icteridae_Quiscalus_quiscula\e51fe8b6-c312-4912-bfe0-75d9172942b1.jpg,176,406,406 345 91 471 313,0.5196083784103394
data\raw\val\03901_Animalia_Chordata_Aves_Passeriformes_Icteridae_Quiscalus_quiscula\0f605389-bb0c-40f9-bfca-823314858a6f.jpg,176,184,184 191 192 167 171,0.15296867489814758
data\raw\val\03901_Animalia_Chordata_Aves_Passeriformes_Icteridae_Quiscalus_quiscula\34853192-6911-46da-b4a0-86abc14b8c39.jpg,176,91,91 94 240 87 85,0.1184404045343399
data\raw\val\03901_Animalia_Chordata_Aves_Passeriformes_Icteridae_Quiscalus_quiscula\e8813e4b-373b-4e94-87aa-12747eccd496.jpg,176,162,162 223 178 176 49,0.06863659620285034
data\raw\val\03901_Animalia_Chordata_Aves_Passeriformes_Icteridae_Quiscalus_quiscula\a813fba2-6d62-4c05-a996-792cbc434551.jpg,176,73,73 246 249 274 98,0.1109558641910553
data\raw\val\03901_Animalia_Chordata_Aves_Passeriformes_Icteridae_Quiscalus_quiscula\483d0f50-fad9-43fc-bc13-2b21184412aa.jpg,176,395,395 398 176 49 190,0.049265529960393906
data\raw\val\03901_Animalia_Chordata_Aves_Passeriformes_Icteridae_Quiscalus_quiscula\9a132aac-adbd-4cdb-a979-0458cf182e3b.jpg,176,492,492 311 93 232 229,0.042420901358127594
data\raw\val\03901_Animalia_Chordata_Aves_Passeriformes_Icteridae_Quiscalus_quiscula\2d3d33e1-08b0-4e4e-a35f-c453651a6169.jpg,176,49,49 223 302 353 74,0.15632078051567078
data\raw\val\03922_Animalia_Chordata_Aves_Passeriformes_Maluridae_Malurus_splendens\6f82a47e-5723-4dc3-93d1-7446be617354.jpg,177,86,86 145 30 229 190,0.14239682257175446
data\raw\val\03922_Animalia_Chordata_Aves_Passeriformes_Maluridae_Malurus_splendens\56d9f7b2-fcd6-48bb-8faa-91c1df8e490a.jpg,177,86,86 192 135 190 248,0.04628698527812958
data\raw\val\03922_Animalia_Chordata_Aves_Passeriformes_Maluridae_Malurus_splendens\98e749f1-7133-415f-96ec-9b0925368790.jpg,177,492,492 442 304 305 246,0.12796342372894287
data\raw\val\03922_Animalia_Chordata_Aves_Passeriformes_Maluridae_Malurus_splendens\56907f58-3be7-4e0a-8995-3d04430a6bd4.jpg,177,30,30 177 468 315 356,0.06906844675540924
data\raw\val\03922_Animalia_Chordata_Aves_Passeriformes_Maluridae_Malurus_splendens\40ac558f-a8cb-45e5-a969-a317d56bf700.jpg,177,242,242 74 143 229 350,0.12900666892528534
data\raw\val\03922_Animalia_Chordata_Aves_Passeriformes_Maluridae_Malurus_splendens\28f9ad6f-b7aa-4152-82c4-45bc975cf924.jpg,177,257,257 315 353 438 442,0.07281572371721268
data\raw\val\03922_Animalia_Chordata_Aves_Passeriformes_Maluridae_Malurus_splendens\530078d1-a4cf-40de-a83a-293b52432218.jpg,177,57,57 54 58 62 49,0.10233306139707565
data\raw\val\03922_Animalia_Chordata_Aves_Passeriformes_Maluridae_Malurus_splendens\7aa2bb27-2ddf-491d-901f-02c1f8c26575.jpg,177,242,242 86 30 190 248,0.07872156798839569
data\raw\val\03922_Animalia_Chordata_Aves_Passeriformes_Maluridae_Malurus_splendens\4e693c82-9597-499a-8d9c-4181a7e36dda.jpg,177,406,406 460 344 345 438,0.48039501905441284
data\raw\val\03922_Animalia_Chordata_Aves_Passeriformes_Maluridae_Malurus_splendens\a5010e32-6364-4ccc-b52b-9fe49e73618c.jpg,177,246,246 414 424 105 468,0.17931142449378967
data\raw\val\03946_Animalia_Chordata_Aves_Passeriformes_Mimidae_Oreoscoptes_montanus\ebbd92c9-6d67-4831-8846-06db297e1ad7.jpg,178,98,98 49 74 83 57,0.19439302384853363
data\raw\val\03946_Animalia_Chordata_Aves_Passeriformes_Mimidae_Oreoscoptes_montanus\b4d84926-70d8-4d15-89bd-978c2f61c713.jpg,178,242,242 139 243 127 163,0.38495123386383057
data\raw\val\03946_Animalia_Chordata_Aves_Passeriformes_Mimidae_Oreoscoptes_montanus\ac140979-74b3-4aa3-92fc-1aebc04f948f.jpg,178,178,178 226 179 98 183,0.6021186709403992
data\raw\val\03946_Animalia_Chordata_Aves_Passeriformes_Mimidae_Oreoscoptes_montanus\7431367a-9ef9-4c8a-9bd9-1896c3954329.jpg,178,74,74 246 242 240 73,0.10850337892770767
data\raw\val\03946_Animalia_Chordata_Aves_Passeriformes_Mimidae_Oreoscoptes_montanus\05e29362-f62e-4d17-b130-8e9e271c793a.jpg,178,315,315 313 468 370 366,0.12049766629934311
data\raw\val\03946_Animalia_Chordata_Aves_Passeriformes_Mimidae_Oreoscoptes_montanus\c650a08b-2c78-4f27-9b9d-e3d687878cec.jpg,178,74,74 73 98 240 246,0.21007880568504333
data\raw\val\03946_Animalia_Chordata_Aves_Passeriformes_Mimidae_Oreoscoptes_montanus\1264269a-d575-4fc6-87eb-36907b484acf.jpg,178,313,313 442 468 490 391,0.2551249861717224
data\raw\val\03946_Animalia_Chordata_Aves_Passeriformes_Mimidae_Oreoscoptes_montanus\c2d499d2-b35d-465c-b22b-0c7206cfda7d.jpg,178,406,406 313 344 345 350,0.20160150527954102
data\raw\val\03946_Animalia_Chordata_Aves_Passeriformes_Mimidae_Oreoscoptes_montanus\a704136a-332a-4ac0-b553-782eb9a7b810.jpg,178,242,242 74 243 139 234,0.1642850935459137
data\raw\val\03946_Animalia_Chordata_Aves_Passeriformes_Mimidae_Oreoscoptes_montanus\52e1d6f3-f7d0-41d8-9052-30110047b5bc.jpg,178,344,344 350 313 406 345,0.19257961213588715
data\raw\val\03958_Animalia_Chordata_Aves_Passeriformes_Motacillidae_Anthus_hodgsoni\decd8682-2dc9-4ef8-908f-7711b35fd301.jpg,179,253,253 131 226 216 143,0.04061785340309143
data\raw\val\03958_Animalia_Chordata_Aves_Passeriformes_Motacillidae_Anthus_hodgsoni\47f6be59-3127-46d8-8062-bc0929fa10f3.jpg,179,246,246 483 311 259 495,0.194706991314888
data\raw\val\03958_Animalia_Chordata_Aves_Passeriformes_Motacillidae_Anthus_hodgsoni\4bafecb6-6a27-41ac-9e85-a8de412b1e53.jpg,179,353,353 354 427 350 351,0.2813549339771271
data\raw\val\03958_Animalia_Chordata_Aves_Passeriformes_Motacillidae_Anthus_hodgsoni\2447db78-b9e7-452c-94b3-58e6a113a57b.jpg,179,344,344 406 353 350 354,0.555514931678772
data\raw\val\03958_Animalia_Chordata_Aves_Passeriformes_Motacillidae_Anthus_hodgsoni\0ffc4164-dc70-4501-9d92-77485b276612.jpg,179,240,240 495 234 246 232,0.20726381242275238
data\raw\val\03958_Animalia_Chordata_Aves_Passeriformes_Motacillidae_Anthus_hodgsoni\868e5cb7-4764-42ff-9c49-9a2b70300d09.jpg,179,25,25 100 49 74 98,0.17591708898544312
data\raw\val\03958_Animalia_Chordata_Aves_Passeriformes_Motacillidae_Anthus_hodgsoni\6abba3c2-d6f6-4cc2-b6cb-646a7bad54c1.jpg,179,451,451 274 487 366 375,0.16998514533042908
data\raw\val\03958_Animalia_Chordata_Aves_Passeriformes_Motacillidae_Anthus_hodgsoni\9574151d-6fa4-42af-8680-8f88cef8917a.jpg,179,73,73 142 98 72 153,0.22744186222553253
data\raw\val\03958_Animalia_Chordata_Aves_Passeriformes_Motacillidae_Anthus_hodgsoni\7777e48e-671b-444f-b902-2ca2390e0a41.jpg,179,139,139 127 123 126 184,0.05748725309967995
data\raw\val\03958_Animalia_Chordata_Aves_Passeriformes_Motacillidae_Anthus_hodgsoni\8a333552-9c73-4e1a-bc27-9dcdc2002fa8.jpg,179,302,302 234 315 490 73,0.0515771210193634
data\raw\val\03971_Animalia_Chordata_Aves_Passeriformes_Motacillidae_Motacilla_citreola\c077c74e-fc65-4122-814a-e5d455947f31.jpg,180,274,274 460 248 246 382,0.08117398619651794
data\raw\val\03971_Animalia_Chordata_Aves_Passeriformes_Motacillidae_Motacilla_citreola\d50257ce-f853-4a74-ad20-a0972824f242.jpg,180,329,329 320 487 313 302,0.14518235623836517
data\raw\val\03971_Animalia_Chordata_Aves_Passeriformes_Motacillidae_Motacilla_citreola\dcfec148-af2b-4b50-a195-e8e6b7750360.jpg,180,302,302 89 102 33 31,0.09271158277988434
data\raw\val\03971_Animalia_Chordata_Aves_Passeriformes_Motacillidae_Motacilla_citreola\d95200a7-cb78-4d5d-8ba7-8d8dc0756796.jpg,180,248,248 224 139 268 227,0.10868855565786362
data\raw\val\03971_Animalia_Chordata_Aves_Passeriformes_Motacillidae_Motacilla_citreola\79aeca94-8403-422c-a3e0-f2177a480fab.jpg,180,442,442 40 143 467 302,0.032011739909648895
data\raw\val\03971_Animalia_Chordata_Aves_Passeriformes_Motacillidae_Motacilla_citreola\f21ecdad-f937-4ee5-b2c7-d87af413b19a.jpg,180,250,250 304 139 254 223,0.043199148029088974
data\raw\val\03971_Animalia_Chordata_Aves_Passeriformes_Motacillidae_Motacilla_citreola\f3a7918f-c2e6-470d-9c6e-0cf6af4db633.jpg,180,242,242 243 139 226 210,0.08570217341184616
data\raw\val\03971_Animalia_Chordata_Aves_Passeriformes_Motacillidae_Motacilla_citreola\33ec0ad1-4981-4db6-8db0-a0c05de748e6.jpg,180,204,204 229 159 254 242,0.09437572211027145
data\raw\val\03971_Animalia_Chordata_Aves_Passeriformes_Motacillidae_Motacilla_citreola\736e68be-fde8-44b1-ba3a-66e98635b7cd.jpg,180,356,356 313 438 471 123,0.052967313677072525
data\raw\val\03971_Animalia_Chordata_Aves_Passeriformes_Motacillidae_Motacilla_citreola\e783dd9d-115a-4d39-a581-c5960a23f2ff.jpg,180,162,162 94 146 178 148,0.07032329589128494
data\raw\val\03972_Animalia_Chordata_Aves_Passeriformes_Motacillidae_Motacilla_flava\23346815-f621-41e2-9a1c-be5fd265f783.jpg,181,184,184 208 226 186 190,0.36600565910339355
data\raw\val\03972_Animalia_Chordata_Aves_Passeriformes_Motacillidae_Motacilla_flava\8869caed-7b63-4388-8d19-8cc7c7a4c497.jpg,181,178,178 181 169 179 195,0.08653507381677628
data\raw\val\03972_Animalia_Chordata_Aves_Passeriformes_Motacillidae_Motacilla_flava\3d8f6d5a-8d4f-41fe-8059-4a4592bb8293.jpg,181,178,178 179 163 186 189,0.22679361701011658
data\raw\val\03972_Animalia_Chordata_Aves_Passeriformes_Motacillidae_Motacilla_flava\cd02afac-ef9d-46f1-8534-810a53057c86.jpg,181,91,91 92 342 70 143,0.28121304512023926
data\raw\val\03972_Animalia_Chordata_Aves_Passeriformes_Motacillidae_Motacilla_flava\7852104a-0a44-42b7-877c-b6cdbcd2032a.jpg,181,321,321 305 299 309 317,0.0763837993144989
data\raw\val\03972_Animalia_Chordata_Aves_Passeriformes_Motacillidae_Motacilla_flava\8ec731eb-5659-483e-a6c8-e4d3106c5604.jpg,181,313,313 356 471 91 406,0.13089516758918762
data\raw\val\03972_Animalia_Chordata_Aves_Passeriformes_Motacillidae_Motacilla_flava\5d760573-cccb-43ff-817a-253337b80fd6.jpg,181,226,226 144 184 33 143,0.12496358901262283
data\raw\val\03972_Animalia_Chordata_Aves_Passeriformes_Motacillidae_Motacilla_flava\aa5db8df-045e-4b64-9e55-0282dd7012fe.jpg,181,274,274 467 302 81 254,0.07927718013525009
data\raw\val\03972_Animalia_Chordata_Aves_Passeriformes_Motacillidae_Motacilla_flava\9864b8f3-7ccb-45bc-807f-2a9ae2d0ea29.jpg,181,226,226 90 246 184 159,0.21551303565502167
data\raw\val\03972_Animalia_Chordata_Aves_Passeriformes_Motacillidae_Motacilla_flava\ed1ae2b5-4ae2-4e42-baef-4084c63e5d1f.jpg,181,33,33 184 105 2 381,0.0731704980134964
data\raw\val\03976_Animalia_Chordata_Aves_Passeriformes_Muscicapidae_Copsychus_saularis\71f9013c-4bc4-48ff-aaad-6cc174e3bae8.jpg,182,242,242 127 139 250 86,0.11354516446590424
data\raw\val\03976_Animalia_Chordata_Aves_Passeriformes_Muscicapidae_Copsychus_saularis\f53b2c7a-fc3d-4fad-b0a9-3e8e3ec0b8a2.jpg,182,246,246 73 98 83 74,0.13322612643241882
data\raw\val\03976_Animalia_Chordata_Aves_Passeriformes_Muscicapidae_Copsychus_saularis\d821fca3-eb4f-443b-8528-fd409bae0498.jpg,182,242,242 254 131 229 240,0.08099985122680664
data\raw\val\03976_Animalia_Chordata_Aves_Passeriformes_Muscicapidae_Copsychus_saularis\b14b8698-b5b9-491e-b88a-05209b3b41ba.jpg,182,99,99 25 246 236 62,0.030287429690361023
data\raw\val\03976_Animalia_Chordata_Aves_Passeriformes_Muscicapidae_Copsychus_saularis\9be3a53a-ea1c-495e-ae18-0cf549a5d8c8.jpg,182,182,182 190 168 176 492,0.3374263644218445
data\raw\val\03976_Animalia_Chordata_Aves_Passeriformes_Muscicapidae_Copsychus_saularis\67637c38-c1c9-4455-b9c2-0228b7da17d4.jpg,182,44,44 25 43 124 7,0.07460349798202515
data\raw\val\03976_Animalia_Chordata_Aves_Passeriformes_Muscicapidae_Copsychus_saularis\36081b47-904d-4ff8-b816-f30be36f1471.jpg,182,94,94 86 162 13 356,0.23219887912273407
data\raw\val\03976_Animalia_Chordata_Aves_Passeriformes_Muscicapidae_Copsychus_saularis\3e682a18-15f4-41fd-8892-dd485171148c.jpg,182,240,240 274 234 249 246,0.3364679515361786
data\raw\val\03976_Animalia_Chordata_Aves_Passeriformes_Muscicapidae_Copsychus_saularis\c34c8678-ee31-495b-b7c9-11a9cb5715e9.jpg,182,240,240 234 246 274 52,0.49033883213996887
data\raw\val\03976_Animalia_Chordata_Aves_Passeriformes_Muscicapidae_Copsychus_saularis\e933c217-bb05-41b9-a3ca-0f30cee2da76.jpg,182,249,249 234 240 136 274,0.08804088085889816
data\raw\val\03994_Animalia_Chordata_Aves_Passeriformes_Muscicapidae_Phoenicurus_ochruros\7d34b7a3-2341-496d-9d47-10ede561f28e.jpg,183,83,83 70 242 183 127,0.5804755091667175
data\raw\val\03994_Animalia_Chordata_Aves_Passeriformes_Muscicapidae_Phoenicurus_ochruros\156d472d-b9da-4aa0-b356-1fda9e26e1ea.jpg,183,240,240 313 246 442 91,0.0713997334241867
data\raw\val\03994_Animalia_Chordata_Aves_Passeriformes_Muscicapidae_Phoenicurus_ochruros\f2441787-8e89-48e3-99e0-db83131d386c.jpg,183,7,7 6 347 74 51,0.1177087351679802
data\raw\val\03994_Animalia_Chordata_Aves_Passeriformes_Muscicapidae_Phoenicurus_ochruros\395d95c7-99e3-4a3c-933d-5ce3d8076181.jpg,183,240,240 234 230 246 136,0.32953789830207825
data\raw\val\03994_Animalia_Chordata_Aves_Passeriformes_Muscicapidae_Phoenicurus_ochruros\61e00bf0-9a4a-4d74-aeb1-d12b9085ed25.jpg,183,83,83 226 178 159 248,0.08423212915658951
data\raw\val\03994_Animalia_Chordata_Aves_Passeriformes_Muscicapidae_Phoenicurus_ochruros\16ce69cf-c194-4da7-b9dd-ec74e22f1e50.jpg,183,159,159 98 74 178 49,0.13524317741394043
data\raw\val\03994_Animalia_Chordata_Aves_Passeriformes_Muscicapidae_Phoenicurus_ochruros\58d4a899-4b78-4dee-9d7e-ab30bbc6e5c9.jpg,183,302,302 123 124 190 83,0.07353413105010986
data\raw\val\03994_Animalia_Chordata_Aves_Passeriformes_Muscicapidae_Phoenicurus_ochruros\e122fa03-5ba5-48f7-913a-8837e7248732.jpg,183,246,246 302 350 344 451,0.08905234187841415
data\raw\val\03994_Animalia_Chordata_Aves_Passeriformes_Muscicapidae_Phoenicurus_ochruros\02b64f73-ac4d-4d98-a9b0-43e2c7557cb2.jpg,183,162,162 183 184 476 86,0.04439232498407364
data\raw\val\03994_Animalia_Chordata_Aves_Passeriformes_Muscicapidae_Phoenicurus_ochruros\e3dea855-7f88-4a97-b1df-c2871fbb28de.jpg,183,183,183 190 98 83 87,0.07658668607473373
data\raw\val\03995_Animalia_Chordata_Aves_Passeriformes_Muscicapidae_Phoenicurus_phoenicurus\d5e672e1-b3c7-411b-9b2b-3049a2ac1b1c.jpg,184,246,246 245 54 136 135,0.1980191171169281
data\raw\val\03995_Animalia_Chordata_Aves_Passeriformes_Muscicapidae_Phoenicurus_phoenicurus\d60ed988-473b-48b8-accf-315da29aaa37.jpg,184,162,162 233 184 226 240,0.2377377301454544
data\raw\val\03995_Animalia_Chordata_Aves_Passeriformes_Muscicapidae_Phoenicurus_phoenicurus\c90b6318-5e48-46c4-be0b-534773eed333.jpg,184,451,451 246 313 468 394,0.11127781867980957
data\raw\val\03995_Animalia_Chordata_Aves_Passeriformes_Muscicapidae_Phoenicurus_phoenicurus\ef316132-3021-4758-8adf-84f80a5d022a.jpg,184,26,26 451 36 122 162,0.07249238342046738
data\raw\val\03995_Animalia_Chordata_Aves_Passeriformes_Muscicapidae_Phoenicurus_phoenicurus\c85e9d79-283b-4938-855e-7e3b11b71459.jpg,184,184,184 162 226 91 210,0.10403788834810257
data\raw\val\03995_Animalia_Chordata_Aves_Passeriformes_Muscicapidae_Phoenicurus_phoenicurus\1986b14a-7b52-425e-a8be-ae50b610ea55.jpg,184,254,254 274 74 242 81,0.1088147833943367
data\raw\val\03995_Animalia_Chordata_Aves_Passeriformes_Muscicapidae_Phoenicurus_phoenicurus\0b0fb918-4210-4997-9f9f-dd5e0250adb1.jpg,184,246,246 348 391 275 366,0.05790843069553375
data\raw\val\03995_Animalia_Chordata_Aves_Passeriformes_Muscicapidae_Phoenicurus_phoenicurus\6014e4c8-5b58-4e33-b3f5-d6fd3e4ed1c7.jpg,184,226,226 83 224 190 227,0.15926823019981384
data\raw\val\03995_Animalia_Chordata_Aves_Passeriformes_Muscicapidae_Phoenicurus_phoenicurus\6b6583d8-c029-4c0b-b99f-ee3ec1f3acac.jpg,184,100,100 73 246 136 451,0.08233632892370224
data\raw\val\03995_Animalia_Chordata_Aves_Passeriformes_Muscicapidae_Phoenicurus_phoenicurus\e77f990b-af7c-4c2f-a279-0515cdd265ac.jpg,184,240,240 246 237 74 98,0.27825620770454407
data\raw\val\03997_Animalia_Chordata_Aves_Passeriformes_Muscicapidae_Saxicola_maurus\60f90c1a-85d5-42b5-872f-0589c4eea5d2.jpg,185,468,468 356 329 313 448,0.0724102109670639
data\raw\val\03997_Animalia_Chordata_Aves_Passeriformes_Muscicapidae_Saxicola_maurus\362f45c6-e0c4-4cd4-8f12-6ac028d90aea.jpg,185,184,184 248 249 176 130,0.0335891917347908
data\raw\val\03997_Animalia_Chordata_Aves_Passeriformes_Muscicapidae_Saxicola_maurus\c234a2e3-d0d9-4b9e-b92f-4afafd240419.jpg,185,74,74 302 2 223 242,0.291873961687088
data\raw\val\03997_Animalia_Chordata_Aves_Passeriformes_Muscicapidae_Saxicola_maurus\576bc92a-5a75-4fb4-a029-dcc04188bcae.jpg,185,347,347 2 381 318 281,0.15438923239707947
data\raw\val\03997_Animalia_Chordata_Aves_Passeriformes_Muscicapidae_Saxicola_maurus\d1079e9e-a0cf-45f7-86dd-7083d44ab992.jpg,185,83,83 74 27 25 127,0.3698574900627136
data\raw\val\03997_Animalia_Chordata_Aves_Passeriformes_Muscicapidae_Saxicola_maurus\cbe7c1c4-d304-4d40-8cbf-a1ee1d7267b2.jpg,185,240,240 246 226 142 242,0.11563120037317276
data\raw\val\03997_Animalia_Chordata_Aves_Passeriformes_Muscicapidae_Saxicola_maurus\7f20f999-4413-42dd-b241-ce1dc43fb47b.jpg,185,117,117 126 184 83 82,0.03500336408615112
data\raw\val\03997_Animalia_Chordata_Aves_Passeriformes_Muscicapidae_Saxicola_maurus\0dbfc17f-2b2a-4c46-9a48-5afcd510324e.jpg,185,27,27 178 169 185 32,0.2720547318458557
data\raw\val\03997_Animalia_Chordata_Aves_Passeriformes_Muscicapidae_Saxicola_maurus\9d9b4b6f-0201-429e-a74c-2798f0616721.jpg,185,229,229 159 226 235 238,0.13099202513694763
data\raw\val\03997_Animalia_Chordata_Aves_Passeriformes_Muscicapidae_Saxicola_maurus\374f8021-b32d-4e6e-b901-d302ea1912f7.jpg,185,100,100 74 49 254 246,0.0753568559885025
data\raw\val\04021_Animalia_Chordata_Aves_Passeriformes_Pachycephalidae_Pachycephala_pectoralis\94bcbf3f-a622-43cc-ba4f-a478e714587b.jpg,186,54,54 58 246 136 59,0.05326656624674797
data\raw\val\04021_Animalia_Chordata_Aves_Passeriformes_Pachycephalidae_Pachycephala_pectoralis\a3c320a5-75f6-4735-9cae-0d58ee5a15d7.jpg,186,350,350 246 344 313 91,0.26592153310775757
data\raw\val\04021_Animalia_Chordata_Aves_Passeriformes_Pachycephalidae_Pachycephala_pectoralis\4d7c06f1-44a6-4fcf-b202-b16836bbce37.jpg,186,242,242 73 253 229 27,0.10487888753414154
data\raw\val\04021_Animalia_Chordata_Aves_Passeriformes_Pachycephalidae_Pachycephala_pectoralis\3bb380c5-0386-4187-94c7-11a4a61aa767.jpg,186,249,249 135 132 131 229,0.16105203330516815
data\raw\val\04021_Animalia_Chordata_Aves_Passeriformes_Pachycephalidae_Pachycephala_pectoralis\aa70b1f0-2b81-46bb-ba61-599dd1438161.jpg,186,98,98 255 25 192 398,0.05489093437790871
data\raw\val\04021_Animalia_Chordata_Aves_Passeriformes_Pachycephalidae_Pachycephala_pectoralis\66dfb60b-2f46-4423-b09f-1eaa8ed379d4.jpg,186,398,398 399 467 490 492,0.10395010560750961
data\raw\val\04021_Animalia_Chordata_Aves_Passeriformes_Pachycephalidae_Pachycephala_pectoralis\adb06435-4db4-457c-8d28-5b07b1145394.jpg,186,486,486 487 398 413 488,0.17889943718910217
data\raw\val\04021_Animalia_Chordata_Aves_Passeriformes_Pachycephalidae_Pachycephala_pectoralis\a926c917-f483-4018-a102-7c9d9aa63824.jpg,186,413,413 311 479 187 278,0.17667251825332642
data\raw\val\04021_Animalia_Chordata_Aves_Passeriformes_Pachycephalidae_Pachycephala_pectoralis\8a8bbb0b-ca6a-487e-9d65-ab1df95961ad.jpg,186,57,57 56 49 62 98,0.05187903717160225
data\raw\val\04021_Animalia_Chordata_Aves_Passeriformes_Pachycephalidae_Pachycephala_pectoralis\f50d55eb-2e07-4bc1-a2ab-618fab29090d.jpg,186,259,259 475 246 488 192,0.029882855713367462
data\raw\val\04027_Animalia_Chordata_Aves_Passeriformes_Paridae_Baeolophus_bicolor\8c2230db-a8c1-44f8-aee3-e9ea7696eae0.jpg,187,240,240 234 350 242 442,0.23294977843761444
data\raw\val\04027_Animalia_Chordata_Aves_Passeriformes_Paridae_Baeolophus_bicolor\19cdfc65-eea3-4b17-966c-2ce8faa0b391.jpg,187,413,413 400 476 397 483,0.9221234917640686
data\raw\val\04027_Animalia_Chordata_Aves_Passeriformes_Paridae_Baeolophus_bicolor\98a6f98b-f144-49aa-ba1a-6ce4da271b9f.jpg,187,356,356 468 345 401 311,0.34250545501708984
data\raw\val\04027_Animalia_Chordata_Aves_Passeriformes_Paridae_Baeolophus_bicolor\c8b48ad9-b5ba-4733-a1f2-ad1921836733.jpg,187,74,74 302 73 100 234,0.4233262240886688
data\raw\val\04027_Animalia_Chordata_Aves_Passeriformes_Paridae_Baeolophus_bicolor\6204567e-b1e1-48bd-b98a-0e7604613548.jpg,187,74,74 73 302 451 240,0.139196515083313
data\raw\val\04027_Animalia_Chordata_Aves_Passeriformes_Paridae_Baeolophus_bicolor\20ac419e-88fb-4ed2-8cdd-d25d31068873.jpg,187,302,302 451 400 460 73,0.3055548369884491
data\raw\val\04027_Animalia_Chordata_Aves_Passeriformes_Paridae_Baeolophus_bicolor\f764ed7c-ff1f-4cb7-82df-3a4f3bc74304.jpg,187,74,74 73 278 476 302,0.07131588459014893
data\raw\val\04027_Animalia_Chordata_Aves_Passeriformes_Paridae_Baeolophus_bicolor\94650de0-97d7-48fb-972b-dc19552b8110.jpg,187,488,488 417 274 476 472,0.12304187566041946
data\raw\val\04027_Animalia_Chordata_Aves_Passeriformes_Paridae_Baeolophus_bicolor\0ca48a29-392c-4502-8bfb-9bea541b562e.jpg,187,242,242 229 240 234 246,0.18050293624401093
data\raw\val\04027_Animalia_Chordata_Aves_Passeriformes_Paridae_Baeolophus_bicolor\49f539c1-3790-4e11-8dbc-fc7aae6c128f.jpg,187,356,356 413 483 471 440,0.14953488111495972
data\raw\val\04075_Animalia_Chordata_Aves_Passeriformes_Parulidae_Setophaga_graciae\2dff1551-3f9b-4113-9a03-41c2039cf73a.jpg,188,246,246 313 480 394 91,0.05932694673538208
data\raw\val\04075_Animalia_Chordata_Aves_Passeriformes_Parulidae_Setophaga_graciae\7c9acfcc-90fe-4cb4-a945-c31a1098e2ae.jpg,188,355,355 278 284 365 300,0.30359992384910583
data\raw\val\04075_Animalia_Chordata_Aves_Passeriformes_Parulidae_Setophaga_graciae\29ba31ff-94c6-4ee8-b1bf-11b7244f3301.jpg,188,188,188 209 186 187 192,0.7235881686210632
data\raw\val\04075_Animalia_Chordata_Aves_Passeriformes_Parulidae_Setophaga_graciae\58eee4d2-377f-49ab-9c96-fb5569223cdc.jpg,188,187,187 413 210 191 209,0.22279691696166992
data\raw\val\04075_Animalia_Chordata_Aves_Passeriformes_Parulidae_Setophaga_graciae\c0aabea1-c556-4161-a18d-3f4dfadfdf3d.jpg,188,302,302 298 301 300 58,0.6137291789054871
data\raw\val\04075_Animalia_Chordata_Aves_Passeriformes_Parulidae_Setophaga_graciae\fdfa0c70-c397-45b2-8554-5b477c14d326.jpg,188,246,246 245 136 229 249,0.10305484384298325
data\raw\val\04075_Animalia_Chordata_Aves_Passeriformes_Parulidae_Setophaga_graciae\0dd642ab-20bc-4393-98bf-dd5a2bbf7f3d.jpg,188,240,240 246 229 256 232,0.35080310702323914
data\raw\val\04075_Animalia_Chordata_Aves_Passeriformes_Parulidae_Setophaga_graciae\dff2f92f-a4e6-41d1-a79d-4d1d41835889.jpg,188,246,246 91 110 256 313,0.043260492384433746
data\raw\val\04075_Animalia_Chordata_Aves_Passeriformes_Parulidae_Setophaga_graciae\cbd63054-341c-4e6b-abd7-0476ea2c0fa1.jpg,188,192,192 355 301 187 25,0.35224753618240356
data\raw\val\04075_Animalia_Chordata_Aves_Passeriformes_Parulidae_Setophaga_graciae\249cc8db-9267-49e7-8a9a-8f3d05d79698.jpg,188,278,278 188 355 246 210,0.4865814745426178
data\raw\val\04114_Animalia_Chordata_Aves_Passeriformes_Passerellidae_Peucaea_carpalis\6f799948-1e5d-4e28-9545-710069a7ce08.jpg,189,350,350 311 246 451 356,0.07306843996047974
data\raw\val\04114_Animalia_Chordata_Aves_Passeriformes_Passerellidae_Peucaea_carpalis\d71cb413-c381-4769-ae90-cf4cf3bc61f7.jpg,189,25,25 302 356 438 30,0.10654016584157944
data\raw\val\04114_Animalia_Chordata_Aves_Passeriformes_Passerellidae_Peucaea_carpalis\8613d181-0f9f-43d0-aaff-ae0c9d3ebd3c.jpg,189,248,248 249 274 246 242,0.18039685487747192
data\raw\val\04114_Animalia_Chordata_Aves_Passeriformes_Passerellidae_Peucaea_carpalis\918300f6-af93-44fe-8558-98a7ae05d083.jpg,189,246,246 236 237 145 229,0.18210479617118835
data\raw\val\04114_Animalia_Chordata_Aves_Passeriformes_Passerellidae_Peucaea_carpalis\04a86f99-39b5-4eba-ba28-632c551916fc.jpg,189,460,460 398 397 413 395,0.0902540534734726
data\raw\val\04114_Animalia_Chordata_Aves_Passeriformes_Passerellidae_Peucaea_carpalis\da30cd1d-8a4d-41e6-82ec-25abaee85dce.jpg,189,489,489 365 73 274 89,0.12266712635755539
data\raw\val\04114_Animalia_Chordata_Aves_Passeriformes_Passerellidae_Peucaea_carpalis\8619d4eb-38b4-4799-98e2-1ee528394d67.jpg,189,98,98 49 350 56 254,0.03803716227412224
data\raw\val\04114_Animalia_Chordata_Aves_Passeriformes_Passerellidae_Peucaea_carpalis\fb4ce278-8d73-4c05-be19-2c88a9a9ad2c.jpg,189,73,73 74 246 489 490,0.0913204476237297
data\raw\val\04114_Animalia_Chordata_Aves_Passeriformes_Passerellidae_Peucaea_carpalis\db6b61fb-6c5c-48b5-837d-29187024f084.jpg,189,192,192 153 98 73 127,0.06031510978937149
data\raw\val\04114_Animalia_Chordata_Aves_Passeriformes_Passerellidae_Peucaea_carpalis\ae2e6891-ef6e-4351-8bc4-80dee4d4dcd5.jpg,189,344,344 275 246 438 468,0.09351096302270889
data\raw\val\04139_Animalia_Chordata_Aves_Passeriformes_Petroicidae_Petroica_australis\46433973-8073-4e60-9843-8d5873be9340.jpg,190,124,124 190 313 9 255,0.06559257954359055
data\raw\val\04139_Animalia_Chordata_Aves_Passeriformes_Petroicidae_Petroica_australis\fa48d629-5c1d-4130-a649-329ca2f0fc70.jpg,190,246,246 492 9 489 240,0.23478823900222778
data\raw\val\04139_Animalia_Chordata_Aves_Passeriformes_Petroicidae_Petroica_australis\3ef2368c-41c4-4a15-8d8c-f015d64e8ea8.jpg,190,190,190 83 139 248 274,0.68708336353302
data\raw\val\04139_Animalia_Chordata_Aves_Passeriformes_Petroicidae_Petroica_australis\86d611ed-9101-4c07-828c-989f79af5612.jpg,190,81,81 49 74 254 162,0.06007317826151848
data\raw\val\04139_Animalia_Chordata_Aves_Passeriformes_Petroicidae_Petroica_australis\bb498b5f-0de9-4fc8-9844-63d7e349a696.jpg,190,91,91 311 451 246 86,0.08405819535255432
data\raw\val\04139_Animalia_Chordata_Aves_Passeriformes_Petroicidae_Petroica_australis\dd631770-0a43-4b5c-9110-51bb37d96f6f.jpg,190,313,313 468 437 438 364,0.36670851707458496
data\raw\val\04139_Animalia_Chordata_Aves_Passeriformes_Petroicidae_Petroica_australis\6b60df07-0297-4fef-bb85-e960b2621688.jpg,190,442,442 313 451 302 468,0.4112388491630554
data\raw\val\04139_Animalia_Chordata_Aves_Passeriformes_Petroicidae_Petroica_australis\775404bb-a072-442c-875f-1cae64a2b7fb.jpg,190,313,313 406 438 275 364,0.7768783569335938
data\raw\val\04139_Animalia_Chordata_Aves_Passeriformes_Petroicidae_Petroica_australis\eca68682-fbe8-4944-a2b5-19041a6ab485.jpg,190,83,83 139 143 246 240,0.0634862408041954
data\raw\val\04139_Animalia_Chordata_Aves_Passeriformes_Petroicidae_Petroica_australis\c0a08c41-10bf-4ed3-9c2d-ecec1c95491b.jpg,190,86,86 246 248 249 139,0.08008290082216263
data\raw\val\04187_Animalia_Chordata_Aves_Passeriformes_Sittidae_Sitta_carolinensis\8d9dfd86-e60b-4c8d-bbb0-5a5d4fc18159.jpg,191,25,25 395 475 400 483,0.2673726975917816
data\raw\val\04187_Animalia_Chordata_Aves_Passeriformes_Sittidae_Sitta_carolinensis\6ae972bc-b098-430a-b7f5-41e37cf57439.jpg,191,242,242 274 83 248 254,0.12716898322105408
data\raw\val\04187_Animalia_Chordata_Aves_Passeriformes_Sittidae_Sitta_carolinensis\44c83e03-723f-4fb2-98bc-d47de4b330fa.jpg,191,192,192 177 174 190 127,0.08588337153196335
data\raw\val\04187_Animalia_Chordata_Aves_Passeriformes_Sittidae_Sitta_carolinensis\c054f52d-bd5d-4329-bc12-5f90931868cf.jpg,191,356,356 468 471 448 342,0.19467930495738983
data\raw\val\04187_Animalia_Chordata_Aves_Passeriformes_Sittidae_Sitta_carolinensis\5313e6d3-5d5d-4342-8c9b-580f7922786d.jpg,191,210,210 490 497 493 396,0.16269339621067047
data\raw\val\04187_Animalia_Chordata_Aves_Passeriformes_Sittidae_Sitta_carolinensis\93d3fd10-38cc-4805-94d2-7310ec4619e3.jpg,191,460,460 382 471 356 468,0.1256670355796814
data\raw\val\04187_Animalia_Chordata_Aves_Passeriformes_Sittidae_Sitta_carolinensis\3966f250-6dd4-4bc2-8848-1992ea76ac6b.jpg,191,74,74 302 451 234 73,0.16167660057544708
data\raw\val\04187_Animalia_Chordata_Aves_Passeriformes_Sittidae_Sitta_carolinensis\7d2539b1-2c1a-41d4-b618-5d636f99514e.jpg,191,492,492 467 398 399 311,0.08066931366920471
data\raw\val\04187_Animalia_Chordata_Aves_Passeriformes_Sittidae_Sitta_carolinensis\1b3417ea-486d-4b88-9e2d-a69dcb444aa0.jpg,191,74,74 302 234 25 136,0.19092696905136108
data\raw\val\04187_Animalia_Chordata_Aves_Passeriformes_Sittidae_Sitta_carolinensis\d1dd6b48-aa46-4440-9493-397f11a87d64.jpg,191,191,191 413 395 397 396,0.18677282333374023
data\raw\val\04190_Animalia_Chordata_Aves_Passeriformes_Sittidae_Sitta_pygmaea\1636b967-62ca-4bf5-bffe-f3c3d84ef0a9.jpg,192,355,355 278 300 40 284,0.25421687960624695
data\raw\val\04190_Animalia_Chordata_Aves_Passeriformes_Sittidae_Sitta_pygmaea\797227b0-c869-493b-8642-8607d4551b3f.jpg,192,192,192 246 25 488 187,0.0606779120862484
data\raw\val\04190_Animalia_Chordata_Aves_Passeriformes_Sittidae_Sitta_pygmaea\9fc0dcd9-4e6a-4e1b-a137-e52db5263a41.jpg,192,249,249 242 248 246 274,0.06427345424890518
data\raw\val\04190_Animalia_Chordata_Aves_Passeriformes_Sittidae_Sitta_pygmaea\6ffcc981-5833-4113-af8b-6dbc5fc2c0f3.jpg,192,356,356 210 191 394 360,0.1365397870540619
data\raw\val\04190_Animalia_Chordata_Aves_Passeriformes_Sittidae_Sitta_pygmaea\1671a28f-c83d-4b6e-8892-132c01fa8368.jpg,192,249,249 216 233 81 240,0.11874216794967651
data\raw\val\04190_Animalia_Chordata_Aves_Passeriformes_Sittidae_Sitta_pygmaea\0b00f150-dc7b-46a6-9c20-dd49c92a6d53.jpg,192,246,246 313 487 240 234,0.2535489499568939
data\raw\val\04190_Animalia_Chordata_Aves_Passeriformes_Sittidae_Sitta_pygmaea\e412c644-e62e-44a6-a722-bbd1f2335536.jpg,192,192,192 210 188 246 187,0.153407022356987
data\raw\val\04190_Animalia_Chordata_Aves_Passeriformes_Sittidae_Sitta_pygmaea\2788cb02-f1ca-4106-aaec-01ccea7e87d5.jpg,192,257,257 256 74 366 73,0.23067763447761536
data\raw\val\04190_Animalia_Chordata_Aves_Passeriformes_Sittidae_Sitta_pygmaea\17840f9e-8485-4c66-a155-cd69b65cc36b.jpg,192,246,246 240 242 245 74,0.38481199741363525
data\raw\val\04190_Animalia_Chordata_Aves_Passeriformes_Sittidae_Sitta_pygmaea\a4d6366a-7bf5-4eb7-aaa0-5486cb021acc.jpg,192,246,246 492 210 274 365,0.2132750153541565
data\raw\val\04195_Animalia_Chordata_Aves_Passeriformes_Sturnidae_Cinnyricinclus_leucogaster\dd85892e-d96a-476a-8743-87a16f300dab.jpg,193,246,246 232 274 240 190,0.15570002794265747
data\raw\val\04195_Animalia_Chordata_Aves_Passeriformes_Sturnidae_Cinnyricinclus_leucogaster\7f45e022-9721-4c8b-a4f7-1c6b6bd37372.jpg,193,193,193 248 33 32 176,0.08210179954767227
data\raw\val\04195_Animalia_Chordata_Aves_Passeriformes_Sturnidae_Cinnyricinclus_leucogaster\7add6379-6dce-4070-8ec8-45bdf2f741aa.jpg,193,438,438 468 471 313 356,0.5179256200790405
data\raw\val\04195_Animalia_Chordata_Aves_Passeriformes_Sturnidae_Cinnyricinclus_leucogaster\933b4f60-a6fb-446b-9dc7-29e4bad1a301.jpg,193,193,193 162 170 183 63,0.09952264279127121
data\raw\val\04195_Animalia_Chordata_Aves_Passeriformes_Sturnidae_Cinnyricinclus_leucogaster\e7a9bdca-16aa-4b07-b66c-4ae472de593a.jpg,193,246,246 237 229 240 236,0.1475629061460495
data\raw\val\04195_Animalia_Chordata_Aves_Passeriformes_Sturnidae_Cinnyricinclus_leucogaster\2829986a-ac07-4ca3-8536-762e46bb8ab9.jpg,193,274,274 246 388 361 242,0.09004634618759155
data\raw\val\04195_Animalia_Chordata_Aves_Passeriformes_Sturnidae_Cinnyricinclus_leucogaster\fe8c1b18-18dd-4905-93c1-b3e5e3cd7df4.jpg,193,191,191 171 413 167 182,0.41831809282302856
data\raw\val\04195_Animalia_Chordata_Aves_Passeriformes_Sturnidae_Cinnyricinclus_leucogaster\78e43c74-fadf-492b-9fd7-ff4dbb596363.jpg,193,476,476 274 162 423 49,0.036117345094680786
data\raw\val\04195_Animalia_Chordata_Aves_Passeriformes_Sturnidae_Cinnyricinclus_leucogaster\86e2e3b9-647a-4f46-bd9f-a6e084371523.jpg,193,467,467 395 348 397 476,0.0504940003156662
data\raw\val\04195_Animalia_Chordata_Aves_Passeriformes_Sturnidae_Cinnyricinclus_leucogaster\f5b825f5-fb95-42c0-9f21-f9ea7dfc34cb.jpg,193,127,127 476 100 32 302,0.05590137094259262
data\raw\val\04221_Animalia_Chordata_Aves_Passeriformes_Thraupidae_Pipraeidea_bonariensis\cabba2eb-bacc-4c2a-be22-c1beb3161738.jpg,194,184,184 190 162 130 193,0.03682294115424156
data\raw\val\04221_Animalia_Chordata_Aves_Passeriformes_Thraupidae_Pipraeidea_bonariensis\acb6393e-85aa-4a5b-b301-e74e48f05dc9.jpg,194,234,234 240 302 232 229,0.28216415643692017
data\raw\val\04221_Animalia_Chordata_Aves_Passeriformes_Thraupidae_Pipraeidea_bonariensis\7835dadc-ba34-4e67-bce5-4fc8f2b1021f.jpg,194,313,313 302 451 259 468,0.1771116703748703
data\raw\val\04221_Animalia_Chordata_Aves_Passeriformes_Thraupidae_Pipraeidea_bonariensis\86327527-14d1-4ca3-8741-9ab5c5ddef72.jpg,194,184,184 91 162 246 89,0.16681921482086182
data\raw\val\04221_Animalia_Chordata_Aves_Passeriformes_Thraupidae_Pipraeidea_bonariensis\185ab3dc-574f-4d71-a82f-afbd6618f7b0.jpg,194,190,190 194 186 184 233,0.26638931035995483
data\raw\val\04221_Animalia_Chordata_Aves_Passeriformes_Thraupidae_Pipraeidea_bonariensis\74d33376-3dae-46a0-8136-0a318a3063cd.jpg,194,190,190 476 162 269 486,0.10146600753068924
data\raw\val\04221_Animalia_Chordata_Aves_Passeriformes_Thraupidae_Pipraeidea_bonariensis\bcb2663c-7de6-437d-9a01-5b869ab5f0ea.jpg,194,476,476 441 479 472 497,0.33411192893981934
data\raw\val\04221_Animalia_Chordata_Aves_Passeriformes_Thraupidae_Pipraeidea_bonariensis\b947f5ea-c9b0-4063-b39e-d713563be466.jpg,194,184,184 91 0 84 92,0.15097421407699585
data\raw\val\04221_Animalia_Chordata_Aves_Passeriformes_Thraupidae_Pipraeidea_bonariensis\0580ef09-6031-4cf4-87b3-10c7662607be.jpg,194,245,245 249 274 248 190,0.11259094625711441
data\raw\val\04221_Animalia_Chordata_Aves_Passeriformes_Thraupidae_Pipraeidea_bonariensis\56eea7cf-b16f-4c07-ad8a-239de557513c.jpg,194,190,190 192 135 176 248,0.049565039575099945
data\raw\val\04231_Animalia_Chordata_Aves_Passeriformes_Thraupidae_Sicalis_luteola\fcd4211b-5f1a-427a-b53b-d268c216dec2.jpg,195,395,395 488 400 476 397,0.06363959610462189
data\raw\val\04231_Animalia_Chordata_Aves_Passeriformes_Thraupidae_Sicalis_luteola\b971a64e-8ec2-4d2b-b8bd-f35a7e624786.jpg,195,344,344 438 345 350 354,0.9211171269416809
data\raw\val\04231_Animalia_Chordata_Aves_Passeriformes_Thraupidae_Sicalis_luteola\59008982-0a90-47b2-9a5a-e844a2ec1e51.jpg,195,81,81 100 32 49 98,0.13216638565063477
data\raw\val\04231_Animalia_Chordata_Aves_Passeriformes_Thraupidae_Sicalis_luteola\e341d185-8c29-428b-bf2f-cffa19469f21.jpg,195,184,184 195 181 194 188,0.13497181236743927
data\raw\val\04231_Animalia_Chordata_Aves_Passeriformes_Thraupidae_Sicalis_luteola\4475ebad-a602-4c9c-919a-8349b702e8e8.jpg,195,190,190 139 184 254 233,0.11765925586223602
data\raw\val\04231_Animalia_Chordata_Aves_Passeriformes_Thraupidae_Sicalis_luteola\1925a38d-cfb6-42bc-ba54-9d93031be628.jpg,195,344,344 406 473 345 311,0.7307337522506714
data\raw\val\04231_Animalia_Chordata_Aves_Passeriformes_Thraupidae_Sicalis_luteola\32b34495-2866-4306-a155-dd5c05d16297.jpg,195,195,195 181 169 302 184,0.17336739599704742
data\raw\val\04231_Animalia_Chordata_Aves_Passeriformes_Thraupidae_Sicalis_luteola\61f89814-2a94-45dc-bc32-13e008d7c9c4.jpg,195,31,31 89 138 256 184,0.2599296271800995
data\raw\val\04231_Animalia_Chordata_Aves_Passeriformes_Thraupidae_Sicalis_luteola\e39569e4-c40e-4801-8f4f-73b50506bed4.jpg,195,353,353 91 350 226 329,0.07558611780405045
data\raw\val\04231_Animalia_Chordata_Aves_Passeriformes_Thraupidae_Sicalis_luteola\e4276abc-a1e7-409d-8a85-be0e2465ed7c.jpg,195,226,226 190 143 467 184,0.17016348242759705
data\raw\val\04241_Animalia_Chordata_Aves_Passeriformes_Thraupidae_Tangara_arthus\012a86e5-e7a5-4737-94df-928907552924.jpg,196,131,131 241 253 226 249,0.07934499531984329
data\raw\val\04241_Animalia_Chordata_Aves_Passeriformes_Thraupidae_Tangara_arthus\de225c03-cfb6-493b-84b7-7b9ea8644872.jpg,196,274,274 246 249 398 233,0.15452365577220917
data\raw\val\04241_Animalia_Chordata_Aves_Passeriformes_Thraupidae_Tangara_arthus\854184e3-0a6a-474c-88cc-da09cbb627b8.jpg,196,243,243 90 226 89 242,0.11943317949771881
data\raw\val\04241_Animalia_Chordata_Aves_Passeriformes_Thraupidae_Tangara_arthus\c5b2dc52-7409-4112-bf7f-521268c5e826.jpg,196,90,90 226 89 196 259,0.572955310344696
data\raw\val\04241_Animalia_Chordata_Aves_Passeriformes_Thraupidae_Tangara_arthus\ba978cd3-4a08-47c0-8406-887d2d48d984.jpg,196,246,246 226 73 345 451,0.09895485639572144
data\raw\val\04241_Animalia_Chordata_Aves_Passeriformes_Thraupidae_Tangara_arthus\8ecc3ca1-a113-4b74-9af2-e309f317ebc0.jpg,196,196,196 90 249 208 194,0.22548632323741913
data\raw\val\04241_Animalia_Chordata_Aves_Passeriformes_Thraupidae_Tangara_arthus\e8473889-440d-442d-9a8b-e602bb4cf7cd.jpg,196,210,210 486 190 353 391,0.11128702759742737
data\raw\val\04241_Animalia_Chordata_Aves_Passeriformes_Thraupidae_Tangara_arthus\64bb510f-e382-4f1a-b2f8-7807b175aa10.jpg,196,274,274 268 227 18 250,0.11908143758773804
data\raw\val\04241_Animalia_Chordata_Aves_Passeriformes_Thraupidae_Tangara_arthus\8aff8f7b-8336-43aa-a421-b3bca73992a1.jpg,196,253,253 120 241 91 196,0.21207496523857117
data\raw\val\04241_Animalia_Chordata_Aves_Passeriformes_Thraupidae_Tangara_arthus\a48fe183-218e-4e52-8568-9c12f179b187.jpg,196,90,90 89 139 19 92,0.26368439197540283
data\raw\val\04245_Animalia_Chordata_Aves_Passeriformes_Thraupidae_Thraupis_episcopus\9107676c-a0b7-4a1e-a205-13741344b916.jpg,197,476,476 479 284 478 362,0.05572524294257164
data\raw\val\04245_Animalia_Chordata_Aves_Passeriformes_Thraupidae_Thraupis_episcopus\449d41fd-e71f-4377-8e0e-3dc57ef99b9d.jpg,197,274,274 492 442 467 476,0.1687459796667099
data\raw\val\04245_Animalia_Chordata_Aves_Passeriformes_Thraupidae_Thraupis_episcopus\ab90a945-1ffe-435b-9a24-90417c1b8e7a.jpg,197,497,497 488 486 398 493,0.13967135548591614
data\raw\val\04245_Animalia_Chordata_Aves_Passeriformes_Thraupidae_Thraupis_episcopus\2dd925cb-3b3c-48e3-b15a-b78c0ac230c1.jpg,197,249,249 140 254 246 395,0.0524517223238945
data\raw\val\04245_Animalia_Chordata_Aves_Passeriformes_Thraupidae_Thraupis_episcopus\0b8d2a69-ad07-4eb9-a06e-8cc9e4d0b0ce.jpg,197,197,197 177 194 184 183,0.21034041047096252
data\raw\val\04245_Animalia_Chordata_Aves_Passeriformes_Thraupidae_Thraupis_episcopus\6ed088ca-ff8f-40cd-b7fd-7a0bca43af58.jpg,197,369,369 442 437 313 469,0.127443328499794
data\raw\val\04245_Animalia_Chordata_Aves_Passeriformes_Thraupidae_Thraupis_episcopus\34710505-5747-4bdb-bfe3-f90e4371edbf.jpg,197,492,492 490 493 274 497,0.5157651901245117
data\raw\val\04245_Animalia_Chordata_Aves_Passeriformes_Thraupidae_Thraupis_episcopus\46d452a2-afb9-4b1e-89a4-5775d3fc741a.jpg,197,183,183 81 139 302 190,0.0855870172381401
data\raw\val\04245_Animalia_Chordata_Aves_Passeriformes_Thraupidae_Thraupis_episcopus\e5012cfc-99cc-43e3-a2da-3de3bcde9ff3.jpg,197,246,246 492 91 274 476,0.10358011722564697
data\raw\val\04245_Animalia_Chordata_Aves_Passeriformes_Thraupidae_Thraupis_episcopus\f91b7498-2364-4b60-837d-a866bd753427.jpg,197,431,431 395 467 397 396,0.14873698353767395
data\raw\val\04250_Animalia_Chordata_Aves_Passeriformes_Tityridae_Pachyramphus_aglaiae\2a3b0ac8-b300-4d95-8efc-953ec4b553e3.jpg,198,413,413 396 476 187 192,0.38753846287727356
data\raw\val\04250_Animalia_Chordata_Aves_Passeriformes_Tityridae_Pachyramphus_aglaiae\fbed62b5-83b4-4de0-8da5-e8e0261c833d.jpg,198,413,413 476 400 396 490,0.057357631623744965
data\raw\val\04250_Animalia_Chordata_Aves_Passeriformes_Tityridae_Pachyramphus_aglaiae\e3317f14-04b6-4b52-b05f-85b6617f425f.jpg,198,442,442 467 274 313 451,0.2480156123638153
data\raw\val\04250_Animalia_Chordata_Aves_Passeriformes_Tityridae_Pachyramphus_aglaiae\c82bd28d-8c09-4d5a-b8b6-bd54aa28a2d1.jpg,198,246,246 91 311 353 139,0.2831209897994995
data\raw\val\04250_Animalia_Chordata_Aves_Passeriformes_Tityridae_Pachyramphus_aglaiae\2e5cfc38-5bba-4582-b731-55b2a3303a02.jpg,198,451,451 435 490 434 440,0.165260449051857
data\raw\val\04250_Animalia_Chordata_Aves_Passeriformes_Tityridae_Pachyramphus_aglaiae\6af0610a-b9c1-42a9-9e0d-fac99b149a0b.jpg,198,25,25 74 73 237 259,0.23459085822105408
data\raw\val\04250_Animalia_Chordata_Aves_Passeriformes_Tityridae_Pachyramphus_aglaiae\ee36b664-6327-4728-ae64-d157b698fd87.jpg,198,274,274 492 312 497 398,0.836885392665863
data\raw\val\04250_Animalia_Chordata_Aves_Passeriformes_Tityridae_Pachyramphus_aglaiae\31ce6e83-912d-484a-9930-ad5101ce6d62.jpg,198,488,488 490 89 391 398,0.09234631806612015
data\raw\val\04250_Animalia_Chordata_Aves_Passeriformes_Tityridae_Pachyramphus_aglaiae\85ec64fe-eda7-46e3-ac92-5c17cb079cab.jpg,198,274,274 135 246 249 134,0.16018043458461761
data\raw\val\04250_Animalia_Chordata_Aves_Passeriformes_Tityridae_Pachyramphus_aglaiae\0cd59ee3-98e2-4f08-857b-50827e96423e.jpg,198,488,488 490 489 209 486,0.1903693974018097
data\raw\val\04356_Animalia_Chordata_Aves_Pelecaniformes_Ardeidae_Ardea_cinerea\026afee9-88cc-4679-872b-ea127fa68dcc.jpg,199,240,240 229 234 242 98,0.2216060757637024
data\raw\val\04356_Animalia_Chordata_Aves_Pelecaniformes_Ardeidae_Ardea_cinerea\05b8a8b2-8172-451d-9700-40004d2a7908.jpg,199,302,302 292 468 416 406,0.0696517825126648
data\raw\val\04356_Animalia_Chordata_Aves_Pelecaniformes_Ardeidae_Ardea_cinerea\baa3c832-f3e0-48d7-8b39-2dc30dadae91.jpg,199,365,365 315 487 370 451,0.15535908937454224
data\raw\val\04356_Animalia_Chordata_Aves_Pelecaniformes_Ardeidae_Ardea_cinerea\8ae42782-93e8-4321-9260-a34978eb5346.jpg,199,242,242 83 243 139 240,0.572258710861206
data\raw\val\04356_Animalia_Chordata_Aves_Pelecaniformes_Ardeidae_Ardea_cinerea\5520b51a-80e6-4897-ba9c-786a52a2ec0e.jpg,199,200,200 199 235 205 229,0.45249247550964355
data\raw\val\04356_Animalia_Chordata_Aves_Pelecaniformes_Ardeidae_Ardea_cinerea\f41aae7c-82cc-47bc-8faf-27b700a0ecaa.jpg,199,242,242 354 353 190 351,0.08373306691646576
data\raw\val\04356_Animalia_Chordata_Aves_Pelecaniformes_Ardeidae_Ardea_cinerea\04870b77-ac90-4760-834b-d592680575a0.jpg,199,300,300 419 302 365 417,0.034932106733322144
data\raw\val\04356_Animalia_Chordata_Aves_Pelecaniformes_Ardeidae_Ardea_cinerea\b78937f4-dc68-4adf-aea0-4235c1e8c4e1.jpg,199,406,406 311 357 468 424,0.2082306146621704
data\raw\val\04356_Animalia_Chordata_Aves_Pelecaniformes_Ardeidae_Ardea_cinerea\c1d076e5-3a07-405c-b56c-140b5f82bb29.jpg,199,313,313 344 406 451 91,0.5506720542907715
data\raw\val\04356_Animalia_Chordata_Aves_Pelecaniformes_Ardeidae_Ardea_cinerea\45af9275-5fda-42f6-b31e-dd7f6ca30959.jpg,199,406,406 345 344 460 143,0.20832008123397827
data\raw\val\04363_Animalia_Chordata_Aves_Pelecaniformes_Ardeidae_Ardea_purpurea\b6c6f0c5-4433-4633-8987-bd2667a5410d.jpg,200,73,73 74 274 127 83,0.06948456168174744
data\raw\val\04363_Animalia_Chordata_Aves_Pelecaniformes_Ardeidae_Ardea_purpurea\529bb0da-cf44-45c8-bb41-1271b3d63b68.jpg,200,74,74 73 98 52 57,0.159843310713768
data\raw\val\04363_Animalia_Chordata_Aves_Pelecaniformes_Ardeidae_Ardea_purpurea\396ff2a8-d065-4004-9604-f9dcdf18cf4e.jpg,200,81,81 139 74 98 57,0.4330171048641205
data\raw\val\04363_Animalia_Chordata_Aves_Pelecaniformes_Ardeidae_Ardea_purpurea\e0d8b817-6f35-4e57-9a29-e57c5e35e390.jpg,200,305,305 432 482 418 392,0.19260890781879425
data\raw\val\04363_Animalia_Chordata_Aves_Pelecaniformes_Ardeidae_Ardea_purpurea\8aabad15-dc7b-4a62-8865-82f21bc6cf9e.jpg,200,74,74 242 302 73 345,0.3941846787929535
data\raw\val\04363_Animalia_Chordata_Aves_Pelecaniformes_Ardeidae_Ardea_purpurea\3c92c9ec-bcb6-4eaa-bf0f-fbd034702c61.jpg,200,498,498 362 476 200 495,0.2453889697790146
data\raw\val\04363_Animalia_Chordata_Aves_Pelecaniformes_Ardeidae_Ardea_purpurea\f0a3e200-566a-43d3-b7b8-b136edcfda2b.jpg,200,313,313 350 320 451 442,0.3132615089416504
data\raw\val\04363_Animalia_Chordata_Aves_Pelecaniformes_Ardeidae_Ardea_purpurea\d335aa5d-68a8-4cd3-9c7f-20f00b83869e.jpg,200,498,498 226 215 305 306,0.07954706996679306
data\raw\val\04363_Animalia_Chordata_Aves_Pelecaniformes_Ardeidae_Ardea_purpurea\c5d41b70-7db5-49b9-9c50-f7e418ea9360.jpg,200,345,345 356 432 229 312,0.1351197063922882
data\raw\val\04363_Animalia_Chordata_Aves_Pelecaniformes_Ardeidae_Ardea_purpurea\ef4763ea-bead-4d20-b6ae-09f1b34ec514.jpg,200,242,242 27 229 30 139,0.15374509990215302
data\raw\val\04366_Animalia_Chordata_Aves_Pelecaniformes_Ardeidae_Ardeola_ralloides\ca42b741-f850-419f-9e1e-479545df4448.jpg,201,74,74 52 73 350 302,0.1344200223684311
data\raw\val\04366_Animalia_Chordata_Aves_Pelecaniformes_Ardeidae_Ardeola_ralloides\ec40ad47-fa32-4b51-9005-34220ea03cc0.jpg,201,232,232 246 226 229 234,0.10361162573099136
data\raw\val\04366_Animalia_Chordata_Aves_Pelecaniformes_Ardeidae_Ardeola_ralloides\d8893fd9-d91b-4753-a287-e216544bf379.jpg,201,248,248 267 404 402 459,0.08271457999944687
data\raw\val\04366_Animalia_Chordata_Aves_Pelecaniformes_Ardeidae_Ardeola_ralloides\cfe7e7d9-0c8e-4e4f-b59d-0771384702be.jpg,201,242,242 249 248 442 274,0.11743098497390747
data\raw\val\04366_Animalia_Chordata_Aves_Pelecaniformes_Ardeidae_Ardeola_ralloides\2428ad2a-88ec-4548-acd6-4310515d5bea.jpg,201,137,137 249 246 232 225,0.17162057757377625
data\raw\val\04366_Animalia_Chordata_Aves_Pelecaniformes_Ardeidae_Ardeola_ralloides\7752d394-7695-4d0e-a020-b9ed374fcc6d.jpg,201,315,315 330 370 329 312,0.28814592957496643
data\raw\val\04366_Animalia_Chordata_Aves_Pelecaniformes_Ardeidae_Ardeola_ralloides\163d0fcf-46e2-4df3-b72e-7950de00898f.jpg,201,56,56 249 240 234 467,0.13424359261989594
data\raw\val\04366_Animalia_Chordata_Aves_Pelecaniformes_Ardeidae_Ardeola_ralloides\21bc5a58-ac6e-4a8e-97cc-a5a5b0b2bb1e.jpg,201,105,105 143 86 11 184,0.12936483323574066
data\raw\val\04366_Animalia_Chordata_Aves_Pelecaniformes_Ardeidae_Ardeola_ralloides\d4c33a96-e992-4a59-b3db-d9b8dd028650.jpg,201,159,159 200 201 205 202,0.4121688902378082
data\raw\val\04366_Animalia_Chordata_Aves_Pelecaniformes_Ardeidae_Ardeola_ralloides\0bb95e05-83ad-4ead-8d5e-2bf420efa708.jpg,201,356,356 482 311 479 345,0.07000691443681717
data\raw\val\04404_Animalia_Chordata_Aves_Pelecaniformes_Threskiornithidae_Platalea_flavipes\f2718ba8-6bbc-4e2b-ba52-86b86748c07a.jpg,202,311,311 476 423 162 482,0.10009653121232986
data\raw\val\04404_Animalia_Chordata_Aves_Pelecaniformes_Threskiornithidae_Platalea_flavipes\2316f1c6-2f2d-48ba-ae51-d4bb8ae3465e.jpg,202,246,246 240 52 73 249,0.18473006784915924
data\raw\val\04404_Animalia_Chordata_Aves_Pelecaniformes_Threskiornithidae_Platalea_flavipes\0364b715-6b8d-4a67-835e-d880c4146f8c.jpg,202,52,52 482 278 262 57,0.02711992710828781
data\raw\val\04404_Animalia_Chordata_Aves_Pelecaniformes_Threskiornithidae_Platalea_flavipes\0a4e1eb0-2b12-429b-820d-6315636b0c13.jpg,202,311,311 345 302 406 344,0.34135702252388
data\raw\val\04404_Animalia_Chordata_Aves_Pelecaniformes_Threskiornithidae_Platalea_flavipes\215552f3-d9d3-454c-93bc-688d85276d1c.jpg,202,246,246 240 52 54 204,0.10782219469547272
data\raw\val\04404_Animalia_Chordata_Aves_Pelecaniformes_Threskiornithidae_Platalea_flavipes\4665970c-4a78-4e8f-bef1-43ef9220a37e.jpg,202,205,205 202 203 300 204,0.1743832677602768
data\raw\val\04404_Animalia_Chordata_Aves_Pelecaniformes_Threskiornithidae_Platalea_flavipes\571d2396-0763-4cc5-9c5d-e3090fbe84c8.jpg,202,205,205 472 330 315 482,0.09956929832696915
data\raw\val\04404_Animalia_Chordata_Aves_Pelecaniformes_Threskiornithidae_Platalea_flavipes\b06f573f-4b1b-4a73-b307-3393972c731d.jpg,202,406,406 344 313 345 143,0.15760429203510284
data\raw\val\04404_Animalia_Chordata_Aves_Pelecaniformes_Threskiornithidae_Platalea_flavipes\666c6f42-8b62-4090-88a4-a3b7a28d83cc.jpg,202,268,268 62 204 98 262,0.041493531316518784
data\raw\val\04404_Animalia_Chordata_Aves_Pelecaniformes_Threskiornithidae_Platalea_flavipes\21f32fde-a565-4a06-8909-5f9770f4853d.jpg,202,262,262 315 472 70 468,0.12435291707515717
data\raw\val\04405_Animalia_Chordata_Aves_Pelecaniformes_Threskiornithidae_Platalea_leucorodia\79fd1338-9189-45b0-bcb0-5f2ef9e79fbd.jpg,203,204,204 248 249 242 246,0.06699514389038086
data\raw\val\04405_Animalia_Chordata_Aves_Pelecaniformes_Threskiornithidae_Platalea_leucorodia\31f036f7-11d4-47e2-9105-b7c801ff65c9.jpg,203,311,311 356 345 482 471,0.054614413529634476
data\raw\val\04405_Animalia_Chordata_Aves_Pelecaniformes_Threskiornithidae_Platalea_leucorodia\df4f2868-aabc-46cb-85a8-6553a7e8e049.jpg,203,242,242 229 302 311 105,0.10419013351202011
data\raw\val\04405_Animalia_Chordata_Aves_Pelecaniformes_Threskiornithidae_Platalea_leucorodia\4950faee-b90e-4bdc-9a8b-dc73f350b41b.jpg,203,91,91 205 471 315 344,0.09639924764633179
data\raw\val\04405_Animalia_Chordata_Aves_Pelecaniformes_Threskiornithidae_Platalea_leucorodia\419e3c7e-095d-49da-b50c-ac5bb0bdfaf3.jpg,203,159,159 205 202 203 126,0.3451102077960968
data\raw\val\04405_Animalia_Chordata_Aves_Pelecaniformes_Threskiornithidae_Platalea_leucorodia\d815b006-9e0d-4cce-86bd-3e8f26f19fe2.jpg,203,152,152 362 159 240 416,0.0505351796746254
data\raw\val\04405_Animalia_Chordata_Aves_Pelecaniformes_Threskiornithidae_Platalea_leucorodia\c4d20053-61fd-4b20-bcd9-cd24441a4c9e.jpg,203,204,204 51 60 64 159,0.08115679770708084
data\raw\val\04405_Animalia_Chordata_Aves_Pelecaniformes_Threskiornithidae_Platalea_leucorodia\0c5a6785-0bc2-49d9-9702-b9e94ba9b686.jpg,203,159,159 204 205 203 202,0.41075560450553894
data\raw\val\04405_Animalia_Chordata_Aves_Pelecaniformes_Threskiornithidae_Platalea_leucorodia\ae09376d-65bf-4171-a333-b9bdd32cff7d.jpg,203,262,262 159 357 417 309,0.17290136218070984
data\raw\val\04405_Animalia_Chordata_Aves_Pelecaniformes_Threskiornithidae_Platalea_leucorodia\82c5023d-237a-48e2-9049-42bb380684a1.jpg,203,159,159 202 304 160 204,0.3513965904712677
data\raw\val\04407_Animalia_Chordata_Aves_Pelecaniformes_Threskiornithidae_Platalea_regia\27a511bb-65d4-497b-ae2e-ff489ec2d344.jpg,204,311,311 406 460 344 479,0.08395487070083618
data\raw\val\04407_Animalia_Chordata_Aves_Pelecaniformes_Threskiornithidae_Platalea_regia\1e521ce2-8437-455a-923b-0fda08c03355.jpg,204,322,322 468 302 305 491,0.09974297881126404
data\raw\val\04407_Animalia_Chordata_Aves_Pelecaniformes_Threskiornithidae_Platalea_regia\434c1247-d2e3-492d-a76c-b3690766601d.jpg,204,204,204 205 202 262 242,0.06051347404718399
data\raw\val\04407_Animalia_Chordata_Aves_Pelecaniformes_Threskiornithidae_Platalea_regia\c72744a3-d501-47c2-9274-7be11aa2e1b1.jpg,204,242,242 350 91 246 74,0.12996408343315125
data\raw\val\04407_Animalia_Chordata_Aves_Pelecaniformes_Threskiornithidae_Platalea_regia\4ca666f5-635d-4009-bd13-f5a6317f4fb8.jpg,204,77,77 204 25 202 80,0.11845123022794724
data\raw\val\04407_Animalia_Chordata_Aves_Pelecaniformes_Threskiornithidae_Platalea_regia\3889a5be-59f9-4e78-a1a8-551b73a1cb5a.jpg,204,242,242 246 240 311 91,0.07476451247930527
data\raw\val\04407_Animalia_Chordata_Aves_Pelecaniformes_Threskiornithidae_Platalea_regia\63710ab9-4756-4f12-8418-e880d0f736ad.jpg,204,126,126 127 143 139 242,0.09156537055969238
data\raw\val\04407_Animalia_Chordata_Aves_Pelecaniformes_Threskiornithidae_Platalea_regia\3fa3797b-bdce-4c12-ae8a-532691eff2d8.jpg,204,311,311 482 472 14 344,0.27243369817733765
data\raw\val\04407_Animalia_Chordata_Aves_Pelecaniformes_Threskiornithidae_Platalea_regia\6a3331b8-1457-49dd-b479-fc071ef5fde9.jpg,204,44,44 240 51 234 204,0.03376982733607292
data\raw\val\04407_Animalia_Chordata_Aves_Pelecaniformes_Threskiornithidae_Platalea_regia\6d431421-d436-408f-bc3b-2b5fa3c412b7.jpg,204,159,159 246 331 150 262,0.0811021625995636
data\raw\val\04413_Animalia_Chordata_Aves_Pelecaniformes_Threskiornithidae_Threskiornis_melanocephalus\6a546558-51e5-4266-b48d-712f0c6c920f.jpg,205,468,468 313 350 442 406,0.15286730229854584
data\raw\val\04413_Animalia_Chordata_Aves_Pelecaniformes_Threskiornithidae_Threskiornis_melanocephalus\a74ed344-2b74-4e06-87d1-dfa78b776ec8.jpg,205,356,356 292 471 460 468,0.17122559249401093
data\raw\val\04413_Animalia_Chordata_Aves_Pelecaniformes_Threskiornithidae_Threskiornis_melanocephalus\6cf7c142-e337-4b23-b42a-7256219e57be.jpg,205,240,240 49 98 226 229,0.1651465892791748
data\raw\val\04413_Animalia_Chordata_Aves_Pelecaniformes_Threskiornithidae_Threskiornis_melanocephalus\1570d9f8-d704-4185-b8d7-cb9378f1fd8e.jpg,205,232,232 226 83 159 242,0.05406647175550461
data\raw\val\04413_Animalia_Chordata_Aves_Pelecaniformes_Threskiornithidae_Threskiornis_melanocephalus\5f51db65-d548-4d9a-8543-68f88dd70dc9.jpg,205,398,398 487 396 451 467,0.23016370832920074
data\raw\val\04413_Animalia_Chordata_Aves_Pelecaniformes_Threskiornithidae_Threskiornis_melanocephalus\62a17819-bdcb-466a-ba54-e2c400ff55b1.jpg,205,205,205 151 156 162 262,0.10367319732904434
data\raw\val\04413_Animalia_Chordata_Aves_Pelecaniformes_Threskiornithidae_Threskiornis_melanocephalus\1fa914be-3cbe-483d-aadf-b55ee09930cd.jpg,205,159,159 226 204 242 223,0.1322530061006546
data\raw\val\04413_Animalia_Chordata_Aves_Pelecaniformes_Threskiornithidae_Threskiornis_melanocephalus\f178d307-3cfa-4ed2-84d2-cc20e859ff73.jpg,205,274,274 313 398 442 246,0.07742856442928314
data\raw\val\04413_Animalia_Chordata_Aves_Pelecaniformes_Threskiornithidae_Threskiornis_melanocephalus\51861d0a-c1fb-47f9-b591-1a75669ca833.jpg,205,240,240 126 234 246 241,0.2269050031900406
data\raw\val\04413_Animalia_Chordata_Aves_Pelecaniformes_Threskiornithidae_Threskiornis_melanocephalus\a6d3e7e8-b3e4-44f8-b341-3b3904245b44.jpg,205,344,344 40 229 143 345,0.07816009223461151
data\raw\val\04422_Animalia_Chordata_Aves_Piciformes_Megalaimidae_Psilopogon_haemacephalus\0238890b-689d-4bee-98e3-ead4428548a8.jpg,206,206,206 207 162 193 184,0.3831082284450531
data\raw\val\04422_Animalia_Chordata_Aves_Piciformes_Megalaimidae_Psilopogon_haemacephalus\f1864004-1585-4ac9-aa22-24dbe7549f5d.jpg,206,274,274 476 451 18 85,0.1346597671508789
data\raw\val\04422_Animalia_Chordata_Aves_Piciformes_Megalaimidae_Psilopogon_haemacephalus\41bbeaac-8d7c-4ae6-af2a-272e636b7705.jpg,206,162,162 27 190 127 206,0.33603203296661377
data\raw\val\04422_Animalia_Chordata_Aves_Piciformes_Megalaimidae_Psilopogon_haemacephalus\a2fb4a5e-e8ca-41f5-b5e3-30548ae1d613.jpg,206,25,25 0 1 115 30,0.4358082115650177
data\raw\val\04422_Animalia_Chordata_Aves_Piciformes_Megalaimidae_Psilopogon_haemacephalus\17cf571e-72da-47fd-b9fe-2b227e03c204.jpg,206,25,25 302 27 115 111,0.5713546276092529
data\raw\val\04422_Animalia_Chordata_Aves_Piciformes_Megalaimidae_Psilopogon_haemacephalus\cdff21f2-d39d-43a7-9f45-8d2eb968a20f.jpg,206,448,448 391 434 382 487,0.14417022466659546
data\raw\val\04422_Animalia_Chordata_Aves_Piciformes_Megalaimidae_Psilopogon_haemacephalus\ee0a0f8e-cb7e-4c19-b7e6-80619f0b3d20.jpg,206,162,162 122 206 27 90,0.45064523816108704
data\raw\val\04422_Animalia_Chordata_Aves_Piciformes_Megalaimidae_Psilopogon_haemacephalus\72d8178f-0753-48db-b6cc-0bd44c4eb6ac.jpg,206,191,191 171 167 209 192,0.3428061008453369
data\raw\val\04422_Animalia_Chordata_Aves_Piciformes_Megalaimidae_Psilopogon_haemacephalus\8a9d6157-eb77-4664-9aee-a8057a124761.jpg,206,236,236 228 237 127 238,0.1043117344379425
data\raw\val\04422_Animalia_Chordata_Aves_Piciformes_Megalaimidae_Psilopogon_haemacephalus\5e1ae4eb-1afb-4f4d-872b-a359ced77290.jpg,206,246,246 73 354 278 347,0.17554882168769836
data\raw\val\04424_Animalia_Chordata_Aves_Piciformes_Picidae_Campephilus_guatemalensis\7db124ff-7558-4c3b-9497-116b9c42d501.jpg,207,246,246 476 135 73 274,0.12555070221424103
data\raw\val\04424_Animalia_Chordata_Aves_Piciformes_Picidae_Campephilus_guatemalensis\ff83140f-a5e3-4986-b3d9-920ba2b1d08a.jpg,207,246,246 136 240 229 135,0.810886800289154
data\raw\val\04424_Animalia_Chordata_Aves_Piciformes_Picidae_Campephilus_guatemalensis\f4b8d8ef-3875-4631-ae4f-8db55c9f0e70.jpg,207,356,356 313 471 362 448,0.22885531187057495
data\raw\val\04424_Animalia_Chordata_Aves_Piciformes_Picidae_Campephilus_guatemalensis\d87f0dd9-9a15-4771-854d-4700dec73e5d.jpg,207,73,73 451 395 375 98,0.26743441820144653
data\raw\val\04424_Animalia_Chordata_Aves_Piciformes_Picidae_Campephilus_guatemalensis\0fdfa726-8bf4-471f-ac83-7d6ac464f209.jpg,207,354,354 476 355 118 353,0.15130415558815002
data\raw\val\04424_Animalia_Chordata_Aves_Piciformes_Picidae_Campephilus_guatemalensis\24629eca-db07-4b8c-8b73-ad93a68d1be3.jpg,207,129,129 254 302 124 209,0.10306890308856964
data\raw\val\04424_Animalia_Chordata_Aves_Piciformes_Picidae_Campephilus_guatemalensis\b0ec2c10-1309-4c1f-9423-dbcb45e633d5.jpg,207,254,254 100 32 49 27,0.060828059911727905
data\raw\val\04424_Animalia_Chordata_Aves_Piciformes_Picidae_Campephilus_guatemalensis\0c36981e-5f43-493e-9d97-f918aa0054bf.jpg,207,246,246 476 91 29 354,0.16069331765174866
data\raw\val\04424_Animalia_Chordata_Aves_Piciformes_Picidae_Campephilus_guatemalensis\f8ec6253-3ba9-4b9e-a568-cd6c0213f418.jpg,207,476,476 354 413 210 353,0.05536521598696709
data\raw\val\04424_Animalia_Chordata_Aves_Piciformes_Picidae_Campephilus_guatemalensis\62de5173-a689-4694-bb52-e8eff14c6524.jpg,207,249,249 245 246 244 129,0.14683841168880463
data\raw\val\04428_Animalia_Chordata_Aves_Piciformes_Picidae_Colaptes_campestris\c73e9d99-1509-4032-8e94-de2008f1a179.jpg,208,274,274 269 227 245 283,0.09044495970010757
data\raw\val\04428_Animalia_Chordata_Aves_Piciformes_Picidae_Colaptes_campestris\4fa3105e-5a07-481d-99a8-fe3ddc53d7fc.jpg,208,127,127 236 139 153 233,0.0514727458357811
data\raw\val\04428_Animalia_Chordata_Aves_Piciformes_Picidae_Colaptes_campestris\3fe372c0-1457-4fcd-ab04-3f533c0eb835.jpg,208,248,248 274 242 250 249,0.18316595256328583
data\raw\val\04428_Animalia_Chordata_Aves_Piciformes_Picidae_Colaptes_campestris\4c0a1306-2763-4bf5-b368-fdefd2204ea0.jpg,208,208,208 194 188 186 175,0.18597613275051117
data\raw\val\04428_Animalia_Chordata_Aves_Piciformes_Picidae_Colaptes_campestris\693cf992-7f2f-4057-a9a3-f48212943663.jpg,208,208,208 210 188 196 209,0.31590917706489563
data\raw\val\04428_Animalia_Chordata_Aves_Piciformes_Picidae_Colaptes_campestris\99f6fcdb-e0bb-4590-b51f-08ad66be87e5.jpg,208,74,74 234 236 274 80,0.12931698560714722
data\raw\val\04428_Animalia_Chordata_Aves_Piciformes_Picidae_Colaptes_campestris\4f15a761-6984-4659-9066-5614721d0e21.jpg,208,208,208 246 162 240 259,0.15298433601856232
data\raw\val\04428_Animalia_Chordata_Aves_Piciformes_Picidae_Colaptes_campestris\93cb4fd5-1f76-41c0-9b43-db080bda6a4c.jpg,208,246,246 73 259 492 274,0.6403332948684692
data\raw\val\04428_Animalia_Chordata_Aves_Piciformes_Picidae_Colaptes_campestris\d2933804-b75e-45ad-93de-c855eb5c05d9.jpg,208,344,344 406 242 350 345,0.30299001932144165
data\raw\val\04428_Animalia_Chordata_Aves_Piciformes_Picidae_Colaptes_campestris\fd4abd55-3f51-4ba1-914c-c63e749a39fe.jpg,208,394,394 246 471 493 91,0.08749187737703323
data\raw\val\04472_Animalia_Chordata_Aves_Piciformes_Ramphastidae_Ramphastos_toco\2be85ab4-86eb-424c-915f-392263a5b64c.jpg,209,259,259 246 90 208 145,0.522770345211029
data\raw\val\04472_Animalia_Chordata_Aves_Piciformes_Ramphastidae_Ramphastos_toco\71bd0143-c261-4527-ac18-61730dceb234.jpg,209,344,344 438 406 356 345,0.1539967954158783
data\raw\val\04472_Animalia_Chordata_Aves_Piciformes_Ramphastidae_Ramphastos_toco\edec84ac-5f06-4c53-bb98-8565f3bcde11.jpg,209,91,91 29 354 356 451,0.06588359922170639
data\raw\val\04472_Animalia_Chordata_Aves_Piciformes_Ramphastidae_Ramphastos_toco\90edd800-175d-410c-8507-a26fb9fb2231.jpg,209,208,208 184 85 92 209,0.1669173538684845
data\raw\val\04472_Animalia_Chordata_Aves_Piciformes_Ramphastidae_Ramphastos_toco\3bf52aaa-db53-4a7d-af1e-1b64d2568fd8.jpg,209,25,25 30 31 74 5,0.10088985413312912
data\raw\val\04472_Animalia_Chordata_Aves_Piciformes_Ramphastidae_Ramphastos_toco\f103420b-803d-4eb0-8382-dc53f456f514.jpg,209,18,18 209 274 476 233,0.07866376638412476
data\raw\val\04472_Animalia_Chordata_Aves_Piciformes_Ramphastidae_Ramphastos_toco\46fc18d2-0a9a-4703-b532-89abe0573201.jpg,209,413,413 467 396 451 479,0.6570804119110107
data\raw\val\04472_Animalia_Chordata_Aves_Piciformes_Ramphastidae_Ramphastos_toco\cf964820-982f-4280-b072-5361a4eec09b.jpg,209,32,32 74 100 27 302,0.21610087156295776
data\raw\val\04472_Animalia_Chordata_Aves_Piciformes_Ramphastidae_Ramphastos_toco\b436d279-66d8-45db-8249-fcf902a24e76.jpg,209,209,209 207 476 162 29,0.1634657084941864
data\raw\val\04472_Animalia_Chordata_Aves_Piciformes_Ramphastidae_Ramphastos_toco\74a2b783-9030-4d83-be9c-3ac70ad0d560.jpg,209,275,275 492 207 493 209,0.08917087316513062
data\raw\val\04540_Animalia_Chordata_Aves_Strigiformes_Strigidae_Aegolius_acadicus\eff53625-ef54-40b9-b7c6-0f03a8a62d42.jpg,210,249,249 137 248 245 217,0.796436607837677
data\raw\val\04540_Animalia_Chordata_Aves_Strigiformes_Strigidae_Aegolius_acadicus\c909331e-891c-4cf8-bedd-23571618cabf.jpg,210,51,51 246 136 135 354,0.042209330946207047
data\raw\val\04540_Animalia_Chordata_Aves_Strigiformes_Strigidae_Aegolius_acadicus\f7c9ebe8-1846-4225-adba-09cd4be5b0b8.jpg,210,344,344 438 345 406 473,0.12264983355998993
data\raw\val\04540_Animalia_Chordata_Aves_Strigiformes_Strigidae_Aegolius_acadicus\f38269e7-3781-4c4c-b73d-f0c83732c122.jpg,210,152,152 203 204 202 201,0.21277889609336853
data\raw\val\04540_Animalia_Chordata_Aves_Strigiformes_Strigidae_Aegolius_acadicus\107d807e-1d3a-4172-8798-2c933ba29ae5.jpg,210,236,236 52 237 234 77,0.045064445585012436
data\raw\val\04540_Animalia_Chordata_Aves_Strigiformes_Strigidae_Aegolius_acadicus\75d0a350-95b4-46c9-a3b3-647f97d2e532.jpg,210,210,210 413 356 394 246,0.1922615021467209
data\raw\val\04540_Animalia_Chordata_Aves_Strigiformes_Strigidae_Aegolius_acadicus\53b2294d-25b9-43f6-96f7-e95d015434d4.jpg,210,246,246 248 216 135 255,0.13022099435329437
data\raw\val\04540_Animalia_Chordata_Aves_Strigiformes_Strigidae_Aegolius_acadicus\bc21739f-07d5-4c63-b99d-fa73fea0ac4a.jpg,210,246,246 85 468 311 357,0.2198982536792755
data\raw\val\04540_Animalia_Chordata_Aves_Strigiformes_Strigidae_Aegolius_acadicus\25d25f02-d3ee-47d3-8f00-b888bcc58e73.jpg,210,347,347 278 216 355 98,0.08060865104198456
data\raw\val\04540_Animalia_Chordata_Aves_Strigiformes_Strigidae_Aegolius_acadicus\9dbfdf53-61f8-4fb3-b5c7-5d583c7ee7d7.jpg,210,246,246 73 98 74 347,0.08410881459712982
data\raw\val\04617_Animalia_Chordata_Mammalia_Artiodactyla_Bovidae_Alcelaphus_buselaphus\aedcd86d-5898-475b-b382-81a61c99e226.jpg,211,213,213 212 242 220 145,0.033448174595832825
data\raw\val\04617_Animalia_Chordata_Mammalia_Artiodactyla_Bovidae_Alcelaphus_buselaphus\4f0bd6da-f6c0-4783-943c-bad4d731c694.jpg,211,344,344 353 354 482 350,0.25594887137413025
data\raw\val\04617_Animalia_Chordata_Mammalia_Artiodactyla_Bovidae_Alcelaphus_buselaphus\6b5f327f-8c3d-4aba-808a-bc24d408d053.jpg,211,242,242 313 468 268 123,0.11335324496030807
data\raw\val\04617_Animalia_Chordata_Mammalia_Artiodactyla_Bovidae_Alcelaphus_buselaphus\60e64701-8ce5-4de1-8e6d-b261b0dbd6ee.jpg,211,211,211 214 215 213 384,0.19772472977638245
data\raw\val\04617_Animalia_Chordata_Mammalia_Artiodactyla_Bovidae_Alcelaphus_buselaphus\e6aede58-9ca2-4bde-af78-bf281dcf8de4.jpg,211,58,58 51 351 215 28,0.04134242236614227
data\raw\val\04617_Animalia_Chordata_Mammalia_Artiodactyla_Bovidae_Alcelaphus_buselaphus\0a1ad4c3-103f-4bf7-9c8b-efd6c8ff1d57.jpg,211,432,432 391 476 449 468,0.07432468980550766
data\raw\val\04617_Animalia_Chordata_Mammalia_Artiodactyla_Bovidae_Alcelaphus_buselaphus\739d49dd-ea76-4d64-9c56-c19abf494279.jpg,211,311,311 357 356 406 345,0.06981547921895981
data\raw\val\04617_Animalia_Chordata_Mammalia_Artiodactyla_Bovidae_Alcelaphus_buselaphus\fe0ea7b3-4a6c-40a2-bde0-e6194b3eeded.jpg,211,476,476 353 354 51 483,0.06161215901374817
data\raw\val\04617_Animalia_Chordata_Mammalia_Artiodactyla_Bovidae_Alcelaphus_buselaphus\5f5b94cd-a336-4068-b1f0-7bb70c5e0050.jpg,211,344,344 345 311 482 14,0.5623489618301392
data\raw\val\04617_Animalia_Chordata_Mammalia_Artiodactyla_Bovidae_Alcelaphus_buselaphus\c0d13e25-a385-45c8-be3c-0b17fc611557.jpg,211,431,431 313 468 382 394,0.15416523814201355
data\raw\val\04624_Animalia_Chordata_Mammalia_Artiodactyla_Bovidae_Capra_ibex\881c0fa5-8bf8-49f7-b51d-c99153ab8c20.jpg,212,492,492 496 476 493 233,0.15826381742954254
data\raw\val\04624_Animalia_Chordata_Mammalia_Artiodactyla_Bovidae_Capra_ibex\158f5e2f-c3f7-4fa6-9134-92cd0122ee29.jpg,212,487,487 366 313 451 468,0.2482692301273346
data\raw\val\04624_Animalia_Chordata_Mammalia_Artiodactyla_Bovidae_Capra_ibex\dead7fae-200d-4def-8782-17ea1e3ddad8.jpg,212,274,274 268 227 248 155,0.9279728531837463
data\raw\val\04624_Animalia_Chordata_Mammalia_Artiodactyla_Bovidae_Capra_ibex\3b65e1ce-5c96-4174-b47c-a654df3a3c6f.jpg,212,344,344 406 313 345 311,0.5259696841239929
data\raw\val\04624_Animalia_Chordata_Mammalia_Artiodactyla_Bovidae_Capra_ibex\f3a5ee19-a35d-4e23-bae2-5307882069a0.jpg,212,52,52 240 311 73 313,0.06304503977298737
data\raw\val\04624_Animalia_Chordata_Mammalia_Artiodactyla_Bovidae_Capra_ibex\2fb7d1b5-fd0c-4e18-9080-6e442367e447.jpg,212,406,406 460 394 357 431,0.16186842322349548
data\raw\val\04624_Animalia_Chordata_Mammalia_Artiodactyla_Bovidae_Capra_ibex\b28da2fe-3952-4a96-b82c-8bf71fee2633.jpg,212,287,287 394 356 362 406,0.09244868904352188
data\raw\val\04624_Animalia_Chordata_Mammalia_Artiodactyla_Bovidae_Capra_ibex\f3a94a3c-6afe-4636-89b4-e43fbbd90f09.jpg,212,468,468 313 442 406 414,0.2271195352077484
data\raw\val\04624_Animalia_Chordata_Mammalia_Artiodactyla_Bovidae_Capra_ibex\ad8678fe-1704-49eb-a77d-0cedb05a9fc4.jpg,212,74,74 81 98 83 49,0.1413947194814682
data\raw\val\04624_Animalia_Chordata_Mammalia_Artiodactyla_Bovidae_Capra_ibex\4904caec-37e4-4a2c-9400-8d2a29846b70.jpg,212,246,246 414 234 344 240,0.1072562113404274
data\raw\val\04640_Animalia_Chordata_Mammalia_Artiodactyla_Bovidae_Tragelaphus_angasii\96d6cc39-d63e-4dbb-9d3e-f2fe8774fd6f.jpg,213,353,353 278 246 476 213,0.06795892119407654
data\raw\val\04640_Animalia_Chordata_Mammalia_Artiodactyla_Bovidae_Tragelaphus_angasii\812fee67-62d3-4dd1-ac51-c0884b3f198c.jpg,213,356,356 468 313 471 448,0.20187023282051086
data\raw\val\04640_Animalia_Chordata_Mammalia_Artiodactyla_Bovidae_Tragelaphus_angasii\512968bd-de42-4cee-a9f1-a13c43c4f827.jpg,213,246,246 394 489 451 274,0.07841061800718307
data\raw\val\04640_Animalia_Chordata_Mammalia_Artiodactyla_Bovidae_Tragelaphus_angasii\8154de35-1d9f-4430-88c0-7961ab8cfa11.jpg,213,242,242 313 442 350 398,0.05101745203137398
data\raw\val\04640_Animalia_Chordata_Mammalia_Artiodactyla_Bovidae_Tragelaphus_angasii\6c0dde56-505a-4678-a234-f6811e3c526d.jpg,213,74,74 83 246 259 240,0.0404135100543499
data\raw\val\04640_Animalia_Chordata_Mammalia_Artiodactyla_Bovidae_Tragelaphus_angasii\c4898703-f23e-4f40-be5b-7001242ba781.jpg,213,246,246 240 190 223 414,0.2137560397386551
data\raw\val\04640_Animalia_Chordata_Mammalia_Artiodactyla_Bovidae_Tragelaphus_angasii\dbb608d4-b3a3-4b95-ba1c-870e8f56eeb2.jpg,213,356,356 468 483 391 431,0.19547788798809052
data\raw\val\04640_Animalia_Chordata_Mammalia_Artiodactyla_Bovidae_Tragelaphus_angasii\895f60bb-78bf-43b0-ac06-76d3c7f6d857.jpg,213,246,246 351 354 353 305,0.12787200510501862
data\raw\val\04640_Animalia_Chordata_Mammalia_Artiodactyla_Bovidae_Tragelaphus_angasii\eae84669-bbb1-4e67-9e82-65d176e668fd.jpg,213,213,213 212 215 245 476,0.10516119748353958
data\raw\val\04640_Animalia_Chordata_Mammalia_Artiodactyla_Bovidae_Tragelaphus_angasii\eff0da99-e202-478b-830e-7d48717d65ec.jpg,213,329,329 356 460 471 468,0.14519578218460083
data\raw\val\04665_Animalia_Chordata_Mammalia_Artiodactyla_Suidae_Phacochoerus_africanus\13066527-a01f-4a48-af87-99a5e6a3b953.jpg,214,344,344 350 394 431 495,0.1466534584760666
data\raw\val\04665_Animalia_Chordata_Mammalia_Artiodactyla_Suidae_Phacochoerus_africanus\418c61e3-0c1d-45de-8712-bb039b1a999e.jpg,214,344,344 350 242 226 329,0.4580715298652649
data\raw\val\04665_Animalia_Chordata_Mammalia_Artiodactyla_Suidae_Phacochoerus_africanus\447d7ecd-7bf6-475b-a86b-04447705b9af.jpg,214,240,240 350 344 234 242,0.337566614151001
data\raw\val\04665_Animalia_Chordata_Mammalia_Artiodactyla_Suidae_Phacochoerus_africanus\561f5f8f-53e6-4c38-8bb2-3a04a88fe1f0.jpg,214,350,350 344 442 313 242,0.29956892132759094
data\raw\val\04665_Animalia_Chordata_Mammalia_Artiodactyla_Suidae_Phacochoerus_africanus\6c635071-2c10-451a-a620-d3c03a9ab89e.jpg,214,356,356 468 471 451 448,0.2079772651195526
data\raw\val\04665_Animalia_Chordata_Mammalia_Artiodactyla_Suidae_Phacochoerus_africanus\41463575-19c8-411d-960b-803e1c70f4d4.jpg,214,344,344 476 495 311 14,0.062461577355861664
data\raw\val\04665_Animalia_Chordata_Mammalia_Artiodactyla_Suidae_Phacochoerus_africanus\720709e1-15a9-42b0-9c58-db8acfdc128d.jpg,214,240,240 246 234 139 313,0.09623628854751587
data\raw\val\04665_Animalia_Chordata_Mammalia_Artiodactyla_Suidae_Phacochoerus_africanus\01802be1-dbba-410f-9fa2-277f681c2b9b.jpg,214,91,91 313 240 94 162,0.06837767362594604
data\raw\val\04665_Animalia_Chordata_Mammalia_Artiodactyla_Suidae_Phacochoerus_africanus\b422c3aa-55d4-4855-9ebd-6b6a7cc6f5aa.jpg,214,240,240 344 246 242 350,0.7349701523780823
data\raw\val\04665_Animalia_Chordata_Mammalia_Artiodactyla_Suidae_Phacochoerus_africanus\402280e3-d5c2-4d83-938c-e8c1aeadf737.jpg,214,344,344 482 353 354 345,0.18423336744308472
data\raw\val\04688_Animalia_Chordata_Mammalia_Carnivora_Hyaenidae_Crocuta_crocuta\031f6e83-94de-481d-be14-9d5361a2e4f7.jpg,215,215,215 217 216 212 214,0.6392250061035156
data\raw\val\04688_Animalia_Chordata_Mammalia_Carnivora_Hyaenidae_Crocuta_crocuta\50eabe57-996b-4650-a515-8fad12633141.jpg,215,249,249 216 246 255 248,0.19826725125312805
data\raw\val\04688_Animalia_Chordata_Mammalia_Carnivora_Hyaenidae_Crocuta_crocuta\3d09743a-75b5-4dbe-872d-5c02a1963f7b.jpg,215,249,249 347 480 274 223,0.056418269872665405
data\raw\val\04688_Animalia_Chordata_Mammalia_Carnivora_Hyaenidae_Crocuta_crocuta\88a20263-7d58-4019-a8e4-d494d28b9223.jpg,215,344,344 311 356 345 482,0.20159323513507843
data\raw\val\04688_Animalia_Chordata_Mammalia_Carnivora_Hyaenidae_Crocuta_crocuta\df1b9a33-bf9f-4d66-a67c-43b7db3a6747.jpg,215,246,246 248 274 394 476,0.06354063749313354
data\raw\val\04688_Animalia_Chordata_Mammalia_Carnivora_Hyaenidae_Crocuta_crocuta\2a4ae190-6ea2-4a71-aec2-10494c7ad738.jpg,215,226,226 311 246 344 242,0.09642237424850464
data\raw\val\04688_Animalia_Chordata_Mammalia_Carnivora_Hyaenidae_Crocuta_crocuta\1352d501-654f-4573-95c3-049e89689e52.jpg,215,467,467 242 143 246 345,0.11537401378154755
data\raw\val\04688_Animalia_Chordata_Mammalia_Carnivora_Hyaenidae_Crocuta_crocuta\3c2a3bec-7f62-45ae-94b1-cd9cab6361fb.jpg,215,240,240 274 350 246 305,0.17211340367794037
data\raw\val\04688_Animalia_Chordata_Mammalia_Carnivora_Hyaenidae_Crocuta_crocuta\743c5773-2c27-4287-88f1-88c40fb02f19.jpg,215,249,249 62 347 350 344,0.040965333580970764
data\raw\val\04688_Animalia_Chordata_Mammalia_Carnivora_Hyaenidae_Crocuta_crocuta\adacddcd-5802-4c05-862a-fdfb124672ea.jpg,215,74,74 73 242 136 344,0.13879090547561646
data\raw\val\04711_Animalia_Chordata_Mammalia_Carnivora_Phocidae_Halichoerus_grypus\5c4bf490-9042-48f5-834e-a78e10efd88e.jpg,216,216,216 74 225 80 226,0.19978953897953033
data\raw\val\04711_Animalia_Chordata_Mammalia_Carnivora_Phocidae_Halichoerus_grypus\bc6f26fb-78ea-4500-a16d-29604fcc278c.jpg,216,242,242 73 74 52 240,0.23914039134979248
data\raw\val\04711_Animalia_Chordata_Mammalia_Carnivora_Phocidae_Halichoerus_grypus\362b0a3f-5581-48dc-826d-ca382763f0c1.jpg,216,311,311 345 302 406 482,0.21481049060821533
data\raw\val\04711_Animalia_Chordata_Mammalia_Carnivora_Phocidae_Halichoerus_grypus\59eb7dc7-9230-4adf-a1c6-c2074e474388.jpg,216,74,74 49 73 246 274,0.4735886752605438
data\raw\val\04711_Animalia_Chordata_Mammalia_Carnivora_Phocidae_Halichoerus_grypus\b4ed5609-0939-425c-b652-c19bfb96d54c.jpg,216,17,17 74 250 274 80,0.26832205057144165
data\raw\val\04711_Animalia_Chordata_Mammalia_Carnivora_Phocidae_Halichoerus_grypus\0156e287-d04a-4904-b0e4-c224693e1f03.jpg,216,246,246 313 356 91 86,0.14956903457641602
data\raw\val\04711_Animalia_Chordata_Mammalia_Carnivora_Phocidae_Halichoerus_grypus\6c4f4819-4c87-4bbe-bd35-4e689e30258e.jpg,216,242,242 74 250 98 240,0.15375153720378876
data\raw\val\04711_Animalia_Chordata_Mammalia_Carnivora_Phocidae_Halichoerus_grypus\540d403b-d21d-40c8-bec0-a06a57cb5020.jpg,216,73,73 98 240 52 83,0.18649081885814667
data\raw\val\04711_Animalia_Chordata_Mammalia_Carnivora_Phocidae_Halichoerus_grypus\e1188ef7-7ea9-40a2-a001-8fa975a41a97.jpg,216,250,250 74 216 100 242,0.27916884422302246
data\raw\val\04711_Animalia_Chordata_Mammalia_Carnivora_Phocidae_Halichoerus_grypus\67b92b60-d9fe-4d3b-8a38-cf594402f0a5.jpg,216,226,226 224 216 227 242,0.29568713903427124
data\raw\val\04713_Animalia_Chordata_Mammalia_Carnivora_Phocidae_Mirounga_leonina\f9c9f1fd-7506-4097-b87e-033f28db0090.jpg,217,240,240 246 242 451 274,0.18012742698192596
data\raw\val\04713_Animalia_Chordata_Mammalia_Carnivora_Phocidae_Mirounga_leonina\d232b2e4-ab0f-4d7a-928f-c7ab62dfd2ba.jpg,217,242,242 350 243 240 344,0.6480644941329956
data\raw\val\04713_Animalia_Chordata_Mammalia_Carnivora_Phocidae_Mirounga_leonina\a13c9592-898f-4404-82b6-f62986fc1a72.jpg,217,240,240 246 242 302 398,0.10888905078172684
data\raw\val\04713_Animalia_Chordata_Mammalia_Carnivora_Phocidae_Mirounga_leonina\0ebb96d4-c120-479f-9426-e30f1711ad8a.jpg,217,302,302 242 240 467 274,0.16330979764461517
data\raw\val\04713_Animalia_Chordata_Mammalia_Carnivora_Phocidae_Mirounga_leonina\9bafc423-92b9-4c54-84b7-4594c0c919a4.jpg,217,242,242 143 86 451 311,0.22223858535289764
data\raw\val\04713_Animalia_Chordata_Mammalia_Carnivora_Phocidae_Mirounga_leonina\23fb4ae8-109d-4e2f-8b1b-fe9e94483f1f.jpg,217,246,246 259 255 274 139,0.20920684933662415
data\raw\val\04713_Animalia_Chordata_Mammalia_Carnivora_Phocidae_Mirounga_leonina\5e9832d6-f7b7-4097-ac9e-f07acb9ba398.jpg,217,344,344 311 345 350 52,0.41637924313545227
data\raw\val\04713_Animalia_Chordata_Mammalia_Carnivora_Phocidae_Mirounga_leonina\783eccd2-27a9-41c2-bb87-165c6502ddb4.jpg,217,246,246 242 204 74 256,0.13535575568675995
data\raw\val\04713_Animalia_Chordata_Mammalia_Carnivora_Phocidae_Mirounga_leonina\7b654153-87fb-470b-8664-6d345f030d6a.jpg,217,242,242 240 246 234 350,0.31997206807136536
data\raw\val\04713_Animalia_Chordata_Mammalia_Carnivora_Phocidae_Mirounga_leonina\ca4266c0-cc3e-4845-9bda-d62071ed78b8.jpg,217,246,246 259 278 257 216,0.1281459480524063
data\raw\val\04722_Animalia_Chordata_Mammalia_Chiroptera_Emballonuridae_Rhynchonycteris_naso\3ddab8ab-45a2-4282-bb42-5fd9d13608fb.jpg,218,356,356 400 89 451 246,0.048924800008535385
data\raw\val\04722_Animalia_Chordata_Mammalia_Chiroptera_Emballonuridae_Rhynchonycteris_naso\739e8c86-e0b7-49f5-b2cd-fb9ab619b24e.jpg,218,73,73 74 274 98 315,0.5067978501319885
data\raw\val\04722_Animalia_Chordata_Mammalia_Chiroptera_Emballonuridae_Rhynchonycteris_naso\4553aadc-5512-4b6f-ae4a-fd9ab22de5c8.jpg,218,313,313 468 356 471 246,0.1454615443944931
data\raw\val\04722_Animalia_Chordata_Mammalia_Chiroptera_Emballonuridae_Rhynchonycteris_naso\696fe510-2dcf-45a6-9118-63c6d17d172f.jpg,218,62,62 99 118 58 353,0.11084003746509552
data\raw\val\04722_Animalia_Chordata_Mammalia_Chiroptera_Emballonuridae_Rhynchonycteris_naso\54ec642c-c39b-4b1a-9984-0427edcc0662.jpg,218,74,74 73 25 127 490,0.29968640208244324
data\raw\val\04722_Animalia_Chordata_Mammalia_Chiroptera_Emballonuridae_Rhynchonycteris_naso\3fa25ff1-ec39-4c1c-a93d-4349b645cb5d.jpg,218,302,302 73 350 74 246,0.049494385719299316
data\raw\val\04722_Animalia_Chordata_Mammalia_Chiroptera_Emballonuridae_Rhynchonycteris_naso\a680e6de-cfc5-46a7-b179-7758ff21c62c.jpg,218,356,356 86 259 394 366,0.06663146615028381
data\raw\val\04722_Animalia_Chordata_Mammalia_Chiroptera_Emballonuridae_Rhynchonycteris_naso\53128fdd-70a2-4099-a7bf-b4dd7e99c8e1.jpg,218,256,256 73 74 78 236,0.19821184873580933
data\raw\val\04722_Animalia_Chordata_Mammalia_Chiroptera_Emballonuridae_Rhynchonycteris_naso\513c65af-6323-44a1-b1e9-f4bda0eacc24.jpg,218,236,236 233 77 237 238,0.20302420854568481
data\raw\val\04722_Animalia_Chordata_Mammalia_Chiroptera_Emballonuridae_Rhynchonycteris_naso\ff95694a-fba5-4eea-b2f8-fa4123f0ae24.jpg,218,74,74 246 356 400 302,0.09703563153743744
data\raw\val\04766_Animalia_Chordata_Mammalia_Monotremata_Ornithorhynchidae_Ornithorhynchus_anatinus\5309265a-b3f8-43c0-af53-d76c63aa4398.jpg,219,313,313 406 344 438 468,0.2547183632850647
data\raw\val\04766_Animalia_Chordata_Mammalia_Monotremata_Ornithorhynchidae_Ornithorhynchus_anatinus\c45085d5-fbb5-45b7-82bb-6c13db39cb2d.jpg,219,468,468 315 344 356 311,0.08568956702947617
data\raw\val\04766_Animalia_Chordata_Mammalia_Monotremata_Ornithorhynchidae_Ornithorhynchus_anatinus\7ba22ef1-b567-4d2c-925a-caa07ac7c0a3.jpg,219,254,254 216 223 219 133,0.3584878742694855
data\raw\val\04766_Animalia_Chordata_Mammalia_Monotremata_Ornithorhynchidae_Ornithorhynchus_anatinus\888977ba-243f-49ed-b84f-b2d6b5386916.jpg,219,406,406 460 468 328 370,0.12322764843702316
data\raw\val\04766_Animalia_Chordata_Mammalia_Monotremata_Ornithorhynchidae_Ornithorhynchus_anatinus\90be341b-ae2b-4ca8-a697-8c1a7cd1cc59.jpg,219,312,312 406 311 345 482,0.2690693438053131
data\raw\val\04766_Animalia_Chordata_Mammalia_Monotremata_Ornithorhynchidae_Ornithorhynchus_anatinus\73ec3002-baf7-485d-a53b-f6c20dad942d.jpg,219,313,313 234 344 451 406,0.19080299139022827
data\raw\val\04766_Animalia_Chordata_Mammalia_Monotremata_Ornithorhynchidae_Ornithorhynchus_anatinus\f058a4f4-d10d-4f9e-bab7-738953663787.jpg,219,406,406 345 344 438 143,0.3299647867679596
data\raw\val\04766_Animalia_Chordata_Mammalia_Monotremata_Ornithorhynchidae_Ornithorhynchus_anatinus\7a324fb9-157c-4f2f-b558-88bf41c7711e.jpg,219,451,451 356 313 406 394,0.08791002631187439
data\raw\val\04766_Animalia_Chordata_Mammalia_Monotremata_Ornithorhynchidae_Ornithorhynchus_anatinus\d691757d-2c27-4f06-b5e9-5a0f2abba4a1.jpg,219,350,350 451 344 356 354,0.07710342109203339
data\raw\val\04766_Animalia_Chordata_Mammalia_Monotremata_Ornithorhynchidae_Ornithorhynchus_anatinus\26c5603d-7502-4346-b898-262a7404e570.jpg,219,242,242 143 344 15 226,0.1975996196269989
data\raw\val\04769_Animalia_Chordata_Mammalia_Perissodactyla_Equidae_Equus_caballus\293bcc33-7673-47f1-bf8a-8c74a24c2bd7.jpg,220,74,74 73 245 57 274,0.10287909209728241
data\raw\val\04769_Animalia_Chordata_Mammalia_Perissodactyla_Equidae_Equus_caballus\6ba51903-73a3-44cc-b9b5-2cf39ac0fa6b.jpg,220,476,476 240 246 262 492,0.05740810185670853
data\raw\val\04769_Animalia_Chordata_Mammalia_Perissodactyla_Equidae_Equus_caballus\9e64a21b-0db7-447a-8978-d8ab0940ab79.jpg,220,246,246 350 274 249 240,0.23341205716133118
data\raw\val\04769_Animalia_Chordata_Mammalia_Perissodactyla_Equidae_Equus_caballus\0ba322ea-5ea9-4b87-9be9-9f2d3b346f59.jpg,220,246,246 492 351 240 145,0.3818266689777374
data\raw\val\04769_Animalia_Chordata_Mammalia_Perissodactyla_Equidae_Equus_caballus\17a0250e-6b6d-4465-8741-682e0c876b10.jpg,220,249,249 245 123 467 217,0.22967863082885742
data\raw\val\04769_Animalia_Chordata_Mammalia_Perissodactyla_Equidae_Equus_caballus\e60ba515-72d8-48f9-823a-2ce5d9d0b1e9.jpg,220,344,344 362 406 313 451,0.23222790658473969
data\raw\val\04769_Animalia_Chordata_Mammalia_Perissodactyla_Equidae_Equus_caballus\c662df5f-36a7-42d6-870a-d1ab0c71c215.jpg,220,438,438 257 344 350 275,0.3931752145290375
data\raw\val\04769_Animalia_Chordata_Mammalia_Perissodactyla_Equidae_Equus_caballus\3a60a1ae-dbc9-457c-a691-4000b23b0dbb.jpg,220,344,344 350 460 345 311,0.1237315759062767
data\raw\val\04769_Animalia_Chordata_Mammalia_Perissodactyla_Equidae_Equus_caballus\db744859-2f9b-47b8-a4b6-ccbfaaeab9af.jpg,220,58,58 57 98 62 81,0.1263379454612732
data\raw\val\04769_Animalia_Chordata_Mammalia_Perissodactyla_Equidae_Equus_caballus\3a2ee62a-8dcc-4638-b527-52d286210b06.jpg,220,242,242 226 344 311 243,0.14765319228172302
data\raw\val\04770_Animalia_Chordata_Mammalia_Perissodactyla_Equidae_Equus_quagga\21f83762-9201-4b6d-a92d-5adae8b1710d.jpg,221,221,221 495 253 131 135,0.24619297683238983
data\raw\val\04770_Animalia_Chordata_Mammalia_Perissodactyla_Equidae_Equus_quagga\65f87b45-495b-46bf-9c5e-523d22a2baf2.jpg,221,221,221 243 495 226 242,0.3982684910297394
data\raw\val\04770_Animalia_Chordata_Mammalia_Perissodactyla_Equidae_Equus_quagga\fc18f83a-3cf7-49da-9469-824bba678eff.jpg,221,221,221 213 498 495 212,0.23376785218715668
data\raw\val\04770_Animalia_Chordata_Mammalia_Perissodactyla_Equidae_Equus_quagga\13eac505-7674-4388-8783-5d22f6c82eb8.jpg,221,495,495 221 381 494 479,0.2144152671098709
data\raw\val\04770_Animalia_Chordata_Mammalia_Perissodactyla_Equidae_Equus_quagga\89c97ad3-151d-44ad-b816-517820a72c05.jpg,221,240,240 492 246 489 274,0.18303433060646057
data\raw\val\04770_Animalia_Chordata_Mammalia_Perissodactyla_Equidae_Equus_quagga\d33c004d-50fd-4b36-81ce-cb83ac0af154.jpg,221,344,344 406 451 313 86,0.5895737409591675
data\raw\val\04770_Animalia_Chordata_Mammalia_Perissodactyla_Equidae_Equus_quagga\840d7906-a9aa-45a1-9f06-f7f032ad4c2c.jpg,221,221,221 131 494 495 225,0.7686966061592102
data\raw\val\04770_Animalia_Chordata_Mammalia_Perissodactyla_Equidae_Equus_quagga\12999c33-331e-47b4-b9a2-b935ab2fda08.jpg,221,344,344 495 246 253 278,0.0629681646823883
data\raw\val\04770_Animalia_Chordata_Mammalia_Perissodactyla_Equidae_Equus_quagga\a20331f2-7127-43b7-b167-1f0e4dcdb2e4.jpg,221,221,221 495 494 479 498,0.3728325366973877
data\raw\val\04770_Animalia_Chordata_Mammalia_Perissodactyla_Equidae_Equus_quagga\7b642a0a-c001-4981-92d4-bb4cce1d92a9.jpg,221,344,344 495 242 246 350,0.22734981775283813
data\raw\val\04782_Animalia_Chordata_Mammalia_Primates_Cercopithecidae_Cercopithecus_mitis\0956fefa-5c9d-4bff-8b78-3dfef0f8d6f3.jpg,222,394,394 451 313 356 406,0.10866711288690567
data\raw\val\04782_Animalia_Chordata_Mammalia_Primates_Cercopithecidae_Cercopithecus_mitis\c0e34554-38c4-4eba-94be-10739d46a724.jpg,222,313,313 468 451 448 435,0.1843087524175644
data\raw\val\04782_Animalia_Chordata_Mammalia_Primates_Cercopithecidae_Cercopithecus_mitis\3fd01660-4a84-4c06-9b1a-b1d61b6f1c7e.jpg,222,366,366 487 489 370 486,0.18719662725925446
data\raw\val\04782_Animalia_Chordata_Mammalia_Primates_Cercopithecidae_Cercopithecus_mitis\b1deefc4-55eb-4743-abff-1fe23dc2feaa.jpg,222,274,274 313 256 302 73,0.28927865624427795
data\raw\val\04782_Animalia_Chordata_Mammalia_Primates_Cercopithecidae_Cercopithecus_mitis\474b6464-dcde-4956-b2f5-4df179b58ad7.jpg,222,246,246 278 302 492 305,0.06897319853305817
data\raw\val\04782_Animalia_Chordata_Mammalia_Primates_Cercopithecidae_Cercopithecus_mitis\3d3c5cc5-54f2-4a77-bc44-0b6cd7fad814.jpg,222,240,240 442 246 233 234,0.6395772695541382
data\raw\val\04782_Animalia_Chordata_Mammalia_Primates_Cercopithecidae_Cercopithecus_mitis\d8045cc9-be88-4cd7-af0b-ce65076af57e.jpg,222,354,354 274 246 278 451,0.05175137519836426
data\raw\val\04782_Animalia_Chordata_Mammalia_Primates_Cercopithecidae_Cercopithecus_mitis\38b33ce7-d4d8-4dbc-a93b-c7b70e05cf4e.jpg,222,274,274 249 246 347 190,0.14599540829658508
data\raw\val\04782_Animalia_Chordata_Mammalia_Primates_Cercopithecidae_Cercopithecus_mitis\bb3294a3-51fa-4fe4-9d1e-ff8ac7673182.jpg,222,313,313 451 468 356 394,0.15379399061203003
data\raw\val\04782_Animalia_Chordata_Mammalia_Primates_Cercopithecidae_Cercopithecus_mitis\74446b39-479d-46fa-a853-6740c2eec634.jpg,222,274,274 249 246 190 451,0.29066574573516846
data\raw\val\04811_Animalia_Chordata_Mammalia_Rodentia_Hystricidae_Hystrix_africaeaustralis\0557cc30-7500-4c44-8473-429fdb45b406.jpg,223,493,493 275 257 492 348,0.11449401080608368
data\raw\val\04811_Animalia_Chordata_Mammalia_Rodentia_Hystricidae_Hystrix_africaeaustralis\8ee93c82-5691-4799-b27e-64e6cd6be38b.jpg,223,313,313 406 438 344 350,0.135047048330307
data\raw\val\04811_Animalia_Chordata_Mammalia_Rodentia_Hystricidae_Hystrix_africaeaustralis\ada2c782-2806-44ab-af6e-d6f9b693a62a.jpg,223,344,344 234 91 350 313,0.19865819811820984
data\raw\val\04811_Animalia_Chordata_Mammalia_Rodentia_Hystricidae_Hystrix_africaeaustralis\1b6e54da-6f95-4cfc-84bf-c130e6d6a56c.jpg,223,487,487 451 313 366 375,0.15950587391853333
data\raw\val\04811_Animalia_Chordata_Mammalia_Rodentia_Hystricidae_Hystrix_africaeaustralis\4388a691-4c5e-4916-aea6-df3a89db68fd.jpg,223,438,438 468 345 313 437,0.43917402625083923
data\raw\val\04811_Animalia_Chordata_Mammalia_Rodentia_Hystricidae_Hystrix_africaeaustralis\12b6ad65-fa3f-4388-bdc1-8740ac358c61.jpg,223,438,438 468 437 472 356,0.4754551351070404
data\raw\val\04811_Animalia_Chordata_Mammalia_Rodentia_Hystricidae_Hystrix_africaeaustralis\0641b4ce-8fa1-40bc-ada9-a1876430b930.jpg,223,438,438 437 313 468 356,0.7028659582138062
data\raw\val\04811_Animalia_Chordata_Mammalia_Rodentia_Hystricidae_Hystrix_africaeaustralis\f343e2c1-78de-4b84-80ae-026413778432.jpg,223,344,344 313 350 91 406,0.24082309007644653
data\raw\val\04811_Animalia_Chordata_Mammalia_Rodentia_Hystricidae_Hystrix_africaeaustralis\b428a3a1-b584-40a8-85c3-43698fa20e52.jpg,223,313,313 442 246 240 91,0.237925723195076
data\raw\val\04811_Animalia_Chordata_Mammalia_Rodentia_Hystricidae_Hystrix_africaeaustralis\018322f1-7a19-44d9-a118-4f00d2d27c13.jpg,223,313,313 287 342 394 468,0.07345866411924362
data\raw\val\04823_Animalia_Chordata_Mammalia_Rodentia_Sciuridae_Cynomys_ludovicianus\e346a10b-27b0-44ea-b709-22578ea56d35.jpg,224,311,311 246 344 451 362,0.2333507388830185
data\raw\val\04823_Animalia_Chordata_Mammalia_Rodentia_Sciuridae_Cynomys_ludovicianus\d270b002-f075-44db-85b9-cf6974bb7488.jpg,224,406,406 345 460 471 438,0.1740802675485611
data\raw\val\04823_Animalia_Chordata_Mammalia_Rodentia_Sciuridae_Cynomys_ludovicianus\d8e4f819-1207-4e7b-8d82-d2b15b687426.jpg,224,226,226 246 240 344 91,0.16938631236553192
data\raw\val\04823_Animalia_Chordata_Mammalia_Rodentia_Sciuridae_Cynomys_ludovicianus\f7fc4b13-016a-4f71-a22a-68bd30dffc9e.jpg,224,406,406 312 345 471 313,0.23719148337841034
data\raw\val\04823_Animalia_Chordata_Mammalia_Rodentia_Sciuridae_Cynomys_ludovicianus\7852a3d6-93e0-444a-926b-9cf2ae3ea46c.jpg,224,242,242 250 216 255 217,0.5916498303413391
data\raw\val\04823_Animalia_Chordata_Mammalia_Rodentia_Sciuridae_Cynomys_ludovicianus\7f1858a3-051a-4d65-be5e-54cdd8ffea3a.jpg,224,344,344 350 406 345 451,0.7680614590644836
data\raw\val\04823_Animalia_Chordata_Mammalia_Rodentia_Sciuridae_Cynomys_ludovicianus\d33f56e2-1ac7-4dcb-a982-db9d6c16767d.jpg,224,355,355 226 432 242 223,0.0698482096195221
data\raw\val\04823_Animalia_Chordata_Mammalia_Rodentia_Sciuridae_Cynomys_ludovicianus\11d053e7-519e-41cf-86b4-f395372339a1.jpg,224,91,91 345 311 406 344,0.10782691836357117
data\raw\val\04823_Animalia_Chordata_Mammalia_Rodentia_Sciuridae_Cynomys_ludovicianus\a3db71a3-9db7-46eb-9ddf-8ea39a07f2bc.jpg,224,350,350 344 242 347 442,0.1440184861421585
data\raw\val\04823_Animalia_Chordata_Mammalia_Rodentia_Sciuridae_Cynomys_ludovicianus\0ff0d854-0082-4545-8358-55495807de43.jpg,224,350,350 74 302 234 442,0.14345061779022217
data\raw\val\04826_Animalia_Chordata_Mammalia_Rodentia_Sciuridae_Funambulus_pennantii\19d18133-44c9-496d-ae79-672c1cb07118.jpg,225,239,239 229 42 236 78,0.15820491313934326
data\raw\val\04826_Animalia_Chordata_Mammalia_Rodentia_Sciuridae_Funambulus_pennantii\38be18b0-2d09-4054-b5db-f8ef6ec3de83.jpg,225,229,229 226 232 225 234,0.12708733975887299
data\raw\val\04826_Animalia_Chordata_Mammalia_Rodentia_Sciuridae_Funambulus_pennantii\62bc8538-c2ce-4c1c-b58d-612c40821565.jpg,225,278,278 249 216 132 78,0.048039332032203674
data\raw\val\04826_Animalia_Chordata_Mammalia_Rodentia_Sciuridae_Funambulus_pennantii\d7ae007d-668f-4f40-99fc-fd47d7b094cf.jpg,225,356,356 406 438 311 345,0.21276365220546722
data\raw\val\04826_Animalia_Chordata_Mammalia_Rodentia_Sciuridae_Funambulus_pennantii\d5892f36-9fde-45f9-ab12-3599bc47be9f.jpg,225,242,242 350 240 442 313,0.4372600317001343
data\raw\val\04826_Animalia_Chordata_Mammalia_Rodentia_Sciuridae_Funambulus_pennantii\56454d39-f8d9-4ff8-9334-b7b551bc29cb.jpg,225,240,240 350 226 344 491,0.08785393089056015
data\raw\val\04826_Animalia_Chordata_Mammalia_Rodentia_Sciuridae_Funambulus_pennantii\d1ae8b47-9802-4af7-a4a7-decb8638f9d1.jpg,225,471,471 451 468 406 394,0.10784004628658295
data\raw\val\04826_Animalia_Chordata_Mammalia_Rodentia_Sciuridae_Funambulus_pennantii\b79c17a7-2110-47d7-8edc-93d8284f1c1a.jpg,225,246,246 73 240 52 278,0.2844354808330536
data\raw\val\04826_Animalia_Chordata_Mammalia_Rodentia_Sciuridae_Funambulus_pennantii\f9616f62-bc07-4137-bd82-8f299fad7857.jpg,225,246,246 229 226 136 230,0.11372993141412735
data\raw\val\04826_Animalia_Chordata_Mammalia_Rodentia_Sciuridae_Funambulus_pennantii\b30ce9a1-ef54-4b98-beae-8d1990c50c34.jpg,225,229,229 225 226 232 234,0.17676608264446259
data\raw\val\04829_Animalia_Chordata_Mammalia_Rodentia_Sciuridae_Ictidomys_tridecemlineatus\881a8cce-cbb2-4917-826b-ba1d7d348ae0.jpg,226,304,304 418 376 309 305,0.16824616491794586
data\raw\val\04829_Animalia_Chordata_Mammalia_Rodentia_Sciuridae_Ictidomys_tridecemlineatus\4fe0d0a9-4105-41b1-b959-ce3d8dae70cb.jpg,226,302,302 491 299 381 309,0.4807370603084564
data\raw\val\04829_Animalia_Chordata_Mammalia_Rodentia_Sciuridae_Ictidomys_tridecemlineatus\98bb8dca-5732-464b-a833-45480541f113.jpg,226,304,304 402 240 226 345,0.17044755816459656
data\raw\val\04829_Animalia_Chordata_Mammalia_Rodentia_Sciuridae_Ictidomys_tridecemlineatus\1863ca85-c6c3-4a21-821e-ae35708b7bd8.jpg,226,350,350 354 353 83 246,0.05511082336306572
data\raw\val\04829_Animalia_Chordata_Mammalia_Rodentia_Sciuridae_Ictidomys_tridecemlineatus\c417c58f-d78d-47bb-a434-0957633dfd61.jpg,226,226,226 381 32 491 91,0.7661079168319702
data\raw\val\04829_Animalia_Chordata_Mammalia_Rodentia_Sciuridae_Ictidomys_tridecemlineatus\38aeb8bb-be70-4b29-b9b8-b1e05e00dc24.jpg,226,311,311 344 350 492 345,0.2626520097255707
data\raw\val\04829_Animalia_Chordata_Mammalia_Rodentia_Sciuridae_Ictidomys_tridecemlineatus\d59f6f91-3f51-472e-b7c9-2cb65e707757.jpg,226,2,2 344 313 406 30,0.06186509504914284
data\raw\val\04829_Animalia_Chordata_Mammalia_Rodentia_Sciuridae_Ictidomys_tridecemlineatus\7cc67937-6e6e-456d-8022-070553f9e657.jpg,226,406,406 345 311 312 460,0.2234647423028946
data\raw\val\04829_Animalia_Chordata_Mammalia_Rodentia_Sciuridae_Ictidomys_tridecemlineatus\f77e5d8d-f4b4-4ff5-853a-7960f3aabd27.jpg,226,226,226 190 268 83 86,0.5699308514595032
data\raw\val\04829_Animalia_Chordata_Mammalia_Rodentia_Sciuridae_Ictidomys_tridecemlineatus\abf27440-189f-433c-aa82-5ca1d6f8854b.jpg,226,344,344 438 345 484 482,0.27173784375190735
data\raw\val\04831_Animalia_Chordata_Mammalia_Rodentia_Sciuridae_Marmota_flaviventris\c12d157b-7cb2-4dd4-9a8e-18f4b214c832.jpg,227,355,355 365 242 451 468,0.04971854388713837
data\raw\val\04831_Animalia_Chordata_Mammalia_Rodentia_Sciuridae_Marmota_flaviventris\3c674a99-a2ec-4f7a-9dfb-bd7860481591.jpg,227,350,350 344 313 442 242,0.19288687407970428
data\raw\val\04831_Animalia_Chordata_Mammalia_Rodentia_Sciuridae_Marmota_flaviventris\5fe43f62-64a0-4d35-b367-14140c0b2e7c.jpg,227,246,246 451 242 350 344,0.05419604480266571
data\raw\val\04831_Animalia_Chordata_Mammalia_Rodentia_Sciuridae_Marmota_flaviventris\d339d948-2deb-4064-9b04-e138f1fdfb93.jpg,227,313,313 468 329 370 438,0.17359595000743866
data\raw\val\04831_Animalia_Chordata_Mammalia_Rodentia_Sciuridae_Marmota_flaviventris\eb2359d1-235d-461d-b901-3a42b7af0e79.jpg,227,313,313 246 278 394 451,0.0904308557510376
data\raw\val\04831_Animalia_Chordata_Mammalia_Rodentia_Sciuridae_Marmota_flaviventris\bd490bfb-3dfb-4114-a2ae-a8110d589967.jpg,227,242,242 249 223 355 250,0.1286894530057907
data\raw\val\04831_Animalia_Chordata_Mammalia_Rodentia_Sciuridae_Marmota_flaviventris\d65eaa1e-aa3b-40ea-b5a5-a85ca0eeab06.jpg,227,242,242 350 274 442 313,0.6836750507354736
data\raw\val\04831_Animalia_Chordata_Mammalia_Rodentia_Sciuridae_Marmota_flaviventris\a39cb00f-45c7-4718-a09f-97256f9d92e2.jpg,227,242,242 243 216 227 223,0.26417776942253113
data\raw\val\04831_Animalia_Chordata_Mammalia_Rodentia_Sciuridae_Marmota_flaviventris\9dd16262-4ffc-4eb3-a726-d5ba40c4e945.jpg,227,442,442 315 468 366 487,0.12971629202365875
data\raw\val\04831_Animalia_Chordata_Mammalia_Rodentia_Sciuridae_Marmota_flaviventris\e958a461-1c5b-4a46-985e-ef94dc77c78a.jpg,227,468,468 366 451 315 365,0.09967372566461563
data\raw\val\04883_Animalia_Chordata_Reptilia_Squamata_Anguidae_Elgaria_multicarinata\4ecc1ab2-21a6-4da8-9381-d7ac03c40a9a.jpg,228,139,139 246 143 137 259,0.1602400541305542
data\raw\val\04883_Animalia_Chordata_Reptilia_Squamata_Anguidae_Elgaria_multicarinata\05c6e24c-4e17-4961-a976-fdc92fb4d795.jpg,228,246,246 52 249 58 237,0.07650374621152878
data\raw\val\04883_Animalia_Chordata_Reptilia_Squamata_Anguidae_Elgaria_multicarinata\f1428648-1af4-422a-a844-9777d0453231.jpg,228,228,228 145 233 102 236,0.36292117834091187
data\raw\val\04883_Animalia_Chordata_Reptilia_Squamata_Anguidae_Elgaria_multicarinata\b8ba6f0a-7dfd-4a33-8d39-916e7d51c5f8.jpg,228,249,249 246 234 492 129,0.1408969759941101
data\raw\val\04883_Animalia_Chordata_Reptilia_Squamata_Anguidae_Elgaria_multicarinata\16dfa163-d609-4a66-a331-51a0a8263e22.jpg,228,240,240 242 249 248 229,0.106913261115551
data\raw\val\04883_Animalia_Chordata_Reptilia_Squamata_Anguidae_Elgaria_multicarinata\0dafc7dd-b5de-428b-9e06-5abeca461e0a.jpg,228,356,356 246 468 313 311,0.11413166671991348
data\raw\val\04883_Animalia_Chordata_Reptilia_Squamata_Anguidae_Elgaria_multicarinata\d5dff063-0cea-40aa-a494-b624d1fedf42.jpg,228,246,246 354 274 9 123,0.6573927998542786
data\raw\val\04883_Animalia_Chordata_Reptilia_Squamata_Anguidae_Elgaria_multicarinata\dce947e9-62ef-44d1-890c-5df196d354de.jpg,228,242,242 240 74 83 234,0.11775335669517517
data\raw\val\04883_Animalia_Chordata_Reptilia_Squamata_Anguidae_Elgaria_multicarinata\0ef80b33-55ed-4d32-83a0-fd89cebc2eba.jpg,228,438,438 313 468 437 312,0.32569047808647156
data\raw\val\04883_Animalia_Chordata_Reptilia_Squamata_Anguidae_Elgaria_multicarinata\bf109fcf-924b-426d-b689-16408fc2adab.jpg,228,73,73 246 492 78 259,0.24080170691013336
data\raw\val\04885_Animalia_Chordata_Reptilia_Squamata_Anguidae_Ophisaurus_attenuatus\0c3ad086-12dd-4435-8c64-b7307f89f316.jpg,229,229,229 230 235 145 234,0.6016218662261963
data\raw\val\04885_Animalia_Chordata_Reptilia_Squamata_Anguidae_Ophisaurus_attenuatus\6c8f1b92-38e3-44a6-bc4d-c3596df327fd.jpg,229,145,145 229 228 235 239,0.6161957383155823
data\raw\val\04885_Animalia_Chordata_Reptilia_Squamata_Anguidae_Ophisaurus_attenuatus\a6f2d0b1-677b-429d-99ac-e05cfdbbe4e6.jpg,229,496,496 305 428 331 492,0.20260728895664215
data\raw\val\04885_Animalia_Chordata_Reptilia_Squamata_Anguidae_Ophisaurus_attenuatus\a3423d3c-65fd-4ad2-88ee-fe55ac146313.jpg,229,51,51 228 246 73 428,0.11709896475076675
data\raw\val\04885_Animalia_Chordata_Reptilia_Squamata_Anguidae_Ophisaurus_attenuatus\331def3f-bbb0-4117-ac69-f4e0ddf9170f.jpg,229,268,268 354 145 229 249,0.22194860875606537
data\raw\val\04885_Animalia_Chordata_Reptilia_Squamata_Anguidae_Ophisaurus_attenuatus\d9299fcf-c180-49ff-b3f2-ce88d2bfae3e.jpg,229,354,354 353 344 482 356,0.10770054161548615
data\raw\val\04885_Animalia_Chordata_Reptilia_Squamata_Anguidae_Ophisaurus_attenuatus\3f9131a4-fe58-4e98-9089-23cdfca9bdfb.jpg,229,229,229 235 239 145 236,0.9828701615333557
data\raw\val\04885_Animalia_Chordata_Reptilia_Squamata_Anguidae_Ophisaurus_attenuatus\a99d451d-6e3b-410c-aa59-3d74071a8866.jpg,229,229,229 145 228 232 230,0.45616018772125244
data\raw\val\04885_Animalia_Chordata_Reptilia_Squamata_Anguidae_Ophisaurus_attenuatus\bc0f6904-4f07-477d-adc1-fdaec8fbfcca.jpg,229,229,229 239 145 235 236,0.9432469010353088
data\raw\val\04885_Animalia_Chordata_Reptilia_Squamata_Anguidae_Ophisaurus_attenuatus\23d6f306-fbfe-4d36-91f4-4aa639c55f6a.jpg,229,229,229 235 145 200 230,0.9914310574531555
data\raw\val\04915_Animalia_Chordata_Reptilia_Squamata_Colubridae_Hypsiglena_jani\0696d293-a9c7-4c0f-8298-d6bb3f1caf28.jpg,230,230,230 246 234 240 136,0.13251781463623047
data\raw\val\04915_Animalia_Chordata_Reptilia_Squamata_Colubridae_Hypsiglena_jani\b1f89953-e26b-428f-a056-b8d4a85cb063.jpg,230,246,246 354 353 344 345,0.11805281043052673
data\raw\val\04915_Animalia_Chordata_Reptilia_Squamata_Colubridae_Hypsiglena_jani\504d26a2-7297-48e4-b964-aab2ab2e03d7.jpg,230,246,246 240 230 313 143,0.14609932899475098
data\raw\val\04915_Animalia_Chordata_Reptilia_Squamata_Colubridae_Hypsiglena_jani\04286534-f182-4b49-b2d9-940e4e992b93.jpg,230,136,136 237 246 236 74,0.09640797972679138
data\raw\val\04915_Animalia_Chordata_Reptilia_Squamata_Colubridae_Hypsiglena_jani\b25ee19c-e2c7-42f0-91ba-54baca7c7c05.jpg,230,246,246 249 145 230 136,0.27431532740592957
data\raw\val\04915_Animalia_Chordata_Reptilia_Squamata_Colubridae_Hypsiglena_jani\f53efbcf-5b96-49a3-8a1e-c64937b40eea.jpg,230,246,246 240 230 234 350,0.3826003968715668
data\raw\val\04915_Animalia_Chordata_Reptilia_Squamata_Colubridae_Hypsiglena_jani\068de23e-cc4e-42aa-9a41-d0d6933883f5.jpg,230,246,246 123 240 52 58,0.4802519679069519
data\raw\val\04915_Animalia_Chordata_Reptilia_Squamata_Colubridae_Hypsiglena_jani\b52e98d0-98fb-49e7-889d-22cb40ee9d74.jpg,230,139,139 249 123 124 234,0.14259827136993408
data\raw\val\04915_Animalia_Chordata_Reptilia_Squamata_Colubridae_Hypsiglena_jani\afcb83f5-e398-44c8-9bff-0fb7a25100b7.jpg,230,230,230 234 232 145 235,0.6218700408935547
data\raw\val\04915_Animalia_Chordata_Reptilia_Squamata_Colubridae_Hypsiglena_jani\dba05ddc-6d72-4a5d-b7c7-858920c70eb9.jpg,230,249,249 246 52 347 351,0.05376596003770828
data\raw\val\04917_Animalia_Chordata_Reptilia_Squamata_Colubridae_Imantodes_cenchoa\52fced96-7fd8-44fc-84ca-f73910456d89.jpg,231,139,139 232 246 228 86,0.21675321459770203
data\raw\val\04917_Animalia_Chordata_Reptilia_Squamata_Colubridae_Imantodes_cenchoa\04083ff5-63eb-4ece-9c70-ca7d4eea11f6.jpg,231,274,274 246 240 249 73,0.24022725224494934
data\raw\val\04917_Animalia_Chordata_Reptilia_Squamata_Colubridae_Imantodes_cenchoa\80687809-8c6e-40db-8f1d-b6ee47e79fd9.jpg,231,246,246 249 274 135 131,0.49830737709999084
data\raw\val\04917_Animalia_Chordata_Reptilia_Squamata_Colubridae_Imantodes_cenchoa\91ff7931-b588-48b0-abae-4ab0a7e1c17b.jpg,231,140,140 394 274 246 249,0.12773729860782623
data\raw\val\04917_Animalia_Chordata_Reptilia_Squamata_Colubridae_Imantodes_cenchoa\0a73037f-d3a4-4dee-8066-cc51f6c2d4bb.jpg,231,232,232 230 240 225 234,0.22461402416229248
data\raw\val\04917_Animalia_Chordata_Reptilia_Squamata_Colubridae_Imantodes_cenchoa\97b071b6-1320-4192-a00b-ee9f38af74aa.jpg,231,136,136 302 246 492 231,0.06938347220420837
data\raw\val\04917_Animalia_Chordata_Reptilia_Squamata_Colubridae_Imantodes_cenchoa\c7c83312-d53c-4813-be48-f4edddac5cab.jpg,231,496,496 492 397 305 75,0.46505632996559143
data\raw\val\04917_Animalia_Chordata_Reptilia_Squamata_Colubridae_Imantodes_cenchoa\b32799e8-bb77-461d-9e07-e9a4fb1f96c6.jpg,231,240,240 274 246 234 242,0.3489854037761688
data\raw\val\04917_Animalia_Chordata_Reptilia_Squamata_Colubridae_Imantodes_cenchoa\2a8096d9-7bc9-45ae-ae9b-ab1fa48ebf48.jpg,231,246,246 354 476 353 397,0.13726845383644104
data\raw\val\04917_Animalia_Chordata_Reptilia_Squamata_Colubridae_Imantodes_cenchoa\40f5bc57-e13b-4e3e-8675-202407f5c2fb.jpg,231,313,313 234 230 240 231,0.17089228332042694
data\raw\val\04939_Animalia_Chordata_Reptilia_Squamata_Colubridae_Nerodia_floridana\c7753f8e-c92a-4f8a-adcb-dd0824fb8fc3.jpg,232,240,240 246 223 91 232,0.3309997618198395
data\raw\val\04939_Animalia_Chordata_Reptilia_Squamata_Colubridae_Nerodia_floridana\a0f6b84b-4654-4af7-8c34-c472a5b45b69.jpg,232,232,232 240 234 228 233,0.6213652491569519
data\raw\val\04939_Animalia_Chordata_Reptilia_Squamata_Colubridae_Nerodia_floridana\9771fbce-eda2-43c8-a72e-417c164d6e1b.jpg,232,275,275 354 428 273 496,0.02554900199174881
data\raw\val\04939_Animalia_Chordata_Reptilia_Squamata_Colubridae_Nerodia_floridana\b78446fe-6813-4247-9793-291755930aa4.jpg,232,73,73 98 74 246 52,0.24755336344242096
data\raw\val\04939_Animalia_Chordata_Reptilia_Squamata_Colubridae_Nerodia_floridana\e802249b-a980-4b12-8eff-4cb60f8cde57.jpg,232,355,355 304 232 302 301,0.30756619572639465
data\raw\val\04939_Animalia_Chordata_Reptilia_Squamata_Colubridae_Nerodia_floridana\dc7c3636-45b9-4957-8ded-62480e7e4ffa.jpg,232,240,240 230 234 229 235,0.27199438214302063
data\raw\val\04939_Animalia_Chordata_Reptilia_Squamata_Colubridae_Nerodia_floridana\79d5c857-7b27-4d59-8076-a6a3d2e82bcb.jpg,232,442,442 350 240 234 490,0.12296310812234879
data\raw\val\04939_Animalia_Chordata_Reptilia_Squamata_Colubridae_Nerodia_floridana\85d8290a-18cb-4339-a4c9-6d3967cf796a.jpg,232,229,229 246 145 230 143,0.17254596948623657
data\raw\val\04939_Animalia_Chordata_Reptilia_Squamata_Colubridae_Nerodia_floridana\b2ff88fd-3b59-4fac-ac67-0e57d41cda0c.jpg,232,345,345 311 438 362 91,0.14596934616565704
data\raw\val\04939_Animalia_Chordata_Reptilia_Squamata_Colubridae_Nerodia_floridana\9450eccc-81d0-497f-851c-a7ad134151f7.jpg,232,232,232 228 234 230 145,0.5458288788795471
data\raw\val\04942_Animalia_Chordata_Reptilia_Squamata_Colubridae_Nerodia_taxispilota\c525293c-0f84-44fe-aefb-8962aa82f07a.jpg,233,278,278 223 192 428 498,0.0568566620349884
data\raw\val\04942_Animalia_Chordata_Reptilia_Squamata_Colubridae_Nerodia_taxispilota\6e437f4d-d203-43fb-a092-c31d52ce4130.jpg,233,329,329 391 468 353 347,0.09631673246622086
data\raw\val\04942_Animalia_Chordata_Reptilia_Squamata_Colubridae_Nerodia_taxispilota\bd42fa4c-3bb9-40e4-8824-d4eec79e055a.jpg,233,492,492 351 2 275 442,0.10251853615045547
data\raw\val\04942_Animalia_Chordata_Reptilia_Squamata_Colubridae_Nerodia_taxispilota\66492e42-5f53-435d-91d5-432ef7d89424.jpg,233,246,246 240 230 259 242,0.14836281538009644
data\raw\val\04942_Animalia_Chordata_Reptilia_Squamata_Colubridae_Nerodia_taxispilota\0291ecd3-3cc1-4307-8c0a-d13e21e8112a.jpg,233,246,246 234 344 240 442,0.1041630282998085
data\raw\val\04942_Animalia_Chordata_Reptilia_Squamata_Colubridae_Nerodia_taxispilota\c81180f6-4dc8-4089-b67f-532d39962e9b.jpg,233,240,240 246 492 442 313,0.45714449882507324
data\raw\val\04942_Animalia_Chordata_Reptilia_Squamata_Colubridae_Nerodia_taxispilota\cb8c977e-9422-45ac-bdfd-be9c053e7e65.jpg,233,492,492 496 281 498 73,0.17776672542095184
data\raw\val\04942_Animalia_Chordata_Reptilia_Squamata_Colubridae_Nerodia_taxispilota\882424ff-e79d-45e5-acc9-0715dc8d42c2.jpg,233,356,356 311 246 406 344,0.08200453221797943
data\raw\val\04942_Animalia_Chordata_Reptilia_Squamata_Colubridae_Nerodia_taxispilota\4d61fb7f-a1f6-467e-8de6-5928ff959e82.jpg,233,438,438 484 366 315 364,0.25598734617233276
data\raw\val\04942_Animalia_Chordata_Reptilia_Squamata_Colubridae_Nerodia_taxispilota\befe532d-bf1d-4f5c-9564-bf24e7ebd822.jpg,233,237,237 229 236 228 230,0.17184129357337952
data\raw\val\04947_Animalia_Chordata_Reptilia_Squamata_Colubridae_Pantherophis_emoryi\c2f70530-3bdc-46da-b3a5-30a4b9de68e4.jpg,234,275,275 348 438 490 257,0.23516161739826202
data\raw\val\04947_Animalia_Chordata_Reptilia_Squamata_Colubridae_Pantherophis_emoryi\13f0c5f4-b352-4e66-9783-47df035ac9af.jpg,234,240,240 234 246 230 232,0.3561578094959259
data\raw\val\04947_Animalia_Chordata_Reptilia_Squamata_Colubridae_Pantherophis_emoryi\f11cbf9c-f6a2-4cc5-95cc-cc2f1fab15b6.jpg,234,74,74 230 234 78 237,0.09045975655317307
data\raw\val\04947_Animalia_Chordata_Reptilia_Squamata_Colubridae_Pantherophis_emoryi\5483a51f-fe0d-41bb-b96c-6d63b978461d.jpg,234,234,234 230 240 231 233,0.4373605251312256
data\raw\val\04947_Animalia_Chordata_Reptilia_Squamata_Colubridae_Pantherophis_emoryi\eec55dfe-6c6b-417c-8151-feb816f62c18.jpg,234,229,229 234 240 235 232,0.33201301097869873
data\raw\val\04947_Animalia_Chordata_Reptilia_Squamata_Colubridae_Pantherophis_emoryi\25c36e05-2bf6-4228-9bef-cb5276e68748.jpg,234,234,234 302 240 304 233,0.4910440742969513
data\raw\val\04947_Animalia_Chordata_Reptilia_Squamata_Colubridae_Pantherophis_emoryi\07bfd8af-ce51-40bc-b366-c3194322b50f.jpg,234,240,240 230 246 234 142,0.3015235364437103
data\raw\val\04947_Animalia_Chordata_Reptilia_Squamata_Colubridae_Pantherophis_emoryi\95cf59cc-f084-4e19-a1e1-ad2f04a51fe0.jpg,234,240,240 246 242 274 442,0.6917031407356262
data\raw\val\04947_Animalia_Chordata_Reptilia_Squamata_Colubridae_Pantherophis_emoryi\f36f4c51-e8be-4f79-b021-bbc6c34bbc6b.jpg,234,230,230 246 145 257 240,0.2169726938009262
data\raw\val\04947_Animalia_Chordata_Reptilia_Squamata_Colubridae_Pantherophis_emoryi\755683cd-be34-4222-90c7-096969d11ab5.jpg,234,268,268 351 246 354 267,0.14282339811325073
data\raw\val\04955_Animalia_Chordata_Reptilia_Squamata_Colubridae_Regina_grahamii\4b616431-13a9-4063-a973-62a02e113458.jpg,235,230,230 233 234 235 232,0.11936274915933609
data\raw\val\04955_Animalia_Chordata_Reptilia_Squamata_Colubridae_Regina_grahamii\da05eabc-d07e-4122-bf3e-cf0ff9a499fb.jpg,235,240,240 229 311 302 226,0.07684239745140076
data\raw\val\04955_Animalia_Chordata_Reptilia_Squamata_Colubridae_Regina_grahamii\5307ad66-a852-4628-b998-2a064edafcb0.jpg,235,230,230 145 229 246 240,0.21880032122135162
data\raw\val\04955_Animalia_Chordata_Reptilia_Squamata_Colubridae_Regina_grahamii\004163e4-6f09-4b6a-807c-7fe68c305b1d.jpg,235,246,246 234 229 230 313,0.050585437566041946
data\raw\val\04955_Animalia_Chordata_Reptilia_Squamata_Colubridae_Regina_grahamii\41d1a5e2-0add-40f0-800c-47bca8704ef7.jpg,235,235,235 232 230 234 233,0.5276432037353516
data\raw\val\04955_Animalia_Chordata_Reptilia_Squamata_Colubridae_Regina_grahamii\01659d49-cd34-4a7f-9360-ffc8ff55a212.jpg,235,123,123 245 124 145 135,0.16844704747200012
data\raw\val\04955_Animalia_Chordata_Reptilia_Squamata_Colubridae_Regina_grahamii\941b1e60-99ac-42e8-8e37-dc089f99048e.jpg,235,191,191 398 210 187 395,0.2530612349510193
data\raw\val\04955_Animalia_Chordata_Reptilia_Squamata_Colubridae_Regina_grahamii\5d5da9f8-b950-4e69-9d10-0b00b44d3c56.jpg,235,145,145 246 238 228 237,0.5162981748580933
data\raw\val\04955_Animalia_Chordata_Reptilia_Squamata_Colubridae_Regina_grahamii\55f2c137-434f-4734-bc83-5f1b12371f3e.jpg,235,249,249 246 254 245 240,0.08821174502372742
data\raw\val\04955_Animalia_Chordata_Reptilia_Squamata_Colubridae_Regina_grahamii\49a9de9c-3911-4fc7-be0c-5c4d1d2a63a6.jpg,235,228,228 232 230 234 240,0.3064531087875366
data\raw\val\04993_Animalia_Chordata_Reptilia_Squamata_Dactyloidae_Anolis_sagrei\c4798d90-f9a4-46be-a56a-7f16e2b73c36.jpg,236,239,239 145 229 236 73,0.2346293181180954
data\raw\val\04993_Animalia_Chordata_Reptilia_Squamata_Dactyloidae_Anolis_sagrei\c79c3a05-a0fc-4d12-ad95-9c5c6af8a04c.jpg,236,492,492 240 442 313 275,0.31021979451179504
data\raw\val\04993_Animalia_Chordata_Reptilia_Squamata_Dactyloidae_Anolis_sagrei\03fadffb-dcb4-4f65-94d6-43a94ca2b9b3.jpg,236,490,490 236 356 399 302,0.06478162854909897
data\raw\val\04993_Animalia_Chordata_Reptilia_Squamata_Dactyloidae_Anolis_sagrei\12796077-ff72-468b-85ce-34f9c66fb3b5.jpg,236,240,240 246 259 237 492,0.24020735919475555
data\raw\val\04993_Animalia_Chordata_Reptilia_Squamata_Dactyloidae_Anolis_sagrei\18229865-af5f-4920-9c51-ae54b2b7ab30.jpg,236,246,246 91 274 240 73,0.6280781626701355
data\raw\val\04993_Animalia_Chordata_Reptilia_Squamata_Dactyloidae_Anolis_sagrei\f672fa3d-c40b-43cb-af47-61413eac2915.jpg,236,246,246 259 74 230 234,0.23074956238269806
data\raw\val\04993_Animalia_Chordata_Reptilia_Squamata_Dactyloidae_Anolis_sagrei\99a452b2-5056-472d-86a4-3a715e48b70d.jpg,236,246,246 238 302 228 304,0.21693123877048492
data\raw\val\04993_Animalia_Chordata_Reptilia_Squamata_Dactyloidae_Anolis_sagrei\341f0d98-c338-48d7-a998-003a3c2c6555.jpg,236,127,127 236 234 230 145,0.12710106372833252
data\raw\val\04993_Animalia_Chordata_Reptilia_Squamata_Dactyloidae_Anolis_sagrei\6b4e28bc-fe68-44a6-9895-941dbe1d9a64.jpg,236,229,229 105 27 91 145,0.16195647418498993
data\raw\val\04993_Animalia_Chordata_Reptilia_Squamata_Dactyloidae_Anolis_sagrei\5e6905cf-51dd-4688-8195-a1dbae9add18.jpg,236,240,240 246 52 73 234,0.15703976154327393
data\raw\val\05065_Animalia_Chordata_Reptilia_Squamata_Phrynosomatidae_Urosaurus_ornatus\411faa14-e11a-43dd-a6d9-3054dab8ec75.jpg,237,344,344 438 143 86 356,0.08228465914726257
data\raw\val\05065_Animalia_Chordata_Reptilia_Squamata_Phrynosomatidae_Urosaurus_ornatus\a6dd2f6a-f750-404d-8b10-e093b7695259.jpg,237,105,105 356 143 74 482,0.040580615401268005
data\raw\val\05065_Animalia_Chordata_Reptilia_Squamata_Phrynosomatidae_Urosaurus_ornatus\5ad77296-9d1f-439e-b3f1-37a989ba2602.jpg,237,127,127 2 52 237 72,0.11669681966304779
data\raw\val\05065_Animalia_Chordata_Reptilia_Squamata_Phrynosomatidae_Urosaurus_ornatus\86e38453-495a-4646-b2f8-464a88d5b780.jpg,237,246,246 145 240 228 238,0.18306700885295868
data\raw\val\05065_Animalia_Chordata_Reptilia_Squamata_Phrynosomatidae_Urosaurus_ornatus\062b35c4-e0fb-4eb8-82fa-888283dc27b5.jpg,237,240,240 442 242 246 350,0.11716911941766739
data\raw\val\05065_Animalia_Chordata_Reptilia_Squamata_Phrynosomatidae_Urosaurus_ornatus\3476f955-0816-420a-978e-56e56d650f70.jpg,237,237,237 238 145 246 236,0.16515590250492096
data\raw\val\05065_Animalia_Chordata_Reptilia_Squamata_Phrynosomatidae_Urosaurus_ornatus\b4a784dc-60c7-4fc1-af55-4b0493f05abc.jpg,237,246,246 354 353 245 242,0.2700079679489136
data\raw\val\05065_Animalia_Chordata_Reptilia_Squamata_Phrynosomatidae_Urosaurus_ornatus\263f322e-411c-4320-833d-47da7b48d42b.jpg,237,486,486 492 348 237 139,0.15490689873695374
data\raw\val\05065_Animalia_Chordata_Reptilia_Squamata_Phrynosomatidae_Urosaurus_ornatus\83fba715-b496-4f67-8c13-6d9a4bb0fa6e.jpg,237,132,132 246 136 249 257,0.10525377839803696
data\raw\val\05065_Animalia_Chordata_Reptilia_Squamata_Phrynosomatidae_Urosaurus_ornatus\d347e0ae-8b14-403d-9f12-fe83d750e143.jpg,237,356,356 311 344 143 246,0.09793566167354584
data\raw\val\05066_Animalia_Chordata_Reptilia_Squamata_Phrynosomatidae_Uta_stansburiana\b3bb804b-0523-4226-8710-4a5541776204.jpg,238,74,74 246 237 240 228,0.10594642162322998
data\raw\val\05066_Animalia_Chordata_Reptilia_Squamata_Phrynosomatidae_Uta_stansburiana\510e7c09-7d2d-4d59-b6bf-fb2998df770e.jpg,238,136,136 73 246 347 236,0.07095236331224442
data\raw\val\05066_Animalia_Chordata_Reptilia_Squamata_Phrynosomatidae_Uta_stansburiana\f398ef88-c04a-477e-8255-128bbb168e13.jpg,238,234,234 74 246 350 406,0.06055448576807976
data\raw\val\05066_Animalia_Chordata_Reptilia_Squamata_Phrynosomatidae_Uta_stansburiana\1a546022-6173-4709-a28e-042d4bd23cc2.jpg,238,237,237 228 238 236 229,0.2510257363319397
data\raw\val\05066_Animalia_Chordata_Reptilia_Squamata_Phrynosomatidae_Uta_stansburiana\728afacc-9ec2-40f1-a7d8-787915cce32e.jpg,238,406,406 344 86 345 438,0.16934902966022491
data\raw\val\05066_Animalia_Chordata_Reptilia_Squamata_Phrynosomatidae_Uta_stansburiana\5321e8a2-0c98-42f7-9afd-0a9b6c355c8c.jpg,238,246,246 5 313 437 7,0.11708923429250717
data\raw\val\05066_Animalia_Chordata_Reptilia_Squamata_Phrynosomatidae_Uta_stansburiana\dcdf1c35-b4d7-4b57-b199-3363d4c8cc8b.jpg,238,246,246 237 240 492 136,0.6522221565246582
data\raw\val\05066_Animalia_Chordata_Reptilia_Squamata_Phrynosomatidae_Uta_stansburiana\1dc929c7-5b2d-40c5-a420-26894cadc146.jpg,238,246,246 240 350 73 74,0.4597841799259186
data\raw\val\05066_Animalia_Chordata_Reptilia_Squamata_Phrynosomatidae_Uta_stansburiana\f13cd69f-8978-4f18-a632-99d46352586c.jpg,238,246,246 240 237 238 228,0.3733799159526825
data\raw\val\05066_Animalia_Chordata_Reptilia_Squamata_Phrynosomatidae_Uta_stansburiana\8970b5f1-48ed-4bf8-81e9-3ec22c15f88b.jpg,238,255,255 242 313 257 468,0.09087179601192474
data\raw\val\05086_Animalia_Chordata_Reptilia_Squamata_Scincidae_Trachylepis_striata\3d38a4e5-6234-458a-a34e-aac8130166b9.jpg,239,239,239 228 145 229 238,0.2745039463043213
data\raw\val\05086_Animalia_Chordata_Reptilia_Squamata_Scincidae_Trachylepis_striata\dc52932d-c7ec-4762-b61c-1f05f3df1f7e.jpg,239,232,232 228 246 145 230,0.39456650614738464
data\raw\val\05086_Animalia_Chordata_Reptilia_Squamata_Scincidae_Trachylepis_striata\c73ab2d1-2d82-4377-a1a2-61008bd8fdf4.jpg,239,246,246 74 344 86 354,0.277800053358078
data\raw\val\05086_Animalia_Chordata_Reptilia_Squamata_Scincidae_Trachylepis_striata\c8207410-ef20-4dbd-ad06-66ada74c8f17.jpg,239,438,438 356 257 345 311,0.08056099712848663
data\raw\val\05086_Animalia_Chordata_Reptilia_Squamata_Scincidae_Trachylepis_striata\477a3655-ceb3-4a65-b5b7-bd2c933de2dd.jpg,239,246,246 249 136 131 135,0.3348993957042694
data\raw\val\05086_Animalia_Chordata_Reptilia_Squamata_Scincidae_Trachylepis_striata\1f8cfac1-3676-4e73-9627-fa17fbb4aaa7.jpg,239,311,311 344 246 345 302,0.1134963259100914
data\raw\val\05086_Animalia_Chordata_Reptilia_Squamata_Scincidae_Trachylepis_striata\85cbaf9c-c7b7-4dee-a0fc-9392345bb965.jpg,239,239,239 238 229 237 236,0.251583456993103
data\raw\val\05086_Animalia_Chordata_Reptilia_Squamata_Scincidae_Trachylepis_striata\23b5cd84-dff5-4a8f-9561-01cced8a0852.jpg,239,313,313 246 143 311 344,0.11879365146160126
data\raw\val\05086_Animalia_Chordata_Reptilia_Squamata_Scincidae_Trachylepis_striata\df564525-bb08-4355-91ec-844feb5b0cc2.jpg,239,143,143 9 86 311 438,0.12277769297361374
data\raw\val\05086_Animalia_Chordata_Reptilia_Squamata_Scincidae_Trachylepis_striata\909b84e4-438f-4fc4-9d53-ca2f1ec09ac4.jpg,239,246,246 73 240 451 350,0.37962213158607483
data\raw\val\05124_Animalia_Chordata_Reptilia_Squamata_Viperidae_Sistrurus_catenatus\b8465f22-7b33-4990-8c80-94f903084d2d.jpg,240,240,240 234 230 232 233,0.6975319385528564
data\raw\val\05124_Animalia_Chordata_Reptilia_Squamata_Viperidae_Sistrurus_catenatus\fab17f05-2717-4dd8-a962-fda235eeca8c.jpg,240,246,246 240 275 350 344,0.13652241230010986
data\raw\val\05124_Animalia_Chordata_Reptilia_Squamata_Viperidae_Sistrurus_catenatus\9270c851-ec01-46d3-aebd-5444fddf1e43.jpg,240,311,311 344 406 345 242,0.6071096658706665
data\raw\val\05124_Animalia_Chordata_Reptilia_Squamata_Viperidae_Sistrurus_catenatus\3f38b707-4f3d-463d-9882-d1b49b43ff9d.jpg,240,353,353 354 299 491 292,0.3289951682090759
data\raw\val\05124_Animalia_Chordata_Reptilia_Squamata_Viperidae_Sistrurus_catenatus\144ff514-b937-4855-a9c0-cc77e51e125d.jpg,240,350,350 348 315 349 442,0.21516068279743195
data\raw\val\05124_Animalia_Chordata_Reptilia_Squamata_Viperidae_Sistrurus_catenatus\33c18e4a-b0eb-487b-bccc-1d4e2f210f4a.jpg,240,344,344 311 406 482 438,0.38230428099632263
data\raw\val\05124_Animalia_Chordata_Reptilia_Squamata_Viperidae_Sistrurus_catenatus\2a3e9e2e-d04a-4beb-a746-669665f2a304.jpg,240,353,353 190 482 354 278,0.1631491631269455
data\raw\val\05124_Animalia_Chordata_Reptilia_Squamata_Viperidae_Sistrurus_catenatus\99d1c2d1-3399-4944-8264-aa2c1212daa2.jpg,240,240,240 230 246 492 234,0.5005125999450684
data\raw\val\05124_Animalia_Chordata_Reptilia_Squamata_Viperidae_Sistrurus_catenatus\6c71a84e-561f-4765-8a96-a286d274d833.jpg,240,145,145 492 351 246 249,0.03843725100159645
data\raw\val\05124_Animalia_Chordata_Reptilia_Squamata_Viperidae_Sistrurus_catenatus\b410cc36-5d92-4461-86f9-43e6d55682bf.jpg,240,98,98 242 250 302 17,0.04576106369495392
data\raw\val\05150_Animalia_Chordata_Reptilia_Testudines_Emydidae_Pseudemys_texana\3879e669-9bf5-481c-8ed0-92f075d8327f.jpg,241,241,241 313 143 451 442,0.06463692337274551
data\raw\val\05150_Animalia_Chordata_Reptilia_Testudines_Emydidae_Pseudemys_texana\be145ee4-88c6-4486-a466-8dcb883cc3a8.jpg,241,73,73 98 240 242 302,0.2983684241771698
data\raw\val\05150_Animalia_Chordata_Reptilia_Testudines_Emydidae_Pseudemys_texana\d65c198a-007c-48b6-897f-77d149ec670e.jpg,241,311,311 344 406 345 350,0.11893441528081894
data\raw\val\05150_Animalia_Chordata_Reptilia_Testudines_Emydidae_Pseudemys_texana\1c6b84dc-db3b-4794-9605-26b4f977fc56.jpg,241,143,143 242 241 40 142,0.20326566696166992
data\raw\val\05150_Animalia_Chordata_Reptilia_Testudines_Emydidae_Pseudemys_texana\e833758e-0523-473f-b900-ce29ef7a7297.jpg,241,240,240 143 241 142 73,0.17948497831821442
data\raw\val\05150_Animalia_Chordata_Reptilia_Testudines_Emydidae_Pseudemys_texana\aa95aaee-08d1-4796-aa8e-2ca3cb2c98a0.jpg,241,242,242 344 438 350 143,0.1625502109527588
data\raw\val\05150_Animalia_Chordata_Reptilia_Testudines_Emydidae_Pseudemys_texana\2f3ed808-5684-40d4-a458-ede990fe037b.jpg,241,313,313 406 344 356 471,0.21118012070655823
data\raw\val\05150_Animalia_Chordata_Reptilia_Testudines_Emydidae_Pseudemys_texana\b69b15c5-25dd-4cdd-a638-dd7a1a627427.jpg,241,311,311 242 278 86 74,0.1571875363588333
data\raw\val\05150_Animalia_Chordata_Reptilia_Testudines_Emydidae_Pseudemys_texana\ae5e9f1c-dd44-4cf9-8499-c5ed0ca6eed0.jpg,241,73,73 139 242 451 400,0.042721960693597794
data\raw\val\05150_Animalia_Chordata_Reptilia_Testudines_Emydidae_Pseudemys_texana\8ba016a0-adf0-4918-8848-e9e3a05bff83.jpg,241,344,344 495 311 406 329,0.41334593296051025
data\raw\val\05163_Animalia_Chordata_Reptilia_Testudines_Testudinidae_Gopherus_agassizii\d8c7407e-e76a-4308-a6c1-685b9c02771d.jpg,242,249,249 242 248 274 250,0.14655375480651855
data\raw\val\05163_Animalia_Chordata_Reptilia_Testudines_Testudinidae_Gopherus_agassizii\87eff4b5-bfd2-4e65-907a-24a893692711.jpg,242,73,73 74 240 139 142,0.1740218997001648
data\raw\val\05163_Animalia_Chordata_Reptilia_Testudines_Testudinidae_Gopherus_agassizii\40aec6a1-cad3-402a-88d4-e41f9cab2ecd.jpg,242,442,442 313 302 468 437,0.7891215085983276
data\raw\val\05163_Animalia_Chordata_Reptilia_Testudines_Testudinidae_Gopherus_agassizii\56bb8289-091c-4533-b03a-9998812feae9.jpg,242,350,350 242 246 311 344,0.14621424674987793
data\raw\val\05163_Animalia_Chordata_Reptilia_Testudines_Testudinidae_Gopherus_agassizii\462e0de5-1b21-44ff-b7fc-f359883e3fb0.jpg,242,246,246 242 274 249 83,0.1807895451784134
data\raw\val\05163_Animalia_Chordata_Reptilia_Testudines_Testudinidae_Gopherus_agassizii\9dfebdc9-b1f5-4648-89c7-e72a7f1067d1.jpg,242,357,357 472 246 356 311,0.09507825970649719
data\raw\val\05163_Animalia_Chordata_Reptilia_Testudines_Testudinidae_Gopherus_agassizii\357dd958-9b6e-4128-8ec3-09667048658c.jpg,242,246,246 136 313 259 74,0.04830874875187874
data\raw\val\05163_Animalia_Chordata_Reptilia_Testudines_Testudinidae_Gopherus_agassizii\66b5b655-b003-47ba-bc0f-4fdb054ef508.jpg,242,242,242 243 226 241 143,0.7946308255195618
data\raw\val\05163_Animalia_Chordata_Reptilia_Testudines_Testudinidae_Gopherus_agassizii\b1a3f655-dfa7-453d-af82-1932e5cef031.jpg,242,242,242 143 9 139 438,0.1971963346004486
data\raw\val\05163_Animalia_Chordata_Reptilia_Testudines_Testudinidae_Gopherus_agassizii\4abdbea3-a645-414a-971c-54bf78fd7f92.jpg,242,123,123 242 249 246 255,0.22192521393299103
data\raw\val\05168_Animalia_Chordata_Reptilia_Testudines_Testudinidae_Testudo_graeca\52175260-10ae-4c16-9516-044c4c19d63b.jpg,243,487,487 451 442 246 467,0.17030245065689087
data\raw\val\05168_Animalia_Chordata_Reptilia_Testudines_Testudinidae_Testudo_graeca\a931948a-c61d-4c5f-8669-c7a507e1efff.jpg,243,242,242 243 216 246 132,0.09787041693925858
data\raw\val\05168_Animalia_Chordata_Reptilia_Testudines_Testudinidae_Testudo_graeca\42e86f00-8c1a-4746-974a-9ec31aeca813.jpg,243,242,242 243 241 248 350,0.5902791619300842
data\raw\val\05168_Animalia_Chordata_Reptilia_Testudines_Testudinidae_Testudo_graeca\dee211d6-6010-431d-bf1b-fdd423e7f239.jpg,243,242,242 54 243 241 59,0.13038098812103271
data\raw\val\05168_Animalia_Chordata_Reptilia_Testudines_Testudinidae_Testudo_graeca\8aab9c26-2c08-4c28-bb9a-33d04acef54f.jpg,243,492,492 139 246 493 243,0.12415774911642075
data\raw\val\05168_Animalia_Chordata_Reptilia_Testudines_Testudinidae_Testudo_graeca\d6ab9df6-c6b1-4e7f-b1ca-8e89ae183c2c.jpg,243,246,246 350 351 242 240,0.1601966917514801
data\raw\val\05168_Animalia_Chordata_Reptilia_Testudines_Testudinidae_Testudo_graeca\c68e3421-9624-4f46-b697-52fb127e6ca7.jpg,243,240,240 242 350 246 234,0.22201326489448547
data\raw\val\05168_Animalia_Chordata_Reptilia_Testudines_Testudinidae_Testudo_graeca\c00fdfa3-e362-479e-8fd6-54cb7d82dfda.jpg,243,246,246 350 442 143 315,0.12558694183826447
data\raw\val\05168_Animalia_Chordata_Reptilia_Testudines_Testudinidae_Testudo_graeca\0496dc8b-d575-45c2-84a0-e0375dd576bc.jpg,243,268,268 243 350 226 302,0.4775649607181549
data\raw\val\05168_Animalia_Chordata_Reptilia_Testudines_Testudinidae_Testudo_graeca\e347d9df-ec34-4340-89d0-3014d2119d08.jpg,243,242,242 350 243 344 246,0.22657307982444763
data\raw\val\05186_Animalia_Cnidaria_Anthozoa_Actiniaria_Metridiidae_Metridium_senile\d3fd1f55-4a39-401e-8743-8d98e61841c1.jpg,244,354,354 246 274 394 489,0.12896159291267395
data\raw\val\05186_Animalia_Cnidaria_Anthozoa_Actiniaria_Metridiidae_Metridium_senile\aa985597-ee05-4217-a788-8a4387c6c5c9.jpg,244,313,313 394 468 448 471,0.31888869404792786
data\raw\val\05186_Animalia_Cnidaria_Anthozoa_Actiniaria_Metridiidae_Metridium_senile\ee1cf6ed-79f5-48b4-b705-061b783b4089.jpg,244,244,244 223 313 355 8,0.12063564360141754
data\raw\val\05186_Animalia_Cnidaria_Anthozoa_Actiniaria_Metridiidae_Metridium_senile\4cfbe7b6-c1da-407b-94c0-ddc5ca36b677.jpg,244,249,249 246 136 274 131,0.22707924246788025
data\raw\val\05186_Animalia_Cnidaria_Anthozoa_Actiniaria_Metridiidae_Metridium_senile\3385cd91-6f92-4f1f-b7e4-2c609785a282.jpg,244,249,249 248 246 267 129,0.448074609041214
data\raw\val\05186_Animalia_Cnidaria_Anthozoa_Actiniaria_Metridiidae_Metridium_senile\43374827-1253-47f5-a7dc-e33aa2e36acb.jpg,244,344,344 406 313 451 356,0.1611396074295044
data\raw\val\05186_Animalia_Cnidaria_Anthozoa_Actiniaria_Metridiidae_Metridium_senile\1fe8dacf-3c0b-41a8-9b1e-26794e36c8a6.jpg,244,274,274 246 245 257 255,0.16419288516044617
data\raw\val\05186_Animalia_Cnidaria_Anthozoa_Actiniaria_Metridiidae_Metridium_senile\9df6301c-1efd-4d38-a047-b5b19d4d8d20.jpg,244,370,370 329 406 315 468,0.14573712646961212
data\raw\val\05186_Animalia_Cnidaria_Anthozoa_Actiniaria_Metridiidae_Metridium_senile\9f746af0-64eb-4de1-9af9-a7f6f2823a69.jpg,244,313,313 451 344 442 406,0.18474437296390533
data\raw\val\05186_Animalia_Cnidaria_Anthozoa_Actiniaria_Metridiidae_Metridium_senile\292362de-3867-4211-b277-b0df96308e22.jpg,244,246,246 245 313 249 354,0.08967732638120651
data\raw\val\05193_Animalia_Cnidaria_Scyphozoa_Semaeostomeae_Cyaneidae_Cyanea_ferruginea\a3c320f8-9540-499e-8083-392f7a9732f7.jpg,245,313,313 471 382 451 386,0.16470102965831757
data\raw\val\05193_Animalia_Cnidaria_Scyphozoa_Semaeostomeae_Cyaneidae_Cyanea_ferruginea\1392bb9c-87fd-45df-9bd8-6f053a51e096.jpg,245,245,245 396 135 246 356,0.14056237041950226
data\raw\val\05193_Animalia_Cnidaria_Scyphozoa_Semaeostomeae_Cyaneidae_Cyanea_ferruginea\e0e95e9b-aee2-460b-b7c9-14bb95f9ddb8.jpg,245,9,9 255 246 274 136,0.07801180332899094
data\raw\val\05193_Animalia_Cnidaria_Scyphozoa_Semaeostomeae_Cyaneidae_Cyanea_ferruginea\30461a72-c784-4b2e-a08a-e4ced45bbf49.jpg,245,313,313 91 356 451 292,0.39419686794281006
data\raw\val\05193_Animalia_Cnidaria_Scyphozoa_Semaeostomeae_Cyaneidae_Cyanea_ferruginea\d7235025-d491-454f-be5e-79e37d0d8a56.jpg,245,246,246 255 9 245 274,0.3516401946544647
data\raw\val\05193_Animalia_Cnidaria_Scyphozoa_Semaeostomeae_Cyaneidae_Cyanea_ferruginea\2754365f-3984-4b97-9d0d-29bd7c1dae68.jpg,245,245,245 249 274 246 242,0.11164427548646927
data\raw\val\05193_Animalia_Cnidaria_Scyphozoa_Semaeostomeae_Cyaneidae_Cyanea_ferruginea\95a8d767-d739-4119-b18a-be19973926e0.jpg,245,245,245 246 274 123 145,0.20633509755134583
data\raw\val\05193_Animalia_Cnidaria_Scyphozoa_Semaeostomeae_Cyaneidae_Cyanea_ferruginea\c6f36baf-cb81-41b8-ba76-6d7d9095926f.jpg,245,350,350 344 468 313 438,0.15115197002887726
data\raw\val\05193_Animalia_Cnidaria_Scyphozoa_Semaeostomeae_Cyaneidae_Cyanea_ferruginea\bfccf1e3-1e52-4109-aa9c-e556c9324175.jpg,245,143,143 246 9 91 438,0.21325497329235077
data\raw\val\05193_Animalia_Cnidaria_Scyphozoa_Semaeostomeae_Cyaneidae_Cyanea_ferruginea\f43eab3d-56aa-434d-8719-272c741befab.jpg,245,62,62 245 123 354 101,0.17908616364002228
data\raw\val\05201_Animalia_Echinodermata_Asteroidea_Forcipulatida_Asteriidae_Pisaster_giganteus\232b8a76-f458-496c-8cb8-57dfadedebbd.jpg,246,246,246 86 210 136 493,0.8663029670715332
data\raw\val\05201_Animalia_Echinodermata_Asteroidea_Forcipulatida_Asteriidae_Pisaster_giganteus\0c7dcc7a-aed3-49df-b195-d8d49fe6ca11.jpg,246,246,246 492 311 493 91,0.9867169857025146
data\raw\val\05201_Animalia_Echinodermata_Asteroidea_Forcipulatida_Asteriidae_Pisaster_giganteus\9f395f89-bcda-444a-93bd-78ed1afd27ea.jpg,246,460,460 406 382 386 471,0.19125674664974213
data\raw\val\05201_Animalia_Echinodermata_Asteroidea_Forcipulatida_Asteriidae_Pisaster_giganteus\4e943186-52e2-4289-a459-66206b763248.jpg,246,246,246 135 274 249 136,0.5196672081947327
data\raw\val\05201_Animalia_Echinodermata_Asteroidea_Forcipulatida_Asteriidae_Pisaster_giganteus\da3de2e1-a991-4a4d-b909-6920ece0eba5.jpg,246,246,246 492 91 493 259,0.9954896569252014
data\raw\val\05201_Animalia_Echinodermata_Asteroidea_Forcipulatida_Asteriidae_Pisaster_giganteus\3859bb63-f921-44f3-a166-977ce137720e.jpg,246,246,246 492 278 476 311,0.9860793948173523
data\raw\val\05201_Animalia_Echinodermata_Asteroidea_Forcipulatida_Asteriidae_Pisaster_giganteus\99f2f835-7ff9-488e-8cbe-d54266425afa.jpg,246,246,246 492 311 275 91,0.598723292350769
data\raw\val\05201_Animalia_Echinodermata_Asteroidea_Forcipulatida_Asteriidae_Pisaster_giganteus\7654ae75-9493-4820-8382-d7be4840f121.jpg,246,255,255 246 248 250 9,0.2978481352329254
data\raw\val\05201_Animalia_Echinodermata_Asteroidea_Forcipulatida_Asteriidae_Pisaster_giganteus\51f23135-c383-4908-b88e-eb3acbaccd26.jpg,246,246,246 274 73 468 311,0.8485224843025208
data\raw\val\05201_Animalia_Echinodermata_Asteroidea_Forcipulatida_Asteriidae_Pisaster_giganteus\11020b51-93fd-41e8-a30e-c4f29e5ebd2d.jpg,246,246,246 259 351 129 255,0.9907587766647339
data\raw\val\05227_Animalia_Mollusca_Bivalvia_Myida_Pholadidae_Cyrtopleura_costata\ddb9681f-7e0c-49ae-b62e-7507923dc220.jpg,247,242,242 123 230 132 129,0.044036366045475006
data\raw\val\05227_Animalia_Mollusca_Bivalvia_Myida_Pholadidae_Cyrtopleura_costata\b1d54c5d-3721-41aa-a616-9a39432d6f7a.jpg,247,246,246 136 249 58 248,0.1138945147395134
data\raw\val\05227_Animalia_Mollusca_Bivalvia_Myida_Pholadidae_Cyrtopleura_costata\65400297-25b1-42bb-a227-e6e4b5f5302f.jpg,247,246,246 350 240 242 73,0.34338322281837463
data\raw\val\05227_Animalia_Mollusca_Bivalvia_Myida_Pholadidae_Cyrtopleura_costata\251386f7-be93-4577-b8e4-16930bf40fdc.jpg,247,55,55 83 60 247 125,0.14206625521183014
data\raw\val\05227_Animalia_Mollusca_Bivalvia_Myida_Pholadidae_Cyrtopleura_costata\fac0b48f-06a2-4a69-b658-593d54466187.jpg,247,254,254 246 249 248 137,0.16159717738628387
data\raw\val\05227_Animalia_Mollusca_Bivalvia_Myida_Pholadidae_Cyrtopleura_costata\579161ad-bb64-41b6-bac3-83940950f8af.jpg,247,344,344 345 406 350 311,0.21779583394527435
data\raw\val\05227_Animalia_Mollusca_Bivalvia_Myida_Pholadidae_Cyrtopleura_costata\514d9390-11f3-464d-89f2-d14036d38aee.jpg,247,438,438 242 345 312 311,0.15437637269496918
data\raw\val\05227_Animalia_Mollusca_Bivalvia_Myida_Pholadidae_Cyrtopleura_costata\cee67207-799f-4059-9dc2-be05aba88a91.jpg,247,247,247 125 126 262 13,0.7099600434303284
data\raw\val\05227_Animalia_Mollusca_Bivalvia_Myida_Pholadidae_Cyrtopleura_costata\98cb0970-e57e-4108-9866-b07ee38d0ddd.jpg,247,246,246 247 51 137 351,0.35957276821136475
data\raw\val\05227_Animalia_Mollusca_Bivalvia_Myida_Pholadidae_Cyrtopleura_costata\9cd4728d-0df3-4db8-998b-997b42b0df27.jpg,247,242,242 240 350 250 243,0.4050469696521759
data\raw\val\05279_Animalia_Mollusca_Gastropoda_Neogastropoda_Buccinidae_Cominella_adspersa\27556595-3309-484e-aed4-06bdc9af7b16.jpg,248,438,438 406 345 356 468,0.20854994654655457
data\raw\val\05279_Animalia_Mollusca_Gastropoda_Neogastropoda_Buccinidae_Cominella_adspersa\e1690153-f373-46bc-8676-7ed0804c9d5a.jpg,248,242,242 350 344 143 243,0.36836814880371094
data\raw\val\05279_Animalia_Mollusca_Gastropoda_Neogastropoda_Buccinidae_Cominella_adspersa\dff8f91c-ad03-4117-8a1e-0638f2b2ea6c.jpg,248,242,242 268 350 248 246,0.19028262794017792
data\raw\val\05279_Animalia_Mollusca_Gastropoda_Neogastropoda_Buccinidae_Cominella_adspersa\a9e822af-9d59-4c7f-b0ba-680fdc191b79.jpg,248,313,313 91 344 350 451,0.1002335399389267
data\raw\val\05279_Animalia_Mollusca_Gastropoda_Neogastropoda_Buccinidae_Cominella_adspersa\a89280d7-57cf-4552-858f-d6a7547a5a16.jpg,248,350,350 246 248 242 274,0.17604610323905945
data\raw\val\05279_Animalia_Mollusca_Gastropoda_Neogastropoda_Buccinidae_Cominella_adspersa\31955cd7-c374-4014-bc67-29dee6c4e147.jpg,248,268,268 123 242 345 248,0.28557687997817993
data\raw\val\05279_Animalia_Mollusca_Gastropoda_Neogastropoda_Buccinidae_Cominella_adspersa\69138daa-41ad-4309-82ca-fe5fd9440b7d.jpg,248,242,242 350 274 246 442,0.21485444903373718
data\raw\val\05279_Animalia_Mollusca_Gastropoda_Neogastropoda_Buccinidae_Cominella_adspersa\6d116447-2a60-44b0-8850-85db449b1ef3.jpg,248,246,246 242 240 91 313,0.0987808108329773
data\raw\val\05279_Animalia_Mollusca_Gastropoda_Neogastropoda_Buccinidae_Cominella_adspersa\b7db34ba-58a0-4ff7-bbcb-74d4edcf5e97.jpg,248,313,313 468 471 460 406,0.6712849736213684
data\raw\val\05279_Animalia_Mollusca_Gastropoda_Neogastropoda_Buccinidae_Cominella_adspersa\bceeb23c-c2cb-4923-b7e3-db45d9c37a8d.jpg,248,249,249 248 132 129 123,0.784033477306366
data\raw\val\05281_Animalia_Mollusca_Gastropoda_Neogastropoda_Buccinidae_Kelletia_kelletii\f8f18e7c-ad52-42e3-97ec-34068d072bf5.jpg,249,249,249 60 62 248 58,0.5176724195480347
data\raw\val\05281_Animalia_Mollusca_Gastropoda_Neogastropoda_Buccinidae_Kelletia_kelletii\a9cf667c-ea4f-4ede-b591-2114d4817a1b.jpg,249,249,249 123 62 139 268,0.5196194648742676
data\raw\val\05281_Animalia_Mollusca_Gastropoda_Neogastropoda_Buccinidae_Kelletia_kelletii\9fea6913-6c00-4f45-baa6-1303e2f78df6.jpg,249,246,246 249 274 135 255,0.23925268650054932
data\raw\val\05281_Animalia_Mollusca_Gastropoda_Neogastropoda_Buccinidae_Kelletia_kelletii\93f0ddfa-0bac-4f49-b52b-ebc15b8d3b02.jpg,249,249,249 123 124 399 276,0.891428530216217
data\raw\val\05281_Animalia_Mollusca_Gastropoda_Neogastropoda_Buccinidae_Kelletia_kelletii\eb2fc03b-0fd8-4671-8438-6cc6501143f5.jpg,249,249,249 129 123 248 245,0.7964997291564941
data\raw\val\05281_Animalia_Mollusca_Gastropoda_Neogastropoda_Buccinidae_Kelletia_kelletii\97c789f5-346d-4549-ab93-71efde686b58.jpg,249,249,249 242 344 274 451,0.1765899509191513
data\raw\val\05281_Animalia_Mollusca_Gastropoda_Neogastropoda_Buccinidae_Kelletia_kelletii\f70253f6-84f4-4575-9eef-0cc5fc1e5dad.jpg,249,313,313 356 468 451 442,0.6483703851699829
data\raw\val\05281_Animalia_Mollusca_Gastropoda_Neogastropoda_Buccinidae_Kelletia_kelletii\a3b537bf-0e44-42a8-8d05-8ae18cff4066.jpg,249,274,274 249 246 136 131,0.31691431999206543
data\raw\val\05281_Animalia_Mollusca_Gastropoda_Neogastropoda_Buccinidae_Kelletia_kelletii\eb6283e5-a158-406f-b686-29138f5695a0.jpg,249,246,246 249 354 62 350,0.2003711313009262
data\raw\val\05281_Animalia_Mollusca_Gastropoda_Neogastropoda_Buccinidae_Kelletia_kelletii\f1e981b5-06cd-497f-8c85-f96258de7448.jpg,249,274,274 245 246 249 255,0.14050115644931793
data\raw\val\05290_Animalia_Mollusca_Gastropoda_Neogastropoda_Nassariidae_Tritia_obsoleta\1f99e50e-0a8e-4fb4-840d-3bebd2803b17.jpg,250,274,274 246 255 313 249,0.10555948317050934
data\raw\val\05290_Animalia_Mollusca_Gastropoda_Neogastropoda_Nassariidae_Tritia_obsoleta\973e4f64-8a8a-4fd6-944b-db5f59f59ce6.jpg,250,249,249 242 245 248 124,0.23569869995117188
data\raw\val\05290_Animalia_Mollusca_Gastropoda_Neogastropoda_Nassariidae_Tritia_obsoleta\af3e0b70-8256-4add-a34b-8827c9d55f47.jpg,250,311,311 406 345 414 302,0.07705956697463989
data\raw\val\05290_Animalia_Mollusca_Gastropoda_Neogastropoda_Nassariidae_Tritia_obsoleta\038110a4-3638-45b9-8e83-d8f7008d58d5.jpg,250,248,248 98 51 226 62,0.15208986401557922
data\raw\val\05290_Animalia_Mollusca_Gastropoda_Neogastropoda_Nassariidae_Tritia_obsoleta\2aa93d6c-c716-45aa-a7ab-4611e7fa7191.jpg,250,79,79 242 52 250 72,0.05091794580221176
data\raw\val\05290_Animalia_Mollusca_Gastropoda_Neogastropoda_Nassariidae_Tritia_obsoleta\114a6ff5-ca11-4563-9d5c-9efe60345e6d.jpg,250,250,250 254 251 248 125,0.3223356604576111
data\raw\val\05290_Animalia_Mollusca_Gastropoda_Neogastropoda_Nassariidae_Tritia_obsoleta\1c0cbb0c-36a7-44ca-b067-f85512c94aee.jpg,250,246,246 350 248 242 240,0.16396720707416534
data\raw\val\05290_Animalia_Mollusca_Gastropoda_Neogastropoda_Nassariidae_Tritia_obsoleta\deebf200-b2b3-4174-b4c6-9963fabfd6f0.jpg,250,255,255 143 257 86 246,0.06814536452293396
data\raw\val\05290_Animalia_Mollusca_Gastropoda_Neogastropoda_Nassariidae_Tritia_obsoleta\94ea7d9f-5275-4061-8c40-ff2baecadfbd.jpg,250,275,275 246 230 136 9,0.0689205601811409
data\raw\val\05290_Animalia_Mollusca_Gastropoda_Neogastropoda_Nassariidae_Tritia_obsoleta\580815e0-e006-4898-8eac-306bd696da13.jpg,250,438,438 344 257 406 312,0.34262892603874207
data\raw\val\05291_Animalia_Mollusca_Gastropoda_Neogastropoda_Olividae_Americoliva_sayana\04cd38c3-3579-4fdf-a8dd-5d300f1d9d9e.jpg,251,99,99 254 58 267 123,0.5921730399131775
data\raw\val\05291_Animalia_Mollusca_Gastropoda_Neogastropoda_Olividae_Americoliva_sayana\5d721264-a08c-440b-b8e6-ff5f225fb46b.jpg,251,247,247 55 125 251 241,0.11554019153118134
data\raw\val\05291_Animalia_Mollusca_Gastropoda_Neogastropoda_Olividae_Americoliva_sayana\889ee4e1-5e37-49e7-8bcd-ca53575ca83b.jpg,251,123,123 55 58 132 242,0.12602229416370392
data\raw\val\05291_Animalia_Mollusca_Gastropoda_Neogastropoda_Olividae_Americoliva_sayana\ed1ffddf-374e-4d4e-82fc-47455cfc64e3.jpg,251,73,73 32 74 51 98,0.19075430929660797
data\raw\val\05291_Animalia_Mollusca_Gastropoda_Neogastropoda_Olividae_Americoliva_sayana\c0de8360-12dc-4556-9559-63abeec6a74d.jpg,251,350,350 442 313 344 242,0.3088397979736328
data\raw\val\05291_Animalia_Mollusca_Gastropoda_Neogastropoda_Olividae_Americoliva_sayana\a5dd17e7-2c14-4688-80a9-2ee0dee6f27d.jpg,251,350,350 246 242 344 274,0.0856253132224083
data\raw\val\05291_Animalia_Mollusca_Gastropoda_Neogastropoda_Olividae_Americoliva_sayana\b9571375-2b46-4707-a60e-f1ba92e3e669.jpg,251,242,242 350 344 345 302,0.17878682911396027
data\raw\val\05291_Animalia_Mollusca_Gastropoda_Neogastropoda_Olividae_Americoliva_sayana\4c134f98-fe97-4d77-abd6-010f26d7b9a5.jpg,251,246,246 230 234 74 223,0.23686566948890686
data\raw\val\05291_Animalia_Mollusca_Gastropoda_Neogastropoda_Olividae_Americoliva_sayana\c402890e-65f2-457c-aa7c-97bdc5ea71c0.jpg,251,242,242 350 268 123 248,0.39019426703453064
data\raw\val\05291_Animalia_Mollusca_Gastropoda_Neogastropoda_Olividae_Americoliva_sayana\c36bdb87-d7b9-4df1-b9b6-2b5c6da45209.jpg,251,74,74 242 73 51 302,0.1555272340774536
data\raw\val\05309_Animalia_Mollusca_Gastropoda_Nudibranchia_Discodorididae_Rostanga_pulchra\cdb1acb3-9a02-469d-85c0-1b1fe26a6470.jpg,252,268,268 354 249 58 123,0.14359673857688904
data\raw\val\05309_Animalia_Mollusca_Gastropoda_Nudibranchia_Discodorididae_Rostanga_pulchra\6c361f7f-233e-473a-9d64-d2b69eec62f5.jpg,252,123,123 249 58 54 245,0.0953579917550087
data\raw\val\05309_Animalia_Mollusca_Gastropoda_Nudibranchia_Discodorididae_Rostanga_pulchra\e8e0f1e1-4d16-4a31-970d-6edd1a3956f4.jpg,252,274,274 246 123 248 252,0.46491000056266785
data\raw\val\05309_Animalia_Mollusca_Gastropoda_Nudibranchia_Discodorididae_Rostanga_pulchra\438deb32-a684-4e39-ba99-7305dbd49586.jpg,252,246,246 249 245 274 244,0.32456910610198975
data\raw\val\05309_Animalia_Mollusca_Gastropoda_Nudibranchia_Discodorididae_Rostanga_pulchra\cc8ba2be-6e38-4158-863d-603adfbfbd27.jpg,252,242,242 344 350 274 302,0.16430287063121796
data\raw\val\05309_Animalia_Mollusca_Gastropoda_Nudibranchia_Discodorididae_Rostanga_pulchra\2632e5c9-0e5c-4af0-a427-1cae3c634f06.jpg,252,245,245 249 244 274 246,0.26202332973480225
data\raw\val\05309_Animalia_Mollusca_Gastropoda_Nudibranchia_Discodorididae_Rostanga_pulchra\e85d8b8e-6a0e-4a60-bf3a-cfb8e5ab1341.jpg,252,313,313 468 246 382 451,0.3232323229312897
data\raw\val\05309_Animalia_Mollusca_Gastropoda_Nudibranchia_Discodorididae_Rostanga_pulchra\5e73d781-717c-4243-9eb5-a06e0c862323.jpg,252,354,354 471 451 356 246,0.11871588975191116
data\raw\val\05309_Animalia_Mollusca_Gastropoda_Nudibranchia_Discodorididae_Rostanga_pulchra\4b28cf1e-7b0c-4d4f-b445-99a71ef9e47f.jpg,252,245,245 58 249 123 55,0.1642131507396698
data\raw\val\05309_Animalia_Mollusca_Gastropoda_Nudibranchia_Discodorididae_Rostanga_pulchra\a91b55aa-5c4a-46b0-a88f-952ee6206e1a.jpg,252,249,249 123 248 62 58,0.18215525150299072
data\raw\val\05326_Animalia_Mollusca_Gastropoda_Nudibranchia_Polyceridae_Polycera_atra\517b897d-4223-45f8-8107-5253b4302a96.jpg,253,253,253 144 226 91 241,0.24412046372890472
data\raw\val\05326_Animalia_Mollusca_Gastropoda_Nudibranchia_Polyceridae_Polycera_atra\59c1b622-53a4-4973-8d64-679fcae92ba1.jpg,253,253,253 241 144 243 9,0.8334623575210571
data\raw\val\05326_Animalia_Mollusca_Gastropoda_Nudibranchia_Polyceridae_Polycera_atra\fe08e634-f59d-49e1-8095-5dc3ae0d302a.jpg,253,246,246 274 451 354 249,0.07691141217947006
data\raw\val\05326_Animalia_Mollusca_Gastropoda_Nudibranchia_Polyceridae_Polycera_atra\188d3266-5422-4eed-ae85-55cee748fe42.jpg,253,313,313 356 39 253 391,0.5453318953514099
data\raw\val\05326_Animalia_Mollusca_Gastropoda_Nudibranchia_Polyceridae_Polycera_atra\dfd50110-f64d-4484-8cf3-e3d99425fb0a.jpg,253,253,253 241 249 348 313,0.4414551258087158
data\raw\val\05326_Animalia_Mollusca_Gastropoda_Nudibranchia_Polyceridae_Polycera_atra\7d37e7ef-66b2-491a-acd2-f47946e2ead3.jpg,253,253,253 229 19 91 143,0.2023497074842453
data\raw\val\05326_Animalia_Mollusca_Gastropoda_Nudibranchia_Polyceridae_Polycera_atra\e1c71ac5-4e76-406c-ba18-db279cee23a2.jpg,253,246,246 274 73 240 249,0.08810258656740189
data\raw\val\05326_Animalia_Mollusca_Gastropoda_Nudibranchia_Polyceridae_Polycera_atra\41a57c54-ea0c-46dd-b3d1-73014ea81361.jpg,253,253,253 226 131 56 91,0.22761112451553345
data\raw\val\05326_Animalia_Mollusca_Gastropoda_Nudibranchia_Polyceridae_Polycera_atra\efa47aaf-b330-4af8-bdbe-ba3479cb9432.jpg,253,302,302 240 234 74 232,0.12853646278381348
data\raw\val\05326_Animalia_Mollusca_Gastropoda_Nudibranchia_Polyceridae_Polycera_atra\d97aba5b-c6c8-433b-a409-436d2335f235.jpg,253,356,356 353 391 376 278,0.2066839337348938
data\raw\val\05370_Animalia_Mollusca_Gastropoda_Systellommatophora_Veronicellidae_Laevicaulis_alte\7f105890-5296-4ef9-b6bd-95b29114406d.jpg,254,74,74 259 256 73 356,0.15724968910217285
data\raw\val\05370_Animalia_Mollusca_Gastropoda_Systellommatophora_Veronicellidae_Laevicaulis_alte\64dadfb2-d310-4e26-8d27-85382be5aedd.jpg,254,246,246 91 313 356 123,0.15102779865264893
data\raw\val\05370_Animalia_Mollusca_Gastropoda_Systellommatophora_Veronicellidae_Laevicaulis_alte\39ef16c4-6e37-4d23-91a8-d27cec88f1c4.jpg,254,246,246 240 311 91 344,0.41140228509902954
data\raw\val\05370_Animalia_Mollusca_Gastropoda_Systellommatophora_Veronicellidae_Laevicaulis_alte\70d7018b-dc07-4757-990a-9cfd7103aea9.jpg,254,240,240 229 242 246 234,0.4334975779056549
data\raw\val\05370_Animalia_Mollusca_Gastropoda_Systellommatophora_Veronicellidae_Laevicaulis_alte\4cd7de81-cce4-4825-98fc-b8fb5c430e35.jpg,254,274,274 424 312 492 256,0.1305696964263916
data\raw\val\05370_Animalia_Mollusca_Gastropoda_Systellommatophora_Veronicellidae_Laevicaulis_alte\4410dd12-c41f-4310-a0e3-d41a8cdaf48f.jpg,254,246,246 73 25 59 46,0.10746582597494125
data\raw\val\05370_Animalia_Mollusca_Gastropoda_Systellommatophora_Veronicellidae_Laevicaulis_alte\3225b41e-448e-4e11-b58a-7d07ee041277.jpg,254,229,229 230 234 240 145,0.14265358448028564
data\raw\val\05370_Animalia_Mollusca_Gastropoda_Systellommatophora_Veronicellidae_Laevicaulis_alte\d1f1d493-0e8e-4f58-bd22-b54988e54bbb.jpg,254,246,246 245 249 259 244,0.3447960615158081
data\raw\val\05370_Animalia_Mollusca_Gastropoda_Systellommatophora_Veronicellidae_Laevicaulis_alte\8ff948fe-7ec5-4a25-acb2-b6642c9f223a.jpg,254,229,229 240 232 234 242,0.23595714569091797
data\raw\val\05370_Animalia_Mollusca_Gastropoda_Systellommatophora_Veronicellidae_Laevicaulis_alte\fc26c56e-4e2a-48b7-aaa9-d1e3ad3aa3c3.jpg,254,240,240 234 246 350 344,0.35027578473091125
data\raw\val\05375_Animalia_Mollusca_Gastropoda_Trochida_Tegulidae_Tegula_funebralis\23dbe839-09f5-415c-b296-ec1b18a3d993.jpg,255,250,250 255 9 248 242,0.38090649247169495
data\raw\val\05375_Animalia_Mollusca_Gastropoda_Trochida_Tegulidae_Tegula_funebralis\3f922c3b-e74a-4e1c-8b87-52181593c570.jpg,255,246,246 255 9 249 274,0.4109392464160919
data\raw\val\05375_Animalia_Mollusca_Gastropoda_Trochida_Tegulidae_Tegula_funebralis\d7701ecc-61d3-43cd-ae21-2479b31ed76b.jpg,255,248,248 274 249 246 250,0.384878545999527
data\raw\val\05375_Animalia_Mollusca_Gastropoda_Trochida_Tegulidae_Tegula_funebralis\87f54cf0-149c-428f-8ef1-b334c003c6c7.jpg,255,350,350 242 268 262 274,0.15706035494804382
data\raw\val\05375_Animalia_Mollusca_Gastropoda_Trochida_Tegulidae_Tegula_funebralis\7f76c378-cfff-4dce-84b2-a9ed465c88db.jpg,255,255,255 250 242 30 124,0.23602120578289032
data\raw\val\05375_Animalia_Mollusca_Gastropoda_Trochida_Tegulidae_Tegula_funebralis\c0c8d332-6c55-458d-ad2d-ff9ef522fe94.jpg,255,255,255 246 366 274 242,0.8049159049987793
data\raw\val\05375_Animalia_Mollusca_Gastropoda_Trochida_Tegulidae_Tegula_funebralis\655b2ed6-4073-4af0-b7ab-eb218795b2ff.jpg,255,250,250 242 255 248 254,0.4223887622356415
data\raw\val\05375_Animalia_Mollusca_Gastropoda_Trochida_Tegulidae_Tegula_funebralis\6a01c961-eac2-4a1f-a4e4-9301f0db7da1.jpg,255,274,274 74 246 73 250,0.14359471201896667
data\raw\val\05375_Animalia_Mollusca_Gastropoda_Trochida_Tegulidae_Tegula_funebralis\33d2e9ff-269e-464f-a66f-111bf9790db7.jpg,255,255,255 250 246 9 248,0.4242040812969208
data\raw\val\05375_Animalia_Mollusca_Gastropoda_Trochida_Tegulidae_Tegula_funebralis\8bee336e-0159-4de6-8f59-4af63022fe6a.jpg,255,255,255 246 250 274 9,0.2606065571308136
data\raw\val\05396_Fungi_Ascomycota_Lecanoromycetes_Candelariales_Candelariaceae_Candelaria_concolor\d2569068-d018-4f3d-b5ed-a16faa7169b0.jpg,256,256,256 366 342 312 451,0.6005029678344727
data\raw\val\05396_Fungi_Ascomycota_Lecanoromycetes_Candelariales_Candelariaceae_Candelaria_concolor\290d6d26-d7b0-405e-b140-53a12d84ae55.jpg,256,256,256 312 342 329 366,0.974743664264679
data\raw\val\05396_Fungi_Ascomycota_Lecanoromycetes_Candelariales_Candelariaceae_Candelaria_concolor\59fc235d-adfe-4ce0-b282-4952a5551f22.jpg,256,468,468 256 342 366 329,0.13521035015583038
data\raw\val\05396_Fungi_Ascomycota_Lecanoromycetes_Candelariales_Candelariaceae_Candelaria_concolor\8b5fd240-1827-4294-8c53-dba81b99ee9a.jpg,256,256,256 257 329 315 366,0.7954941987991333
data\raw\val\05396_Fungi_Ascomycota_Lecanoromycetes_Candelariales_Candelariaceae_Candelaria_concolor\ad98e60f-c2e4-4b50-bcfd-ebca493fcc8b.jpg,256,329,329 406 370 468 328,0.2132665514945984
data\raw\val\05396_Fungi_Ascomycota_Lecanoromycetes_Candelariales_Candelariaceae_Candelaria_concolor\72f61b36-6d36-4a2f-965e-9ab87112a97e.jpg,256,256,256 312 342 366 313,0.621796727180481
data\raw\val\05396_Fungi_Ascomycota_Lecanoromycetes_Candelariales_Candelariaceae_Candelaria_concolor\d70e0f5e-d7fe-4ba0-bdcf-49737cbea426.jpg,256,356,356 468 256 460 391,0.1822001039981842
data\raw\val\05396_Fungi_Ascomycota_Lecanoromycetes_Candelariales_Candelariaceae_Candelaria_concolor\e0a5f877-2e14-4f49-8925-282cb3a5f14d.jpg,256,312,312 256 315 366 329,0.1736121028661728
data\raw\val\05396_Fungi_Ascomycota_Lecanoromycetes_Candelariales_Candelariaceae_Candelaria_concolor\9fe8c6c9-5ca3-4abe-abe4-a89554faf66b.jpg,256,356,356 256 400 0 475,0.18553763628005981
data\raw\val\05396_Fungi_Ascomycota_Lecanoromycetes_Candelariales_Candelariaceae_Candelaria_concolor\4e1b922f-3bba-45a1-83c9-1e8affe9a8ea.jpg,256,366,366 257 468 329 315,0.25594401359558105
data\raw\val\05435_Fungi_Ascomycota_Lecanoromycetes_Pertusariales_Icmadophilaceae_Dibaeis_baeomyces\375bd492-cf56-40f2-8df1-95eaa97a8950.jpg,257,257,257 274 246 255 487,0.18866629898548126
data\raw\val\05435_Fungi_Ascomycota_Lecanoromycetes_Pertusariales_Icmadophilaceae_Dibaeis_baeomyces\c9fa4e0c-5381-4ab9-8924-9bbf8253ec80.jpg,257,344,344 274 257 246 275,0.34657299518585205
data\raw\val\05435_Fungi_Ascomycota_Lecanoromycetes_Pertusariales_Icmadophilaceae_Dibaeis_baeomyces\9714b250-e4d7-49fb-8220-301034e98746.jpg,257,257,257 344 438 275 329,0.9138163328170776
data\raw\val\05435_Fungi_Ascomycota_Lecanoromycetes_Pertusariales_Icmadophilaceae_Dibaeis_baeomyces\ce3c0700-0fb6-42ed-92a3-907091b65906.jpg,257,246,246 257 274 350 245,0.17922940850257874
data\raw\val\05435_Fungi_Ascomycota_Lecanoromycetes_Pertusariales_Icmadophilaceae_Dibaeis_baeomyces\2027b3ad-dc0b-4904-9852-f3cee37ae2a7.jpg,257,257,257 246 275 274 315,0.9494916796684265
data\raw\val\05435_Fungi_Ascomycota_Lecanoromycetes_Pertusariales_Icmadophilaceae_Dibaeis_baeomyces\956a0800-7724-481a-a94e-8e5f0f74f20a.jpg,257,353,353 354 347 348 257,0.6583002805709839
data\raw\val\05435_Fungi_Ascomycota_Lecanoromycetes_Pertusariales_Icmadophilaceae_Dibaeis_baeomyces\eb0fee70-9a44-4e60-a98f-c010ef6fb6fa.jpg,257,257,257 344 354 275 350,0.37972554564476013
data\raw\val\05435_Fungi_Ascomycota_Lecanoromycetes_Pertusariales_Icmadophilaceae_Dibaeis_baeomyces\61ef739e-b530-4988-85b4-66f4319220d1.jpg,257,257,257 315 468 328 471,0.10316754877567291
data\raw\val\05435_Fungi_Ascomycota_Lecanoromycetes_Pertusariales_Icmadophilaceae_Dibaeis_baeomyces\5a259790-7e57-4be0-aeed-e8a3ae6584eb.jpg,257,257,257 366 315 370 438,0.9465774297714233
data\raw\val\05435_Fungi_Ascomycota_Lecanoromycetes_Pertusariales_Icmadophilaceae_Dibaeis_baeomyces\85bb5786-4aef-4569-92fc-5b991bcde1df.jpg,257,274,274 257 246 255 275,0.1886662393808365
data\raw\val\05462_Fungi_Ascomycota_Pezizomycetes_Pezizales_Sarcoscyphaceae_Sarcoscypha_occidentalis\42907da8-889f-405c-b5ac-28b1e8e89f04.jpg,258,361,361 344 354 451 246,0.2646448612213135
data\raw\val\05462_Fungi_Ascomycota_Pezizomycetes_Pezizales_Sarcoscyphaceae_Sarcoscypha_occidentalis\e392c673-24ee-40bd-9726-5e70a35ede97.jpg,258,274,274 242 451 302 246,0.2665083110332489
data\raw\val\05462_Fungi_Ascomycota_Pezizomycetes_Pezizales_Sarcoscyphaceae_Sarcoscypha_occidentalis\bbdd902f-6e71-4d96-ae8a-95ba4507e5c3.jpg,258,36,36 259 258 246 354,0.12507161498069763
data\raw\val\05462_Fungi_Ascomycota_Pezizomycetes_Pezizales_Sarcoscyphaceae_Sarcoscypha_occidentalis\644a3647-2122-4910-928c-24183b073b9c.jpg,258,268,268 271 398 478 307,0.04665185138583183
data\raw\val\05462_Fungi_Ascomycota_Pezizomycetes_Pezizales_Sarcoscyphaceae_Sarcoscypha_occidentalis\31c60102-10eb-46e6-875b-d382e4d4abd0.jpg,258,354,354 123 344 258 252,0.07826212793588638
data\raw\val\05462_Fungi_Ascomycota_Pezizomycetes_Pezizales_Sarcoscyphaceae_Sarcoscypha_occidentalis\75c4eda9-b0d9-4d14-8545-68d0521c8090.jpg,258,344,344 451 123 401 139,0.04816306382417679
data\raw\val\05462_Fungi_Ascomycota_Pezizomycetes_Pezizales_Sarcoscyphaceae_Sarcoscypha_occidentalis\252d33ed-3d87-487f-bb43-ac31c2a985dd.jpg,258,313,313 259 246 356 394,0.08175411820411682
data\raw\val\05462_Fungi_Ascomycota_Pezizomycetes_Pezizales_Sarcoscyphaceae_Sarcoscypha_occidentalis\06b6a33f-e1b0-439b-a271-4d4bbd18c98b.jpg,258,246,246 249 248 271 123,0.5873503684997559
data\raw\val\05462_Fungi_Ascomycota_Pezizomycetes_Pezizales_Sarcoscyphaceae_Sarcoscypha_occidentalis\d5e03f38-c0c6-47cd-b5bf-176ee8032c26.jpg,258,354,354 246 252 258 259,0.1766211986541748
data\raw\val\05462_Fungi_Ascomycota_Pezizomycetes_Pezizales_Sarcoscyphaceae_Sarcoscypha_occidentalis\43e3e1e2-c18a-4b56-8ff4-b816158fe4ef.jpg,258,354,354 246 351 123 62,0.3117864429950714
data\raw\val\05467_Fungi_Ascomycota_Sordariomycetes_Hypocreales_Nectriaceae_Nectria_cinnabarina\189978d7-57e8-42fb-90f6-e7e3ad3a6ad7.jpg,259,313,313 259 18 366 434,0.13242129981517792
data\raw\val\05467_Fungi_Ascomycota_Sordariomycetes_Hypocreales_Nectriaceae_Nectria_cinnabarina\40917415-f48c-4fbf-809f-84b7ab8123f1.jpg,259,259,259 302 246 49 255,0.9030345678329468
data\raw\val\05467_Fungi_Ascomycota_Sordariomycetes_Hypocreales_Nectriaceae_Nectria_cinnabarina\e976bfa2-d5cd-4ad5-ad27-d0c2e4a62607.jpg,259,259,259 246 52 145 237,0.440731018781662
data\raw\val\05467_Fungi_Ascomycota_Sordariomycetes_Hypocreales_Nectriaceae_Nectria_cinnabarina\1b763f2b-3e57-4acf-9f66-076c968c2b64.jpg,259,73,73 74 25 302 51,0.06391852349042892
data\raw\val\05467_Fungi_Ascomycota_Sordariomycetes_Hypocreales_Nectriaceae_Nectria_cinnabarina\3fd05d8c-4a12-48a2-95ad-09b3b2cf9369.jpg,259,313,313 451 356 468 442,0.26229023933410645
data\raw\val\05467_Fungi_Ascomycota_Sordariomycetes_Hypocreales_Nectriaceae_Nectria_cinnabarina\fa51485b-7f57-4d6f-b38d-6c08243a668e.jpg,259,25,25 348 246 259 302,0.12011464685201645
data\raw\val\05467_Fungi_Ascomycota_Sordariomycetes_Hypocreales_Nectriaceae_Nectria_cinnabarina\29ecc814-3eae-4386-bcc8-087549109e42.jpg,259,313,313 240 451 274 242,0.15355508029460907
data\raw\val\05467_Fungi_Ascomycota_Sordariomycetes_Hypocreales_Nectriaceae_Nectria_cinnabarina\59702d3d-2ad3-4de1-93e5-020db2328584.jpg,259,257,257 83 9 242 259,0.14074696600437164
data\raw\val\05467_Fungi_Ascomycota_Sordariomycetes_Hypocreales_Nectriaceae_Nectria_cinnabarina\677ff941-eb15-458c-a1e5-364b0977fd80.jpg,259,74,74 73 242 236 302,0.3061208724975586
data\raw\val\05467_Fungi_Ascomycota_Sordariomycetes_Hypocreales_Nectriaceae_Nectria_cinnabarina\dabd7462-dbb5-4a42-80af-231b489d44ae.jpg,259,483,483 482 356 391 357,0.16237878799438477
data\raw\val\05481_Fungi_Basidiomycota_Agaricomycetes_Agaricales_Agaricaceae_Leucoagaricus_leucothites\135df2f7-9e3b-4978-9602-13a764b1bc4b.jpg,260,302,302 345 305 299 309,0.12348965555429459
data\raw\val\05481_Fungi_Basidiomycota_Agaricomycetes_Agaricales_Agaricaceae_Leucoagaricus_leucothites\ce911a3f-881b-43d5-917b-6735bedcbd10.jpg,260,313,313 315 468 451 268,0.09269963204860687
data\raw\val\05481_Fungi_Basidiomycota_Agaricomycetes_Agaricales_Agaricaceae_Leucoagaricus_leucothites\9d3a4800-a126-4962-b259-4f42f9f4dfb6.jpg,260,268,268 274 366 262 248,0.16940954327583313
data\raw\val\05481_Fungi_Basidiomycota_Agaricomycetes_Agaricales_Agaricaceae_Leucoagaricus_leucothites\5a4e2999-4dd0-4f6b-9af7-13da0b3cd9a6.jpg,260,230,230 234 240 229 246,0.3949216306209564
data\raw\val\05481_Fungi_Basidiomycota_Agaricomycetes_Agaricales_Agaricaceae_Leucoagaricus_leucothites\3028f173-752b-4a0d-bdc9-1beca5d02574.jpg,260,240,240 226 232 249 242,0.10800030082464218
data\raw\val\05481_Fungi_Basidiomycota_Agaricomycetes_Agaricales_Agaricaceae_Leucoagaricus_leucothites\ecf8ef0c-7655-47b6-9282-35c1d4e01959.jpg,260,302,302 399 476 274 345,0.33112189173698425
data\raw\val\05481_Fungi_Basidiomycota_Agaricomycetes_Agaricales_Agaricaceae_Leucoagaricus_leucothites\3963e930-0ed3-4057-b62d-80cb4726c208.jpg,260,268,268 262 247 41 263,0.3786643147468567
data\raw\val\05481_Fungi_Basidiomycota_Agaricomycetes_Agaricales_Agaricaceae_Leucoagaricus_leucothites\4f32b7b8-6a7b-43aa-8dac-10f3ce61500b.jpg,260,302,302 268 274 123 467,0.1088898777961731
data\raw\val\05481_Fungi_Basidiomycota_Agaricomycetes_Agaricales_Agaricaceae_Leucoagaricus_leucothites\5bd3c997-179d-428e-abcf-e3edf19ee506.jpg,260,268,268 242 58 123 248,0.12936648726463318
data\raw\val\05481_Fungi_Basidiomycota_Agaricomycetes_Agaricales_Agaricaceae_Leucoagaricus_leucothites\4260578e-4ac9-4e5d-af2f-fde8a43754e0.jpg,260,268,268 274 242 248 249,0.09697315841913223
data\raw\val\05493_Fungi_Basidiomycota_Agaricomycetes_Agaricales_Amanitaceae_Amanita_jacksonii\fbceca09-c61a-46a7-a17b-4566b4a448e3.jpg,261,271,271 267 246 275 261,0.16729231178760529
data\raw\val\05493_Fungi_Basidiomycota_Agaricomycetes_Agaricales_Amanitaceae_Amanita_jacksonii\e4e99610-4ff1-496c-a9d2-157624fe9cd2.jpg,261,478,478 348 268 261 267,0.22683992981910706
data\raw\val\05493_Fungi_Basidiomycota_Agaricomycetes_Agaricales_Amanitaceae_Amanita_jacksonii\f5d12fde-f360-4a98-a39c-b226919e626b.jpg,261,354,354 246 274 353 480,0.23789797723293304
data\raw\val\05493_Fungi_Basidiomycota_Agaricomycetes_Agaricales_Amanitaceae_Amanita_jacksonii\b3fd77c5-6b4f-49e5-a321-d0463f2fabca.jpg,261,274,274 268 354 246 123,0.2278330773115158
data\raw\val\05493_Fungi_Basidiomycota_Agaricomycetes_Agaricales_Amanitaceae_Amanita_jacksonii\9e03ff42-c1a1-4b7e-b5a9-fcd792e63b7b.jpg,261,267,267 268 123 354 266,0.5627780556678772
data\raw\val\05493_Fungi_Basidiomycota_Agaricomycetes_Agaricales_Amanitaceae_Amanita_jacksonii\c81ca530-10ef-4de3-a435-dc036c737525.jpg,261,271,271 267 268 261 123,0.7108694911003113
data\raw\val\05493_Fungi_Basidiomycota_Agaricomycetes_Agaricales_Amanitaceae_Amanita_jacksonii\a3f8b089-23a2-4ba2-be24-5c838b174346.jpg,261,268,268 267 354 271 258,0.1465662270784378
data\raw\val\05493_Fungi_Basidiomycota_Agaricomycetes_Agaricales_Amanitaceae_Amanita_jacksonii\f4246341-50c6-4b35-b6fd-351d33467b9f.jpg,261,348,348 354 476 36 353,0.3110962212085724
data\raw\val\05493_Fungi_Basidiomycota_Agaricomycetes_Agaricales_Amanitaceae_Amanita_jacksonii\8b333831-1fb4-481c-a55c-3836d86df26c.jpg,261,267,267 354 268 271 248,0.12421038746833801
data\raw\val\05493_Fungi_Basidiomycota_Agaricomycetes_Agaricales_Amanitaceae_Amanita_jacksonii\0baba4f0-8b85-4cc7-8677-b3d744fb65df.jpg,261,268,268 267 274 261 258,0.47170254588127136
data\raw\val\05567_Fungi_Basidiomycota_Agaricomycetes_Agaricales_Psathyrellaceae_Coprinopsis_variegata\d72696e9-9bc6-4259-9121-c4b48da34c11.jpg,262,257,257 438 366 471 246,0.24839532375335693
data\raw\val\05567_Fungi_Basidiomycota_Agaricomycetes_Agaricales_Psathyrellaceae_Coprinopsis_variegata\cf3a1ad6-5640-4c5f-bb85-a8e2fdfb67c0.jpg,262,246,246 351 240 274 350,0.13254417479038239
data\raw\val\05567_Fungi_Basidiomycota_Agaricomycetes_Agaricales_Psathyrellaceae_Coprinopsis_variegata\6aef42af-466c-4c74-86db-73392056f6ce.jpg,262,262,262 73 492 264 246,0.2934116721153259
data\raw\val\05567_Fungi_Basidiomycota_Agaricomycetes_Agaricales_Psathyrellaceae_Coprinopsis_variegata\bb882f47-1b29-4fb9-b06c-2c8f63c2d743.jpg,262,246,246 492 274 275 223,0.23821327090263367
data\raw\val\05567_Fungi_Basidiomycota_Agaricomycetes_Agaricales_Psathyrellaceae_Coprinopsis_variegata\e0d93410-d69b-40d5-9c58-e4474512091a.jpg,262,268,268 350 274 351 402,0.5845624804496765
data\raw\val\05567_Fungi_Basidiomycota_Agaricomycetes_Agaricales_Psathyrellaceae_Coprinopsis_variegata\5fbc1918-6464-4120-918b-5ef0549ba169.jpg,262,274,274 246 255 350 250,0.29682809114456177
data\raw\val\05567_Fungi_Basidiomycota_Agaricomycetes_Agaricales_Psathyrellaceae_Coprinopsis_variegata\51399753-2404-4b53-9892-f260e9cb5822.jpg,262,350,350 268 262 274 351,0.3033795654773712
data\raw\val\05567_Fungi_Basidiomycota_Agaricomycetes_Agaricales_Psathyrellaceae_Coprinopsis_variegata\bd5cadce-29fd-4755-9122-dc105e94eab9.jpg,262,246,246 350 274 230 234,0.10166890919208527
data\raw\val\05567_Fungi_Basidiomycota_Agaricomycetes_Agaricales_Psathyrellaceae_Coprinopsis_variegata\2bf70fb0-8027-4556-a8a5-a4638356a5dd.jpg,262,52,52 240 262 274 272,0.12860022485256195
data\raw\val\05567_Fungi_Basidiomycota_Agaricomycetes_Agaricales_Psathyrellaceae_Coprinopsis_variegata\8f153736-6a5d-43d2-a597-b9b0d107447a.jpg,262,438,438 354 353 468 315,0.2807677686214447
data\raw\val\05570_Fungi_Basidiomycota_Agaricomycetes_Agaricales_Psathyrellaceae_Panaeolus_foenisecii\25b54681-eb92-4825-a689-c9077ac5b48c.jpg,263,302,302 268 304 305 491,0.08831849694252014
data\raw\val\05570_Fungi_Basidiomycota_Agaricomycetes_Agaricales_Psathyrellaceae_Panaeolus_foenisecii\b23e326d-09e4-46ad-9f6e-5607acfeda89.jpg,263,388,388 263 331 476 268,0.27242639660835266
data\raw\val\05570_Fungi_Basidiomycota_Agaricomycetes_Agaricales_Psathyrellaceae_Panaeolus_foenisecii\60cc3cd8-fa92-443c-a113-8c58ae0c0940.jpg,263,268,268 248 263 274 340,0.17998051643371582
data\raw\val\05570_Fungi_Basidiomycota_Agaricomycetes_Agaricales_Psathyrellaceae_Panaeolus_foenisecii\56b624a1-0f41-4013-b0d7-b2a5993b1b00.jpg,263,274,274 268 275 28 492,0.11124924570322037
data\raw\val\05570_Fungi_Basidiomycota_Agaricomycetes_Agaricales_Psathyrellaceae_Panaeolus_foenisecii\0ba2123b-25f2-402a-bd1e-768842d72720.jpg,263,246,246 274 135 248 492,0.15614330768585205
data\raw\val\05570_Fungi_Basidiomycota_Agaricomycetes_Agaricales_Psathyrellaceae_Panaeolus_foenisecii\65382b03-eb22-4d4f-a7c1-efc0ac32aa71.jpg,263,123,123 268 274 62 58,0.2838326692581177
data\raw\val\05570_Fungi_Basidiomycota_Agaricomycetes_Agaricales_Psathyrellaceae_Panaeolus_foenisecii\ae5537f6-cfcf-4c20-82d7-5f9ecda05345.jpg,263,274,274 242 246 350 249,0.25165504217147827
data\raw\val\05570_Fungi_Basidiomycota_Agaricomycetes_Agaricales_Psathyrellaceae_Panaeolus_foenisecii\93d97caa-5840-4ed4-9126-542968df47e6.jpg,263,331,331 428 402 275 476,0.22939692437648773
data\raw\val\05570_Fungi_Basidiomycota_Agaricomycetes_Agaricales_Psathyrellaceae_Panaeolus_foenisecii\5687fecc-fa49-4510-ae88-ee42dde153cf.jpg,263,249,249 274 246 240 248,0.05738329142332077
data\raw\val\05570_Fungi_Basidiomycota_Agaricomycetes_Agaricales_Psathyrellaceae_Panaeolus_foenisecii\c4e2617e-03a0-410f-862c-ce081edfb387.jpg,263,46,46 79 29 27 263,0.02357255108654499
data\raw\val\05574_Fungi_Basidiomycota_Agaricomycetes_Agaricales_Schizophyllaceae_Schizophyllum_commune\fe475526-2101-44d3-a56c-8fbf9d43dbd6.jpg,264,242,242 344 249 351 379,0.09866844117641449
data\raw\val\05574_Fungi_Basidiomycota_Agaricomycetes_Agaricales_Schizophyllaceae_Schizophyllum_commune\b855fe08-7b6d-4da2-aeef-507a1a5f02c5.jpg,264,468,468 357 486 487 366,0.10143382102251053
data\raw\val\05574_Fungi_Basidiomycota_Agaricomycetes_Agaricales_Schizophyllaceae_Schizophyllum_commune\90728d58-8238-44c6-aab0-e74fe60ce7b9.jpg,264,257,257 259 246 354 438,0.2023988664150238
data\raw\val\05574_Fungi_Basidiomycota_Agaricomycetes_Agaricales_Schizophyllaceae_Schizophyllum_commune\472d45ac-f936-4bb7-9af2-75b7ef96e2a1.jpg,264,468,468 274 246 74 91,0.1397772580385208
data\raw\val\05574_Fungi_Basidiomycota_Agaricomycetes_Agaricales_Schizophyllaceae_Schizophyllum_commune\c451cf57-a03e-4896-8abf-6c1176d4c903.jpg,264,468,468 424 312 366 246,0.1565832942724228
data\raw\val\05574_Fungi_Basidiomycota_Agaricomycetes_Agaricales_Schizophyllaceae_Schizophyllum_commune\f7ea0da9-ac7b-4b8b-8633-46e022afbaf1.jpg,264,240,240 274 249 246 234,0.37851840257644653
data\raw\val\05574_Fungi_Basidiomycota_Agaricomycetes_Agaricales_Schizophyllaceae_Schizophyllum_commune\20c1b31c-a7e2-4ceb-83cf-a8fbe5f22f03.jpg,264,262,262 315 372 257 379,0.3227432072162628
data\raw\val\05574_Fungi_Basidiomycota_Agaricomycetes_Agaricales_Schizophyllaceae_Schizophyllum_commune\791ec3b7-6da3-4217-9960-7e73dff8aa7b.jpg,264,357,357 264 272 488 270,0.15758131444454193
data\raw\val\05574_Fungi_Basidiomycota_Agaricomycetes_Agaricales_Schizophyllaceae_Schizophyllum_commune\0661a869-0010-4463-84f9-4b85a8effa30.jpg,264,246,246 54 136 52 62,0.21776489913463593
data\raw\val\05574_Fungi_Basidiomycota_Agaricomycetes_Agaricales_Schizophyllaceae_Schizophyllum_commune\ba7062c9-afa4-4ab4-a977-c3d82857e91e.jpg,264,264,264 489 270 488 191,0.38819295167922974
data\raw\val\05576_Fungi_Basidiomycota_Agaricomycetes_Agaricales_Strophariaceae_Agrocybe_praecox\6d6a360e-d854-46c5-8cc1-13a9ee36d0a9.jpg,265,246,246 351 240 274 350,0.5830814838409424
data\raw\val\05576_Fungi_Basidiomycota_Agaricomycetes_Agaricales_Strophariaceae_Agrocybe_praecox\6a93bca1-66be-4bad-99ef-3e783310c285.jpg,265,249,249 248 351 266 246,0.04540780186653137
data\raw\val\05576_Fungi_Basidiomycota_Agaricomycetes_Agaricales_Strophariaceae_Agrocybe_praecox\97ec8b55-9089-487c-b205-b79132d8dd6c.jpg,265,246,246 248 249 274 230,0.26349154114723206
data\raw\val\05576_Fungi_Basidiomycota_Agaricomycetes_Agaricales_Strophariaceae_Agrocybe_praecox\0aee7454-db33-4a51-9c86-9a0b6186930c.jpg,265,62,62 246 58 98 249,0.17109552025794983
data\raw\val\05576_Fungi_Basidiomycota_Agaricomycetes_Agaricales_Strophariaceae_Agrocybe_praecox\5a0a168d-0c25-4d3a-b043-73166da96512.jpg,265,268,268 262 274 350 248,0.7262287139892578
data\raw\val\05576_Fungi_Basidiomycota_Agaricomycetes_Agaricales_Strophariaceae_Agrocybe_praecox\1f7aac1d-9c72-4d6e-9280-bf8812c51a3a.jpg,265,438,438 345 344 451 302,0.1566784530878067
data\raw\val\05576_Fungi_Basidiomycota_Agaricomycetes_Agaricales_Strophariaceae_Agrocybe_praecox\c7d20a21-a5b2-4d31-9511-f768fdbb2795.jpg,265,249,249 145 129 230 246,0.4908064007759094
data\raw\val\05576_Fungi_Basidiomycota_Agaricomycetes_Agaricales_Strophariaceae_Agrocybe_praecox\d85b70c6-d891-49b5-9f05-b147b18c6c41.jpg,265,255,255 268 246 262 257,0.04155159741640091
data\raw\val\05576_Fungi_Basidiomycota_Agaricomycetes_Agaricales_Strophariaceae_Agrocybe_praecox\d46f8f16-f856-4c8a-ad26-5f7d6aeea723.jpg,265,246,246 274 492 442 486,0.1763731837272644
data\raw\val\05576_Fungi_Basidiomycota_Agaricomycetes_Agaricales_Strophariaceae_Agrocybe_praecox\07952186-e53d-434d-aa06-68b3cd96d443.jpg,265,268,268 62 123 28 271,0.4628380239009857
data\raw\val\05580_Fungi_Basidiomycota_Agaricomycetes_Agaricales_Strophariaceae_Hypholoma_lateritium\8256b7f2-fd4b-4dec-8b8c-e94820336319.jpg,266,257,257 246 366 480 344,0.0799071341753006
data\raw\val\05580_Fungi_Basidiomycota_Agaricomycetes_Agaricales_Strophariaceae_Hypholoma_lateritium\975785cd-64b3-4f4e-bca4-0eb1e72e18b8.jpg,266,249,249 274 246 351 268,0.5950751900672913
data\raw\val\05580_Fungi_Basidiomycota_Agaricomycetes_Agaricales_Strophariaceae_Hypholoma_lateritium\8abea79e-3aa1-4118-94cf-cef65815740a.jpg,266,274,274 249 246 245 123,0.31215211749076843
data\raw\val\05580_Fungi_Basidiomycota_Agaricomycetes_Agaricales_Strophariaceae_Hypholoma_lateritium\ca2a9f23-7e1b-4a26-a024-0def1cdd25f7.jpg,266,246,246 123 255 351 257,0.20407287776470184
data\raw\val\05580_Fungi_Basidiomycota_Agaricomycetes_Agaricales_Strophariaceae_Hypholoma_lateritium\19336ddb-c1af-4f14-b179-3dc8c8e02456.jpg,266,268,268 262 274 272 354,0.23351700603961945
data\raw\val\05580_Fungi_Basidiomycota_Agaricomycetes_Agaricales_Strophariaceae_Hypholoma_lateritium\d8bd6f65-21b0-4a91-a32a-c02219584413.jpg,266,266,266 271 399 270 249,0.052525389939546585
data\raw\val\05580_Fungi_Basidiomycota_Agaricomycetes_Agaricales_Strophariaceae_Hypholoma_lateritium\4609bea8-420c-4daa-af01-a7d09fa5cbb6.jpg,266,246,246 123 62 259 245,0.1432730108499527
data\raw\val\05580_Fungi_Basidiomycota_Agaricomycetes_Agaricales_Strophariaceae_Hypholoma_lateritium\0d2ee657-711a-4c2c-bc15-511cc9f06b04.jpg,266,266,266 262 257 271 274,0.02883109822869301
data\raw\val\05580_Fungi_Basidiomycota_Agaricomycetes_Agaricales_Strophariaceae_Hypholoma_lateritium\bbc5ecc2-5a64-4ef2-82f1-dd4b5cfa8f99.jpg,266,271,271 249 56 75 263,0.07177083939313889
data\raw\val\05580_Fungi_Basidiomycota_Agaricomycetes_Agaricales_Strophariaceae_Hypholoma_lateritium\59d6c4be-47c5-4f00-bf81-c3cba4b03345.jpg,266,246,246 123 351 257 230,0.28226587176322937
data\raw\val\05601_Fungi_Basidiomycota_Agaricomycetes_Boletales_Boletaceae_Imleria_badia\ecf23a37-dcf8-4155-b951-886cefe306be.jpg,267,274,274 398 267 268 58,0.3291807770729065
data\raw\val\05601_Fungi_Basidiomycota_Agaricomycetes_Boletales_Boletaceae_Imleria_badia\f9ceeb95-ef95-4221-a9b6-066d840c2851.jpg,267,246,246 274 136 52 73,0.4724387228488922
data\raw\val\05601_Fungi_Basidiomycota_Agaricomycetes_Boletales_Boletaceae_Imleria_badia\522a5032-54a0-494e-923c-2091e31ab848.jpg,267,58,58 53 62 246 267,0.3825386166572571
data\raw\val\05601_Fungi_Basidiomycota_Agaricomycetes_Boletales_Boletaceae_Imleria_badia\6f56a3f8-c9d1-492c-8b4c-dcce1810c4a8.jpg,267,268,268 271 478 41 267,0.4354918301105499
data\raw\val\05601_Fungi_Basidiomycota_Agaricomycetes_Boletales_Boletaceae_Imleria_badia\e8d0cceb-a280-448b-b427-18b8f50e4545.jpg,267,274,274 248 246 135 249,0.07899058610200882
data\raw\val\05601_Fungi_Basidiomycota_Agaricomycetes_Boletales_Boletaceae_Imleria_badia\5948fbbc-4ce7-45b8-98bf-c51e01534d67.jpg,267,274,274 350 246 242 442,0.7100672721862793
data\raw\val\05601_Fungi_Basidiomycota_Agaricomycetes_Boletales_Boletaceae_Imleria_badia\15596367-b5b2-4261-ac5e-c9a1c571563a.jpg,267,268,268 274 267 190 28,0.6390159130096436
data\raw\val\05601_Fungi_Basidiomycota_Agaricomycetes_Boletales_Boletaceae_Imleria_badia\086d41d6-658e-4f86-9960-c2f877074127.jpg,267,246,246 249 245 136 135,0.11402478069067001
data\raw\val\05601_Fungi_Basidiomycota_Agaricomycetes_Boletales_Boletaceae_Imleria_badia\dffa3e5b-e649-47bb-b735-c5c1735a6aaa.jpg,267,350,350 268 242 274 442,0.4183124899864197
data\raw\val\05601_Fungi_Basidiomycota_Agaricomycetes_Boletales_Boletaceae_Imleria_badia\be9402f7-f730-4d9f-98be-c64a8d73b302.jpg,267,246,246 492 262 274 9,0.2230103611946106
data\raw\val\05613_Fungi_Basidiomycota_Agaricomycetes_Boletales_Sclerodermataceae_Scleroderma_citrinum\a2c8c7ac-2b8a-476d-aba0-28bd319f76c4.jpg,268,350,350 442 268 242 313,0.3964216411113739
data\raw\val\05613_Fungi_Basidiomycota_Agaricomycetes_Boletales_Sclerodermataceae_Scleroderma_citrinum\8c119389-1b66-47a9-9714-78c2bedc56f8.jpg,268,268,268 248 274 271 267,0.9881122708320618
data\raw\val\05613_Fungi_Basidiomycota_Agaricomycetes_Boletales_Sclerodermataceae_Scleroderma_citrinum\59c8d51a-21ce-42e5-8faa-c208a99a121a.jpg,268,268,268 262 274 248 478,0.8645802736282349
data\raw\val\05613_Fungi_Basidiomycota_Agaricomycetes_Boletales_Sclerodermataceae_Scleroderma_citrinum\a4c7bdd6-364c-4658-825e-41ef6261539b.jpg,268,257,257 438 313 366 315,0.15101628005504608
data\raw\val\05613_Fungi_Basidiomycota_Agaricomycetes_Boletales_Sclerodermataceae_Scleroderma_citrinum\b35f2290-d150-4d07-8474-a2edab5309c6.jpg,268,268,268 274 350 242 262,0.7576085925102234
data\raw\val\05613_Fungi_Basidiomycota_Agaricomycetes_Boletales_Sclerodermataceae_Scleroderma_citrinum\7c4f2ea9-81f4-4932-b886-d116b88294c9.jpg,268,268,268 350 274 262 248,0.9064215421676636
data\raw\val\05613_Fungi_Basidiomycota_Agaricomycetes_Boletales_Sclerodermataceae_Scleroderma_citrinum\c7a88270-41db-4f00-873c-928bd453133b.jpg,268,268,268 242 350 123 255,0.4388335943222046
data\raw\val\05613_Fungi_Basidiomycota_Agaricomycetes_Boletales_Sclerodermataceae_Scleroderma_citrinum\3bc303c6-3a9b-432e-bb2b-b56723e60100.jpg,268,344,344 438 345 313 350,0.11759088188409805
data\raw\val\05613_Fungi_Basidiomycota_Agaricomycetes_Boletales_Sclerodermataceae_Scleroderma_citrinum\4f5ac7b9-bff4-45e9-b3ea-fff98d23dc07.jpg,268,268,268 350 438 344 313,0.7415814399719238
data\raw\val\05613_Fungi_Basidiomycota_Agaricomycetes_Boletales_Sclerodermataceae_Scleroderma_citrinum\9b11ff96-57cf-467a-b22a-bd0c7a299ae0.jpg,268,350,350 268 262 274 246,0.24809576570987701
data\raw\val\05635_Fungi_Basidiomycota_Agaricomycetes_Hymenochaetales_Hymenochaetaceae_Inonotus_obliquus\3d036ed2-63fd-479a-952f-afae1187120c.jpg,269,74,74 73 246 274 259,0.29189279675483704
data\raw\val\05635_Fungi_Basidiomycota_Agaricomycetes_Hymenochaetales_Hymenochaetaceae_Inonotus_obliquus\62c56adf-a4d3-4b6a-8da8-c3a60cea2810.jpg,269,366,366 74 73 365 274,0.14794209599494934
data\raw\val\05635_Fungi_Basidiomycota_Agaricomycetes_Hymenochaetales_Hymenochaetaceae_Inonotus_obliquus\77621cc0-2d91-47a0-8415-872b46037f60.jpg,269,313,313 451 394 86 74,0.11823369562625885
data\raw\val\05635_Fungi_Basidiomycota_Agaricomycetes_Hymenochaetales_Hymenochaetaceae_Inonotus_obliquus\3803ad82-9fe5-4d2c-9a0d-1d12a7729171.jpg,269,394,394 356 366 468 489,0.05855415761470795
data\raw\val\05635_Fungi_Basidiomycota_Agaricomycetes_Hymenochaetales_Hymenochaetaceae_Inonotus_obliquus\7a4d7f0e-9b7a-4b85-8536-6a76c0761201.jpg,269,490,490 489 487 74 365,0.12325489521026611
data\raw\val\05635_Fungi_Basidiomycota_Agaricomycetes_Hymenochaetales_Hymenochaetaceae_Inonotus_obliquus\007ee79f-9181-40cd-a600-c3fe80848577.jpg,269,438,438 344 345 468 350,0.15531545877456665
data\raw\val\05635_Fungi_Basidiomycota_Agaricomycetes_Hymenochaetales_Hymenochaetaceae_Inonotus_obliquus\ee2f6ea2-01ae-4202-8501-081ee4f33861.jpg,269,274,274 74 269 73 256,0.41711896657943726
data\raw\val\05635_Fungi_Basidiomycota_Agaricomycetes_Hymenochaetales_Hymenochaetaceae_Inonotus_obliquus\d0703bb3-1847-4d6c-8c0d-ef81496c274b.jpg,269,438,438 471 468 313 356,0.18770328164100647
data\raw\val\05635_Fungi_Basidiomycota_Agaricomycetes_Hymenochaetales_Hymenochaetaceae_Inonotus_obliquus\cda4ab3f-b015-430a-aaf5-5c71913e368d.jpg,269,366,366 468 487 257 370,0.10560338944196701
data\raw\val\05635_Fungi_Basidiomycota_Agaricomycetes_Hymenochaetales_Hymenochaetaceae_Inonotus_obliquus\1c955ae3-2808-409b-8646-d621a0535d13.jpg,269,438,438 468 366 313 257,0.20599128305912018
data\raw\val\05672_Fungi_Basidiomycota_Agaricomycetes_Polyporales_Phanerochaetaceae_Climacodon_septentrionalis\7a826dc1-06be-42cd-828b-a380f62b3a08.jpg,270,246,246 270 272 249 264,0.11755342781543732
data\raw\val\05672_Fungi_Basidiomycota_Agaricomycetes_Polyporales_Phanerochaetaceae_Climacodon_septentrionalis\eae3c544-6709-47a3-a465-e4ef60766008.jpg,270,270,270 488 278 269 395,0.2523771822452545
data\raw\val\05672_Fungi_Basidiomycota_Agaricomycetes_Polyporales_Phanerochaetaceae_Climacodon_septentrionalis\f518f425-08bf-4cd4-a9d5-e0cf1d43a693.jpg,270,52,52 246 73 398 492,0.13279104232788086
data\raw\val\05672_Fungi_Basidiomycota_Agaricomycetes_Polyporales_Phanerochaetaceae_Climacodon_septentrionalis\0f4b7d0c-03c2-4bad-8fe0-ac8d4a11d1da.jpg,270,57,57 98 73 78 62,0.45030540227890015
data\raw\val\05672_Fungi_Basidiomycota_Agaricomycetes_Polyporales_Phanerochaetaceae_Climacodon_septentrionalis\05a08bcf-0a30-4c84-a48c-e1bb97ec44ba.jpg,270,488,488 270 489 400 360,0.2659977674484253
data\raw\val\05672_Fungi_Basidiomycota_Agaricomycetes_Polyporales_Phanerochaetaceae_Climacodon_septentrionalis\b390f0ad-beb9-4aad-9cf4-98debac9c57d.jpg,270,249,249 270 130 398 62,0.49264612793922424
data\raw\val\05672_Fungi_Basidiomycota_Agaricomycetes_Polyporales_Phanerochaetaceae_Climacodon_septentrionalis\9ee76464-2afd-403c-bfb6-1feecf957690.jpg,270,242,242 240 302 52 442,0.39398646354675293
data\raw\val\05672_Fungi_Basidiomycota_Agaricomycetes_Polyporales_Phanerochaetaceae_Climacodon_septentrionalis\cceee027-df1d-46ea-a0f2-3b79ab681afb.jpg,270,451,451 467 489 440 400,0.10866808146238327
data\raw\val\05672_Fungi_Basidiomycota_Agaricomycetes_Polyporales_Phanerochaetaceae_Climacodon_septentrionalis\49fde859-f5ef-4dfd-baf2-2cbd199541a0.jpg,270,270,270 488 489 269 264,0.9299315214157104
data\raw\val\05672_Fungi_Basidiomycota_Agaricomycetes_Polyporales_Phanerochaetaceae_Climacodon_septentrionalis\dc0c0e8f-1add-4614-a164-691846b6306e.jpg,270,270,270 365 488 489 493,0.13205106556415558
data\raw\val\05684_Fungi_Basidiomycota_Agaricomycetes_Polyporales_Polyporaceae_Lentinus_arcularius\56d51577-ee64-4e91-9880-46f3c377296f.jpg,271,246,246 98 73 274 49,0.07856068015098572
data\raw\val\05684_Fungi_Basidiomycota_Agaricomycetes_Polyporales_Polyporaceae_Lentinus_arcularius\451637d0-3217-444c-8324-d7f0c099ad14.jpg,271,274,274 246 73 49 98,0.30324816703796387
data\raw\val\05684_Fungi_Basidiomycota_Agaricomycetes_Polyporales_Polyporaceae_Lentinus_arcularius\ff3fdc34-b1dd-4f55-b693-0423eb1262e2.jpg,271,268,268 274 248 123 249,0.37121859192848206
data\raw\val\05684_Fungi_Basidiomycota_Agaricomycetes_Polyporales_Polyporaceae_Lentinus_arcularius\828c83eb-8f47-4a90-8c80-7712d02f953e.jpg,271,246,246 123 245 49 249,0.14641369879245758
data\raw\val\05684_Fungi_Basidiomycota_Agaricomycetes_Polyporales_Polyporaceae_Lentinus_arcularius\6b955bf6-60d1-4315-ae91-99a295599d73.jpg,271,262,262 478 268 123 351,0.23113612830638885
data\raw\val\05684_Fungi_Basidiomycota_Agaricomycetes_Polyporales_Polyporaceae_Lentinus_arcularius\98cb7731-21e7-4697-a87a-f20c1344ffb1.jpg,271,350,350 246 249 136 245,0.07252892106771469
data\raw\val\05684_Fungi_Basidiomycota_Agaricomycetes_Polyporales_Polyporaceae_Lentinus_arcularius\ccaa8a9b-3686-4603-ab15-d659b085522c.jpg,271,246,246 451 91 312 476,0.146914541721344
data\raw\val\05684_Fungi_Basidiomycota_Agaricomycetes_Polyporales_Polyporaceae_Lentinus_arcularius\8d5a5519-2e52-47ae-a64e-be304f5d56a3.jpg,271,62,62 268 123 58 248,0.10427132248878479
data\raw\val\05684_Fungi_Basidiomycota_Agaricomycetes_Polyporales_Polyporaceae_Lentinus_arcularius\5ba47348-6413-46b9-ab6b-9287105b9875.jpg,271,246,246 55 123 350 83,0.11292143166065216
data\raw\val\05684_Fungi_Basidiomycota_Agaricomycetes_Polyporales_Polyporaceae_Lentinus_arcularius\91262cda-104f-417a-940d-b4672d2a5624.jpg,271,315,315 370 468 257 366,0.35103902220726013
data\raw\val\05696_Fungi_Basidiomycota_Agaricomycetes_Polyporales_Sparassidaceae_Sparassis_spathulata\e4fb26df-8d91-44cd-8718-86a771146c5a.jpg,272,344,344 272 275 495 379,0.5939380526542664
data\raw\val\05696_Fungi_Basidiomycota_Agaricomycetes_Polyporales_Sparassidaceae_Sparassis_spathulata\6f9183aa-469d-4e82-9163-316e08b17688.jpg,272,315,315 257 471 357 468,0.2604423761367798
data\raw\val\05696_Fungi_Basidiomycota_Agaricomycetes_Polyporales_Sparassidaceae_Sparassis_spathulata\7312a3cc-0409-4fa6-8a5b-e0ec7ece5a56.jpg,272,357,357 28 478 82 460,0.06928350776433945
data\raw\val\05696_Fungi_Basidiomycota_Agaricomycetes_Polyporales_Sparassidaceae_Sparassis_spathulata\1f90e609-b3ec-4a84-a387-0de046c21cb8.jpg,272,344,344 272 268 262 350,0.27297863364219666
data\raw\val\05696_Fungi_Basidiomycota_Agaricomycetes_Polyporales_Sparassidaceae_Sparassis_spathulata\1121c3e7-9b03-49c5-8e61-f4be6507e888.jpg,272,262,262 240 243 268 139,0.18671776354312897
data\raw\val\05696_Fungi_Basidiomycota_Agaricomycetes_Polyporales_Sparassidaceae_Sparassis_spathulata\95e612fd-bd39-4b46-9d5c-a7343a9cf968.jpg,272,344,344 272 489 275 283,0.5892816781997681
data\raw\val\05696_Fungi_Basidiomycota_Agaricomycetes_Polyporales_Sparassidaceae_Sparassis_spathulata\fc445ad4-c8a9-4b69-b6a6-4c4769b62ee7.jpg,272,262,262 272 249 248 357,0.10958899557590485
data\raw\val\05696_Fungi_Basidiomycota_Agaricomycetes_Polyporales_Sparassidaceae_Sparassis_spathulata\a0e09314-c3fd-457d-a67f-5ba90d7148ea.jpg,272,249,249 344 246 272 123,0.3828730285167694
data\raw\val\05696_Fungi_Basidiomycota_Agaricomycetes_Polyporales_Sparassidaceae_Sparassis_spathulata\70743ff9-6b2a-4679-8afe-5ca2f86f0d4e.jpg,272,272,272 268 276 274 344,0.7873786687850952
data\raw\val\05696_Fungi_Basidiomycota_Agaricomycetes_Polyporales_Sparassidaceae_Sparassis_spathulata\48f62fe3-3511-4117-a93b-29f0e953e13c.jpg,272,468,468 313 471 460 451,0.2764522433280945
data\raw\val\05746_Plantae_Bryophyta_Bryopsida_Hypnales_Hylocomiaceae_Pleurozium_schreberi\2a12339c-82e7-4969-824a-c19bf313e629.jpg,273,354,354 353 451 344 123,0.1827363818883896
data\raw\val\05746_Plantae_Bryophyta_Bryopsida_Hypnales_Hylocomiaceae_Pleurozium_schreberi\6e38ea49-9951-41e7-8da3-e1b3162379c9.jpg,273,438,438 437 468 313 354,0.4446370005607605
data\raw\val\05746_Plantae_Bryophyta_Bryopsida_Hypnales_Hylocomiaceae_Pleurozium_schreberi\853624bb-4425-424f-afe6-83bdbe4ed4f8.jpg,273,275,275 273 487 496 486,0.6924000382423401
data\raw\val\05746_Plantae_Bryophyta_Bryopsida_Hypnales_Hylocomiaceae_Pleurozium_schreberi\7dc5bb9c-5562-4e4e-a48e-6744c5be9de1.jpg,273,353,353 354 348 123 62,0.12224475294351578
data\raw\val\05746_Plantae_Bryophyta_Bryopsida_Hypnales_Hylocomiaceae_Pleurozium_schreberi\7c0b4ebd-ca6e-48f7-b568-5f01b7414a10.jpg,273,273,273 275 353 308 394,0.960921585559845
data\raw\val\05746_Plantae_Bryophyta_Bryopsida_Hypnales_Hylocomiaceae_Pleurozium_schreberi\af9cc9ef-1bb2-4d0f-8515-d8728e102174.jpg,273,273,273 275 487 442 496,0.8263489603996277
data\raw\val\05746_Plantae_Bryophyta_Bryopsida_Hypnales_Hylocomiaceae_Pleurozium_schreberi\cbe5a36c-cf62-4509-8f58-ee8b5401bc4c.jpg,273,273,273 275 487 366 442,0.8961486220359802
data\raw\val\05746_Plantae_Bryophyta_Bryopsida_Hypnales_Hylocomiaceae_Pleurozium_schreberi\9b11fca7-09e0-4248-8672-90cdb3b8d8cf.jpg,273,275,275 487 492 442 257,0.5723164081573486
data\raw\val\05746_Plantae_Bryophyta_Bryopsida_Hypnales_Hylocomiaceae_Pleurozium_schreberi\31123d96-e7ae-44bf-aede-739c2a6ce75a.jpg,273,273,273 275 353 487 347,0.8716626167297363
data\raw\val\05746_Plantae_Bryophyta_Bryopsida_Hypnales_Hylocomiaceae_Pleurozium_schreberi\2c451f4f-408d-44d7-b63a-2c830dcfab30.jpg,273,353,353 354 361 273 28,0.25571587681770325
data\raw\val\05765_Plantae_Chlorophyta_Ulvophyceae_Cladophorales_Cladophoraceae_Cladophora_columbiana\b90cce06-b4b1-4607-8d34-a1443e0ba91f.jpg,274,274,274 268 246 329 313,0.8187465667724609
data\raw\val\05765_Plantae_Chlorophyta_Ulvophyceae_Cladophorales_Cladophoraceae_Cladophora_columbiana\f8b15262-9ab5-48fd-a2d4-0394074af07c.jpg,274,274,274 366 246 365 487,0.42480069398880005
data\raw\val\05765_Plantae_Chlorophyta_Ulvophyceae_Cladophorales_Cladophoraceae_Cladophora_columbiana\5b743bad-f121-4449-bfa1-87d60779265c.jpg,274,438,438 329 257 406 323,0.146732360124588
data\raw\val\05765_Plantae_Chlorophyta_Ulvophyceae_Cladophorales_Cladophoraceae_Cladophora_columbiana\cd391c9b-f219-487a-9fac-75d7bf549ed7.jpg,274,366,366 451 274 487 313,0.24343305826187134
data\raw\val\05765_Plantae_Chlorophyta_Ulvophyceae_Cladophorales_Cladophoraceae_Cladophora_columbiana\08b721eb-2d7d-4dbc-be0d-7d8fdf1a54f1.jpg,274,274,274 350 242 442 312,0.8110292553901672
data\raw\val\05765_Plantae_Chlorophyta_Ulvophyceae_Cladophorales_Cladophoraceae_Cladophora_columbiana\ebda73a7-5165-4ced-b993-1f3a5ab9563c.jpg,274,313,313 451 468 442 487,0.7510467767715454
data\raw\val\05765_Plantae_Chlorophyta_Ulvophyceae_Cladophorales_Cladophoraceae_Cladophora_columbiana\1433202a-0793-481d-80b6-8179a47dbac6.jpg,274,366,366 487 274 370 315,0.49443215131759644
data\raw\val\05765_Plantae_Chlorophyta_Ulvophyceae_Cladophorales_Cladophoraceae_Cladophora_columbiana\56a8551d-57c0-4c13-b208-e5acc824f888.jpg,274,315,315 468 257 313 366,0.3079608976840973
data\raw\val\05765_Plantae_Chlorophyta_Ulvophyceae_Cladophorales_Cladophoraceae_Cladophora_columbiana\ac0fabb7-cb1f-4d2b-9edf-d2a56309d66f.jpg,274,274,274 366 315 344 246,0.682112991809845
data\raw\val\05765_Plantae_Chlorophyta_Ulvophyceae_Cladophorales_Cladophoraceae_Cladophora_columbiana\ed1cc867-61ba-4435-971c-8f140f26a01d.jpg,274,312,312 313 311 406 344,0.090426504611969
data\raw\val\05768_Plantae_Marchantiophyta_Jungermanniopsida_Jungermanniales_Lepidoziaceae_Bazzania_trilobata\0662d38a-e6d4-4ae0-801a-5802fd696693.jpg,275,315,315 370 328 329 471,0.39697667956352234
data\raw\val\05768_Plantae_Marchantiophyta_Jungermanniopsida_Jungermanniales_Lepidoziaceae_Bazzania_trilobata\d0216f1b-4763-458b-8322-914ae41790b4.jpg,275,275,275 273 366 487 492,0.9126259088516235
data\raw\val\05768_Plantae_Marchantiophyta_Jungermanniopsida_Jungermanniales_Lepidoziaceae_Bazzania_trilobata\f007e889-efdf-4e3e-a7a7-0ff05a496bf2.jpg,275,275,275 136 135 274 246,0.49236640334129333
data\raw\val\05768_Plantae_Marchantiophyta_Jungermanniopsida_Jungermanniales_Lepidoziaceae_Bazzania_trilobata\d4c5550a-f5c0-450e-a522-9c39ad68cce1.jpg,275,275,275 366 489 344 273,0.9399567246437073
data\raw\val\05768_Plantae_Marchantiophyta_Jungermanniopsida_Jungermanniales_Lepidoziaceae_Bazzania_trilobata\bc0a44be-624c-45d3-9db8-b6a1dbb014d1.jpg,275,275,275 492 274 246 312,0.9563165307044983
data\raw\val\05768_Plantae_Marchantiophyta_Jungermanniopsida_Jungermanniales_Lepidoziaceae_Bazzania_trilobata\d8878011-0373-406f-8ce7-61550d337f33.jpg,275,315,315 274 246 370 366,0.27373185753822327
data\raw\val\05768_Plantae_Marchantiophyta_Jungermanniopsida_Jungermanniales_Lepidoziaceae_Bazzania_trilobata\44c6e322-1a29-4818-bbe3-ad310398b8d4.jpg,275,275,275 366 273 438 499,0.5468322038650513
data\raw\val\05768_Plantae_Marchantiophyta_Jungermanniopsida_Jungermanniales_Lepidoziaceae_Bazzania_trilobata\c323c61b-1e21-4fab-ba20-ce4d9eafac59.jpg,275,275,275 366 489 451 273,0.3934289216995239
data\raw\val\05768_Plantae_Marchantiophyta_Jungermanniopsida_Jungermanniales_Lepidoziaceae_Bazzania_trilobata\6bce181c-7acd-40a3-aca8-6cac0c982a33.jpg,275,273,273 275 257 487 344,0.30205705761909485
data\raw\val\05768_Plantae_Marchantiophyta_Jungermanniopsida_Jungermanniales_Lepidoziaceae_Bazzania_trilobata\0d86c764-8158-438e-851f-92f34289bef8.jpg,275,275,275 366 487 273 492,0.938144326210022
data\raw\val\05779_Plantae_Rhodophyta_Florideophyceae_Gigartinales_Gigartinaceae_Chondrus_crispus\84089d6f-3e14-4093-a7b4-5ebcb2990459.jpg,276,249,249 274 246 131 136,0.48822903633117676
data\raw\val\05779_Plantae_Rhodophyta_Florideophyceae_Gigartinales_Gigartinaceae_Chondrus_crispus\bc61dbf5-1315-42a5-9a9f-e4eaf837be25.jpg,276,344,344 438 356 406 468,0.16340301930904388
data\raw\val\05779_Plantae_Rhodophyta_Florideophyceae_Gigartinales_Gigartinaceae_Chondrus_crispus\5b34993e-9172-47c3-bddf-dfdf8eb52297.jpg,276,246,246 257 275 255 354,0.056726954877376556
data\raw\val\05779_Plantae_Rhodophyta_Florideophyceae_Gigartinales_Gigartinaceae_Chondrus_crispus\29b77be4-963c-45f8-bba6-a65e91273acc.jpg,276,257,257 274 344 249 246,0.07571231573820114
data\raw\val\05779_Plantae_Rhodophyta_Florideophyceae_Gigartinales_Gigartinaceae_Chondrus_crispus\624487e3-0ae3-4133-8497-ff48d4c0073f.jpg,276,246,246 354 476 278 274,0.2465568631887436
data\raw\val\05779_Plantae_Rhodophyta_Florideophyceae_Gigartinales_Gigartinaceae_Chondrus_crispus\5f99d365-88be-4ffd-b34f-490444bbf930.jpg,276,249,249 274 344 246 132,0.250098317861557
data\raw\val\05779_Plantae_Rhodophyta_Florideophyceae_Gigartinales_Gigartinaceae_Chondrus_crispus\c2a0cde0-8f28-4cfc-8636-6d2c0ecafbbd.jpg,276,246,246 344 230 274 350,0.26150840520858765
data\raw\val\05779_Plantae_Rhodophyta_Florideophyceae_Gigartinales_Gigartinaceae_Chondrus_crispus\48341187-d205-4144-bc93-8b7f950c4390.jpg,276,313,313 406 451 311 356,0.2999589443206787
data\raw\val\05779_Plantae_Rhodophyta_Florideophyceae_Gigartinales_Gigartinaceae_Chondrus_crispus\f53a7539-fb55-44ac-90e0-c05cc12185e0.jpg,276,14,14 438 344 311 460,0.10842754691839218
data\raw\val\05779_Plantae_Rhodophyta_Florideophyceae_Gigartinales_Gigartinaceae_Chondrus_crispus\ca23f96b-5613-47ba-bb7c-f8f2482076dd.jpg,276,257,257 329 438 370 468,0.43219730257987976
data\raw\val\05820_Plantae_Tracheophyta_Liliopsida_Alismatales_Tofieldiaceae_Triantha_glutinosa\fcf4314e-a2d5-40a6-a8a0-ae7e9d6914b3.jpg,277,366,366 315 324 330 365,0.02161414921283722
data\raw\val\05820_Plantae_Tracheophyta_Liliopsida_Alismatales_Tofieldiaceae_Triantha_glutinosa\20c8c76c-722d-4aff-8b94-2d4061d0b785.jpg,277,354,354 353 451 249 480,0.20947717130184174
data\raw\val\05820_Plantae_Tracheophyta_Liliopsida_Alismatales_Tofieldiaceae_Triantha_glutinosa\1b6a7770-f53f-441f-994d-6a08063f6d93.jpg,277,350,350 52 74 246 73,0.18497399985790253
data\raw\val\05820_Plantae_Tracheophyta_Liliopsida_Alismatales_Tofieldiaceae_Triantha_glutinosa\b2a9f058-5795-48cf-a8dc-66461893ab24.jpg,277,274,274 131 380 325 248,0.093112051486969
data\raw\val\05820_Plantae_Tracheophyta_Liliopsida_Alismatales_Tofieldiaceae_Triantha_glutinosa\85fb03aa-fcbb-485f-b661-ef8149fe5cc9.jpg,277,365,365 418 370 315 372,0.09106045216321945
data\raw\val\05820_Plantae_Tracheophyta_Liliopsida_Alismatales_Tofieldiaceae_Triantha_glutinosa\93f65405-ab5b-4297-884b-bf100f35cbd9.jpg,277,319,319 402 331 380 404,0.09354861825704575
data\raw\val\05820_Plantae_Tracheophyta_Liliopsida_Alismatales_Tofieldiaceae_Triantha_glutinosa\e93e42f0-37bc-4332-8e53-6057656e38f2.jpg,277,365,365 432 427 428 73,0.047168608754873276
data\raw\val\05820_Plantae_Tracheophyta_Liliopsida_Alismatales_Tofieldiaceae_Triantha_glutinosa\24ddb4ac-9afb-4658-b93f-24f300032ccc.jpg,277,365,365 338 427 414 418,0.10632415115833282
data\raw\val\05820_Plantae_Tracheophyta_Liliopsida_Alismatales_Tofieldiaceae_Triantha_glutinosa\aa2cb352-cf92-4caa-b17c-08405cb21fb6.jpg,277,379,379 316 359 381 344,0.07953264564275742
data\raw\val\05820_Plantae_Tracheophyta_Liliopsida_Alismatales_Tofieldiaceae_Triantha_glutinosa\c044e99e-28ff-44ee-a723-8f49e726beae.jpg,277,350,350 347 354 491 355,0.05772311985492706
data\raw\val\05826_Plantae_Tracheophyta_Liliopsida_Arecales_Arecaceae_Phoenix_dactylifera\6b4a6f72-8ccb-475c-9f37-6aa2015b6d7a.jpg,278,278,278 413 476 479 396,0.13814012706279755
data\raw\val\05826_Plantae_Tracheophyta_Liliopsida_Arecales_Arecaceae_Phoenix_dactylifera\f762ee52-c877-436a-b85f-397bcb7a15dd.jpg,278,278,278 355 284 300 486,0.7296590209007263
data\raw\val\05826_Plantae_Tracheophyta_Liliopsida_Arecales_Arecaceae_Phoenix_dactylifera\31958e61-bcc2-4d26-a005-2de968440ac7.jpg,278,355,355 305 302 278 300,0.19091473519802094
data\raw\val\05826_Plantae_Tracheophyta_Liliopsida_Arecales_Arecaceae_Phoenix_dactylifera\2e8e47ed-fff4-43c9-97a9-47ba59e2ccb7.jpg,278,278,278 188 284 355 192,0.881575345993042
data\raw\val\05826_Plantae_Tracheophyta_Liliopsida_Arecales_Arecaceae_Phoenix_dactylifera\81d3db2f-5654-478f-8899-5c622a743aef.jpg,278,354,354 353 344 495 347,0.2032657265663147
data\raw\val\05826_Plantae_Tracheophyta_Liliopsida_Arecales_Arecaceae_Phoenix_dactylifera\85f6877d-2f26-4933-bc79-49cd47a3a43e.jpg,278,278,278 347 495 479 309,0.21142379939556122
data\raw\val\05826_Plantae_Tracheophyta_Liliopsida_Arecales_Arecaceae_Phoenix_dactylifera\6dd624e0-70a1-4a9d-9454-e525d7b34e85.jpg,278,442,442 350 302 344 242,0.3455727696418762
data\raw\val\05826_Plantae_Tracheophyta_Liliopsida_Arecales_Arecaceae_Phoenix_dactylifera\56dc48b5-6427-4905-b45c-7f7a12a10e5d.jpg,278,278,278 192 355 188 187,0.9109048247337341
data\raw\val\05826_Plantae_Tracheophyta_Liliopsida_Arecales_Arecaceae_Phoenix_dactylifera\afceea7b-cc94-4cb0-ad8b-be018e2bafb1.jpg,278,413,413 362 451 311 460,0.25811508297920227
data\raw\val\05826_Plantae_Tracheophyta_Liliopsida_Arecales_Arecaceae_Phoenix_dactylifera\b24ae3a5-9f6d-4bff-bbe4-485553ca0cfd.jpg,278,278,278 188 300 284 192,0.6971210241317749
data\raw\val\05853_Plantae_Tracheophyta_Liliopsida_Asparagales_Amaryllidaceae_Habranthus_tubispathus\564a3df0-61a8-43a1-8a56-76d00d0cae87.jpg,279,62,62 248 58 144 123,0.07010749727487564
data\raw\val\05853_Plantae_Tracheophyta_Liliopsida_Asparagales_Amaryllidaceae_Habranthus_tubispathus\2b1c6b25-8a5c-48e5-aa12-e6ce7dfd6e93.jpg,279,382,382 386 471 460 327,0.2081899344921112
data\raw\val\05853_Plantae_Tracheophyta_Liliopsida_Asparagales_Amaryllidaceae_Habranthus_tubispathus\77f3fbf6-8360-4c10-8c6d-8ab865f01d64.jpg,279,268,268 271 335 351 380,0.06682749837636948
data\raw\val\05853_Plantae_Tracheophyta_Liliopsida_Asparagales_Amaryllidaceae_Habranthus_tubispathus\f3a404f6-85ac-4ceb-a6fc-e67f3143481e.jpg,279,380,380 471 299 353 388,0.13805124163627625
data\raw\val\05853_Plantae_Tracheophyta_Liliopsida_Asparagales_Amaryllidaceae_Habranthus_tubispathus\2cab2f09-aca0-42d4-a6c0-933933d80070.jpg,279,275,275 70 246 89 344,0.5102165341377258
data\raw\val\05853_Plantae_Tracheophyta_Liliopsida_Asparagales_Amaryllidaceae_Habranthus_tubispathus\51d34197-621f-4d26-ac26-6387498fa6fe.jpg,279,471,471 478 334 335 89,0.2581101059913635
data\raw\val\05853_Plantae_Tracheophyta_Liliopsida_Asparagales_Amaryllidaceae_Habranthus_tubispathus\f76104e5-5532-448c-a7a5-40e5f5cd24e5.jpg,279,268,268 62 58 399 271,0.11888819187879562
data\raw\val\05853_Plantae_Tracheophyta_Liliopsida_Asparagales_Amaryllidaceae_Habranthus_tubispathus\a16ac9b7-3a23-4dae-89cf-d57bdcfa1752.jpg,279,62,62 123 58 249 354,0.10797770321369171
data\raw\val\05853_Plantae_Tracheophyta_Liliopsida_Asparagales_Amaryllidaceae_Habranthus_tubispathus\486bb874-1c9a-4120-afe3-dddbff79d38a.jpg,279,334,334 89 335 480 333,0.3297539949417114
data\raw\val\05853_Plantae_Tracheophyta_Liliopsida_Asparagales_Amaryllidaceae_Habranthus_tubispathus\440a380f-65a3-4a53-8ebd-5a8dfc0f6347.jpg,279,327,327 480 329 471 256,0.10967209190130234
data\raw\val\05875_Plantae_Tracheophyta_Liliopsida_Asparagales_Asparagaceae_Agave_salmiana\2ab6b906-1625-497b-817d-3a8fd70647a9.jpg,280,280,280 428 498 305 302,0.24380509555339813
data\raw\val\05875_Plantae_Tracheophyta_Liliopsida_Asparagales_Asparagaceae_Agave_salmiana\b04b88ca-c652-4c59-8fd2-80701284db19.jpg,280,278,278 246 305 229 223,0.09554752707481384
data\raw\val\05875_Plantae_Tracheophyta_Liliopsida_Asparagales_Asparagaceae_Agave_salmiana\1cbfe6bb-b969-4dc1-b468-50996b318f85.jpg,280,425,425 483 356 0 302,0.07454948127269745
data\raw\val\05875_Plantae_Tracheophyta_Liliopsida_Asparagales_Asparagaceae_Agave_salmiana\bb6185b6-37c2-4565-b63e-9c72745b2a76.jpg,280,493,493 498 496 497 492,0.07402642071247101
data\raw\val\05875_Plantae_Tracheophyta_Liliopsida_Asparagales_Asparagaceae_Agave_salmiana\8c6274b3-5edc-4ee7-a051-667e5a820008.jpg,280,246,246 492 305 345 304,0.04603422060608864
data\raw\val\05875_Plantae_Tracheophyta_Liliopsida_Asparagales_Asparagaceae_Agave_salmiana\a738c1e3-d2e3-4ae5-8ca4-20d66a056198.jpg,280,356,356 483 482 355 431,0.07482032477855682
data\raw\val\05875_Plantae_Tracheophyta_Liliopsida_Asparagales_Asparagaceae_Agave_salmiana\ab8abae6-3167-4ef9-9b34-bae5f17a5bc4.jpg,280,278,278 428 365 486 302,0.32298004627227783
data\raw\val\05875_Plantae_Tracheophyta_Liliopsida_Asparagales_Asparagaceae_Agave_salmiana\cc6bd167-d388-4373-b556-64a7c66d288b.jpg,280,344,344 345 302 451 362,0.19552963972091675
data\raw\val\05875_Plantae_Tracheophyta_Liliopsida_Asparagales_Asparagaceae_Agave_salmiana\15f6a590-2386-4136-bfe0-dee3c2f0d294.jpg,280,468,468 329 366 487 365,0.15011809766292572
data\raw\val\05875_Plantae_Tracheophyta_Liliopsida_Asparagales_Asparagaceae_Agave_salmiana\a117a97d-97e7-4b7c-aa47-01860768243d.jpg,280,305,305 345 302 361 304,0.19902817904949188
data\raw\val\05879_Plantae_Tracheophyta_Liliopsida_Asparagales_Asparagaceae_Asparagus_aethiopicus\ebabe0b7-1e35-4de9-b0ab-14c2593df280.jpg,281,315,315 370 365 473 281,0.0849459245800972
data\raw\val\05879_Plantae_Tracheophyta_Liliopsida_Asparagales_Asparagaceae_Asparagus_aethiopicus\0d5804d2-e5f4-4cf1-9d42-c6baa3fd15d8.jpg,281,491,491 281 302 402 322,0.8400371074676514
data\raw\val\05879_Plantae_Tracheophyta_Liliopsida_Asparagales_Asparagaceae_Asparagus_aethiopicus\0d0d0d7b-7c90-48c3-a9aa-f8a9bdebead1.jpg,281,471,471 394 451 406 382,0.21120049059391022
data\raw\val\05879_Plantae_Tracheophyta_Liliopsida_Asparagales_Asparagaceae_Asparagus_aethiopicus\81007d8b-d912-4dea-888b-9f4701656b0e.jpg,281,353,353 427 354 295 281,0.30505800247192383
data\raw\val\05879_Plantae_Tracheophyta_Liliopsida_Asparagales_Asparagaceae_Asparagus_aethiopicus\f7affdf0-3f57-4929-a2e2-b94a6458d50c.jpg,281,348,348 281 275 258 366,0.4345632791519165
data\raw\val\05879_Plantae_Tracheophyta_Liliopsida_Asparagales_Asparagaceae_Asparagus_aethiopicus\3e04ce8d-b9ae-4628-8d25-545df7da9513.jpg,281,345,345 473 390 281 402,0.13451530039310455
data\raw\val\05879_Plantae_Tracheophyta_Liliopsida_Asparagales_Asparagaceae_Asparagus_aethiopicus\3ce6ed1e-44bd-47db-9572-1d15144fcef7.jpg,281,274,274 275 246 136 135,0.2012719213962555
data\raw\val\05879_Plantae_Tracheophyta_Liliopsida_Asparagales_Asparagaceae_Asparagus_aethiopicus\34b75e2e-41c5-47ad-92ce-74d332e8f2e7.jpg,281,315,315 354 366 344 484,0.20780229568481445
data\raw\val\05879_Plantae_Tracheophyta_Liliopsida_Asparagales_Asparagaceae_Asparagus_aethiopicus\c2dc6154-010f-45de-8427-4fa3fd6ead39.jpg,281,364,364 366 281 273 275,0.2562337815761566
data\raw\val\05879_Plantae_Tracheophyta_Liliopsida_Asparagales_Asparagaceae_Asparagus_aethiopicus\d8886c78-35b1-4e68-bda4-0a1ebd6b2dcd.jpg,281,309,309 491 299 302 466,0.22905924916267395
data\raw\val\05883_Plantae_Tracheophyta_Liliopsida_Asparagales_Asparagaceae_Bloomeria_crocea\b16d43d2-d334-48cb-9eff-3118b7a8a16e.jpg,282,353,353 355 483 391 348,0.11800384521484375
data\raw\val\05883_Plantae_Tracheophyta_Liliopsida_Asparagales_Asparagaceae_Bloomeria_crocea\89f6fc48-0f07-494e-b5ef-ba4d73ba39c6.jpg,282,99,99 58 41 399 62,0.26329532265663147
data\raw\val\05883_Plantae_Tracheophyta_Liliopsida_Asparagales_Asparagaceae_Bloomeria_crocea\a5547ca1-aa90-4a9e-b9cd-b96392c39e84.jpg,282,353,353 282 480 420 285,0.0733489990234375
data\raw\val\05883_Plantae_Tracheophyta_Liliopsida_Asparagales_Asparagaceae_Bloomeria_crocea\1d75f6cc-239e-4adf-8c07-a553ef66437a.jpg,282,428,428 353 480 376 375,0.08642719686031342
data\raw\val\05883_Plantae_Tracheophyta_Liliopsida_Asparagales_Asparagaceae_Bloomeria_crocea\14e5e879-21dc-46c0-bb96-2a306f3e9fc4.jpg,282,350,350 366 315 323 480,0.14187245070934296
data\raw\val\05883_Plantae_Tracheophyta_Liliopsida_Asparagales_Asparagaceae_Bloomeria_crocea\366c6a31-bbee-4914-a686-adc9c67eb6ef.jpg,282,428,428 353 326 395 397,0.09102100878953934
data\raw\val\05883_Plantae_Tracheophyta_Liliopsida_Asparagales_Asparagaceae_Bloomeria_crocea\b393fc35-b5b2-4008-935a-cca9463d5b91.jpg,282,353,353 348 292 483 249,0.044351208955049515
data\raw\val\05883_Plantae_Tracheophyta_Liliopsida_Asparagales_Asparagaceae_Bloomeria_crocea\e34c5334-5a0a-4e07-bc08-b13633a299c6.jpg,282,313,313 282 292 441 399,0.08807935565710068
data\raw\val\05883_Plantae_Tracheophyta_Liliopsida_Asparagales_Asparagaceae_Bloomeria_crocea\460af55f-faa5-47b4-8a24-3f0c14e96a7e.jpg,282,353,353 320 302 326 466,0.06924905627965927
data\raw\val\05883_Plantae_Tracheophyta_Liliopsida_Asparagales_Asparagaceae_Bloomeria_crocea\30bd0d51-e345-41b2-90d6-487cb0026d92.jpg,282,353,353 355 292 458 347,0.10478820651769638
data\raw\val\05917_Plantae_Tracheophyta_Liliopsida_Asparagales_Asparagaceae_Nolina_parryi\1addf462-56e3-4663-bd51-d24861a550a5.jpg,283,344,344 406 345 356 438,0.1822708398103714
data\raw\val\05917_Plantae_Tracheophyta_Liliopsida_Asparagales_Asparagaceae_Nolina_parryi\ffba3913-871a-4834-9ad7-64756401acef.jpg,283,355,355 301 278 353 284,0.30075350403785706
data\raw\val\05917_Plantae_Tracheophyta_Liliopsida_Asparagales_Asparagaceae_Nolina_parryi\0481934b-0936-4115-9b9f-fe29149f7760.jpg,283,487,487 365 283 322 486,0.145152285695076
data\raw\val\05917_Plantae_Tracheophyta_Liliopsida_Asparagales_Asparagaceae_Nolina_parryi\ba5236b7-b41b-4351-9d10-f882e4cf6190.jpg,283,355,355 278 284 365 295,0.6721819043159485
data\raw\val\05917_Plantae_Tracheophyta_Liliopsida_Asparagales_Asparagaceae_Nolina_parryi\8450e368-a81a-4127-9c07-d3b6a46357fa.jpg,283,468,468 313 355 246 356,0.5121573209762573
data\raw\val\05917_Plantae_Tracheophyta_Liliopsida_Asparagales_Asparagaceae_Nolina_parryi\447f62ac-7641-4c51-8110-bb5edde79cfb.jpg,283,451,451 278 365 283 355,0.14541533589363098
data\raw\val\05917_Plantae_Tracheophyta_Liliopsida_Asparagales_Asparagaceae_Nolina_parryi\57feeca9-08db-48b5-9625-925d0660a363.jpg,283,278,278 355 283 284 188,0.23970083892345428
data\raw\val\05917_Plantae_Tracheophyta_Liliopsida_Asparagales_Asparagaceae_Nolina_parryi\62e5a842-20a9-4bf4-ab92-d8b1856d8c5f.jpg,283,278,278 355 353 292 293,0.10715922713279724
data\raw\val\05917_Plantae_Tracheophyta_Liliopsida_Asparagales_Asparagaceae_Nolina_parryi\a88f517f-7e37-4708-bcf9-22a5fb0c9585.jpg,283,283,283 355 365 278 316,0.6551935076713562
data\raw\val\05917_Plantae_Tracheophyta_Liliopsida_Asparagales_Asparagaceae_Nolina_parryi\9f42a35c-7fd6-4a8c-a526-cf20bddfc030.jpg,283,278,278 283 301 355 284,0.18768209218978882
data\raw\val\05953_Plantae_Tracheophyta_Liliopsida_Asparagales_Asphodelaceae_Phormium_tenax\fcdb311e-dc32-4de0-b79c-1da22ef996b8.jpg,284,278,278 284 305 425 355,0.16920408606529236
data\raw\val\05953_Plantae_Tracheophyta_Liliopsida_Asparagales_Asphodelaceae_Phormium_tenax\a794659b-a2b3-4fb2-8e0d-ed017b946755.jpg,284,302,302 479 300 356 362,0.15408185124397278
data\raw\val\05953_Plantae_Tracheophyta_Liliopsida_Asparagales_Asphodelaceae_Phormium_tenax\c787805e-0bbc-410e-9321-2c35b6de9043.jpg,284,413,413 479 284 476 300,0.9309483766555786
data\raw\val\05953_Plantae_Tracheophyta_Liliopsida_Asparagales_Asphodelaceae_Phormium_tenax\01040690-983c-41b4-a401-5702eca228c1.jpg,284,305,305 365 278 428 300,0.3162862956523895
data\raw\val\05953_Plantae_Tracheophyta_Liliopsida_Asparagales_Asphodelaceae_Phormium_tenax\6c2c35cc-9f64-4f12-b1a9-d96c187063ec.jpg,284,476,476 413 356 362 391,0.23058746755123138
data\raw\val\05953_Plantae_Tracheophyta_Liliopsida_Asparagales_Asphodelaceae_Phormium_tenax\37fb1808-8dc6-4e70-8ad3-5d671a735073.jpg,284,284,284 300 278 301 428,0.5950854420661926
data\raw\val\05953_Plantae_Tracheophyta_Liliopsida_Asparagales_Asphodelaceae_Phormium_tenax\499e00c7-04f1-4bad-850c-b64e26889577.jpg,284,451,451 366 489 487 486,0.17824825644493103
data\raw\val\05953_Plantae_Tracheophyta_Liliopsida_Asparagales_Asphodelaceae_Phormium_tenax\284fd0f0-6295-4a6b-9e47-9f8478f5ba77.jpg,284,287,287 496 246 315 365,0.040490999817848206
data\raw\val\05953_Plantae_Tracheophyta_Liliopsida_Asparagales_Asphodelaceae_Phormium_tenax\0811ef94-7a36-45f9-9192-6ff18fb6fa87.jpg,284,355,355 284 425 376 451,0.10371942818164825
data\raw\val\05953_Plantae_Tracheophyta_Liliopsida_Asparagales_Asphodelaceae_Phormium_tenax\1f005f34-9e55-4e63-899f-4fc4f28f1369.jpg,284,419,419 309 417 302 479,0.16220919787883759
data\raw\val\05957_Plantae_Tracheophyta_Liliopsida_Asparagales_Hypoxidaceae_Hypoxis_hirsuta\fd019915-e905-490c-93cc-0c9a4ee23e0e.jpg,285,480,480 354 353 256 497,0.09259319305419922
data\raw\val\05957_Plantae_Tracheophyta_Liliopsida_Asparagales_Hypoxidaceae_Hypoxis_hirsuta\060fc0bf-18e4-4f5c-9588-ba6e30ed7dc9.jpg,285,348,348 335 275 387 391,0.08675108850002289
data\raw\val\05957_Plantae_Tracheophyta_Liliopsida_Asparagales_Hypoxidaceae_Hypoxis_hirsuta\ee679388-fcf0-494a-a5e2-fe09ff176ade.jpg,285,397,397 398 497 395 492,0.06817612051963806
data\raw\val\05957_Plantae_Tracheophyta_Liliopsida_Asparagales_Hypoxidaceae_Hypoxis_hirsuta\2d57b536-3245-478a-ac6c-0cc85a3765f4.jpg,285,136,136 131 249 134 132,0.21476276218891144
data\raw\val\05957_Plantae_Tracheophyta_Liliopsida_Asparagales_Hypoxidaceae_Hypoxis_hirsuta\5c268ed2-c47d-41c3-92c8-6240b81369dc.jpg,285,480,480 353 380 427 335,0.0744750127196312
data\raw\val\05957_Plantae_Tracheophyta_Liliopsida_Asparagales_Hypoxidaceae_Hypoxis_hirsuta\1ad11891-d526-4ec2-858c-dd19e82ba15f.jpg,285,274,274 480 298 256 380,0.11410561203956604
data\raw\val\05957_Plantae_Tracheophyta_Liliopsida_Asparagales_Hypoxidaceae_Hypoxis_hirsuta\f3ce9de8-3c10-438d-a3f4-ff65b52a6bbe.jpg,285,337,337 68 335 380 386,0.1046067550778389
data\raw\val\05957_Plantae_Tracheophyta_Liliopsida_Asparagales_Hypoxidaceae_Hypoxis_hirsuta\f7531d13-171c-47f1-acdd-098604f45924.jpg,285,334,334 480 386 432 380,0.39734983444213867
data\raw\val\05957_Plantae_Tracheophyta_Liliopsida_Asparagales_Hypoxidaceae_Hypoxis_hirsuta\58c4ff98-fbf5-4314-8088-e83943cc6291.jpg,285,420,420 335 61 380 348,0.052074920386075974
data\raw\val\05957_Plantae_Tracheophyta_Liliopsida_Asparagales_Hypoxidaceae_Hypoxis_hirsuta\937e1ff5-93f7-4020-a6b1-0f14294a9d04.jpg,285,428,428 492 281 335 28,0.0710887685418129
data\raw\val\05992_Plantae_Tracheophyta_Liliopsida_Asparagales_Orchidaceae_Anacamptis_coriophora\9aa4af1c-1fc2-4083-a560-031c5fe71633.jpg,286,354,354 249 351 422 347,0.12867827713489532
data\raw\val\05992_Plantae_Tracheophyta_Liliopsida_Asparagales_Orchidaceae_Anacamptis_coriophora\729db3f7-18da-4300-8a2e-bb3aa4347e5f.jpg,286,354,354 249 246 351 344,0.4516797959804535
data\raw\val\05992_Plantae_Tracheophyta_Liliopsida_Asparagales_Orchidaceae_Anacamptis_coriophora\026e1244-76e3-4abc-99d6-2674e4d16a48.jpg,286,476,476 423 51 354 361,0.12758374214172363
data\raw\val\05992_Plantae_Tracheophyta_Liliopsida_Asparagales_Orchidaceae_Anacamptis_coriophora\18d11e5e-fef1-45a3-89c4-744ae52dd0bf.jpg,286,354,354 249 344 478 480,0.2216925173997879
data\raw\val\05992_Plantae_Tracheophyta_Liliopsida_Asparagales_Orchidaceae_Anacamptis_coriophora\eb59ed4a-d325-4d8b-8544-cd35fc8653aa.jpg,286,354,354 347 249 351 246,0.057295188307762146
data\raw\val\05992_Plantae_Tracheophyta_Liliopsida_Asparagales_Orchidaceae_Anacamptis_coriophora\832351f6-287c-4e7d-9ec6-1f5ced7eba7e.jpg,286,417,417 347 28 318 354,0.05854912847280502
data\raw\val\05992_Plantae_Tracheophyta_Liliopsida_Asparagales_Orchidaceae_Anacamptis_coriophora\d7f89c02-a0d2-48bf-babd-eb47d3bf3be1.jpg,286,249,249 246 123 245 354,0.4597374200820923
data\raw\val\05992_Plantae_Tracheophyta_Liliopsida_Asparagales_Orchidaceae_Anacamptis_coriophora\eb00c228-be14-4da5-976d-3e1424ef4c0c.jpg,286,286,286 287 423 288 362,0.7073457837104797
data\raw\val\05992_Plantae_Tracheophyta_Liliopsida_Asparagales_Orchidaceae_Anacamptis_coriophora\2ddbeaa7-6aaf-4ae4-8c7c-44d03b422cb0.jpg,286,287,287 344 427 379 354,0.058839306235313416
data\raw\val\05992_Plantae_Tracheophyta_Liliopsida_Asparagales_Orchidaceae_Anacamptis_coriophora\851051f1-f46f-46a8-ac13-58b253c9a214.jpg,286,354,354 353 249 344 347,0.4102257490158081
data\raw\val\06008_Plantae_Tracheophyta_Liliopsida_Asparagales_Orchidaceae_Corallorhiza_mertensiana\a13c5025-4389-4086-a711-8c9eb39dfb13.jpg,287,354,354 394 451 482 344,0.24316954612731934
data\raw\val\06008_Plantae_Tracheophyta_Liliopsida_Asparagales_Orchidaceae_Corallorhiza_mertensiana\cb5aebf6-829a-4f5a-8a50-34104ed5151e.jpg,287,287,287 288 423 425 368,0.9953155517578125
data\raw\val\06008_Plantae_Tracheophyta_Liliopsida_Asparagales_Orchidaceae_Corallorhiza_mertensiana\0632ccc2-8dbb-4b4d-a3d9-1151e5d9d4e0.jpg,287,287,287 288 423 286 425,0.9952965378761292
data\raw\val\06008_Plantae_Tracheophyta_Liliopsida_Asparagales_Orchidaceae_Corallorhiza_mertensiana\c9915a89-b56c-48fe-952a-d1d5674e0356.jpg,287,287,287 354 353 425 288,0.22648681700229645
data\raw\val\06008_Plantae_Tracheophyta_Liliopsida_Asparagales_Orchidaceae_Corallorhiza_mertensiana\79f5d4ad-e6c7-4995-ab6b-d27dab7a564c.jpg,287,361,361 354 351 388 287,0.06315849721431732
data\raw\val\06008_Plantae_Tracheophyta_Liliopsida_Asparagales_Orchidaceae_Corallorhiza_mertensiana\9d554f19-09fe-49ae-b307-b2cafb9cc530.jpg,287,287,287 423 354 353 288,0.7299536466598511
data\raw\val\06008_Plantae_Tracheophyta_Liliopsida_Asparagales_Orchidaceae_Corallorhiza_mertensiana\cdfc50f4-ed79-4a04-8e53-650287a538e1.jpg,287,287,287 438 353 344 354,0.8828094601631165
data\raw\val\06008_Plantae_Tracheophyta_Liliopsida_Asparagales_Orchidaceae_Corallorhiza_mertensiana\5bb0baf5-ddfb-4f64-8098-3957ff772953.jpg,287,287,287 288 425 496 394,0.8135650157928467
data\raw\val\06008_Plantae_Tracheophyta_Liliopsida_Asparagales_Orchidaceae_Corallorhiza_mertensiana\0781d341-572c-4812-b18f-4d98081780da.jpg,287,287,287 423 425 288 345,0.9131260514259338
data\raw\val\06008_Plantae_Tracheophyta_Liliopsida_Asparagales_Orchidaceae_Corallorhiza_mertensiana\e88af979-5af2-4b58-9505-ab7343059c5d.jpg,287,287,287 288 423 342 425,0.9803484082221985
data\raw\val\06009_Plantae_Tracheophyta_Liliopsida_Asparagales_Orchidaceae_Corallorhiza_striata\d15edf40-3155-4482-8a9a-bb078d5fb63e.jpg,288,354,354 353 278 245 451,0.06906591355800629
data\raw\val\06009_Plantae_Tracheophyta_Liliopsida_Asparagales_Orchidaceae_Corallorhiza_striata\de1e931a-3883-446c-babf-045e64434c0a.jpg,288,354,354 353 287 438 394,0.17771068215370178
data\raw\val\06009_Plantae_Tracheophyta_Liliopsida_Asparagales_Orchidaceae_Corallorhiza_striata\e8b182c3-32bb-48a5-8e55-26c3c73b28e9.jpg,288,354,354 287 288 275 347,0.09471523761749268
data\raw\val\06009_Plantae_Tracheophyta_Liliopsida_Asparagales_Orchidaceae_Corallorhiza_striata\5725c2c7-bc26-4f27-b42e-6a8266ef84c6.jpg,288,353,353 354 273 480 348,0.6557885408401489
data\raw\val\06009_Plantae_Tracheophyta_Liliopsida_Asparagales_Orchidaceae_Corallorhiza_striata\8d2f9fbb-b012-4c18-9e3c-f835431acda6.jpg,288,287,287 354 353 482 292,0.29161638021469116
data\raw\val\06009_Plantae_Tracheophyta_Liliopsida_Asparagales_Orchidaceae_Corallorhiza_striata\e10f963b-a206-4618-9b62-1900cbbee787.jpg,288,273,273 353 348 347 287,0.15181316435337067
data\raw\val\06009_Plantae_Tracheophyta_Liliopsida_Asparagales_Orchidaceae_Corallorhiza_striata\6a61f7e8-2b56-48cf-a11c-d8b192210d2f.jpg,288,354,354 353 273 287 397,0.08464225381612778
data\raw\val\06009_Plantae_Tracheophyta_Liliopsida_Asparagales_Orchidaceae_Corallorhiza_striata\26dd99e0-3fa8-4cf0-91d3-4bbf6b6f9e16.jpg,288,249,249 278 52 292 225,0.029997223988175392
data\raw\val\06009_Plantae_Tracheophyta_Liliopsida_Asparagales_Orchidaceae_Corallorhiza_striata\39179235-de54-4241-8e4e-00334fb5f4fc.jpg,288,278,278 353 210 347 273,0.10104306042194366
data\raw\val\06009_Plantae_Tracheophyta_Liliopsida_Asparagales_Orchidaceae_Corallorhiza_striata\9cd09c1d-0a4f-4231-89a6-4823bebbad93.jpg,288,366,366 394 257 480 273,0.07740199565887451
data\raw\val\06049_Plantae_Tracheophyta_Liliopsida_Asparagales_Orchidaceae_Liparis_loeselii\0a973494-84c0-4eec-919b-cb6285839412.jpg,289,311,311 492 345 400 431,0.12939921021461487
data\raw\val\06049_Plantae_Tracheophyta_Liliopsida_Asparagales_Orchidaceae_Liparis_loeselii\24797de2-2a77-4d03-bef5-fdbaf0a7c4b4.jpg,289,435,435 399 451 400 302,0.10100867599248886
data\raw\val\06049_Plantae_Tracheophyta_Liliopsida_Asparagales_Orchidaceae_Liparis_loeselii\9ac7d7f3-fa55-4601-90bd-d61b4ef08e13.jpg,289,73,73 354 274 74 98,0.29771697521209717
data\raw\val\06049_Plantae_Tracheophyta_Liliopsida_Asparagales_Orchidaceae_Liparis_loeselii\8ed1a808-55a6-4f38-abe7-9c1948954501.jpg,289,397,397 394 354 431 311,0.09151672571897507
data\raw\val\06049_Plantae_Tracheophyta_Liliopsida_Asparagales_Orchidaceae_Liparis_loeselii\d1566987-022e-4413-8308-e9482bf5cd20.jpg,289,482,482 287 311 345 432,0.15711741149425507
data\raw\val\06049_Plantae_Tracheophyta_Liliopsida_Asparagales_Orchidaceae_Liparis_loeselii\638ad89d-df17-4afa-8ab1-c99b8264e807.jpg,289,484,484 311 463 345 491,0.08785566687583923
data\raw\val\06049_Plantae_Tracheophyta_Liliopsida_Asparagales_Orchidaceae_Liparis_loeselii\fe704fe4-4dc1-49ef-9d3f-e6d876434df4.jpg,289,249,249 274 492 246 136,0.1577347368001938
data\raw\val\06049_Plantae_Tracheophyta_Liliopsida_Asparagales_Orchidaceae_Liparis_loeselii\1a94fd4c-e437-4eaf-8aa1-4e24cdab744b.jpg,289,274,274 249 248 246 250,0.9697709679603577
data\raw\val\06049_Plantae_Tracheophyta_Liliopsida_Asparagales_Orchidaceae_Liparis_loeselii\ef355b53-5ffd-4c9e-bfbe-1b445b52c2c2.jpg,289,305,305 302 496 301 304,0.2036021649837494
data\raw\val\06049_Plantae_Tracheophyta_Liliopsida_Asparagales_Orchidaceae_Liparis_loeselii\3aca4197-c869-4aef-8337-543c6b60342d.jpg,289,342,342 427 365 287 291,0.35446420311927795
data\raw\val\06051_Plantae_Tracheophyta_Liliopsida_Asparagales_Orchidaceae_Neotinea_tridentata\fc08e222-0ecd-4f6b-8996-7d3681f736e1.jpg,290,388,388 290 318 427 416,0.3082258403301239
data\raw\val\06051_Plantae_Tracheophyta_Liliopsida_Asparagales_Orchidaceae_Neotinea_tridentata\14c0fb74-9e25-4d16-be6e-040516aace47.jpg,290,290,290 361 426 423 379,0.24718841910362244
data\raw\val\06051_Plantae_Tracheophyta_Liliopsida_Asparagales_Orchidaceae_Neotinea_tridentata\92d44fe4-9faa-4feb-9477-102c014b6056.jpg,290,423,423 361 426 476 416,0.20677700638771057
data\raw\val\06051_Plantae_Tracheophyta_Liliopsida_Asparagales_Orchidaceae_Neotinea_tridentata\6dcf0888-037b-4461-8557-77e7154ffd29.jpg,290,378,378 281 379 426 309,0.09425711631774902
data\raw\val\06051_Plantae_Tracheophyta_Liliopsida_Asparagales_Orchidaceae_Neotinea_tridentata\603fb153-b7fb-4eb1-9fa2-1a1bf8053e44.jpg,290,290,290 379 423 414 426,0.04732627421617508
data\raw\val\06051_Plantae_Tracheophyta_Liliopsida_Asparagales_Orchidaceae_Neotinea_tridentata\b7763326-34fd-494b-b4d0-e8f0a22972d4.jpg,290,274,274 418 489 487 309,0.1145467534661293
data\raw\val\06051_Plantae_Tracheophyta_Liliopsida_Asparagales_Orchidaceae_Neotinea_tridentata\4fcaf438-fce4-4f96-9997-ac20b7c3c85b.jpg,290,416,416 345 432 419 417,0.29436859488487244
data\raw\val\06051_Plantae_Tracheophyta_Liliopsida_Asparagales_Orchidaceae_Neotinea_tridentata\fa57697e-0ea2-4999-8463-c30e38d82f7d.jpg,290,426,426 290 361 423 416,0.35063084959983826
data\raw\val\06051_Plantae_Tracheophyta_Liliopsida_Asparagales_Orchidaceae_Neotinea_tridentata\ce123b5c-f3f3-4e6c-8c59-1e5cfaf5997f.jpg,290,354,354 361 249 274 422,0.0951753705739975
data\raw\val\06051_Plantae_Tracheophyta_Liliopsida_Asparagales_Orchidaceae_Neotinea_tridentata\6d4d6d36-3c47-4547-afc7-bef27843f6a8.jpg,290,274,274 246 249 73 240,0.6988527774810791
data\raw\val\06064_Plantae_Tracheophyta_Liliopsida_Asparagales_Orchidaceae_Ophrys_tenthredinifera\53d7b6d4-9212-4899-ab85-52699d8d139f.jpg,291,309,309 402 418 305 331,0.08462627232074738
data\raw\val\06064_Plantae_Tracheophyta_Liliopsida_Asparagales_Orchidaceae_Ophrys_tenthredinifera\c765f743-e6e9-4c77-ba33-91545471e1fe.jpg,291,249,249 246 123 354 351,0.2033475786447525
data\raw\val\06064_Plantae_Tracheophyta_Liliopsida_Asparagales_Orchidaceae_Ophrys_tenthredinifera\14de81c8-ece9-4e73-8d41-276d28e23cf2.jpg,291,274,274 248 246 249 137,0.06907779723405838
data\raw\val\06064_Plantae_Tracheophyta_Liliopsida_Asparagales_Orchidaceae_Ophrys_tenthredinifera\6697df70-4b4e-47ad-b48c-914dfb71ce07.jpg,291,361,361 426 350 388 354,0.30389824509620667
data\raw\val\06064_Plantae_Tracheophyta_Liliopsida_Asparagales_Orchidaceae_Ophrys_tenthredinifera\502b0eef-05a3-49ca-9ebd-8729e12db3ef.jpg,291,354,354 246 249 62 51,0.047869663685560226
data\raw\val\06064_Plantae_Tracheophyta_Liliopsida_Asparagales_Orchidaceae_Ophrys_tenthredinifera\bd7a37bc-6cf3-4e43-887e-6d3323fa3f22.jpg,291,249,249 344 351 123 354,0.12228402495384216
data\raw\val\06064_Plantae_Tracheophyta_Liliopsida_Asparagales_Orchidaceae_Ophrys_tenthredinifera\3ed76f24-a4db-4bf7-b071-47bf1d54a9b3.jpg,291,354,354 275 351 344 350,0.2806296646595001
data\raw\val\06064_Plantae_Tracheophyta_Liliopsida_Asparagales_Orchidaceae_Ophrys_tenthredinifera\4aa17c52-6bc5-4310-a714-6b2488f2a548.jpg,291,354,354 249 246 62 344,0.2220211625099182
data\raw\val\06064_Plantae_Tracheophyta_Liliopsida_Asparagales_Orchidaceae_Ophrys_tenthredinifera\d93b508d-7da9-4102-8043-7a08b467cbef.jpg,291,371,371 339 427 274 315,0.17269806563854218
data\raw\val\06064_Plantae_Tracheophyta_Liliopsida_Asparagales_Orchidaceae_Ophrys_tenthredinifera\25215f7d-5e0c-4473-b78a-58f7697f81a7.jpg,291,354,354 351 381 347 344,0.10684798657894135
data\raw\val\06117_Plantae_Tracheophyta_Liliopsida_Commelinales_Haemodoraceae_Wachendorfia_paniculata\fb1a9e5b-192f-40f9-a903-a8867587516e.jpg,292,376,376 256 334 387 325,0.12433458864688873
data\raw\val\06117_Plantae_Tracheophyta_Liliopsida_Commelinales_Haemodoraceae_Wachendorfia_paniculata\5b2d6409-0697-4c27-8db9-5e3170176319.jpg,292,99,99 399 53 58 400,0.12391877174377441
data\raw\val\06117_Plantae_Tracheophyta_Liliopsida_Commelinales_Haemodoraceae_Wachendorfia_paniculata\1d1dadc9-a624-4bc4-bd5d-b05db18e3cf0.jpg,292,472,472 357 96 262 478,0.15760892629623413
data\raw\val\06117_Plantae_Tracheophyta_Liliopsida_Commelinales_Haemodoraceae_Wachendorfia_paniculata\7b9abb22-747d-4b49-9717-fc0a874a6c2f.jpg,292,249,249 448 99 399 53,0.08676687628030777
data\raw\val\06117_Plantae_Tracheophyta_Liliopsida_Commelinales_Haemodoraceae_Wachendorfia_paniculata\7daab78f-a9a1-4127-b870-bb0109442567.jpg,292,330,330 292 471 427 365,0.2734023332595825
data\raw\val\06117_Plantae_Tracheophyta_Liliopsida_Commelinales_Haemodoraceae_Wachendorfia_paniculata\a5496ccd-6878-4352-8c4e-e59f8fe23054.jpg,292,468,468 449 315 437 484,0.18481923639774323
data\raw\val\06117_Plantae_Tracheophyta_Liliopsida_Commelinales_Haemodoraceae_Wachendorfia_paniculata\e5938241-8aa0-4e49-acb9-b6a9c704a6c8.jpg,292,356,356 471 292 472 482,0.23098674416542053
data\raw\val\06117_Plantae_Tracheophyta_Liliopsida_Commelinales_Haemodoraceae_Wachendorfia_paniculata\92cc7ab2-9d45-45d6-9828-413382398a38.jpg,292,354,354 353 246 292 394,0.1083262711763382
data\raw\val\06117_Plantae_Tracheophyta_Liliopsida_Commelinales_Haemodoraceae_Wachendorfia_paniculata\c6eddf60-c1fe-4304-9873-fbd8770e1a8f.jpg,292,375,375 486 366 355 459,0.11881569027900696
data\raw\val\06117_Plantae_Tracheophyta_Liliopsida_Commelinales_Haemodoraceae_Wachendorfia_paniculata\51b7e8ad-38b3-4bb0-b029-dfef38e92029.jpg,292,356,356 472 431 439 478,0.04535040631890297
data\raw\val\06229_Plantae_Tracheophyta_Liliopsida_Poales_Bromeliaceae_Tillandsia_utriculata\2a9651bd-4db5-48ee-9dc3-24e3dad60f3a.jpg,293,305,305 304 492 293 496,0.48637184500694275
data\raw\val\06229_Plantae_Tracheophyta_Liliopsida_Poales_Bromeliaceae_Tillandsia_utriculata\babf4b7c-bae7-4049-bf81-be87b1177ec4.jpg,293,278,278 293 305 498 496,0.6433086395263672
data\raw\val\06229_Plantae_Tracheophyta_Liliopsida_Poales_Bromeliaceae_Tillandsia_utriculata\86811971-31e1-4c97-a749-d0cbf2202ccc.jpg,293,246,246 274 492 476 124,0.08690562844276428
data\raw\val\06229_Plantae_Tracheophyta_Liliopsida_Poales_Bromeliaceae_Tillandsia_utriculata\ee9b4520-3123-44bc-a21a-7a630b9fca82.jpg,293,278,278 356 365 432 355,0.15254253149032593
data\raw\val\06229_Plantae_Tracheophyta_Liliopsida_Poales_Bromeliaceae_Tillandsia_utriculata\6380f426-6f90-4d8d-9d54-15d7faade6fb.jpg,293,313,313 394 468 451 469,0.14697368443012238
data\raw\val\06229_Plantae_Tracheophyta_Liliopsida_Poales_Bromeliaceae_Tillandsia_utriculata\84c9f79f-c821-4234-8937-cfbc6e410eb2.jpg,293,278,278 353 284 300 355,0.30165186524391174
data\raw\val\06229_Plantae_Tracheophyta_Liliopsida_Poales_Bromeliaceae_Tillandsia_utriculata\da272f97-31cf-4962-a0b9-ff4a073c9e99.jpg,293,305,305 496 246 278 492,0.18499015271663666
data\raw\val\06229_Plantae_Tracheophyta_Liliopsida_Poales_Bromeliaceae_Tillandsia_utriculata\84a7c2a9-3460-4e73-a4c9-96d4c55f66f5.jpg,293,492,492 493 467 73 305,0.3873651921749115
data\raw\val\06229_Plantae_Tracheophyta_Liliopsida_Poales_Bromeliaceae_Tillandsia_utriculata\6a04f13c-8a4f-43bd-87c0-0a6bbce9952c.jpg,293,376,376 284 293 476 479,0.29556113481521606
data\raw\val\06229_Plantae_Tracheophyta_Liliopsida_Poales_Bromeliaceae_Tillandsia_utriculata\aea95e60-ed23-46db-bcef-3110017b1b47.jpg,293,293,293 498 496 306 305,0.8980884552001953
data\raw\val\06238_Plantae_Tracheophyta_Liliopsida_Poales_Cyperaceae_Carex_digitata\823cb7e2-9f3d-4001-8ac3-3a2d34bfdfa1.jpg,294,302,302 278 451 353 305,0.14693604409694672
data\raw\val\06238_Plantae_Tracheophyta_Liliopsida_Poales_Cyperaceae_Carex_digitata\db4cc72c-b017-4acf-a30d-c6a1f55935fc.jpg,294,246,246 354 305 353 295,0.04780798777937889
data\raw\val\06238_Plantae_Tracheophyta_Liliopsida_Poales_Cyperaceae_Carex_digitata\5e27df78-7be7-4e9f-ab6a-05477c3f3ac4.jpg,294,249,249 136 278 134 394,0.13962410390377045
data\raw\val\06238_Plantae_Tracheophyta_Liliopsida_Poales_Cyperaceae_Carex_digitata\3104b78b-bff3-4ad8-a0c7-fb96c694dc19.jpg,294,492,492 491 354 246 305,0.11453942209482193
data\raw\val\06238_Plantae_Tracheophyta_Liliopsida_Poales_Cyperaceae_Carex_digitata\528c8915-5d07-44af-bf1d-68762c877a26.jpg,294,301,301 302 305 353 278,0.21336476504802704
data\raw\val\06238_Plantae_Tracheophyta_Liliopsida_Poales_Cyperaceae_Carex_digitata\722873fa-3ae7-404c-945a-eae02a5a7d40.jpg,294,305,305 294 428 284 365,0.24480827152729034
data\raw\val\06238_Plantae_Tracheophyta_Liliopsida_Poales_Cyperaceae_Carex_digitata\0cf5e7cf-74b5-479b-b92e-5548796339a0.jpg,294,362,362 484 482 295 275,0.12961040437221527
data\raw\val\06238_Plantae_Tracheophyta_Liliopsida_Poales_Cyperaceae_Carex_digitata\b9b2a590-3787-488d-a188-4c34bcb7d589.jpg,294,484,484 491 438 406 364,0.15999211370944977
data\raw\val\06238_Plantae_Tracheophyta_Liliopsida_Poales_Cyperaceae_Carex_digitata\3cc29890-3423-4db3-88f3-1dbd2488dd0f.jpg,294,295,295 294 491 301 305,0.4634345769882202
data\raw\val\06238_Plantae_Tracheophyta_Liliopsida_Poales_Cyperaceae_Carex_digitata\0dc49bd1-0d1d-4e95-b149-819893362b3b.jpg,294,353,353 354 427 350 348,0.3835231363773346
data\raw\val\06239_Plantae_Tracheophyta_Liliopsida_Poales_Cyperaceae_Carex_eburnea\4452aa6b-d2ad-4396-be06-42efdeb95de7.jpg,295,491,491 295 484 305 330,0.3221913278102875
data\raw\val\06239_Plantae_Tracheophyta_Liliopsida_Poales_Cyperaceae_Carex_eburnea\2f273118-c0e0-4538-b6e9-64b4a856cadf.jpg,295,302,302 254 123 425 400,0.1840764582157135
data\raw\val\06239_Plantae_Tracheophyta_Liliopsida_Poales_Cyperaceae_Carex_eburnea\99d34ecd-443d-4ec3-a5e9-9c0c0798828f.jpg,295,354,354 355 451 353 345,0.0602605901658535
data\raw\val\06239_Plantae_Tracheophyta_Liliopsida_Poales_Cyperaceae_Carex_eburnea\269afd68-c6fe-402d-9e91-baa2dad5cd12.jpg,295,302,302 491 351 354 246,0.31665587425231934
data\raw\val\06239_Plantae_Tracheophyta_Liliopsida_Poales_Cyperaceae_Carex_eburnea\d21f06f9-2dab-4fa0-946b-3ada0c30298b.jpg,295,313,313 438 442 468 345,0.10620184242725372
data\raw\val\06239_Plantae_Tracheophyta_Liliopsida_Poales_Cyperaceae_Carex_eburnea\d35f8489-0a73-4503-a50d-af0f2adfa6d4.jpg,295,350,350 344 345 402 491,0.5489919781684875
data\raw\val\06239_Plantae_Tracheophyta_Liliopsida_Poales_Cyperaceae_Carex_eburnea\1ee3dae8-270b-4cb3-b3ec-08009db74761.jpg,295,295,295 484 427 392 305,0.288916677236557
data\raw\val\06239_Plantae_Tracheophyta_Liliopsida_Poales_Cyperaceae_Carex_eburnea\69ef4ada-6a18-448d-9142-35c2245a73b2.jpg,295,57,57 49 74 136 122,0.10048630833625793
data\raw\val\06239_Plantae_Tracheophyta_Liliopsida_Poales_Cyperaceae_Carex_eburnea\26e59aa2-4830-45fa-8d35-448a1c0d8f04.jpg,295,295,295 491 301 305 392,0.13349956274032593
data\raw\val\06239_Plantae_Tracheophyta_Liliopsida_Poales_Cyperaceae_Carex_eburnea\99815d31-3291-43f0-ae2b-29fa2f63c3a4.jpg,295,268,268 242 302 267 58,0.1402072310447693
data\raw\val\06242_Plantae_Tracheophyta_Liliopsida_Poales_Cyperaceae_Carex_gracillima\4c13b72c-9ac0-47f9-b7cd-7809a76accda.jpg,296,302,302 311 495 73 246,0.10091955959796906
data\raw\val\06242_Plantae_Tracheophyta_Liliopsida_Poales_Cyperaceae_Carex_gracillima\62ce1a10-1f32-4993-97c8-83bfec809fcf.jpg,296,274,274 302 136 249 399,0.04625560715794563
data\raw\val\06242_Plantae_Tracheophyta_Liliopsida_Poales_Cyperaceae_Carex_gracillima\f635061c-3f4a-4578-a0e9-c75cf9920a09.jpg,296,305,305 304 491 302 402,0.48322269320487976
data\raw\val\06242_Plantae_Tracheophyta_Liliopsida_Poales_Cyperaceae_Carex_gracillima\7251732b-b4fa-425a-b636-2b46aef32965.jpg,296,302,302 229 235 145 25,0.4742923080921173
data\raw\val\06242_Plantae_Tracheophyta_Liliopsida_Poales_Cyperaceae_Carex_gracillima\40d92096-04c3-4305-bc56-4e12e31ac6a1.jpg,296,136,136 131 135 137 246,0.5172053575515747
data\raw\val\06242_Plantae_Tracheophyta_Liliopsida_Poales_Cyperaceae_Carex_gracillima\d713c7f5-c792-4399-bb8f-e7abaa847bd1.jpg,296,350,350 480 394 278 354,0.11566504091024399
data\raw\val\06242_Plantae_Tracheophyta_Liliopsida_Poales_Cyperaceae_Carex_gracillima\f6c0ae7b-e1ab-4508-a756-fbbfb4b1d1f9.jpg,296,302,302 74 234 304 73,0.5783979296684265
data\raw\val\06242_Plantae_Tracheophyta_Liliopsida_Poales_Cyperaceae_Carex_gracillima\2a30293e-978b-4b01-bb71-68ef5b126eb0.jpg,296,246,246 492 305 496 304,0.11811700463294983
data\raw\val\06242_Plantae_Tracheophyta_Liliopsida_Poales_Cyperaceae_Carex_gracillima\5862f343-0123-4059-b1e5-4e91168ff99a.jpg,296,492,492 305 484 493 491,0.49240177869796753
data\raw\val\06242_Plantae_Tracheophyta_Liliopsida_Poales_Cyperaceae_Carex_gracillima\2eaa14c0-7e68-4cad-96ac-e56cff4c5193.jpg,296,305,305 491 492 365 304,0.28246960043907166
data\raw\val\06246_Plantae_Tracheophyta_Liliopsida_Poales_Cyperaceae_Carex_hystericina\70bae1e4-1358-4e87-9643-e17195bdd8d3.jpg,297,305,305 302 301 306 304,0.4816155433654785
data\raw\val\06246_Plantae_Tracheophyta_Liliopsida_Poales_Cyperaceae_Carex_hystericina\812d2ca0-51d9-479b-9e68-58422ae067e1.jpg,297,302,302 25 229 42 74,0.22473539412021637
data\raw\val\06246_Plantae_Tracheophyta_Liliopsida_Poales_Cyperaceae_Carex_hystericina\f6a062c2-2120-4458-8481-fe13a06b31b3.jpg,297,491,491 495 381 281 305,0.4414868950843811
data\raw\val\06246_Plantae_Tracheophyta_Liliopsida_Poales_Cyperaceae_Carex_hystericina\a41bec47-290b-4073-96f8-f0db766cd2e2.jpg,297,278,278 305 301 306 297,0.1974848061800003
data\raw\val\06246_Plantae_Tracheophyta_Liliopsida_Poales_Cyperaceae_Carex_hystericina\8fd39958-163b-4771-b0f9-9d95b57ac991.jpg,297,299,299 322 298 309 305,0.21872614324092865
data\raw\val\06246_Plantae_Tracheophyta_Liliopsida_Poales_Cyperaceae_Carex_hystericina\760477e1-7c73-444f-9e4f-6dbbe3a9f49f.jpg,297,302,302 229 345 240 246,0.36005958914756775
data\raw\val\06246_Plantae_Tracheophyta_Liliopsida_Poales_Cyperaceae_Carex_hystericina\6bc5f69c-a16e-4dc6-9859-8fa5be0d8a7b.jpg,297,274,274 366 489 73 309,0.41834017634391785
data\raw\val\06246_Plantae_Tracheophyta_Liliopsida_Poales_Cyperaceae_Carex_hystericina\8d34de98-afc7-464a-8030-d13ceadfb250.jpg,297,297,297 305 304 302 298,0.19527514278888702
data\raw\val\06246_Plantae_Tracheophyta_Liliopsida_Poales_Cyperaceae_Carex_hystericina\cd59bfee-844b-49c3-b2c3-b081ab7d4f75.jpg,297,305,305 301 298 278 428,0.6353005766868591
data\raw\val\06246_Plantae_Tracheophyta_Liliopsida_Poales_Cyperaceae_Carex_hystericina\f6f49127-06c5-4315-9729-e72e920103ab.jpg,297,295,295 305 428 392 427,0.31424182653427124
data\raw\val\06273_Plantae_Tracheophyta_Liliopsida_Poales_Cyperaceae_Carex_vulpinoidea\1e225f98-b8b7-4ec9-9bc2-35d3fd2a6404.jpg,298,305,305 432 301 392 287,0.3203761875629425
data\raw\val\06273_Plantae_Tracheophyta_Liliopsida_Poales_Cyperaceae_Carex_vulpinoidea\6ab9844f-8cdf-4f7b-9f3a-ec06ddf5d895.jpg,298,432,432 365 278 305 355,0.17488913238048553
data\raw\val\06273_Plantae_Tracheophyta_Liliopsida_Poales_Cyperaceae_Carex_vulpinoidea\e46ee318-5ede-443a-9ad7-d6554ebc2911.jpg,298,305,305 355 299 302 300,0.07279174774885178
data\raw\val\06273_Plantae_Tracheophyta_Liliopsida_Poales_Cyperaceae_Carex_vulpinoidea\b663b34b-1e2b-4669-be6d-0c923547a19b.jpg,298,305,305 304 496 428 302,0.7568891644477844
data\raw\val\06273_Plantae_Tracheophyta_Liliopsida_Poales_Cyperaceae_Carex_vulpinoidea\4fa1b896-e5f8-420a-bd44-baee6baecb62.jpg,298,432,432 302 322 345 299,0.16843852400779724
data\raw\val\06273_Plantae_Tracheophyta_Liliopsida_Poales_Cyperaceae_Carex_vulpinoidea\03afa765-f2a1-46cc-9ddd-54adbea0269d.jpg,298,298,298 297 305 302 299,0.6432823538780212
data\raw\val\06273_Plantae_Tracheophyta_Liliopsida_Poales_Cyperaceae_Carex_vulpinoidea\2e994d63-df80-41a0-94c6-2d497fb798dc.jpg,298,418,418 428 305 304 402,0.08926871418952942
data\raw\val\06273_Plantae_Tracheophyta_Liliopsida_Poales_Cyperaceae_Carex_vulpinoidea\25c44355-82e0-4e70-8c7b-5d4fe4be1a9c.jpg,298,355,355 428 327 432 322,0.10825702548027039
data\raw\val\06273_Plantae_Tracheophyta_Liliopsida_Poales_Cyperaceae_Carex_vulpinoidea\ca08e6ae-18fa-4577-922f-bb7a21aba2fd.jpg,298,274,274 302 268 62 123,0.1164901927113533
data\raw\val\06273_Plantae_Tracheophyta_Liliopsida_Poales_Cyperaceae_Carex_vulpinoidea\c160c9ae-2435-4894-8b59-77dd0270a79c.jpg,298,298,298 302 305 432 428,0.370022177696228
data\raw\val\06277_Plantae_Tracheophyta_Liliopsida_Poales_Cyperaceae_Cyperus_eragrostis\06b6189c-1b12-4533-b2f9-8d4a840c6b63.jpg,299,468,468 438 406 313 451,0.44107896089553833
data\raw\val\06277_Plantae_Tracheophyta_Liliopsida_Poales_Cyperaceae_Cyperus_eragrostis\9d1fc690-5aa1-4d9e-8664-6178ef8caea4.jpg,299,305,305 306 302 301 304,0.5081131458282471
data\raw\val\06277_Plantae_Tracheophyta_Liliopsida_Poales_Cyperaceae_Cyperus_eragrostis\c6249d66-ddbd-4abe-8cde-5aac7ed16140.jpg,299,302,302 305 299 304 466,0.5385414958000183
data\raw\val\06277_Plantae_Tracheophyta_Liliopsida_Poales_Cyperaceae_Cyperus_eragrostis\24ca7cd2-7a56-4b88-a3fe-f8cb481040cf.jpg,299,305,305 304 302 491 299,0.7330868244171143
data\raw\val\06277_Plantae_Tracheophyta_Liliopsida_Poales_Cyperaceae_Cyperus_eragrostis\2c295172-d187-4742-8e0d-9fd9e091f2b3.jpg,299,299,299 376 489 486 309,0.3616064786911011
data\raw\val\06277_Plantae_Tracheophyta_Liliopsida_Poales_Cyperaceae_Cyperus_eragrostis\9e0be913-e63d-4c01-9b58-80c8aae0be2d.jpg,299,498,498 494 489 366 486,0.2085832804441452
data\raw\val\06277_Plantae_Tracheophyta_Liliopsida_Poales_Cyperaceae_Cyperus_eragrostis\98ebf16e-518b-483f-a95b-af350e7c462b.jpg,299,299,299 384 309 466 302,0.22701804339885712
data\raw\val\06277_Plantae_Tracheophyta_Liliopsida_Poales_Cyperaceae_Cyperus_eragrostis\2d30edd2-7eca-444e-89f0-2ac21670bf70.jpg,299,299,299 353 305 376 302,0.7806852459907532
data\raw\val\06277_Plantae_Tracheophyta_Liliopsida_Poales_Cyperaceae_Cyperus_eragrostis\dbf49cd1-12af-40d7-a880-1943741d953c.jpg,299,489,489 273 283 278 365,0.26359856128692627
data\raw\val\06277_Plantae_Tracheophyta_Liliopsida_Poales_Cyperaceae_Cyperus_eragrostis\4112afd3-ea80-481b-b0ef-61140945c207.jpg,299,428,428 305 353 299 304,0.21083125472068787
data\raw\val\06293_Plantae_Tracheophyta_Liliopsida_Poales_Cyperaceae_Schoenoplectus_acutus\e330c556-0cdf-464c-8668-d6c71f75fc81.jpg,300,302,302 476 491 350 309,0.10461489111185074
data\raw\val\06293_Plantae_Tracheophyta_Liliopsida_Poales_Cyperaceae_Schoenoplectus_acutus\62261e64-5507-4f74-ba98-1d5ce791d4b2.jpg,300,300,300 417 277 418 338,0.8559863567352295
data\raw\val\06293_Plantae_Tracheophyta_Liliopsida_Poales_Cyperaceae_Schoenoplectus_acutus\7c14946d-780c-4c01-8d03-f8f95fe9e02d.jpg,300,473,473 470 472 417 478,0.17776301503181458
data\raw\val\06293_Plantae_Tracheophyta_Liliopsida_Poales_Cyperaceae_Schoenoplectus_acutus\099819fb-698e-40b8-99ec-5c719a6aa865.jpg,300,300,300 417 362 423 301,0.6901906728744507
data\raw\val\06293_Plantae_Tracheophyta_Liliopsida_Poales_Cyperaceae_Schoenoplectus_acutus\1bc6de2c-2c5d-4a12-93bf-d6eb9ae09374.jpg,300,300,300 309 479 413 338,0.4132048189640045
data\raw\val\06293_Plantae_Tracheophyta_Liliopsida_Poales_Cyperaceae_Schoenoplectus_acutus\137c4d03-afde-4e17-9354-d2ebaaf2ecc3.jpg,300,300,300 404 417 425 277,0.4279443621635437
data\raw\val\06293_Plantae_Tracheophyta_Liliopsida_Poales_Cyperaceae_Schoenoplectus_acutus\6d36aea7-a3f9-4469-b573-5ef226913286.jpg,300,300,300 417 277 309 416,0.5356268286705017
data\raw\val\06293_Plantae_Tracheophyta_Liliopsida_Poales_Cyperaceae_Schoenoplectus_acutus\94163660-4097-4102-999e-beb9ca49d2ba.jpg,300,300,300 417 338 277 301,0.8919148445129395
data\raw\val\06293_Plantae_Tracheophyta_Liliopsida_Poales_Cyperaceae_Schoenoplectus_acutus\e056f00d-e507-45bd-a853-43cefb54f3af.jpg,300,320,320 299 302 467 325,0.1101900041103363
data\raw\val\06293_Plantae_Tracheophyta_Liliopsida_Poales_Cyperaceae_Schoenoplectus_acutus\0a0ce8e0-b493-48bb-ad36-16c673a04b43.jpg,300,242,242 355 442 274 467,0.15077592432498932
data\raw\val\06321_Plantae_Tracheophyta_Liliopsida_Poales_Poaceae_Ammophila_breviligulata\8d325d1d-fd77-4e94-8358-1cb7521a58cd.jpg,301,299,299 350 302 320 386,0.19163553416728973
data\raw\val\06321_Plantae_Tracheophyta_Liliopsida_Poales_Poaceae_Ammophila_breviligulata\71250959-cd99-4b7c-b0c4-18c6937a5014.jpg,301,302,302 416 491 468 414,0.09643305093050003
data\raw\val\06321_Plantae_Tracheophyta_Liliopsida_Poales_Poaceae_Ammophila_breviligulata\6a26506a-85c8-4ec1-98fd-0d62e89da8d1.jpg,301,301,301 300 278 355 305,0.5701936483383179
data\raw\val\06321_Plantae_Tracheophyta_Liliopsida_Poales_Poaceae_Ammophila_breviligulata\b8053dfa-b651-4933-888a-cd9a0caacf12.jpg,301,302,302 388 299 381 309,0.34672170877456665
data\raw\val\06321_Plantae_Tracheophyta_Liliopsida_Poales_Poaceae_Ammophila_breviligulata\f26b11c8-f69b-487f-9d10-eb836b6c0f40.jpg,301,278,278 301 305 300 306,0.4995160698890686
data\raw\val\06321_Plantae_Tracheophyta_Liliopsida_Poales_Poaceae_Ammophila_breviligulata\0b3f4392-fe01-4b11-8eee-26427e555c44.jpg,301,302,302 234 240 442 344,0.11011707782745361
data\raw\val\06321_Plantae_Tracheophyta_Liliopsida_Poales_Poaceae_Ammophila_breviligulata\d856ced5-9824-405a-b8c5-2ad84264e397.jpg,301,302,302 240 234 242 74,0.2940180003643036
data\raw\val\06321_Plantae_Tracheophyta_Liliopsida_Poales_Poaceae_Ammophila_breviligulata\944b0b62-3e1b-45f3-a0a4-44cb9d87306f.jpg,301,302,302 451 362 460 468,0.07776325196027756
data\raw\val\06321_Plantae_Tracheophyta_Liliopsida_Poales_Poaceae_Ammophila_breviligulata\ca4d8118-a5bc-4822-b80d-d33306d3ad9d.jpg,301,302,302 386 292 432 329,0.11500976234674454
data\raw\val\06321_Plantae_Tracheophyta_Liliopsida_Poales_Poaceae_Ammophila_breviligulata\0130f8f7-682c-4fdc-9341-976afecefda2.jpg,301,491,491 305 295 302 301,0.352854460477829
data\raw\val\06366_Plantae_Tracheophyta_Liliopsida_Poales_Poaceae_Digitaria_sanguinalis\ad57378a-a927-4dae-861b-42a7ae7cc4d2.jpg,302,302,302 428 278 355 309,0.25910845398902893
data\raw\val\06366_Plantae_Tracheophyta_Liliopsida_Poales_Poaceae_Digitaria_sanguinalis\7e511437-2acd-4605-abd6-52476c8a2ef6.jpg,302,302,302 350 246 234 491,0.22259995341300964
data\raw\val\06366_Plantae_Tracheophyta_Liliopsida_Poales_Poaceae_Digitaria_sanguinalis\5451ee91-b8c1-48c3-b07a-af808a424eae.jpg,302,468,468 356 406 311 345,0.1656256765127182
data\raw\val\06366_Plantae_Tracheophyta_Liliopsida_Poales_Poaceae_Digitaria_sanguinalis\3277b357-5ddf-4446-ba6a-b6ffdf6d6a74.jpg,302,492,492 354 275 246 302,0.16873285174369812
data\raw\val\06366_Plantae_Tracheophyta_Liliopsida_Poales_Poaceae_Digitaria_sanguinalis\aba75a14-163b-4bc9-b832-6fef10f67dec.jpg,302,442,442 313 468 416 438,0.16881845891475677
data\raw\val\06366_Plantae_Tracheophyta_Liliopsida_Poales_Poaceae_Digitaria_sanguinalis\ff3ecc98-f68c-4d56-bca4-d70ae89b4d19.jpg,302,438,438 287 353 356 437,0.15643110871315002
data\raw\val\06366_Plantae_Tracheophyta_Liliopsida_Poales_Poaceae_Digitaria_sanguinalis\26e9fdde-26c7-46be-8ef7-05d9ecf8e3fb.jpg,302,246,246 354 274 123 344,0.12711098790168762
data\raw\val\06366_Plantae_Tracheophyta_Liliopsida_Poales_Poaceae_Digitaria_sanguinalis\e84a7748-37b5-4f32-b4d4-7d190dba48ad.jpg,302,313,313 438 437 442 345,0.34587180614471436
data\raw\val\06366_Plantae_Tracheophyta_Liliopsida_Poales_Poaceae_Digitaria_sanguinalis\358a308c-530d-4074-b690-59a4e47ab7e3.jpg,302,362,362 471 345 460 473,0.16351240873336792
data\raw\val\06366_Plantae_Tracheophyta_Liliopsida_Poales_Poaceae_Digitaria_sanguinalis\2163d5bd-2602-455b-ae0e-63de1fc33010.jpg,302,354,354 311 451 397 28,0.05821773782372475
data\raw\val\06382_Plantae_Tracheophyta_Liliopsida_Poales_Poaceae_Hordeum_murinum\fb7d25ed-8efe-4b4e-a74a-ae9b829c2bbc.jpg,303,305,305 304 491 296 302,0.24356487393379211
data\raw\val\06382_Plantae_Tracheophyta_Liliopsida_Poales_Poaceae_Hordeum_murinum\b305d82b-d13b-4f6a-a4a5-935ca544d034.jpg,303,229,229 302 305 304 239,0.7202840447425842
data\raw\val\06382_Plantae_Tracheophyta_Liliopsida_Poales_Poaceae_Hordeum_murinum\0edb5c0c-7a52-4ab8-ba71-d6cf2b4468b5.jpg,303,306,306 301 319 278 465,0.19599613547325134
data\raw\val\06382_Plantae_Tracheophyta_Liliopsida_Poales_Poaceae_Hordeum_murinum\c94cd9bf-f7de-4d5c-a5be-e839362b9802.jpg,303,301,301 404 345 305 302,0.05996425449848175
data\raw\val\06382_Plantae_Tracheophyta_Liliopsida_Poales_Poaceae_Hordeum_murinum\c578c611-8996-45b0-8162-dd41de7926dd.jpg,303,438,438 355 418 345 304,0.11528491228818893
data\raw\val\06382_Plantae_Tracheophyta_Liliopsida_Poales_Poaceae_Hordeum_murinum\efd23656-100e-49f4-bdd8-2fb1a980b385.jpg,303,356,356 482 432 386 362,0.10839051008224487
data\raw\val\06382_Plantae_Tracheophyta_Liliopsida_Poales_Poaceae_Hordeum_murinum\1c8efe2a-8770-459d-8e6d-ff859ea781d9.jpg,303,416,416 302 468 345 460,0.13619457185268402
data\raw\val\06382_Plantae_Tracheophyta_Liliopsida_Poales_Poaceae_Hordeum_murinum\4035089d-79ea-41ef-93df-008c5187994c.jpg,303,299,299 330 277 302 438,0.08275706321001053
data\raw\val\06382_Plantae_Tracheophyta_Liliopsida_Poales_Poaceae_Hordeum_murinum\25be04ea-1cd6-4273-b59f-2169014bd85f.jpg,303,381,381 305 304 496 302,0.25234317779541016
data\raw\val\06382_Plantae_Tracheophyta_Liliopsida_Poales_Poaceae_Hordeum_murinum\932aefac-fbb3-4d20-bc5e-adb5ab3672fe.jpg,303,302,302 428 301 278 404,0.15581491589546204
data\raw\val\06407_Plantae_Tracheophyta_Liliopsida_Poales_Poaceae_Paspalum_dilatatum\355a838f-24b0-4830-be2d-3835fd70aca5.jpg,304,305,305 302 428 304 298,0.3928622305393219
data\raw\val\06407_Plantae_Tracheophyta_Liliopsida_Poales_Poaceae_Paspalum_dilatatum\b07aa436-33ef-4a56-a427-28679e2afb09.jpg,304,246,246 492 302 240 350,0.2307673692703247
data\raw\val\06407_Plantae_Tracheophyta_Liliopsida_Poales_Poaceae_Paspalum_dilatatum\69bd4a9e-6565-4292-af08-7fc92c13ae65.jpg,304,73,73 365 492 305 246,0.33575329184532166
data\raw\val\06407_Plantae_Tracheophyta_Liliopsida_Poales_Poaceae_Paspalum_dilatatum\8836d011-abf0-435b-83b0-5c84d546c051.jpg,304,305,305 496 304 492 345,0.11095830053091049
data\raw\val\06407_Plantae_Tracheophyta_Liliopsida_Poales_Poaceae_Paspalum_dilatatum\6b10d5cd-f46c-4084-ac3e-55c2498d7ecf.jpg,304,402,402 377 305 304 388,0.1857985407114029
data\raw\val\06407_Plantae_Tracheophyta_Liliopsida_Poales_Poaceae_Paspalum_dilatatum\f8a59364-26f8-4f4e-bec0-8a77c71caae6.jpg,304,342,342 389 355 432 418,0.2522827088832855
data\raw\val\06407_Plantae_Tracheophyta_Liliopsida_Poales_Poaceae_Paspalum_dilatatum\2237f99e-ee05-418b-8a50-f1fc84a58ecc.jpg,304,313,313 442 468 438 437,0.24984274804592133
data\raw\val\06407_Plantae_Tracheophyta_Liliopsida_Poales_Poaceae_Paspalum_dilatatum\5e6fe28b-9fc9-4531-9099-6316d202790a.jpg,304,305,305 428 302 304 492,0.11982535570859909
data\raw\val\06407_Plantae_Tracheophyta_Liliopsida_Poales_Poaceae_Paspalum_dilatatum\a458cbbc-f235-4f84-82b5-9b253af208aa.jpg,304,491,491 304 305 302 296,0.20055261254310608
data\raw\val\06407_Plantae_Tracheophyta_Liliopsida_Poales_Poaceae_Paspalum_dilatatum\37409671-cc92-4fe7-befe-9d055e42f39c.jpg,304,476,476 354 274 28 345,0.11466024816036224
data\raw\val\06409_Plantae_Tracheophyta_Liliopsida_Poales_Poaceae_Paspalum_urvillei\f11640cd-f259-4625-b9a2-c414ab274741.jpg,305,432,432 345 356 468 438,0.1571100801229477
data\raw\val\06409_Plantae_Tracheophyta_Liliopsida_Poales_Poaceae_Paspalum_urvillei\dde5995e-2d5c-4361-9140-f5212ea64911.jpg,305,278,278 305 302 301 428,0.23617252707481384
data\raw\val\06409_Plantae_Tracheophyta_Liliopsida_Poales_Poaceae_Paspalum_urvillei\6a6c01bb-9c77-45bb-a1ee-a00b43d6efcb.jpg,305,278,278 432 365 428 356,0.22512884438037872
data\raw\val\06409_Plantae_Tracheophyta_Liliopsida_Poales_Poaceae_Paspalum_urvillei\d784c806-eb37-4e85-86f9-7b2394429c05.jpg,305,442,442 313 305 437 348,0.12738661468029022
data\raw\val\06409_Plantae_Tracheophyta_Liliopsida_Poales_Poaceae_Paspalum_urvillei\d4081db4-fa1d-4891-adb2-407d358e025c.jpg,305,468,468 438 471 437 470,0.24052396416664124
data\raw\val\06409_Plantae_Tracheophyta_Liliopsida_Poales_Poaceae_Paspalum_urvillei\e66b21a5-0804-43c0-ab42-6893ffd7f1ec.jpg,305,305,305 302 304 451 308,0.4935605823993683
data\raw\val\06409_Plantae_Tracheophyta_Liliopsida_Poales_Poaceae_Paspalum_urvillei\1c02d33e-daba-4cfa-898d-d976b4b2b337.jpg,305,365,365 73 131 283 274,0.18958008289337158
data\raw\val\06409_Plantae_Tracheophyta_Liliopsida_Poales_Poaceae_Paspalum_urvillei\0b3cbe84-ea1e-436e-b121-91b374872ec7.jpg,305,305,305 491 302 304 299,0.8267328143119812
data\raw\val\06409_Plantae_Tracheophyta_Liliopsida_Poales_Poaceae_Paspalum_urvillei\f63ec329-2c53-4a5b-a6b3-4e73b6d2aa9a.jpg,305,305,305 301 392 304 300,0.3671844005584717
data\raw\val\06409_Plantae_Tracheophyta_Liliopsida_Poales_Poaceae_Paspalum_urvillei\a723e83f-cadc-450a-8f69-b941a3067238.jpg,305,298,298 491 305 299 302,0.1049579605460167
data\raw\val\06432_Plantae_Tracheophyta_Liliopsida_Poales_Poaceae_Stipa_pennata\5381c327-ae68-4f88-8565-b3b3223e3d95.jpg,306,355,355 302 442 354 315,0.13286113739013672
data\raw\val\06432_Plantae_Tracheophyta_Liliopsida_Poales_Poaceae_Stipa_pennata\23cff6a8-cdec-486f-badb-8732f0b811f7.jpg,306,305,305 301 306 278 304,0.20395739376544952
data\raw\val\06432_Plantae_Tracheophyta_Liliopsida_Poales_Poaceae_Stipa_pennata\3287ce7f-38d1-452d-82ff-c965f97825fd.jpg,306,350,350 299 491 281 344,0.27119719982147217
data\raw\val\06432_Plantae_Tracheophyta_Liliopsida_Poales_Poaceae_Stipa_pennata\7d427319-5cf1-4ccc-a57d-fbe6dc2429e7.jpg,306,305,305 306 299 302 350,0.4916427433490753
data\raw\val\06432_Plantae_Tracheophyta_Liliopsida_Poales_Poaceae_Stipa_pennata\e8128cb6-62e5-4e5b-bae9-3288376ac8d4.jpg,306,491,491 305 281 302 299,0.3965888023376465
data\raw\val\06432_Plantae_Tracheophyta_Liliopsida_Poales_Poaceae_Stipa_pennata\e117a6bd-0549-4f48-8b73-bce0bc21b1b4.jpg,306,305,305 299 491 302 295,0.43827155232429504
data\raw\val\06432_Plantae_Tracheophyta_Liliopsida_Poales_Poaceae_Stipa_pennata\8d9dfccb-4e04-4943-a236-b01abe6baa1c.jpg,306,305,305 376 382 362 386,0.22414958477020264
data\raw\val\06432_Plantae_Tracheophyta_Liliopsida_Poales_Poaceae_Stipa_pennata\7a979c59-5817-4eff-aad5-7c8830d30598.jpg,306,442,442 350 313 305 492,0.27232277393341064
data\raw\val\06432_Plantae_Tracheophyta_Liliopsida_Poales_Poaceae_Stipa_pennata\7843edcd-df7e-413b-a505-64d4755968bc.jpg,306,451,451 460 302 467 468,0.20298604667186737
data\raw\val\06432_Plantae_Tracheophyta_Liliopsida_Poales_Poaceae_Stipa_pennata\8524cc7f-1c75-478c-819c-e5a3a91299d3.jpg,306,305,305 306 304 301 491,0.43578192591667175
data\raw\val\06447_Plantae_Tracheophyta_Liliopsida_Zingiberales_Cannaceae_Canna_indica\c6c32c3b-8a0b-4a55-a14c-a5407b70e8e5.jpg,307,274,274 361 246 354 136,0.29606151580810547
data\raw\val\06447_Plantae_Tracheophyta_Liliopsida_Zingiberales_Cannaceae_Canna_indica\d7aa50fe-2b7b-4b48-8c26-6627346ec5e4.jpg,307,422,422 354 347 348 425,0.05958591401576996
data\raw\val\06447_Plantae_Tracheophyta_Liliopsida_Zingiberales_Cannaceae_Canna_indica\0c790977-5fbb-4383-a691-24090e43b621.jpg,307,476,476 451 354 353 397,0.151396706700325
data\raw\val\06447_Plantae_Tracheophyta_Liliopsida_Zingiberales_Cannaceae_Canna_indica\2ddad893-bc3a-43dd-a25b-4c65ffd0041f.jpg,307,476,476 361 354 451 307,0.6268957853317261
data\raw\val\06447_Plantae_Tracheophyta_Liliopsida_Zingiberales_Cannaceae_Canna_indica\2ee6dbda-8f3a-44da-98ad-353ce5057c97.jpg,307,249,249 271 399 268 398,0.06622512638568878
data\raw\val\06447_Plantae_Tracheophyta_Liliopsida_Zingiberales_Cannaceae_Canna_indica\4f5727b6-0889-4567-b2c7-e67a06e6ac57.jpg,307,425,425 476 307 451 287,0.16653870046138763
data\raw\val\06447_Plantae_Tracheophyta_Liliopsida_Zingiberales_Cannaceae_Canna_indica\a7112104-c2bf-45c6-9991-0524e68488bc.jpg,307,441,441 395 280 478 428,0.044295117259025574
data\raw\val\06447_Plantae_Tracheophyta_Liliopsida_Zingiberales_Cannaceae_Canna_indica\c7e413ec-57b9-40aa-a7d6-7ef1e4713b52.jpg,307,361,361 476 420 346 353,0.15918388962745667
data\raw\val\06447_Plantae_Tracheophyta_Liliopsida_Zingiberales_Cannaceae_Canna_indica\f07cb5ab-92dc-4576-aba7-65f915d8ec84.jpg,307,476,476 362 481 475 479,0.059459324926137924
data\raw\val\06447_Plantae_Tracheophyta_Liliopsida_Zingiberales_Cannaceae_Canna_indica\55989e54-7f5c-462c-b34d-f8af64e9348b.jpg,307,460,460 432 398 357 492,0.0662628635764122
data\raw\val\06458_Plantae_Tracheophyta_Liliopsida_Zingiberales_Zingiberaceae_Hedychium_gardnerianum\23e5d7d0-91cb-4071-a5a9-a06d64b8221d.jpg,308,308,308 498 459 489 394,0.4372454285621643
data\raw\val\06458_Plantae_Tracheophyta_Liliopsida_Zingiberales_Zingiberaceae_Hedychium_gardnerianum\c8f36221-302a-4095-83d6-9e8a2a73551f.jpg,308,498,498 494 278 308 479,0.5130573511123657
data\raw\val\06458_Plantae_Tracheophyta_Liliopsida_Zingiberales_Zingiberaceae_Hedychium_gardnerianum\d1746a74-305d-42aa-9ea8-748382166de2.jpg,308,498,498 274 349 240 394,0.070127934217453
data\raw\val\06458_Plantae_Tracheophyta_Liliopsida_Zingiberales_Zingiberaceae_Hedychium_gardnerianum\2ebd9813-3bb3-4a44-af25-4a6fa939bb5d.jpg,308,308,308 353 451 394 354,0.5923649668693542
data\raw\val\06458_Plantae_Tracheophyta_Liliopsida_Zingiberales_Zingiberaceae_Hedychium_gardnerianum\6700ec8f-1b9b-425f-9714-ef430c4000ec.jpg,308,308,308 394 476 397 498,0.15829356014728546
data\raw\val\06458_Plantae_Tracheophyta_Liliopsida_Zingiberales_Zingiberaceae_Hedychium_gardnerianum\ac630d9f-7c6d-46a7-bcc7-b80136f1a3c5.jpg,308,397,397 476 394 308 278,0.07537757605314255
data\raw\val\06458_Plantae_Tracheophyta_Liliopsida_Zingiberales_Zingiberaceae_Hedychium_gardnerianum\1d45196e-19e2-4711-8010-97dd1252d488.jpg,308,274,274 398 395 399 357,0.21990646421909332
data\raw\val\06458_Plantae_Tracheophyta_Liliopsida_Zingiberales_Zingiberaceae_Hedychium_gardnerianum\045bb704-c65f-4f44-ad28-99c12e678d3e.jpg,308,345,345 344 460 438 308,0.21136318147182465
data\raw\val\06458_Plantae_Tracheophyta_Liliopsida_Zingiberales_Zingiberaceae_Hedychium_gardnerianum\7c783a15-b8c2-4ec9-bc11-4d5c83d5a476.jpg,308,451,451 469 356 468 438,0.2336561679840088
data\raw\val\06458_Plantae_Tracheophyta_Liliopsida_Zingiberales_Zingiberaceae_Hedychium_gardnerianum\1a69169a-b31e-431e-b6f1-2bd44420f81b.jpg,308,366,366 356 308 394 460,0.08987142890691757
data\raw\val\06496_Plantae_Tracheophyta_Magnoliopsida_Apiales_Apiaceae_Cicuta_virosa\758f1d29-6905-4b29-8164-ac006e28a046.jpg,309,309,309 305 302 322 402,0.23558418452739716
data\raw\val\06496_Plantae_Tracheophyta_Magnoliopsida_Apiales_Apiaceae_Cicuta_virosa\666927b4-2207-418f-9174-f41de693fbe4.jpg,309,353,353 347 354 273 278,0.7603185772895813
data\raw\val\06496_Plantae_Tracheophyta_Magnoliopsida_Apiales_Apiaceae_Cicuta_virosa\e6b2faa4-1c78-43ea-ac34-dcdb9061fd35.jpg,309,315,315 372 274 487 430,0.12320750951766968
data\raw\val\06496_Plantae_Tracheophyta_Magnoliopsida_Apiales_Apiaceae_Cicuta_virosa\6044f7cc-395f-45fd-9dd6-7e693f9d0551.jpg,309,451,451 91 489 468 315,0.06319574266672134
data\raw\val\06496_Plantae_Tracheophyta_Magnoliopsida_Apiales_Apiaceae_Cicuta_virosa\e4625f3a-d76f-40ad-a1de-ea18a5dcf0d9.jpg,309,491,491 492 495 498 309,0.10831212997436523
data\raw\val\06496_Plantae_Tracheophyta_Magnoliopsida_Apiales_Apiaceae_Cicuta_virosa\12d55ad4-d636-4951-97ef-deaf560024f9.jpg,309,471,471 484 386 321 416,0.605931282043457
data\raw\val\06496_Plantae_Tracheophyta_Magnoliopsida_Apiales_Apiaceae_Cicuta_virosa\ac881c3f-ba0f-4a23-ac1b-ba6567b0e9e2.jpg,309,299,299 370 322 350 438,0.07914767414331436
data\raw\val\06496_Plantae_Tracheophyta_Magnoliopsida_Apiales_Apiaceae_Cicuta_virosa\7b3c7734-cc93-4fa9-a0b1-be03814920a4.jpg,309,498,498 494 496 495 493,0.5648560523986816
data\raw\val\06496_Plantae_Tracheophyta_Magnoliopsida_Apiales_Apiaceae_Cicuta_virosa\dc551b9d-9cdb-4c12-967a-8ac6c8efbf01.jpg,309,394,394 311 308 491 451,0.13266530632972717
data\raw\val\06496_Plantae_Tracheophyta_Magnoliopsida_Apiales_Apiaceae_Cicuta_virosa\a7d57c8c-ee03-41e4-ac18-d35b6b6f1ec9.jpg,309,356,356 362 391 0 394,0.1402115821838379
data\raw\val\06499_Plantae_Tracheophyta_Magnoliopsida_Apiales_Apiaceae_Cryptotaenia_canadensis\cb6d05a6-accb-4589-a306-bbba24104632.jpg,310,492,492 275 304 246 495,0.16814033687114716
data\raw\val\06499_Plantae_Tracheophyta_Magnoliopsida_Apiales_Apiaceae_Cryptotaenia_canadensis\1853d542-e6ed-4617-b6e2-d992369f83b6.jpg,310,274,274 246 240 242 309,0.3130910396575928
data\raw\val\06499_Plantae_Tracheophyta_Magnoliopsida_Apiales_Apiaceae_Cryptotaenia_canadensis\0bfdf52d-2515-410f-8f2f-44f01cd73fc1.jpg,310,73,73 246 302 248 139,0.0879003256559372
data\raw\val\06499_Plantae_Tracheophyta_Magnoliopsida_Apiales_Apiaceae_Cryptotaenia_canadensis\ca06832f-113c-4ed0-9cdb-6cce75f34c41.jpg,310,305,305 492 491 302 304,0.15746425092220306
data\raw\val\06499_Plantae_Tracheophyta_Magnoliopsida_Apiales_Apiaceae_Cryptotaenia_canadensis\1275c169-6d3c-4829-bd0f-dfcc0d411519.jpg,310,240,240 491 304 492 335,0.1802758276462555
data\raw\val\06499_Plantae_Tracheophyta_Magnoliopsida_Apiales_Apiaceae_Cryptotaenia_canadensis\6ea2509c-adf2-470e-8614-b32214a55680.jpg,310,246,246 311 345 240 495,0.18603350222110748
data\raw\val\06499_Plantae_Tracheophyta_Magnoliopsida_Apiales_Apiaceae_Cryptotaenia_canadensis\1641e740-43d7-4a69-ae49-5402308d91ff.jpg,310,274,274 490 492 487 340,0.9651936292648315
data\raw\val\06499_Plantae_Tracheophyta_Magnoliopsida_Apiales_Apiaceae_Cryptotaenia_canadensis\bd0ca8e8-2a7b-4805-9cc2-766b7ad65d46.jpg,310,492,492 495 311 246 493,0.3382250666618347
data\raw\val\06499_Plantae_Tracheophyta_Magnoliopsida_Apiales_Apiaceae_Cryptotaenia_canadensis\127e2dc3-b3c9-4e94-b989-7daa839450f9.jpg,310,274,274 246 312 311 240,0.7081972360610962
data\raw\val\06499_Plantae_Tracheophyta_Magnoliopsida_Apiales_Apiaceae_Cryptotaenia_canadensis\9607a040-0aa3-444c-8ead-f5f249428204.jpg,310,274,274 311 492 361 322,0.14806191623210907
data\raw\val\06551_Plantae_Tracheophyta_Magnoliopsida_Apiales_Araliaceae_Aralia_racemosa\f59ebc0b-b07f-41e8-8118-eaf61f3f764d.jpg,311,311,311 312 274 424 246,0.6659936308860779
data\raw\val\06551_Plantae_Tracheophyta_Magnoliopsida_Apiales_Araliaceae_Aralia_racemosa\e27acc38-2ead-4593-a9a8-d22dcb409faa.jpg,311,274,274 320 240 312 302,0.09320897608995438
data\raw\val\06551_Plantae_Tracheophyta_Magnoliopsida_Apiales_Araliaceae_Aralia_racemosa\f21b7e04-6fa5-4ee5-8730-f3e22369ad69.jpg,311,274,274 246 312 311 492,0.9813652634620667
data\raw\val\06551_Plantae_Tracheophyta_Magnoliopsida_Apiales_Araliaceae_Aralia_racemosa\3a345f74-13be-4eac-adae-a58f08783d50.jpg,311,311,311 246 274 492 312,0.4208540618419647
data\raw\val\06551_Plantae_Tracheophyta_Magnoliopsida_Apiales_Araliaceae_Aralia_racemosa\f11510cf-dc5a-4f2f-8dc4-66863052fefd.jpg,311,476,476 478 311 417 472,0.15000978112220764
data\raw\val\06551_Plantae_Tracheophyta_Magnoliopsida_Apiales_Araliaceae_Aralia_racemosa\74d2d282-4660-46f5-9fff-7fb06f593e24.jpg,311,311,311 312 246 492 460,0.5924985408782959
data\raw\val\06551_Plantae_Tracheophyta_Magnoliopsida_Apiales_Araliaceae_Aralia_racemosa\e89e9004-74a6-48bb-84bb-7d7f55686b96.jpg,311,311,311 312 472 274 492,0.48745426535606384
data\raw\val\06551_Plantae_Tracheophyta_Magnoliopsida_Apiales_Araliaceae_Aralia_racemosa\b388ee7c-fd04-4d5c-be8c-7e8da082efee.jpg,311,311,311 312 492 472 493,0.7621710300445557
data\raw\val\06551_Plantae_Tracheophyta_Magnoliopsida_Apiales_Araliaceae_Aralia_racemosa\3992b053-df37-46b9-979e-a07cb8cac3bf.jpg,311,311,311 312 492 246 382,0.8162006735801697
data\raw\val\06551_Plantae_Tracheophyta_Magnoliopsida_Apiales_Araliaceae_Aralia_racemosa\52758ee6-d487-41b4-928b-579542b9c5cc.jpg,311,311,311 344 366 364 460,0.11991444230079651
data\raw\val\06558_Plantae_Tracheophyta_Magnoliopsida_Apiales_Araliaceae_Hydrocotyle_ranunculoides\704984b8-d484-4ead-9fdb-a34e2cffa67f.jpg,312,275,275 313 312 364 366,0.30760571360588074
data\raw\val\06558_Plantae_Tracheophyta_Magnoliopsida_Apiales_Araliaceae_Hydrocotyle_ranunculoides\5b2a720e-73d2-4e3c-a34c-3850491997f9.jpg,312,274,274 312 256 246 366,0.6073734164237976
data\raw\val\06558_Plantae_Tracheophyta_Magnoliopsida_Apiales_Araliaceae_Hydrocotyle_ranunculoides\7e34eea4-1a81-4ec2-b8e9-25964738784b.jpg,312,274,274 134 246 137 135,0.11591403931379318
data\raw\val\06558_Plantae_Tracheophyta_Magnoliopsida_Apiales_Araliaceae_Hydrocotyle_ranunculoides\fa4284db-c205-4faf-8b83-0fe6eef84101.jpg,312,492,492 275 493 246 311,0.30595073103904724
data\raw\val\06558_Plantae_Tracheophyta_Magnoliopsida_Apiales_Araliaceae_Hydrocotyle_ranunculoides\f15605c9-3b81-4e0f-9724-d7893d468384.jpg,312,492,492 493 246 472 497,0.6406760811805725
data\raw\val\06558_Plantae_Tracheophyta_Magnoliopsida_Apiales_Araliaceae_Hydrocotyle_ranunculoides\6ee223ff-8c7e-495b-8eb6-2fb7eb5393b6.jpg,312,274,274 246 136 134 257,0.8189913034439087
data\raw\val\06558_Plantae_Tracheophyta_Magnoliopsida_Apiales_Araliaceae_Hydrocotyle_ranunculoides\6d290bf3-273e-44f3-be73-3fff305f54a3.jpg,312,312,312 274 366 275 424,0.7263142466545105
data\raw\val\06558_Plantae_Tracheophyta_Magnoliopsida_Apiales_Araliaceae_Hydrocotyle_ranunculoides\13d084e5-af19-46f5-bf87-000c2a3a635e.jpg,312,274,274 312 366 472 492,0.8016435503959656
data\raw\val\06558_Plantae_Tracheophyta_Magnoliopsida_Apiales_Araliaceae_Hydrocotyle_ranunculoides\2805f31e-c61b-4bcb-9d2d-0486e801abf1.jpg,312,312,312 366 274 487 256,0.678531289100647
data\raw\val\06558_Plantae_Tracheophyta_Magnoliopsida_Apiales_Araliaceae_Hydrocotyle_ranunculoides\ff6c5312-32d2-42a5-9e37-b32c6f241c6b.jpg,312,275,275 257 312 492 438,0.9776521325111389
data\raw\val\06589_Plantae_Tracheophyta_Magnoliopsida_Asterales_Argophyllaceae_Corokia_cotoneaster\5ff69fca-23f2-40fb-92e6-9548e870963c.jpg,313,313,313 468 437 364 471,0.921143114566803
data\raw\val\06589_Plantae_Tracheophyta_Magnoliopsida_Asterales_Argophyllaceae_Corokia_cotoneaster\acdf26d0-26c6-4455-9427-86c05d1aebcf.jpg,313,275,275 313 391 348 257,0.4840368330478668
data\raw\val\06589_Plantae_Tracheophyta_Magnoliopsida_Asterales_Argophyllaceae_Corokia_cotoneaster\f839811b-1043-4cd2-a02f-91900a5b21df.jpg,313,246,246 274 354 91 137,0.19741228222846985
data\raw\val\06589_Plantae_Tracheophyta_Magnoliopsida_Asterales_Argophyllaceae_Corokia_cotoneaster\0ae9a1c7-c7a5-400e-88a5-f1272e536144.jpg,313,351,351 472 246 476 262,0.11865077912807465
data\raw\val\06589_Plantae_Tracheophyta_Magnoliopsida_Asterales_Argophyllaceae_Corokia_cotoneaster\faabe367-70ca-4721-831a-150eb43249b9.jpg,313,313,313 451 356 442 344,0.8433356881141663
data\raw\val\06589_Plantae_Tracheophyta_Magnoliopsida_Asterales_Argophyllaceae_Corokia_cotoneaster\5fa55c4e-0670-46f1-b7d8-fe711392f8af.jpg,313,442,442 313 468 350 315,0.4560129940509796
data\raw\val\06589_Plantae_Tracheophyta_Magnoliopsida_Asterales_Argophyllaceae_Corokia_cotoneaster\8f783448-28cc-4d01-af1c-2445a8bc4b06.jpg,313,366,366 246 313 255 468,0.13909366726875305
data\raw\val\06589_Plantae_Tracheophyta_Magnoliopsida_Asterales_Argophyllaceae_Corokia_cotoneaster\9feb34bd-a5bb-4083-beb7-bc9ae639bc69.jpg,313,354,354 353 480 295 427,0.48247379064559937
data\raw\val\06589_Plantae_Tracheophyta_Magnoliopsida_Asterales_Argophyllaceae_Corokia_cotoneaster\9a52a000-2cd6-484f-9209-a27b0e83ad5c.jpg,313,312,312 329 391 366 460,0.10125459730625153
data\raw\val\06589_Plantae_Tracheophyta_Magnoliopsida_Asterales_Argophyllaceae_Corokia_cotoneaster\296cb1e5-26c4-40ef-85e7-53edcf242aa6.jpg,313,313,313 442 369 451 469,0.9275690317153931
data\raw\val\06606_Plantae_Tracheophyta_Magnoliopsida_Asterales_Asteraceae_Ambrosia_deltoidea\441f9348-c9d1-4ae6-84b0-1df2f77b8488.jpg,314,492,492 344 275 274 314,0.12948742508888245
data\raw\val\06606_Plantae_Tracheophyta_Magnoliopsida_Asterales_Asteraceae_Ambrosia_deltoidea\bf44b826-358b-4437-b9a3-d0e98f05c27b.jpg,314,468,468 437 313 438 406,0.31691619753837585
data\raw\val\06606_Plantae_Tracheophyta_Magnoliopsida_Asterales_Asteraceae_Ambrosia_deltoidea\8f7db4c3-87ca-40ef-94f0-4c6ab52debec.jpg,314,348,348 5 7 124 25,0.04892698675394058
data\raw\val\06606_Plantae_Tracheophyta_Magnoliopsida_Asterales_Asteraceae_Ambrosia_deltoidea\c84aaab0-efb3-43b9-9fcf-42745dc5fa0c.jpg,314,313,313 438 406 468 344,0.5440414547920227
data\raw\val\06606_Plantae_Tracheophyta_Magnoliopsida_Asterales_Asteraceae_Ambrosia_deltoidea\93aebdf7-1266-4ed9-884c-4a674ea2b4fd.jpg,314,492,492 344 345 274 73,0.12258847802877426
data\raw\val\06606_Plantae_Tracheophyta_Magnoliopsida_Asterales_Asteraceae_Ambrosia_deltoidea\f66f1f97-d80d-4c65-beec-8df71c4a8fd1.jpg,314,274,274 256 366 73 313,0.07453593611717224
data\raw\val\06606_Plantae_Tracheophyta_Magnoliopsida_Asterales_Asteraceae_Ambrosia_deltoidea\814ac8ee-ee89-4b50-85c4-60f62fa23d59.jpg,314,438,438 437 468 345 313,0.763179361820221
data\raw\val\06606_Plantae_Tracheophyta_Magnoliopsida_Asterales_Asteraceae_Ambrosia_deltoidea\0ddadcc9-047b-48c2-a9c4-56ef75a6191b.jpg,314,438,438 468 406 344 345,0.8832718729972839
data\raw\val\06606_Plantae_Tracheophyta_Magnoliopsida_Asterales_Asteraceae_Ambrosia_deltoidea\6c1ea7f5-95b3-427e-97f9-b4f3a16baee4.jpg,314,350,350 344 313 468 246,0.23214910924434662
data\raw\val\06606_Plantae_Tracheophyta_Magnoliopsida_Asterales_Asteraceae_Ambrosia_deltoidea\6468a9d7-c1e9-49bc-bc2a-f4e0535b8482.jpg,314,246,246 274 366 275 354,0.06149594858288765
data\raw\val\06611_Plantae_Tracheophyta_Magnoliopsida_Asterales_Asteraceae_Anaphalioides_bellidioides\4ca21123-ded1-4bd6-953a-d3425022bdb7.jpg,315,406,406 344 438 345 313,0.3000190258026123
data\raw\val\06611_Plantae_Tracheophyta_Magnoliopsida_Asterales_Asteraceae_Anaphalioides_bellidioides\3482f448-4810-4ba6-b104-eccb4f7ab67b.jpg,315,246,246 257 274 73 249,0.09445410221815109
data\raw\val\06611_Plantae_Tracheophyta_Magnoliopsida_Asterales_Asteraceae_Anaphalioides_bellidioides\3ca31adf-69ca-44e0-80f4-4748f6eb7e37.jpg,315,492,492 493 491 484 305,0.49709516763687134
data\raw\val\06611_Plantae_Tracheophyta_Magnoliopsida_Asterales_Asteraceae_Anaphalioides_bellidioides\e81d8031-be58-4d95-9c77-2d684765cfc7.jpg,315,274,274 487 315 347 442,0.13951537013053894
data\raw\val\06611_Plantae_Tracheophyta_Magnoliopsida_Asterales_Asteraceae_Anaphalioides_bellidioides\f2e398d0-7c66-45bc-be13-46c983a56e83.jpg,315,275,275 492 498 493 494,0.3383355140686035
data\raw\val\06611_Plantae_Tracheophyta_Magnoliopsida_Asterales_Asteraceae_Anaphalioides_bellidioides\355aa88c-8b2c-40fd-9589-4bd72349af94.jpg,315,315,315 336 330 365 418,0.9801827669143677
data\raw\val\06611_Plantae_Tracheophyta_Magnoliopsida_Asterales_Asteraceae_Anaphalioides_bellidioides\936d3ace-f4c0-494d-aaf6-3c0b1b564f60.jpg,315,315,315 370 366 372 257,0.35836872458457947
data\raw\val\06611_Plantae_Tracheophyta_Magnoliopsida_Asterales_Asteraceae_Anaphalioides_bellidioides\feceaf35-42fa-4cf7-bb78-f1f5d87b5277.jpg,315,274,274 354 275 124 123,0.1701550930738449
data\raw\val\06611_Plantae_Tracheophyta_Magnoliopsida_Asterales_Asteraceae_Anaphalioides_bellidioides\45eb873c-8d8f-4e47-aa32-5e71d4776282.jpg,315,347,347 414 487 379 359,0.24884603917598724
data\raw\val\06611_Plantae_Tracheophyta_Magnoliopsida_Asterales_Asteraceae_Anaphalioides_bellidioides\060a9c57-ebfc-486d-a5dc-2784e4500968.jpg,315,315,315 427 330 350 353,0.4968739151954651
data\raw\val\06638_Plantae_Tracheophyta_Magnoliopsida_Asterales_Asteraceae_Artemisia_tridentata\74d51330-97e3-49cd-8a53-5537f5339e89.jpg,316,468,468 257 366 329 275,0.08990408480167389
data\raw\val\06638_Plantae_Tracheophyta_Magnoliopsida_Asterales_Asteraceae_Artemisia_tridentata\2faed4f5-5007-4018-a6e8-574a57acb63e.jpg,316,316,316 414 379 259 468,0.08384200185537338
data\raw\val\06638_Plantae_Tracheophyta_Magnoliopsida_Asterales_Asteraceae_Artemisia_tridentata\73c53a19-e52e-491b-ab42-79a1acc0d577.jpg,316,316,316 379 488 283 278,0.10023942589759827
data\raw\val\06638_Plantae_Tracheophyta_Magnoliopsida_Asterales_Asteraceae_Artemisia_tridentata\4bb0b437-54f9-432e-a107-b812cc1e3e55.jpg,316,316,316 366 468 487 365,0.29272395372390747
data\raw\val\06638_Plantae_Tracheophyta_Magnoliopsida_Asterales_Asteraceae_Artemisia_tridentata\ff5ef8d7-de8c-4d89-86ab-1c480995ac6a.jpg,316,344,344 350 480 330 377,0.6322066187858582
data\raw\val\06638_Plantae_Tracheophyta_Magnoliopsida_Asterales_Asteraceae_Artemisia_tridentata\ceb56321-bfba-485c-924a-b0deb3e34c29.jpg,316,275,275 348 487 273 428,0.2685634195804596
data\raw\val\06638_Plantae_Tracheophyta_Magnoliopsida_Asterales_Asteraceae_Artemisia_tridentata\d9dd0052-d3ea-48c3-8372-da25a338b402.jpg,316,366,366 451 394 468 369,0.21652841567993164
data\raw\val\06638_Plantae_Tracheophyta_Magnoliopsida_Asterales_Asteraceae_Artemisia_tridentata\8c3ce2de-dee5-44f4-bd8c-17715b31a6f4.jpg,316,487,487 366 379 316 273,0.18278050422668457
data\raw\val\06638_Plantae_Tracheophyta_Magnoliopsida_Asterales_Asteraceae_Artemisia_tridentata\5f976cb3-85ce-4c07-af50-1697355297e8.jpg,316,347,347 273 354 350 344,0.33697476983070374
data\raw\val\06638_Plantae_Tracheophyta_Magnoliopsida_Asterales_Asteraceae_Artemisia_tridentata\705e1b50-db08-49c4-8851-5579b7220734.jpg,316,348,348 487 379 353 355,0.0749075636267662
data\raw\val\06656_Plantae_Tracheophyta_Magnoliopsida_Asterales_Asteraceae_Bidens_bipinnata\8504b93f-2824-4af7-8adf-90a149cc220d.jpg,317,274,274 451 268 398 442,0.49428850412368774
data\raw\val\06656_Plantae_Tracheophyta_Magnoliopsida_Asterales_Asteraceae_Bidens_bipinnata\6f634e0e-e78e-4a5d-8d68-f9706015832c.jpg,317,438,438 460 484 471 345,0.1435966044664383
data\raw\val\06656_Plantae_Tracheophyta_Magnoliopsida_Asterales_Asteraceae_Bidens_bipinnata\c10a0818-94d4-4b23-832d-15b73ae1e9c1.jpg,317,131,131 248 136 56 132,0.04485282674431801
data\raw\val\06656_Plantae_Tracheophyta_Magnoliopsida_Asterales_Asteraceae_Bidens_bipinnata\333a0c31-1cc0-479b-a65a-75e486431acf.jpg,317,344,344 438 471 362 354,0.21017424762248993
data\raw\val\06656_Plantae_Tracheophyta_Magnoliopsida_Asterales_Asteraceae_Bidens_bipinnata\11117136-d150-4ffd-aa64-524126d004b1.jpg,317,398,398 382 460 471 468,0.0906338170170784
data\raw\val\06656_Plantae_Tracheophyta_Magnoliopsida_Asterales_Asteraceae_Bidens_bipinnata\72b72357-b215-4810-abd6-6d4e2db7e721.jpg,317,246,246 492 275 145 493,0.10804127156734467
data\raw\val\06656_Plantae_Tracheophyta_Magnoliopsida_Asterales_Asteraceae_Bidens_bipinnata\27b8e13b-e65a-43e2-a3eb-e4390cb9e164.jpg,317,497,497 492 499 493 275,0.3450445234775543
data\raw\val\06656_Plantae_Tracheophyta_Magnoliopsida_Asterales_Asteraceae_Bidens_bipinnata\ba9c8ac2-65bc-416c-809e-67aff61f8a45.jpg,317,495,495 381 92 14 499,0.17955723404884338
data\raw\val\06656_Plantae_Tracheophyta_Magnoliopsida_Asterales_Asteraceae_Bidens_bipinnata\c4c79a0b-fcde-4cc1-acf3-8d052ce7e223.jpg,317,366,366 317 380 491 490,0.024894196540117264
data\raw\val\06656_Plantae_Tracheophyta_Magnoliopsida_Asterales_Asteraceae_Bidens_bipinnata\928ac5e6-94ee-4279-83b2-70bef9229f69.jpg,317,460,460 274 398 256 382,0.1255631148815155
data\raw\val\06672_Plantae_Tracheophyta_Magnoliopsida_Asterales_Asteraceae_Carduus_pycnocephalus\881540f4-6c8d-4de9-9829-4e48ef721708.jpg,318,347,347 490 273 2 315,0.120477095246315
data\raw\val\06672_Plantae_Tracheophyta_Magnoliopsida_Asterales_Asteraceae_Carduus_pycnocephalus\fde5a48c-365d-4f64-90fc-8a4496a8292d.jpg,318,458,458 355 366 274 487,0.11017150431871414
data\raw\val\06672_Plantae_Tracheophyta_Magnoliopsida_Asterales_Asteraceae_Carduus_pycnocephalus\e4fbc64d-3ded-4ac0-81fe-adf88ee2cc8b.jpg,318,438,438 344 406 345 364,0.4283190965652466
data\raw\val\06672_Plantae_Tracheophyta_Magnoliopsida_Asterales_Asteraceae_Carduus_pycnocephalus\ace90564-e01b-42bd-84a4-87758e8fdef0.jpg,318,366,366 390 377 281 451,0.05668056383728981
data\raw\val\06672_Plantae_Tracheophyta_Magnoliopsida_Asterales_Asteraceae_Carduus_pycnocephalus\11a13c15-db6b-4492-bda9-1bc17f5092e1.jpg,318,361,361 388 344 350 486,0.0817943811416626
data\raw\val\06672_Plantae_Tracheophyta_Magnoliopsida_Asterales_Asteraceae_Carduus_pycnocephalus\50015e80-6cf9-4631-a843-b714faae9563.jpg,318,355,355 347 249 451 302,0.059970058500766754
data\raw\val\06672_Plantae_Tracheophyta_Magnoliopsida_Asterales_Asteraceae_Carduus_pycnocephalus\6a272411-dbbf-472e-9110-0f97cfc6f372.jpg,318,377,377 350 361 379 390,0.16506190598011017
data\raw\val\06672_Plantae_Tracheophyta_Magnoliopsida_Asterales_Asteraceae_Carduus_pycnocephalus\71165baf-dea0-43a9-b2e7-09d5d64e11a0.jpg,318,344,344 362 394 313 451,0.07004173845052719
data\raw\val\06672_Plantae_Tracheophyta_Magnoliopsida_Asterales_Asteraceae_Carduus_pycnocephalus\131e146c-42af-4bcc-985d-1bde23b1295b.jpg,318,347,347 350 349 318 319,0.2689160704612732
data\raw\val\06672_Plantae_Tracheophyta_Magnoliopsida_Asterales_Asteraceae_Carduus_pycnocephalus\1bfbe608-913b-4d90-be2f-fbe81da01f67.jpg,318,136,136 135 132 137 246,0.07278609275817871
data\raw\val\06714_Plantae_Tracheophyta_Magnoliopsida_Asterales_Asteraceae_Cirsium_pitcheri\0185c461-c35d-4055-9e59-b0ca87a14052.jpg,319,2,2 74 91 127 32,0.057973578572273254
data\raw\val\06714_Plantae_Tracheophyta_Magnoliopsida_Asterales_Asteraceae_Cirsium_pitcheri\7004b24d-56b4-4afa-96be-dc33321a668e.jpg,319,356,356 483 353 482 355,0.07970646768808365
data\raw\val\06714_Plantae_Tracheophyta_Magnoliopsida_Asterales_Asteraceae_Cirsium_pitcheri\91dd792a-558b-4f28-9351-2d0f1ccb6414.jpg,319,283,283 489 488 347 278,0.15003487467765808
data\raw\val\06714_Plantae_Tracheophyta_Magnoliopsida_Asterales_Asteraceae_Cirsium_pitcheri\08ecfa21-a974-4f40-b03d-1af6c75d97e8.jpg,319,414,414 468 437 427 416,0.10724865645170212
data\raw\val\06714_Plantae_Tracheophyta_Magnoliopsida_Asterales_Asteraceae_Cirsium_pitcheri\0ab476ca-222c-4c82-b857-9022fddb839e.jpg,319,442,442 350 347 344 348,0.44301822781562805
data\raw\val\06714_Plantae_Tracheophyta_Magnoliopsida_Asterales_Asteraceae_Cirsium_pitcheri\6bea415b-8cb3-4fb5-9a82-e35b794e6991.jpg,319,355,355 348 438 428 442,0.09211183339357376
data\raw\val\06714_Plantae_Tracheophyta_Magnoliopsida_Asterales_Asteraceae_Cirsium_pitcheri\0586958d-ca5d-4813-8ed7-42339635e2b6.jpg,319,353,353 355 354 323 350,0.19507171213626862
data\raw\val\06714_Plantae_Tracheophyta_Magnoliopsida_Asterales_Asteraceae_Cirsium_pitcheri\185e8f7f-5938-4578-8f5b-941deaa5e5d7.jpg,319,468,468 484 471 482 438,0.15892578661441803
data\raw\val\06714_Plantae_Tracheophyta_Magnoliopsida_Asterales_Asteraceae_Cirsium_pitcheri\928d65cc-8b96-45c0-88a5-81146dda1d44.jpg,319,355,355 428 348 319 305,0.42794331908226013
data\raw\val\06714_Plantae_Tracheophyta_Magnoliopsida_Asterales_Asteraceae_Cirsium_pitcheri\67932ff3-9c8a-4af8-8704-f21afddbef8d.jpg,319,427,427 319 355 348 414,0.19742074608802795
data\raw\val\06745_Plantae_Tracheophyta_Magnoliopsida_Asterales_Asteraceae_Dittrichia_graveolens\d1f88ec2-8b61-419c-838d-d4aba9f089f1.jpg,320,313,313 468 451 471 442,0.7804588079452515
data\raw\val\06745_Plantae_Tracheophyta_Magnoliopsida_Asterales_Asteraceae_Dittrichia_graveolens\7a26269e-25ca-417a-a3cc-55335093cadd.jpg,320,299,299 324 418 320 442,0.15799200534820557
data\raw\val\06745_Plantae_Tracheophyta_Magnoliopsida_Asterales_Asteraceae_Dittrichia_graveolens\ba6fb2ba-d1d1-40f2-ad3f-253f52b05722.jpg,320,468,468 329 460 438 471,0.3370779752731323
data\raw\val\06745_Plantae_Tracheophyta_Magnoliopsida_Asterales_Asteraceae_Dittrichia_graveolens\fb664418-72d8-42d4-b8a1-b09dfab7aa8e.jpg,320,438,438 313 344 437 364,0.8250964879989624
data\raw\val\06745_Plantae_Tracheophyta_Magnoliopsida_Asterales_Asteraceae_Dittrichia_graveolens\fe736960-1222-489d-8068-3ff37bf0766b.jpg,320,320,320 309 404 299 277,0.04019103944301605
data\raw\val\06745_Plantae_Tracheophyta_Magnoliopsida_Asterales_Asteraceae_Dittrichia_graveolens\2bc38ac4-e065-4a6a-99aa-cc1e31488eae.jpg,320,302,302 348 305 428 320,0.16053442656993866
data\raw\val\06745_Plantae_Tracheophyta_Magnoliopsida_Asterales_Asteraceae_Dittrichia_graveolens\43b7aa4d-66da-4cb3-bb19-20465fa24001.jpg,320,320,320 299 418 347 359,0.2991599142551422
data\raw\val\06745_Plantae_Tracheophyta_Magnoliopsida_Asterales_Asteraceae_Dittrichia_graveolens\93472507-7375-4883-b5c1-daa906b4583d.jpg,320,299,299 320 322 317 416,0.1960897445678711
data\raw\val\06745_Plantae_Tracheophyta_Magnoliopsida_Asterales_Asteraceae_Dittrichia_graveolens\99fd15ec-c1e3-492d-b98b-d48578e25519.jpg,320,345,345 322 468 406 414,0.13734854757785797
data\raw\val\06745_Plantae_Tracheophyta_Magnoliopsida_Asterales_Asteraceae_Dittrichia_graveolens\c9eabb5a-947b-4a50-bbc2-f2e90976b23f.jpg,320,302,302 322 428 299 309,0.4819907248020172
data\raw\val\06747_Plantae_Tracheophyta_Magnoliopsida_Asterales_Asteraceae_Doellingeria_umbellata\cf34df06-d01e-4e6d-8ac9-2b9db957b934.jpg,321,418,418 315 331 370 309,0.12494323402643204
data\raw\val\06747_Plantae_Tracheophyta_Magnoliopsida_Asterales_Asteraceae_Doellingeria_umbellata\54ddbd59-44b7-4a3d-935e-218ace5dcd06.jpg,321,305,305 496 492 309 304,0.20041605830192566
data\raw\val\06747_Plantae_Tracheophyta_Magnoliopsida_Asterales_Asteraceae_Doellingeria_umbellata\c00417e3-a062-48a5-a4c2-bfb06f8120fd.jpg,321,321,321 336 394 370 471,0.8056530952453613
data\raw\val\06747_Plantae_Tracheophyta_Magnoliopsida_Asterales_Asteraceae_Doellingeria_umbellata\38448d31-4b32-452d-86d8-2af75bd0cf79.jpg,321,336,336 321 370 365 315,0.44139575958251953
data\raw\val\06747_Plantae_Tracheophyta_Magnoliopsida_Asterales_Asteraceae_Doellingeria_umbellata\13ae04ec-a831-466a-a906-77879cb73310.jpg,321,394,394 451 468 365 471,0.4423142671585083
data\raw\val\06747_Plantae_Tracheophyta_Magnoliopsida_Asterales_Asteraceae_Doellingeria_umbellata\056c3dc7-76b3-45cf-b827-e72e78cfb790.jpg,321,311,311 309 499 491 305,0.11995311081409454
data\raw\val\06747_Plantae_Tracheophyta_Magnoliopsida_Asterales_Asteraceae_Doellingeria_umbellata\8a73303b-1940-4a70-9b8f-30be0ce8744e.jpg,321,336,336 321 327 328 315,0.33002570271492004
data\raw\val\06747_Plantae_Tracheophyta_Magnoliopsida_Asterales_Asteraceae_Doellingeria_umbellata\1c16441a-ec60-4b7e-9fb5-aa3c787e05d2.jpg,321,354,354 344 246 353 73,0.14028207957744598
data\raw\val\06747_Plantae_Tracheophyta_Magnoliopsida_Asterales_Asteraceae_Doellingeria_umbellata\2743607e-8ca9-4c65-8099-f9ab009c6f30.jpg,321,321,321 336 308 333 394,0.7060803174972534
data\raw\val\06747_Plantae_Tracheophyta_Magnoliopsida_Asterales_Asteraceae_Doellingeria_umbellata\3c6eaee6-6254-4494-bdc9-508ce1a056aa.jpg,321,347,347 273 442 2 7,0.6378711462020874
data\raw\val\06771_Plantae_Tracheophyta_Magnoliopsida_Asterales_Asteraceae_Erigeron_canadensis\19fd6e53-716b-460c-a6da-ddbdd3492c1d.jpg,322,468,468 438 471 406 437,0.3444471061229706
data\raw\val\06771_Plantae_Tracheophyta_Magnoliopsida_Asterales_Asteraceae_Erigeron_canadensis\4dc5550d-6f3b-469d-b08f-935dc6e89c1f.jpg,322,274,274 347 458 283 344,0.10555939376354218
data\raw\val\06771_Plantae_Tracheophyta_Magnoliopsida_Asterales_Asteraceae_Erigeron_canadensis\6785ccd0-72b2-49ea-874f-3b73f55516eb.jpg,322,322,322 489 366 487 486,0.18752257525920868
data\raw\val\06771_Plantae_Tracheophyta_Magnoliopsida_Asterales_Asteraceae_Erigeron_canadensis\b84364d6-4a08-48b7-9d39-3c05d591b3ee.jpg,322,327,327 322 325 468 320,0.17892609536647797
data\raw\val\06771_Plantae_Tracheophyta_Magnoliopsida_Asterales_Asteraceae_Erigeron_canadensis\5287ae26-ce78-43ac-aa8d-5fbaa035d8b5.jpg,322,468,468 329 370 460 328,0.3226567506790161
data\raw\val\06771_Plantae_Tracheophyta_Magnoliopsida_Asterales_Asteraceae_Erigeron_canadensis\dc1f2a4b-302f-4896-a1aa-a378de7f36fe.jpg,322,468,468 406 438 313 345,0.637811005115509
data\raw\val\06771_Plantae_Tracheophyta_Magnoliopsida_Asterales_Asteraceae_Erigeron_canadensis\89bbc960-bacb-4450-a68a-615ba4c55d41.jpg,322,466,466 415 419 302 310,0.09359686821699142
data\raw\val\06771_Plantae_Tracheophyta_Magnoliopsida_Asterales_Asteraceae_Erigeron_canadensis\8d4d8da9-3ec5-4d6a-893c-93004eb6330f.jpg,322,246,246 492 311 344 240,0.5176474452018738
data\raw\val\06771_Plantae_Tracheophyta_Magnoliopsida_Asterales_Asteraceae_Erigeron_canadensis\790c525f-1379-4724-8175-b725c724235c.jpg,322,315,315 320 370 309 322,0.06552165746688843
data\raw\val\06771_Plantae_Tracheophyta_Magnoliopsida_Asterales_Asteraceae_Erigeron_canadensis\b92ee9f3-c1aa-45d8-a9b4-2b4c8a876815.jpg,322,491,491 350 490 299 281,0.12799841165542603
data\raw\val\06773_Plantae_Tracheophyta_Magnoliopsida_Asterales_Asteraceae_Erigeron_foliosus\ba32401c-6270-4af3-8588-a2c5f6066131.jpg,323,323,323 350 354 380 330,0.2541027367115021
data\raw\val\06773_Plantae_Tracheophyta_Magnoliopsida_Asterales_Asteraceae_Erigeron_foliosus\4c896541-dff4-405a-a58b-47ee8ff2b795.jpg,323,323,323 336 330 315 328,0.2867817282676697
data\raw\val\06773_Plantae_Tracheophyta_Magnoliopsida_Asterales_Asteraceae_Erigeron_foliosus\aa420105-0e42-4c7e-a57c-5074f37f35d9.jpg,323,315,315 370 328 484 330,0.34151187539100647
data\raw\val\06773_Plantae_Tracheophyta_Magnoliopsida_Asterales_Asteraceae_Erigeron_foliosus\91d217ba-6185-496e-b718-6c754e974a4b.jpg,323,426,426 323 465 256 274,0.08376013487577438
data\raw\val\06773_Plantae_Tracheophyta_Magnoliopsida_Asterales_Asteraceae_Erigeron_foliosus\46b00811-0e5a-4f7e-abfd-ccae6aa930e6.jpg,323,323,323 451 465 350 73,0.06866515427827835
data\raw\val\06773_Plantae_Tracheophyta_Magnoliopsida_Asterales_Asteraceae_Erigeron_foliosus\87bd7976-2410-4d51-9aa0-23f228d2d005.jpg,323,330,330 323 350 315 336,0.43369075655937195
data\raw\val\06773_Plantae_Tracheophyta_Magnoliopsida_Asterales_Asteraceae_Erigeron_foliosus\aeb7d050-9f4b-47ed-a794-673d56811665.jpg,323,246,246 249 354 123 145,0.43090319633483887
data\raw\val\06773_Plantae_Tracheophyta_Magnoliopsida_Asterales_Asteraceae_Erigeron_foliosus\552d877c-38be-40d6-9f35-201c18e51d05.jpg,323,426,426 323 445 329 41,0.18487511575222015
data\raw\val\06773_Plantae_Tracheophyta_Magnoliopsida_Asterales_Asteraceae_Erigeron_foliosus\f793441b-e195-48d3-8466-bbedeab588c0.jpg,323,323,323 445 409 350 329,0.4984513819217682
data\raw\val\06773_Plantae_Tracheophyta_Magnoliopsida_Asterales_Asteraceae_Erigeron_foliosus\df012c83-20c7-4041-bd5a-45a1478dec44.jpg,323,323,323 330 456 299 465,0.8257047533988953
data\raw\val\06811_Plantae_Tracheophyta_Magnoliopsida_Asterales_Asteraceae_Gnaphalium_uliginosum\36285aa8-2f56-421d-b53f-f47667a9d989.jpg,324,438,438 437 442 313 468,0.36109891533851624
data\raw\val\06811_Plantae_Tracheophyta_Magnoliopsida_Asterales_Asteraceae_Gnaphalium_uliginosum\f8ff7c05-bd01-4cdd-b300-5f0e88bb361b.jpg,324,496,496 340 275 492 304,0.5265426635742188
data\raw\val\06811_Plantae_Tracheophyta_Magnoliopsida_Asterales_Asteraceae_Gnaphalium_uliginosum\dd966127-ee8e-4074-ac84-be392a686d6a.jpg,324,344,344 281 473 486 354,0.1257026344537735
data\raw\val\06811_Plantae_Tracheophyta_Magnoliopsida_Asterales_Asteraceae_Gnaphalium_uliginosum\245690d3-2853-44ec-aa77-b1232a0cec1c.jpg,324,313,313 437 442 468 438,0.4015936553478241
data\raw\val\06811_Plantae_Tracheophyta_Magnoliopsida_Asterales_Asteraceae_Gnaphalium_uliginosum\ddf0bae9-d8a4-45ab-a65f-c6464da26395.jpg,324,496,496 492 309 305 499,0.173450767993927
data\raw\val\06811_Plantae_Tracheophyta_Magnoliopsida_Asterales_Asteraceae_Gnaphalium_uliginosum\28fc0811-8fa9-4b98-a773-b2096bd89b61.jpg,324,277,277 427 299 455 300,0.47599369287490845
data\raw\val\06811_Plantae_Tracheophyta_Magnoliopsida_Asterales_Asteraceae_Gnaphalium_uliginosum\ca1e277f-f5ed-44ee-8d19-85d2855fb69c.jpg,324,273,273 347 275 136 344,0.05525388568639755
data\raw\val\06811_Plantae_Tracheophyta_Magnoliopsida_Asterales_Asteraceae_Gnaphalium_uliginosum\6055fb77-7509-4ff0-b146-0249bdcaa821.jpg,324,496,496 492 397 275 344,0.17373044788837433
data\raw\val\06811_Plantae_Tracheophyta_Magnoliopsida_Asterales_Asteraceae_Gnaphalium_uliginosum\f87ea6cd-69ba-4e42-b3de-9bebd313fa59.jpg,324,340,340 442 240 275 492,0.19372054934501648
data\raw\val\06811_Plantae_Tracheophyta_Magnoliopsida_Asterales_Asteraceae_Gnaphalium_uliginosum\93a738fa-6736-4b03-b7bd-18ad011f76ab.jpg,324,492,492 335 496 275 388,0.23478810489177704
data\raw\val\06815_Plantae_Tracheophyta_Magnoliopsida_Asterales_Asteraceae_Gutierrezia_sarothrae\dc0a6089-6417-4c3e-9243-69bde6b6f697.jpg,325,468,468 437 313 356 471,0.8103575110435486
data\raw\val\06815_Plantae_Tracheophyta_Magnoliopsida_Asterales_Asteraceae_Gutierrezia_sarothrae\d0b5a4be-2ee2-4417-9fa9-3728282a0d64.jpg,325,256,256 325 480 391 327,0.5897470712661743
data\raw\val\06815_Plantae_Tracheophyta_Magnoliopsida_Asterales_Asteraceae_Gutierrezia_sarothrae\91e5d61d-608d-4e53-8b39-2cd6d7ae5c5c.jpg,325,325,325 386 389 385 333,0.46751412749290466
data\raw\val\06815_Plantae_Tracheophyta_Magnoliopsida_Asterales_Asteraceae_Gutierrezia_sarothrae\cc28316c-2f90-4632-a40b-51f2397c5af0.jpg,325,427,427 322 299 418 327,0.11715253442525864
data\raw\val\06815_Plantae_Tracheophyta_Magnoliopsida_Asterales_Asteraceae_Gutierrezia_sarothrae\d768beef-1787-48d9-b7a1-6c16d3dc9568.jpg,325,256,256 387 325 329 382,0.07435409724712372
data\raw\val\06815_Plantae_Tracheophyta_Magnoliopsida_Asterales_Asteraceae_Gutierrezia_sarothrae\f8476a07-ce00-4886-a58a-e5c7607b8b20.jpg,325,325,325 389 382 386 385,0.3387088179588318
data\raw\val\06815_Plantae_Tracheophyta_Magnoliopsida_Asterales_Asteraceae_Gutierrezia_sarothrae\c8977d23-9a2a-4275-98e6-2a15bb5694a4.jpg,325,313,313 468 438 366 329,0.41013920307159424
data\raw\val\06815_Plantae_Tracheophyta_Magnoliopsida_Asterales_Asteraceae_Gutierrezia_sarothrae\2e41bb73-9a00-49a2-9cf7-b417f1e3a5da.jpg,325,480,480 380 325 327 389,0.13943731784820557
data\raw\val\06815_Plantae_Tracheophyta_Magnoliopsida_Asterales_Asteraceae_Gutierrezia_sarothrae\78856ef4-e65b-4561-8cc7-1b471551a350.jpg,325,468,468 344 438 329 257,0.18462428450584412
data\raw\val\06815_Plantae_Tracheophyta_Magnoliopsida_Asterales_Asteraceae_Gutierrezia_sarothrae\e08df49a-2f0e-4065-a1c2-4c81a058c3ee.jpg,325,327,327 389 325 386 385,0.18006625771522522
data\raw\val\06828_Plantae_Tracheophyta_Magnoliopsida_Asterales_Asteraceae_Helianthus_maximiliani\07665692-8ccc-4859-b99f-4d673254869b.jpg,326,313,313 344 345 350 311,0.13522407412528992
data\raw\val\06828_Plantae_Tracheophyta_Magnoliopsida_Asterales_Asteraceae_Helianthus_maximiliani\608e557c-9af5-4c87-8af3-eebdca4798fd.jpg,326,326,326 466 293 309 306,0.47902992367744446
data\raw\val\06828_Plantae_Tracheophyta_Magnoliopsida_Asterales_Asteraceae_Helianthus_maximiliani\f3cd5d48-8bad-4e32-9bab-983e439eb165.jpg,326,394,394 246 376 480 460,0.36927950382232666
data\raw\val\06828_Plantae_Tracheophyta_Magnoliopsida_Asterales_Asteraceae_Helianthus_maximiliani\e07d32c5-9761-4cd3-b7c1-11637f3722de.jpg,326,305,305 326 293 278 309,0.22406312823295593
data\raw\val\06828_Plantae_Tracheophyta_Magnoliopsida_Asterales_Asteraceae_Helianthus_maximiliani\1ee20381-86f8-4eb6-a54e-a71eff81c435.jpg,326,395,395 398 451 256 325,0.33222419023513794
data\raw\val\06828_Plantae_Tracheophyta_Magnoliopsida_Asterales_Asteraceae_Helianthus_maximiliani\0f4207a5-5b50-4284-9811-a077d5282a8e.jpg,326,334,334 337 326 376 333,0.17002250254154205
data\raw\val\06828_Plantae_Tracheophyta_Magnoliopsida_Asterales_Asteraceae_Helianthus_maximiliani\f7e138eb-e63c-4a4b-b635-f3c08f1a92cb.jpg,326,334,334 333 386 480 391,0.25311002135276794
data\raw\val\06828_Plantae_Tracheophyta_Magnoliopsida_Asterales_Asteraceae_Helianthus_maximiliani\36197983-e312-4aa7-b218-7a50badedcf3.jpg,326,333,333 334 326 325 376,0.3896046578884125
data\raw\val\06828_Plantae_Tracheophyta_Magnoliopsida_Asterales_Asteraceae_Helianthus_maximiliani\8f7dc0e8-27a8-43bd-a2cb-8ba68a6cc0e2.jpg,326,334,334 335 333 376 326,0.20222081243991852
data\raw\val\06828_Plantae_Tracheophyta_Magnoliopsida_Asterales_Asteraceae_Helianthus_maximiliani\05486b88-6a82-442f-87b5-cd247e0dc876.jpg,326,398,398 395 477 399 396,0.13522304594516754
data\raw\val\06850_Plantae_Tracheophyta_Magnoliopsida_Asterales_Asteraceae_Isocoma_acradenia\637712af-4136-40f6-97e0-ed194b5ca19a.jpg,327,437,437 468 449 442 313,0.4919930696487427
data\raw\val\06850_Plantae_Tracheophyta_Magnoliopsida_Asterales_Asteraceae_Isocoma_acradenia\ba768128-c756-4444-85a4-ecfc4a5f8755.jpg,327,313,313 437 442 438 345,0.6479828357696533
data\raw\val\06850_Plantae_Tracheophyta_Magnoliopsida_Asterales_Asteraceae_Isocoma_acradenia\ca3d4380-6bec-4851-bf60-6ad6f1bc69b8.jpg,327,468,468 437 313 442 438,0.704349935054779
data\raw\val\06850_Plantae_Tracheophyta_Magnoliopsida_Asterales_Asteraceae_Isocoma_acradenia\7dac434c-028d-4e59-9c34-7cd31c14c390.jpg,327,382,382 389 327 386 471,0.338779479265213
data\raw\val\06850_Plantae_Tracheophyta_Magnoliopsida_Asterales_Asteraceae_Isocoma_acradenia\8be17f24-e88c-4cd9-a192-fa5b54631e77.jpg,327,313,313 468 438 437 344,0.6310417056083679
data\raw\val\06850_Plantae_Tracheophyta_Magnoliopsida_Asterales_Asteraceae_Isocoma_acradenia\cecc993e-4c90-45e7-84ce-afd89179dd0b.jpg,327,366,366 327 487 256 391,0.06880052387714386
data\raw\val\06850_Plantae_Tracheophyta_Magnoliopsida_Asterales_Asteraceae_Isocoma_acradenia\a6ad2ee6-effc-4fcf-9450-ce768fc14e04.jpg,327,438,438 468 315 437 366,0.23789452016353607
data\raw\val\06850_Plantae_Tracheophyta_Magnoliopsida_Asterales_Asteraceae_Isocoma_acradenia\36182632-6539-4917-9705-e9a6ca50b5d7.jpg,327,313,313 442 344 350 437,0.6672860383987427
data\raw\val\06850_Plantae_Tracheophyta_Magnoliopsida_Asterales_Asteraceae_Isocoma_acradenia\02afc1a8-f885-473a-94ed-a2d3bb5107ae.jpg,327,347,347 273 299 353 327,0.17128561437129974
data\raw\val\06850_Plantae_Tracheophyta_Magnoliopsida_Asterales_Asteraceae_Isocoma_acradenia\af4da32f-511b-4387-8164-718798b2e142.jpg,327,302,302 327 299 320 329,0.08384308964014053
data\raw\val\06892_Plantae_Tracheophyta_Magnoliopsida_Asterales_Asteraceae_Melampodium_leucanthum\d10195be-cd26-4b2b-9009-bcbcd10ee42f.jpg,328,328,328 329 370 315 336,0.9867989420890808
data\raw\val\06892_Plantae_Tracheophyta_Magnoliopsida_Asterales_Asteraceae_Melampodium_leucanthum\1ac49854-81ce-45a9-842a-3cbc06035e99.jpg,328,315,315 328 370 329 406,0.2370341420173645
data\raw\val\06892_Plantae_Tracheophyta_Magnoliopsida_Asterales_Asteraceae_Melampodium_leucanthum\e04e1663-3201-4efb-a4f4-b30bd30b687e.jpg,328,328,328 336 315 330 323,0.9004323482513428
data\raw\val\06892_Plantae_Tracheophyta_Magnoliopsida_Asterales_Asteraceae_Melampodium_leucanthum\527f34f7-4204-4de1-a1bd-9bf7c61233a7.jpg,328,328,328 329 323 315 471,0.5697525143623352
data\raw\val\06892_Plantae_Tracheophyta_Magnoliopsida_Asterales_Asteraceae_Melampodium_leucanthum\f6d36bff-f47c-4071-9ec9-7397a9d7680f.jpg,328,328,328 315 329 471 336,0.998244047164917
data\raw\val\06892_Plantae_Tracheophyta_Magnoliopsida_Asterales_Asteraceae_Melampodium_leucanthum\35651d0f-85ad-4933-882a-6778f8acb792.jpg,328,328,328 315 370 471 336,0.5035203099250793
data\raw\val\06892_Plantae_Tracheophyta_Magnoliopsida_Asterales_Asteraceae_Melampodium_leucanthum\31a11ebe-638a-4653-81e8-5194f689e510.jpg,328,315,315 70 91 329 68,0.36334937810897827
data\raw\val\06892_Plantae_Tracheophyta_Magnoliopsida_Asterales_Asteraceae_Melampodium_leucanthum\e89b24eb-f73e-45d9-95a9-7b665c1fb0c9.jpg,328,73,73 315 302 451 74,0.09277147799730301
data\raw\val\06892_Plantae_Tracheophyta_Magnoliopsida_Asterales_Asteraceae_Melampodium_leucanthum\b3664e62-a00e-4ca6-b008-ebe62b4d067d.jpg,328,274,274 246 249 354 350,0.41567182540893555
data\raw\val\06892_Plantae_Tracheophyta_Magnoliopsida_Asterales_Asteraceae_Melampodium_leucanthum\d2c7d714-aa52-404a-a7a7-7bd8a8de641f.jpg,328,329,329 328 315 257 468,0.7484973073005676
data\raw\val\06927_Plantae_Tracheophyta_Magnoliopsida_Asterales_Asteraceae_Perityle_emoryi\48548b72-f9b0-4fbe-b17d-5efee20d4a69.jpg,329,329,329 328 471 315 323,0.56212317943573
data\raw\val\06927_Plantae_Tracheophyta_Magnoliopsida_Asterales_Asteraceae_Perityle_emoryi\1fe1671a-4797-4a06-80d8-67c91f167290.jpg,329,274,274 329 471 256 366,0.2322753369808197
data\raw\val\06927_Plantae_Tracheophyta_Magnoliopsida_Asterales_Asteraceae_Perityle_emoryi\a291ac69-16af-47b5-8185-0a4dc1f0e4f8.jpg,329,329,329 323 391 315 274,0.3609314262866974
data\raw\val\06927_Plantae_Tracheophyta_Magnoliopsida_Asterales_Asteraceae_Perityle_emoryi\cf8404f5-95c6-4d82-ab62-804151dbd971.jpg,329,329,329 328 323 471 315,0.4513493776321411
data\raw\val\06927_Plantae_Tracheophyta_Magnoliopsida_Asterales_Asteraceae_Perityle_emoryi\d9694dd6-c1c0-4372-9e9a-bbc472a1001a.jpg,329,344,344 275 492 274 499,0.1715947538614273
data\raw\val\06927_Plantae_Tracheophyta_Magnoliopsida_Asterales_Asteraceae_Perityle_emoryi\9c47cf7e-07f4-466d-9420-5dece2188096.jpg,329,329,329 471 274 315 328,0.254661500453949
data\raw\val\06927_Plantae_Tracheophyta_Magnoliopsida_Asterales_Asteraceae_Perityle_emoryi\6255c367-e46e-4967-be24-5c3c16debbba.jpg,329,329,329 274 18 248 471,0.10692045837640762
data\raw\val\06927_Plantae_Tracheophyta_Magnoliopsida_Asterales_Asteraceae_Perityle_emoryi\bbe33d54-6236-4322-8628-a2edb117793c.jpg,329,329,329 328 323 370 444,0.6817919611930847
data\raw\val\06927_Plantae_Tracheophyta_Magnoliopsida_Asterales_Asteraceae_Perityle_emoryi\8cf7d1d6-946c-4422-9a1e-98fc2a99f30f.jpg,329,329,329 315 471 328 370,0.9149435758590698
data\raw\val\06927_Plantae_Tracheophyta_Magnoliopsida_Asterales_Asteraceae_Perityle_emoryi\4a222e98-92d6-4a22-9082-61ba2d1f8147.jpg,329,315,315 329 323 328 337,0.1761196404695511
data\raw\val\06938_Plantae_Tracheophyta_Magnoliopsida_Asterales_Asteraceae_Pinaropappus_roseus\31e04072-e393-4db9-a606-be6cf901eb6f.jpg,330,350,350 344 468 323 329,0.11529234051704407
data\raw\val\06938_Plantae_Tracheophyta_Magnoliopsida_Asterales_Asteraceae_Pinaropappus_roseus\a4304472-a10e-4dd7-a044-0b783318bae0.jpg,330,348,348 442 319 318 437,0.6005316972732544
data\raw\val\06938_Plantae_Tracheophyta_Magnoliopsida_Asterales_Asteraceae_Pinaropappus_roseus\4efec0da-2028-4523-86f1-65f6c1045981.jpg,330,257,257 315 370 275 372,0.1867760717868805
data\raw\val\06938_Plantae_Tracheophyta_Magnoliopsida_Asterales_Asteraceae_Pinaropappus_roseus\5b774639-54f2-42fb-a512-2a343d7233ea.jpg,330,330,330 315 323 350 380,0.7008187770843506
data\raw\val\06938_Plantae_Tracheophyta_Magnoliopsida_Asterales_Asteraceae_Pinaropappus_roseus\61888f65-83f3-4f0c-be95-62bbb80def9b.jpg,330,350,350 313 442 240 91,0.1790679544210434
data\raw\val\06938_Plantae_Tracheophyta_Magnoliopsida_Asterales_Asteraceae_Pinaropappus_roseus\dd8d289d-ad0f-45bf-8bab-89815588604a.jpg,330,355,355 350 316 480 278,0.03627774864435196
data\raw\val\06938_Plantae_Tracheophyta_Magnoliopsida_Asterales_Asteraceae_Pinaropappus_roseus\6bab4d6b-f875-4c98-b00e-9c2c2e143e7d.jpg,330,345,345 390 416 402 377,0.11614937335252762
data\raw\val\06938_Plantae_Tracheophyta_Magnoliopsida_Asterales_Asteraceae_Pinaropappus_roseus\a3ec93fd-c672-40f5-9a8e-4ab999bf47bb.jpg,330,315,315 330 487 486 379,0.3119847774505615
data\raw\val\06938_Plantae_Tracheophyta_Magnoliopsida_Asterales_Asteraceae_Pinaropappus_roseus\e1f520eb-2405-447e-a8c3-ee4d8764e921.jpg,330,330,330 323 456 319 299,0.13156524300575256
data\raw\val\06938_Plantae_Tracheophyta_Magnoliopsida_Asterales_Asteraceae_Pinaropappus_roseus\cd1e85d8-8fd4-42e5-92de-45d45fca1de4.jpg,330,323,323 330 315 426 414,0.22022096812725067
data\raw\val\06955_Plantae_Tracheophyta_Magnoliopsida_Asterales_Asteraceae_Pterocaulon_pycnostachyum\33c307b1-d5f2-42ad-8316-1e4235460019.jpg,331,344,344 345 438 482 409,0.3425642251968384
data\raw\val\06955_Plantae_Tracheophyta_Magnoliopsida_Asterales_Asteraceae_Pterocaulon_pycnostachyum\4b36d318-618a-4ffa-ab96-0ebc433d3e9e.jpg,331,351,351 274 249 344 131,0.07142611593008041
data\raw\val\06955_Plantae_Tracheophyta_Magnoliopsida_Asterales_Asteraceae_Pterocaulon_pycnostachyum\0efd2d6f-758c-4a56-97f2-ff8929d82d17.jpg,331,350,350 299 366 302 327,0.04719030112028122
data\raw\val\06955_Plantae_Tracheophyta_Magnoliopsida_Asterales_Asteraceae_Pterocaulon_pycnostachyum\bc7e64ed-957e-4674-8305-8fc4bb5138fd.jpg,331,366,366 365 418 486 275,0.1224990263581276
data\raw\val\06955_Plantae_Tracheophyta_Magnoliopsida_Asterales_Asteraceae_Pterocaulon_pycnostachyum\9e069436-0ea0-4961-9dac-be76782eb6de.jpg,331,442,442 414 313 468 315,0.3271201252937317
data\raw\val\06955_Plantae_Tracheophyta_Magnoliopsida_Asterales_Asteraceae_Pterocaulon_pycnostachyum\9cf6166d-6966-4e79-bd52-2354f1374bec.jpg,331,468,468 471 438 482 344,0.09198646247386932
data\raw\val\06955_Plantae_Tracheophyta_Magnoliopsida_Asterales_Asteraceae_Pterocaulon_pycnostachyum\5d21b354-9319-4362-9e42-2a45010ee273.jpg,331,274,274 73 488 492 246,0.23021072149276733
data\raw\val\06955_Plantae_Tracheophyta_Magnoliopsida_Asterales_Asteraceae_Pterocaulon_pycnostachyum\b4fa075a-0211-4485-8c99-943c1a9701a6.jpg,331,492,492 304 305 275 348,0.3519477844238281
data\raw\val\06955_Plantae_Tracheophyta_Magnoliopsida_Asterales_Asteraceae_Pterocaulon_pycnostachyum\53bd7f4d-5329-4088-ad25-1f0878e50f4a.jpg,331,496,496 331 302 491 335,0.1425686925649643
data\raw\val\06955_Plantae_Tracheophyta_Magnoliopsida_Asterales_Asteraceae_Pterocaulon_pycnostachyum\83b44660-d5e4-4397-87f2-56723dac65b8.jpg,331,136,136 347 274 246 135,0.04344593361020088
data\raw\val\06963_Plantae_Tracheophyta_Magnoliopsida_Asterales_Asteraceae_Rudbeckia_hirta\845208f9-3f4d-4d00-abd1-e3f1a9c42cd3.jpg,332,460,460 451 471 82 382,0.1057259812951088
data\raw\val\06963_Plantae_Tracheophyta_Magnoliopsida_Asterales_Asteraceae_Rudbeckia_hirta\38fb29cf-b3b5-4dac-b2b7-ac8db9c2bcdd.jpg,332,332,332 337 326 131 23,0.5388631820678711
data\raw\val\06963_Plantae_Tracheophyta_Magnoliopsida_Asterales_Asteraceae_Rudbeckia_hirta\38f8275f-8905-46ad-91d7-c01274d93e6d.jpg,332,332,332 326 439 23 337,0.9175974726676941
data\raw\val\06963_Plantae_Tracheophyta_Magnoliopsida_Asterales_Asteraceae_Rudbeckia_hirta\c8ab1ec4-d8ae-4de8-8fb4-299db3f1799c.jpg,332,386,386 382 385 391 337,0.1534089595079422
data\raw\val\06963_Plantae_Tracheophyta_Magnoliopsida_Asterales_Asteraceae_Rudbeckia_hirta\9cac7768-1543-4c86-9cec-21d2c3b704f8.jpg,332,332,332 326 337 335 462,0.8274804353713989
data\raw\val\06963_Plantae_Tracheophyta_Magnoliopsida_Asterales_Asteraceae_Rudbeckia_hirta\5ddd863b-4fc6-4cf6-96a3-6c20cc422e26.jpg,332,386,386 333 327 471 292,0.1040855422616005
data\raw\val\06963_Plantae_Tracheophyta_Magnoliopsida_Asterales_Asteraceae_Rudbeckia_hirta\4ed798a9-d047-40dc-825f-2ac37b3898d8.jpg,332,412,412 332 89 391 335,0.08467495441436768
data\raw\val\06963_Plantae_Tracheophyta_Magnoliopsida_Asterales_Asteraceae_Rudbeckia_hirta\b92f329e-0ee1-47d3-84f7-e033a1d548d4.jpg,332,471,471 460 382 468 386,0.4240795969963074
data\raw\val\06963_Plantae_Tracheophyta_Magnoliopsida_Asterales_Asteraceae_Rudbeckia_hirta\799b6979-87b2-4700-8ab5-ef1585b8a2c1.jpg,332,332,332 326 337 439 376,0.4801179766654968
data\raw\val\06963_Plantae_Tracheophyta_Magnoliopsida_Asterales_Asteraceae_Rudbeckia_hirta\0fe6ba32-9399-40fb-9eec-230899929935.jpg,332,332,332 329 391 23 337,0.7344890236854553
data\raw\val\06969_Plantae_Tracheophyta_Magnoliopsida_Asterales_Asteraceae_Senecio_ampullaceus\450faebc-d230-40c0-a476-055be52d06b2.jpg,333,451,451 460 480 256 492,0.12646865844726562
data\raw\val\06969_Plantae_Tracheophyta_Magnoliopsida_Asterales_Asteraceae_Senecio_ampullaceus\f88dcad6-4873-4c0e-a431-80fa15d6c11d.jpg,333,386,386 480 471 460 325,0.13018083572387695
data\raw\val\06969_Plantae_Tracheophyta_Magnoliopsida_Asterales_Asteraceae_Senecio_ampullaceus\fd74f05d-dbf8-4722-8a45-abab8aaa74ba.jpg,333,386,386 389 325 480 382,0.45495539903640747
data\raw\val\06969_Plantae_Tracheophyta_Magnoliopsida_Asterales_Asteraceae_Senecio_ampullaceus\f2d7f9ab-89e5-41ef-ba48-398df855ad9f.jpg,333,333,333 376 386 326 325,0.3654169738292694
data\raw\val\06969_Plantae_Tracheophyta_Magnoliopsida_Asterales_Asteraceae_Senecio_ampullaceus\1459c98d-135c-453e-a4dc-e7fcf896249d.jpg,333,274,274 449 312 472 417,0.19398543238639832
data\raw\val\06969_Plantae_Tracheophyta_Magnoliopsida_Asterales_Asteraceae_Senecio_ampullaceus\ec32e1a9-adfb-4422-86ac-60a09348a1b3.jpg,333,382,382 376 325 391 389,0.2796308994293213
data\raw\val\06969_Plantae_Tracheophyta_Magnoliopsida_Asterales_Asteraceae_Senecio_ampullaceus\07e096e5-ea3f-463a-aa1d-98d262999ff8.jpg,333,386,386 333 334 432 325,0.354004442691803
data\raw\val\06969_Plantae_Tracheophyta_Magnoliopsida_Asterales_Asteraceae_Senecio_ampullaceus\7b8893f3-46c6-4805-a8c3-e830cce1ce1c.jpg,333,480,480 420 327 397 483,0.03071983903646469
data\raw\val\06969_Plantae_Tracheophyta_Magnoliopsida_Asterales_Asteraceae_Senecio_ampullaceus\b7377208-4da6-4d20-a2b3-b5da2e4bb927.jpg,333,274,274 256 398 73 74,0.4058334231376648
data\raw\val\06969_Plantae_Tracheophyta_Magnoliopsida_Asterales_Asteraceae_Senecio_ampullaceus\3f171d32-f5b7-482d-ad43-b02027a314ed.jpg,333,471,471 468 386 313 327,0.1917741596698761
data\raw\val\07004_Plantae_Tracheophyta_Magnoliopsida_Asterales_Asteraceae_Solidago_rigida\89b56678-de29-4e96-9480-177fcac4a38f.jpg,334,274,274 325 320 334 309,0.07988977432250977
data\raw\val\07004_Plantae_Tracheophyta_Magnoliopsida_Asterales_Asteraceae_Solidago_rigida\527b4343-cbeb-4bf0-bc11-204cbd2a5c94.jpg,334,302,302 451 491 311 345,0.30472230911254883
data\raw\val\07004_Plantae_Tracheophyta_Magnoliopsida_Asterales_Asteraceae_Solidago_rigida\84f36c73-a694-46de-878b-af3ba74c0a20.jpg,334,5,5 347 348 414 25,0.1047920286655426
data\raw\val\07004_Plantae_Tracheophyta_Magnoliopsida_Asterales_Asteraceae_Solidago_rigida\97804162-f52b-4028-9888-a2e0234a4387.jpg,334,334,334 325 327 480 333,0.8771626353263855
data\raw\val\07004_Plantae_Tracheophyta_Magnoliopsida_Asterales_Asteraceae_Solidago_rigida\d34a7cc8-2d7d-4de8-9bc1-85c88160ff79.jpg,334,334,334 432 325 305 365,0.3647797405719757
data\raw\val\07004_Plantae_Tracheophyta_Magnoliopsida_Asterales_Asteraceae_Solidago_rigida\c0c5342f-bba8-49cc-acb2-c22495602f6b.jpg,334,256,256 74 73 423 432,0.15710017085075378
data\raw\val\07004_Plantae_Tracheophyta_Magnoliopsida_Asterales_Asteraceae_Solidago_rigida\bb45c73c-8b91-470c-8914-3209fe7bf41d.jpg,334,302,302 345 322 402 305,0.1664779633283615
data\raw\val\07004_Plantae_Tracheophyta_Magnoliopsida_Asterales_Asteraceae_Solidago_rigida\b9aec108-39db-47ce-aebc-9e8c7cec7e38.jpg,334,389,389 325 256 327 334,0.43564367294311523
data\raw\val\07004_Plantae_Tracheophyta_Magnoliopsida_Asterales_Asteraceae_Solidago_rigida\f6d06b2c-1021-4b9f-978f-db11620ee36a.jpg,334,334,334 327 376 480 375,0.25131863355636597
data\raw\val\07004_Plantae_Tracheophyta_Magnoliopsida_Asterales_Asteraceae_Solidago_rigida\73c36af5-60df-4a03-a9d5-2bb64480c119.jpg,334,432,432 305 492 427 491,0.28537341952323914
data\raw\val\07013_Plantae_Tracheophyta_Magnoliopsida_Asterales_Asteraceae_Sonchus_asper\d991c1a6-7fa2-4e6b-b958-2d2cece9ed79.jpg,335,240,240 234 350 246 230,0.31844061613082886
data\raw\val\07013_Plantae_Tracheophyta_Magnoliopsida_Asterales_Asteraceae_Sonchus_asper\82106a2a-95d0-411b-b2d6-2e5b27a6b5c1.jpg,335,471,471 388 322 329 366,0.05422132462263107
data\raw\val\07013_Plantae_Tracheophyta_Magnoliopsida_Asterales_Asteraceae_Sonchus_asper\5ad5739b-d63b-44ce-a784-be1de59d3b3f.jpg,335,386,386 471 329 468 460,0.13598313927650452
data\raw\val\07013_Plantae_Tracheophyta_Magnoliopsida_Asterales_Asteraceae_Sonchus_asper\84a5a75c-219b-469e-981f-a44e5cf3f804.jpg,335,275,275 492 312 340 246,0.6434958577156067
data\raw\val\07013_Plantae_Tracheophyta_Magnoliopsida_Asterales_Asteraceae_Sonchus_asper\6ad68df8-e6ee-405b-b7af-be3a600b834b.jpg,335,335,335 415 345 357 311,0.16362601518630981
data\raw\val\07013_Plantae_Tracheophyta_Magnoliopsida_Asterales_Asteraceae_Sonchus_asper\1717eff7-dd3a-4f69-9193-479dad642bef.jpg,335,365,365 316 274 246 366,0.09953687340021133
data\raw\val\07013_Plantae_Tracheophyta_Magnoliopsida_Asterales_Asteraceae_Sonchus_asper\36d3be3a-3000-40bc-92f4-45e5b8a48d6c.jpg,335,468,468 356 471 329 438,0.15114013850688934
data\raw\val\07013_Plantae_Tracheophyta_Magnoliopsida_Asterales_Asteraceae_Sonchus_asper\83856fd0-a79a-4b33-924c-72269a695e9b.jpg,335,274,274 240 246 74 73,0.5724050998687744
data\raw\val\07013_Plantae_Tracheophyta_Magnoliopsida_Asterales_Asteraceae_Sonchus_asper\3549b839-9ebe-493b-afc0-0f4c58d489ff.jpg,335,386,386 382 432 471 460,0.2207709401845932
data\raw\val\07013_Plantae_Tracheophyta_Magnoliopsida_Asterales_Asteraceae_Sonchus_asper\ea8d5148-a110-4a80-8298-d06f66069c81.jpg,335,471,471 460 468 480 366,0.3312888443470001
data\raw\val\07024_Plantae_Tracheophyta_Magnoliopsida_Asterales_Asteraceae_Symphyotrichum_lanceolatum\1cede6b6-545a-44c8-933f-908f07967764.jpg,336,336,336 321 315 299 370,0.7358548045158386
data\raw\val\07024_Plantae_Tracheophyta_Magnoliopsida_Asterales_Asteraceae_Symphyotrichum_lanceolatum\852ca550-3d59-491d-a235-271c5affb822.jpg,336,330,330 336 328 390 381,0.6117659211158752
data\raw\val\07024_Plantae_Tracheophyta_Magnoliopsida_Asterales_Asteraceae_Symphyotrichum_lanceolatum\ead9b3c0-91e2-4d15-9705-f0bef93ad929.jpg,336,336,336 321 315 328 370,0.8559368252754211
data\raw\val\07024_Plantae_Tracheophyta_Magnoliopsida_Asterales_Asteraceae_Symphyotrichum_lanceolatum\7e46c7e4-c2f1-4a74-961c-f13e42b8c5d2.jpg,336,336,336 321 315 418 489,0.768539309501648
data\raw\val\07024_Plantae_Tracheophyta_Magnoliopsida_Asterales_Asteraceae_Symphyotrichum_lanceolatum\92a55db7-6aff-4d2e-948d-3263354c7ca8.jpg,336,498,498 497 210 479 278,0.05735915154218674
data\raw\val\07024_Plantae_Tracheophyta_Magnoliopsida_Asterales_Asteraceae_Symphyotrichum_lanceolatum\8285b424-aef3-42ea-a645-bb70135d7079.jpg,336,299,299 353 302 451 466,0.19109377264976501
data\raw\val\07024_Plantae_Tracheophyta_Magnoliopsida_Asterales_Asteraceae_Symphyotrichum_lanceolatum\59e2bd15-8baf-4fb3-ac75-648e88f8cadc.jpg,336,336,336 323 328 326 330,0.5611010193824768
data\raw\val\07024_Plantae_Tracheophyta_Magnoliopsida_Asterales_Asteraceae_Symphyotrichum_lanceolatum\a02bf96d-329b-4fa2-ba75-f11c66b824f2.jpg,336,336,336 315 370 330 480,0.38091903924942017
data\raw\val\07024_Plantae_Tracheophyta_Magnoliopsida_Asterales_Asteraceae_Symphyotrichum_lanceolatum\0e10d3b5-5a63-4bb9-af29-ca6a0e9cb7c1.jpg,336,370,370 471 468 329 328,0.2928697466850281
data\raw\val\07024_Plantae_Tracheophyta_Magnoliopsida_Asterales_Asteraceae_Symphyotrichum_lanceolatum\df5b71d2-063e-41ef-9a26-b53b012c34d5.jpg,336,329,329 328 468 370 471,0.30655449628829956
data\raw\val\07042_Plantae_Tracheophyta_Magnoliopsida_Asterales_Asteraceae_Tetraneuris_scaposa\83080b0a-1be3-4e7c-ab3c-ac31471053f3.jpg,337,256,256 325 460 387 480,0.16084592044353485
data\raw\val\07042_Plantae_Tracheophyta_Magnoliopsida_Asterales_Asteraceae_Tetraneuris_scaposa\000bfbe2-29db-4cbe-9e40-9285355bac72.jpg,337,333,333 395 332 326 334,0.10252508521080017
data\raw\val\07042_Plantae_Tracheophyta_Magnoliopsida_Asterales_Asteraceae_Tetraneuris_scaposa\44b438ed-4839-49f8-99f0-d021d6291b50.jpg,337,337,337 385 386 387 325,0.8705435395240784
data\raw\val\07042_Plantae_Tracheophyta_Magnoliopsida_Asterales_Asteraceae_Tetraneuris_scaposa\e8c692e6-e6a1-45ce-bdbb-2de8dbd8563d.jpg,337,256,256 439 462 387 460,0.06858803331851959
data\raw\val\07042_Plantae_Tracheophyta_Magnoliopsida_Asterales_Asteraceae_Tetraneuris_scaposa\86c75879-412c-4d15-a6c7-239edce3732d.jpg,337,256,256 387 382 391 325,0.13012969493865967
data\raw\val\07042_Plantae_Tracheophyta_Magnoliopsida_Asterales_Asteraceae_Tetraneuris_scaposa\d31e62da-5168-4c66-b06d-e43d04250dd8.jpg,337,256,256 480 337 325 387,0.11037300527095795
data\raw\val\07042_Plantae_Tracheophyta_Magnoliopsida_Asterales_Asteraceae_Tetraneuris_scaposa\bf26bc4f-9e14-4537-8789-d75c19a65459.jpg,337,480,480 327 329 391 257,0.3397090435028076
data\raw\val\07042_Plantae_Tracheophyta_Magnoliopsida_Asterales_Asteraceae_Tetraneuris_scaposa\8a328a29-b973-4846-9e21-5292d2cdaa55.jpg,337,480,480 471 327 386 387,0.35676729679107666
data\raw\val\07042_Plantae_Tracheophyta_Magnoliopsida_Asterales_Asteraceae_Tetraneuris_scaposa\491abe2a-070d-40e2-8ca5-9feed8144758.jpg,337,323,323 256 456 322 245,0.018409488722682
data\raw\val\07042_Plantae_Tracheophyta_Magnoliopsida_Asterales_Asteraceae_Tetraneuris_scaposa\428a6738-5029-4725-94ba-58fe9f1ebb2c.jpg,337,256,256 391 376 325 329,0.10383152961730957
data\raw\val\07122_Plantae_Tracheophyta_Magnoliopsida_Asterales_Menyanthaceae_Menyanthes_trifoliata\1a6ae8fe-221a-407c-8151-09c2b9b9ddd4.jpg,338,338,338 315 426 330 414,0.12927958369255066
data\raw\val\07122_Plantae_Tracheophyta_Magnoliopsida_Asterales_Menyanthaceae_Menyanthes_trifoliata\e706e8ab-3923-4e88-a206-f26ae04584c5.jpg,338,52,52 73 246 62 249,0.065101258456707
data\raw\val\07122_Plantae_Tracheophyta_Magnoliopsida_Asterales_Menyanthaceae_Menyanthes_trifoliata\9a189ef4-7887-41ba-b3a1-999e33682980.jpg,338,365,365 418 315 370 309,0.2514316737651825
data\raw\val\07122_Plantae_Tracheophyta_Magnoliopsida_Asterales_Menyanthaceae_Menyanthes_trifoliata\8a337927-c9ca-45f7-84ed-46c2d8479fc8.jpg,338,347,347 330 315 350 458,0.04937317222356796
data\raw\val\07122_Plantae_Tracheophyta_Magnoliopsida_Asterales_Menyanthaceae_Menyanthes_trifoliata\a6cb7e41-1f1a-48e5-87d3-cf3779600b9b.jpg,338,492,492 497 311 365 14,0.2771447002887726
data\raw\val\07122_Plantae_Tracheophyta_Magnoliopsida_Asterales_Menyanthaceae_Menyanthes_trifoliata\14d650b1-8784-4943-b8a7-6cb57d272452.jpg,338,274,274 312 350 468 311,0.3102557361125946
data\raw\val\07122_Plantae_Tracheophyta_Magnoliopsida_Asterales_Menyanthaceae_Menyanthes_trifoliata\f443c563-b248-48dc-83ea-62d8495a0ae0.jpg,338,274,274 246 249 131 136,0.4174160361289978
data\raw\val\07122_Plantae_Tracheophyta_Magnoliopsida_Asterales_Menyanthaceae_Menyanthes_trifoliata\1172ec99-50ba-4790-8781-6d651923ff33.jpg,338,315,315 451 442 313 468,0.18932771682739258
data\raw\val\07122_Plantae_Tracheophyta_Magnoliopsida_Asterales_Menyanthaceae_Menyanthes_trifoliata\6fe41dd4-9a20-4caf-a364-955cea945c0e.jpg,338,492,492 397 354 365 274,0.13353604078292847
data\raw\val\07122_Plantae_Tracheophyta_Magnoliopsida_Asterales_Menyanthaceae_Menyanthes_trifoliata\cb524d65-2abe-482d-a1a7-2392734f1ef9.jpg,338,492,492 275 451 312 366,0.15709058940410614
data\raw\val\07171_Plantae_Tracheophyta_Magnoliopsida_Boraginales_Boraginaceae_Myosotis_discolor\bbc4b98c-85df-4063-bc6d-70135908533b.jpg,339,274,274 355 365 73 295,0.06985479593276978
data\raw\val\07171_Plantae_Tracheophyta_Magnoliopsida_Boraginales_Boraginaceae_Myosotis_discolor\3d0df179-0d87-4665-a4d1-7d53b6fd6a9e.jpg,339,274,274 248 246 249 135,0.2551038861274719
data\raw\val\07171_Plantae_Tracheophyta_Magnoliopsida_Boraginales_Boraginaceae_Myosotis_discolor\3aeb12a3-d535-44be-8f46-2e0ee8067b66.jpg,339,274,274 74 240 246 73,0.14461234211921692
data\raw\val\07171_Plantae_Tracheophyta_Magnoliopsida_Boraginales_Boraginaceae_Myosotis_discolor\393efe04-b707-4b2e-9d04-541731f9af95.jpg,339,295,295 491 305 339 498,0.04642358049750328
data\raw\val\07171_Plantae_Tracheophyta_Magnoliopsida_Boraginales_Boraginaceae_Myosotis_discolor\f511e341-5c53-45b1-bda4-208c6ee9c664.jpg,339,305,305 304 432 491 492,0.3705211579799652
data\raw\val\07171_Plantae_Tracheophyta_Magnoliopsida_Boraginales_Boraginaceae_Myosotis_discolor\3d394a43-b433-4fa6-96db-c38b2c342dc7.jpg,339,302,302 301 355 300 299,0.1416066586971283
data\raw\val\07171_Plantae_Tracheophyta_Magnoliopsida_Boraginales_Boraginaceae_Myosotis_discolor\f230c69c-7ce0-4df0-9a6f-f7db6ed54759.jpg,339,274,274 248 256 91 246,0.6508209705352783
data\raw\val\07171_Plantae_Tracheophyta_Magnoliopsida_Boraginales_Boraginaceae_Myosotis_discolor\1b5bbfb6-9c97-441a-8dc4-93ab72ffa703.jpg,339,32,32 249 414 15 426,0.03304940089583397
data\raw\val\07171_Plantae_Tracheophyta_Magnoliopsida_Boraginales_Boraginaceae_Myosotis_discolor\9489cede-1319-4ba6-80e8-89f52b3cda20.jpg,339,242,242 350 355 246 442,0.42094749212265015
data\raw\val\07171_Plantae_Tracheophyta_Magnoliopsida_Boraginales_Boraginaceae_Myosotis_discolor\10d33d76-5df3-44fc-8744-d2e89ed932ae.jpg,339,471,471 91 315 86 406,0.13678386807441711
data\raw\val\07202_Plantae_Tracheophyta_Magnoliopsida_Boraginales_Boraginaceae_Pholistoma_membranaceum\06b04258-c2c5-4bc9-87d6-96d5d3e2c54c.jpg,340,313,313 442 437 468 364,0.8631656169891357
data\raw\val\07202_Plantae_Tracheophyta_Magnoliopsida_Boraginales_Boraginaceae_Pholistoma_membranaceum\86f8d534-f78c-47c6-a3d3-b5f68b0ee00b.jpg,340,370,370 315 328 372 330,0.4371297061443329
data\raw\val\07202_Plantae_Tracheophyta_Magnoliopsida_Boraginales_Boraginaceae_Pholistoma_membranaceum\4779c12e-f3fd-4114-8f70-6410520a8571.jpg,340,492,492 274 246 370 484,0.12266012281179428
data\raw\val\07202_Plantae_Tracheophyta_Magnoliopsida_Boraginales_Boraginaceae_Pholistoma_membranaceum\412dec5e-f3f9-40f4-b4e0-5e495868103e.jpg,340,274,274 74 315 73 309,0.11559789627790451
data\raw\val\07202_Plantae_Tracheophyta_Magnoliopsida_Boraginales_Boraginaceae_Pholistoma_membranaceum\b62a6a69-6c68-4215-9912-a8243ccea2f1.jpg,340,340,340 484 315 414 370,0.8739808201789856
data\raw\val\07202_Plantae_Tracheophyta_Magnoliopsida_Boraginales_Boraginaceae_Pholistoma_membranaceum\fde6d682-0248-4670-96ac-e4718316e5a9.jpg,340,274,274 351 246 249 240,0.2645224630832672
data\raw\val\07202_Plantae_Tracheophyta_Magnoliopsida_Boraginales_Boraginaceae_Pholistoma_membranaceum\2f4e1451-6804-4d54-a158-9161ff205b37.jpg,340,274,274 249 248 276 246,0.48997563123703003
data\raw\val\07202_Plantae_Tracheophyta_Magnoliopsida_Boraginales_Boraginaceae_Pholistoma_membranaceum\1062f02f-6f72-4580-a9c5-c133fd737ab8.jpg,340,274,274 246 123 354 268,0.3167476952075958
data\raw\val\07202_Plantae_Tracheophyta_Magnoliopsida_Boraginales_Boraginaceae_Pholistoma_membranaceum\ff79a879-b9ec-439f-8791-1037e968eabc.jpg,340,274,274 366 315 370 257,0.21177390217781067
data\raw\val\07202_Plantae_Tracheophyta_Magnoliopsida_Boraginales_Boraginaceae_Pholistoma_membranaceum\91561457-82aa-4942-a5e0-b59303bc9bbe.jpg,340,274,274 442 313 249 248,0.1302616000175476
data\raw\val\07231_Plantae_Tracheophyta_Magnoliopsida_Brassicales_Brassicaceae_Cardamine_californica\fa270685-fb13-4d3e-ae38-1f52e123c3d1.jpg,341,274,274 246 240 492 312,0.8352841138839722
data\raw\val\07231_Plantae_Tracheophyta_Magnoliopsida_Brassicales_Brassicaceae_Cardamine_californica\f7c3606b-93e9-43d2-b481-82afdf44eead.jpg,341,315,315 330 392 484 372,0.15519243478775024
data\raw\val\07231_Plantae_Tracheophyta_Magnoliopsida_Brassicales_Brassicaceae_Cardamine_californica\51cb2c64-3be7-4ca4-9aca-050ab42637a2.jpg,341,274,274 492 275 246 315,0.19774764776229858
data\raw\val\07231_Plantae_Tracheophyta_Magnoliopsida_Brassicales_Brassicaceae_Cardamine_californica\3679080e-08e0-4ea2-b3e1-a56a29916649.jpg,341,262,262 249 264 55 274,0.08113037049770355
data\raw\val\07231_Plantae_Tracheophyta_Magnoliopsida_Brassicales_Brassicaceae_Cardamine_californica\d7eb91e4-8885-458d-be14-4cd5e350b212.jpg,341,350,350 354 344 442 315,0.11049074679613113
data\raw\val\07231_Plantae_Tracheophyta_Magnoliopsida_Brassicales_Brassicaceae_Cardamine_californica\6fa6f693-803a-4f3e-a4d8-0589d1827f5c.jpg,341,274,274 249 246 248 52,0.14986677467823029
data\raw\val\07231_Plantae_Tracheophyta_Magnoliopsida_Brassicales_Brassicaceae_Cardamine_californica\5fa7e319-d074-4be1-b79c-730395dfe706.jpg,341,274,274 492 472 275 311,0.5375744700431824
data\raw\val\07231_Plantae_Tracheophyta_Magnoliopsida_Brassicales_Brassicaceae_Cardamine_californica\6300381f-5fc8-4e4d-acd6-224c8d29f347.jpg,341,274,274 398 492 246 311,0.08125121146440506
data\raw\val\07231_Plantae_Tracheophyta_Magnoliopsida_Brassicales_Brassicaceae_Cardamine_californica\18d9de39-9587-4992-a623-e4d4e8ae1629.jpg,341,340,340 131 417 309 429,0.05355203151702881
data\raw\val\07231_Plantae_Tracheophyta_Magnoliopsida_Brassicales_Brassicaceae_Cardamine_californica\3e774403-1d4a-4932-b106-df0de484856e.jpg,341,274,274 257 372 315 329,0.11474788188934326
data\raw\val\07279_Plantae_Tracheophyta_Magnoliopsida_Brassicales_Brassicaceae_Streptanthus_tortuosus\0904375f-8820-4227-9287-ac4c95854b23.jpg,342,246,246 354 350 136 86,0.10710058361291885
data\raw\val\07279_Plantae_Tracheophyta_Magnoliopsida_Brassicales_Brassicaceae_Streptanthus_tortuosus\2a10a1a3-e68b-4e74-88f2-f6249367583c.jpg,342,468,468 471 438 312 329,0.3337433338165283
data\raw\val\07279_Plantae_Tracheophyta_Magnoliopsida_Brassicales_Brassicaceae_Streptanthus_tortuosus\3eb01b00-ba49-4094-a6d0-3d875d539bc8.jpg,342,344,344 438 354 246 345,0.43705108761787415
data\raw\val\07279_Plantae_Tracheophyta_Magnoliopsida_Brassicales_Brassicaceae_Streptanthus_tortuosus\fa52ce55-b07c-4696-8e0a-8308d2a939f9.jpg,342,246,246 275 257 124 424,0.1560097485780716
data\raw\val\07279_Plantae_Tracheophyta_Magnoliopsida_Brassicales_Brassicaceae_Streptanthus_tortuosus\aa160361-d9bc-44e5-98c1-719733f42883.jpg,342,257,257 246 5 9 275,0.27991458773612976
data\raw\val\07279_Plantae_Tracheophyta_Magnoliopsida_Brassicales_Brassicaceae_Streptanthus_tortuosus\d26c971c-622e-47f6-af7c-fec161a49d71.jpg,342,329,329 480 366 460 257,0.07411044090986252
data\raw\val\07279_Plantae_Tracheophyta_Magnoliopsida_Brassicales_Brassicaceae_Streptanthus_tortuosus\57b12805-730f-4208-9653-3d3e69225df9.jpg,342,438,438 406 257 468 344,0.3653472065925598
data\raw\val\07279_Plantae_Tracheophyta_Magnoliopsida_Brassicales_Brassicaceae_Streptanthus_tortuosus\688e1aa2-c9cb-4640-a021-7ffe95eed223.jpg,342,354,354 302 246 278 274,0.033676669001579285
data\raw\val\07279_Plantae_Tracheophyta_Magnoliopsida_Brassicales_Brassicaceae_Streptanthus_tortuosus\67a904d3-3276-4f1d-8f1f-e7181f576ef6.jpg,342,342,342 312 438 366 344,0.23302659392356873
data\raw\val\07279_Plantae_Tracheophyta_Magnoliopsida_Brassicales_Brassicaceae_Streptanthus_tortuosus\808d069b-c135-4b66-99bf-e2d1ba3fbc34.jpg,342,438,438 257 275 329 468,0.5788886547088623
data\raw\val\07292_Plantae_Tracheophyta_Magnoliopsida_Brassicales_Limnanthaceae_Floerkea_proserpinacoides\6230b07d-e3e6-4ec7-9aeb-e7da8fa4e9b2.jpg,343,249,249 274 344 246 137,0.12050068378448486
data\raw\val\07292_Plantae_Tracheophyta_Magnoliopsida_Brassicales_Limnanthaceae_Floerkea_proserpinacoides\162a96aa-5cb7-493a-b785-e3bb4c5212e9.jpg,343,275,275 496 492 348 442,0.30827590823173523
data\raw\val\07292_Plantae_Tracheophyta_Magnoliopsida_Brassicales_Limnanthaceae_Floerkea_proserpinacoides\8433b505-54b4-4536-96a2-fc2f4eb25a47.jpg,343,249,249 136 131 274 135,0.25198233127593994
data\raw\val\07292_Plantae_Tracheophyta_Magnoliopsida_Brassicales_Limnanthaceae_Floerkea_proserpinacoides\54b3f4c2-fed7-4c20-b3a2-4140fa52b752.jpg,343,492,492 275 246 274 139,0.43347829580307007
data\raw\val\07292_Plantae_Tracheophyta_Magnoliopsida_Brassicales_Limnanthaceae_Floerkea_proserpinacoides\963284a5-e3cc-4b22-9a9d-a29e55fffc39.jpg,343,364,364 471 438 366 499,0.3169868290424347
data\raw\val\07292_Plantae_Tracheophyta_Magnoliopsida_Brassicales_Limnanthaceae_Floerkea_proserpinacoides\9b83c8f1-d89f-4669-b3f1-b512de752940.jpg,343,25,25 302 73 127 427,0.04623027518391609
data\raw\val\07292_Plantae_Tracheophyta_Magnoliopsida_Brassicales_Limnanthaceae_Floerkea_proserpinacoides\cf1165ed-ba3c-4053-a620-830ec4e657df.jpg,343,275,275 246 354 493 257,0.24522724747657776
data\raw\val\07292_Plantae_Tracheophyta_Magnoliopsida_Brassicales_Limnanthaceae_Floerkea_proserpinacoides\1c7a347a-4d9c-4066-a67f-9d0f633e3fdc.jpg,343,275,275 246 492 240 344,0.13434423506259918
data\raw\val\07292_Plantae_Tracheophyta_Magnoliopsida_Brassicales_Limnanthaceae_Floerkea_proserpinacoides\21808c10-26b0-44a6-b938-09b7dae9de25.jpg,343,343,343 281 273 275 499,0.49432235956192017
data\raw\val\07292_Plantae_Tracheophyta_Magnoliopsida_Brassicales_Limnanthaceae_Floerkea_proserpinacoides\8a8d54e4-ca04-4e3b-9fb8-f3504bb4cded.jpg,343,275,275 348 442 273 492,0.5747309327125549
data\raw\val\07305_Plantae_Tracheophyta_Magnoliopsida_Caryophyllales_Aizoaceae_Mesembryanthemum_crystallinum\a1b6911d-f775-461d-9fd7-1616070aaca2.jpg,344,344,344 274 249 131 137,0.486217200756073
data\raw\val\07305_Plantae_Tracheophyta_Magnoliopsida_Caryophyllales_Aizoaceae_Mesembryanthemum_crystallinum\3a5bd940-462a-4585-86a2-af003d08e585.jpg,344,344,344 274 345 275 143,0.22052688896656036
data\raw\val\07305_Plantae_Tracheophyta_Magnoliopsida_Caryophyllales_Aizoaceae_Mesembryanthemum_crystallinum\9da5ad22-eed1-4243-b766-756c56aa7be2.jpg,344,246,246 351 354 344 274,0.7159314751625061
data\raw\val\07305_Plantae_Tracheophyta_Magnoliopsida_Caryophyllales_Aizoaceae_Mesembryanthemum_crystallinum\aa7301e5-996e-4310-81df-8344875a6cb1.jpg,344,344,344 274 246 351 137,0.4486045837402344
data\raw\val\07305_Plantae_Tracheophyta_Magnoliopsida_Caryophyllales_Aizoaceae_Mesembryanthemum_crystallinum\53cec7b8-a985-47eb-a102-b8a10a65df66.jpg,344,353,353 354 278 309 355,0.06484143435955048
data\raw\val\07305_Plantae_Tracheophyta_Magnoliopsida_Caryophyllales_Aizoaceae_Mesembryanthemum_crystallinum\0b1c9ae1-212e-4170-9c5d-7e4ab68123b5.jpg,344,344,344 350 354 480 351,0.9961722493171692
data\raw\val\07305_Plantae_Tracheophyta_Magnoliopsida_Caryophyllales_Aizoaceae_Mesembryanthemum_crystallinum\7ab54873-82d0-42b2-afea-021422289751.jpg,344,438,438 344 345 311 406,0.2905062735080719
data\raw\val\07305_Plantae_Tracheophyta_Magnoliopsida_Caryophyllales_Aizoaceae_Mesembryanthemum_crystallinum\f92d53f7-8f55-46f8-adc9-893499f5eca5.jpg,344,344,344 354 353 480 246,0.4559107720851898
data\raw\val\07305_Plantae_Tracheophyta_Magnoliopsida_Caryophyllales_Aizoaceae_Mesembryanthemum_crystallinum\d78c456f-06fc-4b8e-aa20-81249427de22.jpg,344,344,344 274 350 349 351,0.4228481650352478
data\raw\val\07305_Plantae_Tracheophyta_Magnoliopsida_Caryophyllales_Aizoaceae_Mesembryanthemum_crystallinum\816233ae-d696-47db-9855-e6dfdafb570c.jpg,344,344,344 354 246 351 249,0.483018696308136
data\raw\val\07319_Plantae_Tracheophyta_Magnoliopsida_Caryophyllales_Amaranthaceae_Atriplex_prostrata\8d0dd17f-96d1-4c9d-8998-d6c227a545a2.jpg,345,348,348 318 275 449 427,0.12728658318519592
data\raw\val\07319_Plantae_Tracheophyta_Magnoliopsida_Caryophyllales_Amaranthaceae_Atriplex_prostrata\09fd794f-28db-4a02-93d0-e9caad49c5c6.jpg,345,491,491 302 350 305 304,0.2622666656970978
data\raw\val\07319_Plantae_Tracheophyta_Magnoliopsida_Caryophyllales_Amaranthaceae_Atriplex_prostrata\a6c628db-af19-4555-9db7-268830eb98d0.jpg,345,468,468 313 451 442 438,0.34461939334869385
data\raw\val\07319_Plantae_Tracheophyta_Magnoliopsida_Caryophyllales_Amaranthaceae_Atriplex_prostrata\0413f299-00a3-4b69-ac4f-8267d08650b8.jpg,345,305,305 388 302 304 381,0.09472828358411789
data\raw\val\07319_Plantae_Tracheophyta_Magnoliopsida_Caryophyllales_Amaranthaceae_Atriplex_prostrata\31f47e15-c993-4fff-a64d-b1cc6ae9b26c.jpg,345,287,287 425 348 353 437,0.7998101711273193
data\raw\val\07319_Plantae_Tracheophyta_Magnoliopsida_Caryophyllales_Amaranthaceae_Atriplex_prostrata\7c8dc59c-2e6d-4061-b5af-fa9ea0c61906.jpg,345,354,354 246 62 249 123,0.1654617339372635
data\raw\val\07319_Plantae_Tracheophyta_Magnoliopsida_Caryophyllales_Amaranthaceae_Atriplex_prostrata\8cdec239-d71f-43aa-834b-bf96c291ebee.jpg,345,438,438 313 468 345 344,0.2617049813270569
data\raw\val\07319_Plantae_Tracheophyta_Magnoliopsida_Caryophyllales_Amaranthaceae_Atriplex_prostrata\f960ca1c-208f-4320-9e6c-ff1561335889.jpg,345,275,275 493 492 246 366,0.6554841995239258
data\raw\val\07319_Plantae_Tracheophyta_Magnoliopsida_Caryophyllales_Amaranthaceae_Atriplex_prostrata\3d2341bc-ad55-4288-8bd0-c4a7f42cd475.jpg,345,364,364 471 362 438 313,0.42487144470214844
data\raw\val\07319_Plantae_Tracheophyta_Magnoliopsida_Caryophyllales_Amaranthaceae_Atriplex_prostrata\3c219000-fd60-4f24-9d0d-20ca8028e2e1.jpg,345,274,274 246 492 136 240,0.9772006273269653
data\raw\val\07324_Plantae_Tracheophyta_Magnoliopsida_Caryophyllales_Amaranthaceae_Celosia_argentea\7aef51c3-7dac-4f90-b290-6a0da99af1b7.jpg,346,423,423 287 346 286 288,0.41741129755973816
data\raw\val\07324_Plantae_Tracheophyta_Magnoliopsida_Caryophyllales_Amaranthaceae_Celosia_argentea\141441f5-9417-46d1-91c9-dd9fa1889628.jpg,346,354,354 361 344 353 480,0.6180654168128967
data\raw\val\07324_Plantae_Tracheophyta_Magnoliopsida_Caryophyllales_Amaranthaceae_Celosia_argentea\780f8a37-cb10-4ebf-a7ab-c1b7eda0e7e7.jpg,346,442,442 345 437 313 340,0.13429048657417297
data\raw\val\07324_Plantae_Tracheophyta_Magnoliopsida_Caryophyllales_Amaranthaceae_Celosia_argentea\821c305c-4421-43c4-a800-9c2606681c9a.jpg,346,353,353 354 347 299 465,0.03324076533317566
data\raw\val\07324_Plantae_Tracheophyta_Magnoliopsida_Caryophyllales_Amaranthaceae_Celosia_argentea\04b2c1ec-e8be-475d-92b3-66a5774ad3f0.jpg,346,311,311 302 357 345 322,0.5051202774047852
data\raw\val\07324_Plantae_Tracheophyta_Magnoliopsida_Caryophyllales_Amaranthaceae_Celosia_argentea\0d81b3bb-1a0a-44e3-bbe7-d68c3dadb91f.jpg,346,58,58 62 123 99 55,0.531215250492096
data\raw\val\07324_Plantae_Tracheophyta_Magnoliopsida_Caryophyllales_Amaranthaceae_Celosia_argentea\950d8a12-79ca-447f-a1c5-81ecb6310036.jpg,346,384,384 299 390 318 277,0.1678912341594696
data\raw\val\07324_Plantae_Tracheophyta_Magnoliopsida_Caryophyllales_Amaranthaceae_Celosia_argentea\7821818e-b656-4268-8322-58b9569a8f81.jpg,346,492,492 388 417 311 246,0.09124316275119781
data\raw\val\07324_Plantae_Tracheophyta_Magnoliopsida_Caryophyllales_Amaranthaceae_Celosia_argentea\ed307f6e-ebd1-4a4d-93f8-7f17f677c411.jpg,346,354,354 353 422 361 131,0.049299757927656174
data\raw\val\07324_Plantae_Tracheophyta_Magnoliopsida_Caryophyllales_Amaranthaceae_Celosia_argentea\c98a27de-084e-4cd8-a6ce-9b28df1abf3b.jpg,346,346,346 377 361 362 352,0.3818238079547882
data\raw\val\07349_Plantae_Tracheophyta_Magnoliopsida_Caryophyllales_Cactaceae_Cylindropuntia_fulgida\ff93c3db-660f-44f4-b999-138d87d08591.jpg,347,313,313 468 438 442 275,0.5050118565559387
data\raw\val\07349_Plantae_Tracheophyta_Magnoliopsida_Caryophyllales_Cactaceae_Cylindropuntia_fulgida\b80dc92f-ad82-435f-bedf-79997d13742f.jpg,347,468,468 391 413 460 487,0.23328456282615662
data\raw\val\07349_Plantae_Tracheophyta_Magnoliopsida_Caryophyllales_Cactaceae_Cylindropuntia_fulgida\f59af167-050d-431e-b840-84f19384fd38.jpg,347,347,347 468 487 278 344,0.16287767887115479
data\raw\val\07349_Plantae_Tracheophyta_Magnoliopsida_Caryophyllales_Cactaceae_Cylindropuntia_fulgida\2f0bb692-c80c-4aae-b390-62d35cd10d25.jpg,347,329,329 468 449 438 391,0.18576134741306305
data\raw\val\07349_Plantae_Tracheophyta_Magnoliopsida_Caryophyllales_Cactaceae_Cylindropuntia_fulgida\b07a46bb-6136-4cac-83dc-2d7896bc553d.jpg,347,313,313 347 350 451 394,0.09587851911783218
data\raw\val\07349_Plantae_Tracheophyta_Magnoliopsida_Caryophyllales_Cactaceae_Cylindropuntia_fulgida\a9c4b302-b797-4705-870a-d618de995ec6.jpg,347,246,246 313 136 240 230,0.20580953359603882
data\raw\val\07349_Plantae_Tracheophyta_Magnoliopsida_Caryophyllales_Cactaceae_Cylindropuntia_fulgida\635393ca-f4ed-4a37-b279-1bdad11fb92d.jpg,347,347,347 357 487 468 431,0.20102311670780182
data\raw\val\07349_Plantae_Tracheophyta_Magnoliopsida_Caryophyllales_Cactaceae_Cylindropuntia_fulgida\51332dc0-61d0-40c6-be52-627bb264572e.jpg,347,246,246 73 98 274 257,0.2253047525882721
data\raw\val\07349_Plantae_Tracheophyta_Magnoliopsida_Caryophyllales_Cactaceae_Cylindropuntia_fulgida\5bec2f0a-710b-406e-8f8a-a28b2284df98.jpg,347,315,315 370 366 329 468,0.23711149394512177
data\raw\val\07349_Plantae_Tracheophyta_Magnoliopsida_Caryophyllales_Cactaceae_Cylindropuntia_fulgida\e8d2e3a0-bd04-4d8b-88d9-114124f5d758.jpg,347,366,366 458 347 354 459,0.3577462136745453
data\raw\val\07355_Plantae_Tracheophyta_Magnoliopsida_Caryophyllales_Cactaceae_Cylindropuntia_thurberi\14804657-cba8-441e-a942-523324ee879e.jpg,348,275,275 344 438 273 442,0.31254327297210693
data\raw\val\07355_Plantae_Tracheophyta_Magnoliopsida_Caryophyllales_Cactaceae_Cylindropuntia_thurberi\3d1ff6bb-8979-4256-9a38-09ad31ba6f28.jpg,348,353,353 413 482 354 348,0.0872105062007904
data\raw\val\07355_Plantae_Tracheophyta_Magnoliopsida_Caryophyllales_Cactaceae_Cylindropuntia_thurberi\749f6539-904c-4e57-907d-62ff69154ffd.jpg,348,366,366 354 275 451 273,0.2966534197330475
data\raw\val\07355_Plantae_Tracheophyta_Magnoliopsida_Caryophyllales_Cactaceae_Cylindropuntia_thurberi\ba147f86-e29b-42f4-9b38-bf83ee0ce192.jpg,348,348,348 347 468 257 391,0.1922784298658371
data\raw\val\07355_Plantae_Tracheophyta_Magnoliopsida_Caryophyllales_Cactaceae_Cylindropuntia_thurberi\5ed25ebf-105f-49e9-8ac8-2c04812e51a6.jpg,348,438,438 437 468 348 469,0.24326956272125244
data\raw\val\07355_Plantae_Tracheophyta_Magnoliopsida_Caryophyllales_Cactaceae_Cylindropuntia_thurberi\464d85c5-9e1b-46ff-97fe-7cd398a62e83.jpg,348,348,348 438 313 275 437,0.2353747934103012
data\raw\val\07355_Plantae_Tracheophyta_Magnoliopsida_Caryophyllales_Cactaceae_Cylindropuntia_thurberi\b03d51e4-370d-4379-9ce5-ace0e98ebd43.jpg,348,437,437 438 469 468 313,0.42620784044265747
data\raw\val\07355_Plantae_Tracheophyta_Magnoliopsida_Caryophyllales_Cactaceae_Cylindropuntia_thurberi\76bec2cd-aa67-48eb-ae7c-5c2e08ce80f1.jpg,348,354,354 275 344 257 246,0.061625029891729355
data\raw\val\07355_Plantae_Tracheophyta_Magnoliopsida_Caryophyllales_Cactaceae_Cylindropuntia_thurberi\97a014e8-b8c4-4908-b5d3-ec31d160d92e.jpg,348,274,274 246 249 73 256,0.45291969180107117
data\raw\val\07355_Plantae_Tracheophyta_Magnoliopsida_Caryophyllales_Cactaceae_Cylindropuntia_thurberi\61c8f520-5663-4e61-9804-8d6ea7fb728f.jpg,348,353,353 354 482 473 344,0.6797484159469604
data\raw\val\07367_Plantae_Tracheophyta_Magnoliopsida_Caryophyllales_Cactaceae_Echinocereus_pentalophus\1f3c061e-46c7-4152-a5e9-d51e692b2d35.jpg,349,240,240 73 350 83 344,0.09114326536655426
data\raw\val\07367_Plantae_Tracheophyta_Magnoliopsida_Caryophyllales_Cactaceae_Echinocereus_pentalophus\968fa8ae-5660-44d3-9774-41832183fe9a.jpg,349,246,246 354 351 344 350,0.11994121223688126
data\raw\val\07367_Plantae_Tracheophyta_Magnoliopsida_Caryophyllales_Cactaceae_Echinocereus_pentalophus\24c0659f-77ab-4ad1-b4df-39e7efff262b.jpg,349,275,275 274 73 246 366,0.06589271128177643
data\raw\val\07367_Plantae_Tracheophyta_Magnoliopsida_Caryophyllales_Cactaceae_Echinocereus_pentalophus\f2a11729-b16d-48e2-af38-b64bcd40a048.jpg,349,73,73 498 494 366 349,0.15289974212646484
data\raw\val\07367_Plantae_Tracheophyta_Magnoliopsida_Caryophyllales_Cactaceae_Echinocereus_pentalophus\0a9a52c5-ba87-4aa8-b731-871c394d5e35.jpg,349,246,246 354 274 249 344,0.23257553577423096
data\raw\val\07367_Plantae_Tracheophyta_Magnoliopsida_Caryophyllales_Cactaceae_Echinocereus_pentalophus\e2aab8c2-ccb7-4429-91ba-78c13535cb85.jpg,349,350,350 330 388 416 361,0.43525153398513794
data\raw\val\07367_Plantae_Tracheophyta_Magnoliopsida_Caryophyllales_Cactaceae_Echinocereus_pentalophus\b7531846-e0c2-47ff-9d0f-88607d0fa882.jpg,349,354,354 275 353 246 394,0.10794729739427567
data\raw\val\07367_Plantae_Tracheophyta_Magnoliopsida_Caryophyllales_Cactaceae_Echinocereus_pentalophus\50ce6f7a-4c8d-4976-a17e-83f1aca3134c.jpg,349,344,344 354 353 482 350,0.49551767110824585
data\raw\val\07367_Plantae_Tracheophyta_Magnoliopsida_Caryophyllales_Cactaceae_Echinocereus_pentalophus\3469f76e-88d5-4b0d-b2b2-d62f5571b8f1.jpg,349,344,344 350 468 313 366,0.21093858778476715
data\raw\val\07367_Plantae_Tracheophyta_Magnoliopsida_Caryophyllales_Cactaceae_Echinocereus_pentalophus\89cc8f39-2574-456b-ae24-c8f747bc33d9.jpg,349,442,442 347 348 275 492,0.44001418352127075
data\raw\val\07375_Plantae_Tracheophyta_Magnoliopsida_Caryophyllales_Cactaceae_Escobaria_vivipara\52c57b28-77f7-420a-a34a-5038fcb69e1e.jpg,350,350,350 354 353 480 377,0.5593563318252563
data\raw\val\07375_Plantae_Tracheophyta_Magnoliopsida_Caryophyllales_Cactaceae_Escobaria_vivipara\a8acd094-bf84-4ff1-8d47-659694ac2d7a.jpg,350,350,350 354 388 347 394,0.3373430371284485
data\raw\val\07375_Plantae_Tracheophyta_Magnoliopsida_Caryophyllales_Cactaceae_Escobaria_vivipara\560e94f1-00f5-4a84-a17a-2d25568e384b.jpg,350,350,350 388 354 361 353,0.3369278907775879
data\raw\val\07375_Plantae_Tracheophyta_Magnoliopsida_Caryophyllales_Cactaceae_Escobaria_vivipara\bace6558-5161-446f-aa33-db86f9237e84.jpg,350,350,350 353 354 442 313,0.22586093842983246
data\raw\val\07375_Plantae_Tracheophyta_Magnoliopsida_Caryophyllales_Cactaceae_Escobaria_vivipara\1c39021b-d5fe-4f64-8812-124f281108d1.jpg,350,350,350 344 349 242 351,0.8913037776947021
data\raw\val\07375_Plantae_Tracheophyta_Magnoliopsida_Caryophyllales_Cactaceae_Escobaria_vivipara\6acbe3b9-9294-4f57-adf3-30f16fbe7a8e.jpg,350,350,350 354 344 353 379,0.6034354567527771
data\raw\val\07375_Plantae_Tracheophyta_Magnoliopsida_Caryophyllales_Cactaceae_Escobaria_vivipara\c60c8dbe-b020-45d7-85c4-4653547682bf.jpg,350,442,442 350 347 348 315,0.28824785351753235
data\raw\val\07375_Plantae_Tracheophyta_Magnoliopsida_Caryophyllales_Cactaceae_Escobaria_vivipara\06810954-191b-4303-8848-5349a16d0729.jpg,350,350,350 344 480 354 353,0.6612063050270081
data\raw\val\07375_Plantae_Tracheophyta_Magnoliopsida_Caryophyllales_Cactaceae_Escobaria_vivipara\6e35f2fd-ee7b-46ab-8da8-858cd6daea83.jpg,350,354,354 353 451 344 482,0.26430216431617737
data\raw\val\07375_Plantae_Tracheophyta_Magnoliopsida_Caryophyllales_Cactaceae_Escobaria_vivipara\b7867e28-4533-49d4-9e0f-4c7617fe609b.jpg,350,388,388 361 350 354 416,0.7663142681121826
data\raw\val\07394_Plantae_Tracheophyta_Magnoliopsida_Caryophyllales_Cactaceae_Opuntia_basilaris\6b12b9af-34ce-4170-bb49-27c50be8082a.jpg,351,406,406 345 311 344 451,0.16767331957817078
data\raw\val\07394_Plantae_Tracheophyta_Magnoliopsida_Caryophyllales_Cactaceae_Opuntia_basilaris\b113791a-b20f-4055-8111-3f0ff7171f93.jpg,351,246,246 274 492 259 354,0.8281342387199402
data\raw\val\07394_Plantae_Tracheophyta_Magnoliopsida_Caryophyllales_Cactaceae_Opuntia_basilaris\6d1a4db4-0d64-4cab-9246-6761f16e4edc.jpg,351,246,246 302 73 476 442,0.11539607495069504
data\raw\val\07394_Plantae_Tracheophyta_Magnoliopsida_Caryophyllales_Cactaceae_Opuntia_basilaris\31bf5f33-a470-4b24-9f38-b30b46df4620.jpg,351,351,351 344 361 354 246,0.6777037978172302
data\raw\val\07394_Plantae_Tracheophyta_Magnoliopsida_Caryophyllales_Cactaceae_Opuntia_basilaris\c5fba1d8-789e-47d4-b15a-aa16dbb5695f.jpg,351,361,361 344 350 351 388,0.4708833396434784
data\raw\val\07394_Plantae_Tracheophyta_Magnoliopsida_Caryophyllales_Cactaceae_Opuntia_basilaris\69fcf868-ff7c-4738-af10-968cfad17609.jpg,351,351,351 350 347 246 348,0.19335073232650757
data\raw\val\07394_Plantae_Tracheophyta_Magnoliopsida_Caryophyllales_Cactaceae_Opuntia_basilaris\804b63e1-176c-422b-8632-a6abeb25089a.jpg,351,351,351 246 493 350 344,0.37725719809532166
data\raw\val\07394_Plantae_Tracheophyta_Magnoliopsida_Caryophyllales_Cactaceae_Opuntia_basilaris\22a45e88-e879-4450-99c3-5c6e16954506.jpg,351,351,351 344 246 361 354,0.24030524492263794
data\raw\val\07394_Plantae_Tracheophyta_Magnoliopsida_Caryophyllales_Cactaceae_Opuntia_basilaris\8369379a-8e3a-468c-a95c-c6188534a36d.jpg,351,350,350 344 274 361 246,0.3094772696495056
data\raw\val\07394_Plantae_Tracheophyta_Magnoliopsida_Caryophyllales_Cactaceae_Opuntia_basilaris\fb8d7c93-5c32-4b4a-8d21-a08a73dc94eb.jpg,351,350,350 242 246 442 344,0.2309681475162506
data\raw\val\07450_Plantae_Tracheophyta_Magnoliopsida_Caryophyllales_Caryophyllaceae_Silene_dioica\1b5350e1-9503-46d9-b1f9-a7113200e6f8.jpg,352,352,352 368 416 361 377,0.2581789493560791
data\raw\val\07450_Plantae_Tracheophyta_Magnoliopsida_Caryophyllales_Caryophyllaceae_Silene_dioica\625e589a-a4e9-454d-87af-dd94476a4389.jpg,352,361,361 351 274 354 344,0.44260311126708984
data\raw\val\07450_Plantae_Tracheophyta_Magnoliopsida_Caryophyllales_Caryophyllaceae_Silene_dioica\a485d5ca-0343-4860-a78b-8481b2faf0e7.jpg,352,426,426 379 423 378 361,0.3711523115634918
data\raw\val\07450_Plantae_Tracheophyta_Magnoliopsida_Caryophyllales_Caryophyllaceae_Silene_dioica\44d8c08d-827f-4506-8a5e-f133e2b5eca9.jpg,352,274,274 246 350 249 73,0.5122897028923035
data\raw\val\07450_Plantae_Tracheophyta_Magnoliopsida_Caryophyllales_Caryophyllaceae_Silene_dioica\98c12293-1d3d-4675-aa61-3cc93cceef59.jpg,352,416,416 361 377 378 426,0.13066165149211884
data\raw\val\07450_Plantae_Tracheophyta_Magnoliopsida_Caryophyllales_Caryophyllaceae_Silene_dioica\22330e7f-1e16-4dd2-a376-000ee86c531e.jpg,352,274,274 275 361 246 311,0.210286483168602
data\raw\val\07450_Plantae_Tracheophyta_Magnoliopsida_Caryophyllales_Caryophyllaceae_Silene_dioica\f1c7d051-7d44-4e79-a1ca-8ebf69df7527.jpg,352,423,423 361 417 352 377,0.3904675543308258
data\raw\val\07450_Plantae_Tracheophyta_Magnoliopsida_Caryophyllales_Caryophyllaceae_Silene_dioica\f2c930f8-9419-44fa-a83f-5f2f7c6bf09c.jpg,352,361,361 423 388 290 426,0.5964595079421997
data\raw\val\07450_Plantae_Tracheophyta_Magnoliopsida_Caryophyllales_Caryophyllaceae_Silene_dioica\4dd24d02-659c-48f5-9bd1-145e3524063f.jpg,352,361,361 366 311 274 416,0.13077664375305176
data\raw\val\07450_Plantae_Tracheophyta_Magnoliopsida_Caryophyllales_Caryophyllaceae_Silene_dioica\5a2ae3a0-fa4e-4a26-b544-587e0bcb29d4.jpg,352,361,361 354 246 476 351,0.3605295419692993
data\raw\val\07477_Plantae_Tracheophyta_Magnoliopsida_Caryophyllales_Droseraceae_Drosera_intermedia\d1635b5d-6a24-417f-8a28-182100d6eca8.jpg,353,353,353 354 257 480 438,0.7443912625312805
data\raw\val\07477_Plantae_Tracheophyta_Magnoliopsida_Caryophyllales_Droseraceae_Drosera_intermedia\860ee867-e805-4ede-86cd-0c671fc147d7.jpg,353,353,353 354 292 287 482,0.9668737053871155
data\raw\val\07477_Plantae_Tracheophyta_Magnoliopsida_Caryophyllales_Droseraceae_Drosera_intermedia\795c5ebd-880a-44c3-9ccf-0286e2011cea.jpg,353,353,353 354 347 451 458,0.8336864709854126
data\raw\val\07477_Plantae_Tracheophyta_Magnoliopsida_Caryophyllales_Droseraceae_Drosera_intermedia\1e82c65b-6e4e-4232-9eb1-2c32ea6e08ad.jpg,353,353,353 354 273 344 480,0.8344878554344177
data\raw\val\07477_Plantae_Tracheophyta_Magnoliopsida_Caryophyllales_Droseraceae_Drosera_intermedia\247819bb-8b3f-4855-a99a-88f9165ac4f4.jpg,353,353,353 354 451 274 355,0.5980258584022522
data\raw\val\07477_Plantae_Tracheophyta_Magnoliopsida_Caryophyllales_Droseraceae_Drosera_intermedia\7c5b2c10-e648-40cf-a9a9-ac588aec261a.jpg,353,438,438 257 437 356 468,0.9189784526824951
data\raw\val\07477_Plantae_Tracheophyta_Magnoliopsida_Caryophyllales_Droseraceae_Drosera_intermedia\7415026f-de44-493b-8d68-78127c0674d8.jpg,353,353,353 354 246 347 273,0.7522647380828857
data\raw\val\07477_Plantae_Tracheophyta_Magnoliopsida_Caryophyllales_Droseraceae_Drosera_intermedia\2a7fc15b-dc1a-42f6-a39a-4f7d801bc4e3.jpg,353,353,353 354 480 344 438,0.622643768787384
data\raw\val\07477_Plantae_Tracheophyta_Magnoliopsida_Caryophyllales_Droseraceae_Drosera_intermedia\e5a95a46-7507-47da-a38c-99593a6f72ab.jpg,353,353,353 354 480 427 348,0.8891686201095581
data\raw\val\07477_Plantae_Tracheophyta_Magnoliopsida_Caryophyllales_Droseraceae_Drosera_intermedia\f30d4aaf-6870-49f1-99ee-1677068c4a7d.jpg,353,353,353 354 483 118 422,0.8977080583572388
data\raw\val\07480_Plantae_Tracheophyta_Magnoliopsida_Caryophyllales_Droseraceae_Drosera_spatulata\d92771e5-c172-4003-bed9-586cc698b799.jpg,354,344,344 315 366 364 438,0.241810604929924
data\raw\val\07480_Plantae_Tracheophyta_Magnoliopsida_Caryophyllales_Droseraceae_Drosera_spatulata\213127f1-edbc-4fad-a785-dcd1d7ffa74b.jpg,354,353,353 354 246 278 355,0.655807375907898
data\raw\val\07480_Plantae_Tracheophyta_Magnoliopsida_Caryophyllales_Droseraceae_Drosera_spatulata\feadb6d2-8081-43a5-b8d7-dfa367164554.jpg,354,353,353 354 273 451 394,0.6199964880943298
data\raw\val\07480_Plantae_Tracheophyta_Magnoliopsida_Caryophyllales_Droseraceae_Drosera_spatulata\55bda323-6976-4547-9445-667418ee2d6b.jpg,354,354,354 353 361 344 480,0.7243680357933044
data\raw\val\07480_Plantae_Tracheophyta_Magnoliopsida_Caryophyllales_Droseraceae_Drosera_spatulata\c1abeb1f-09b9-4766-ac44-410783893fef.jpg,354,354,354 353 344 480 482,0.5218527913093567
data\raw\val\07480_Plantae_Tracheophyta_Magnoliopsida_Caryophyllales_Droseraceae_Drosera_spatulata\409f17d2-8d99-43df-a2cb-3abf511145e3.jpg,354,354,354 353 422 347 118,0.622982919216156
data\raw\val\07480_Plantae_Tracheophyta_Magnoliopsida_Caryophyllales_Droseraceae_Drosera_spatulata\d96e124e-1af7-4fd9-95fe-a964360952ae.jpg,354,438,438 329 424 257 342,0.3451864421367645
data\raw\val\07480_Plantae_Tracheophyta_Magnoliopsida_Caryophyllales_Droseraceae_Drosera_spatulata\8abb3291-02f8-4068-8e21-de1a454b503a.jpg,354,354,354 353 62 123 422,0.33823561668395996
data\raw\val\07480_Plantae_Tracheophyta_Magnoliopsida_Caryophyllales_Droseraceae_Drosera_spatulata\4f2b9321-8753-47ad-bb56-cdc2c2ec1370.jpg,354,354,354 353 458 451 394,0.7386162281036377
data\raw\val\07480_Plantae_Tracheophyta_Magnoliopsida_Caryophyllales_Droseraceae_Drosera_spatulata\6ea618b8-338f-435f-9b12-e5a4acb41995.jpg,354,354,354 257 438 480 344,0.47912293672561646
data\raw\val\07576_Plantae_Tracheophyta_Magnoliopsida_Celastrales_Celastraceae_Canotia_holacantha\4642e907-7726-4508-9ecd-fcfaec9d831c.jpg,355,300,300 355 404 284 301,0.6957095861434937
data\raw\val\07576_Plantae_Tracheophyta_Magnoliopsida_Celastrales_Celastraceae_Canotia_holacantha\d6e31b6a-e194-4308-b363-97cc2e9788e9.jpg,355,313,313 442 468 437 438,0.47298139333724976
data\raw\val\07576_Plantae_Tracheophyta_Magnoliopsida_Celastrales_Celastraceae_Canotia_holacantha\811bbaec-08ed-4261-af77-ed4c53a11c3a.jpg,355,366,366 468 355 487 365,0.2914591133594513
data\raw\val\07576_Plantae_Tracheophyta_Magnoliopsida_Celastrales_Celastraceae_Canotia_holacantha\00472160-00b8-4026-af1e-9d1d7b0838ea.jpg,355,313,313 468 438 437 350,0.823992133140564
data\raw\val\07576_Plantae_Tracheophyta_Magnoliopsida_Celastrales_Celastraceae_Canotia_holacantha\238d1ea3-cd6c-48eb-b324-7e4abaee35e6.jpg,355,468,468 437 313 438 442,0.5022357106208801
data\raw\val\07576_Plantae_Tracheophyta_Magnoliopsida_Celastrales_Celastraceae_Canotia_holacantha\d799070e-acaa-43f9-a272-f2fc3b7d162e.jpg,355,355,355 316 366 468 389,0.7997117042541504
data\raw\val\07576_Plantae_Tracheophyta_Magnoliopsida_Celastrales_Celastraceae_Canotia_holacantha\d165ff14-f169-407f-9e29-af98607df55d.jpg,355,313,313 438 468 437 356,0.3768370449542999
data\raw\val\07576_Plantae_Tracheophyta_Magnoliopsida_Celastrales_Celastraceae_Canotia_holacantha\c9d6ddaa-c206-4dea-a363-60b1c83641b4.jpg,355,468,468 356 391 487 313,0.35116106271743774
data\raw\val\07576_Plantae_Tracheophyta_Magnoliopsida_Celastrales_Celastraceae_Canotia_holacantha\f62a4611-983a-4230-a3a6-7dfe9b3b14df.jpg,355,353,353 355 354 348 425,0.32826319336891174
data\raw\val\07576_Plantae_Tracheophyta_Magnoliopsida_Celastrales_Celastraceae_Canotia_holacantha\182b53be-2c0f-4a44-bd09-2e9ea25ff451.jpg,355,438,438 355 313 468 437,0.1975289285182953
data\raw\val\07577_Plantae_Tracheophyta_Magnoliopsida_Celastrales_Celastraceae_Celastrus_orbiculatus\7d9cd8a3-1685-4c8e-bc98-0365ab0db6a2.jpg,356,274,274 311 492 312 246,0.4136171340942383
data\raw\val\07577_Plantae_Tracheophyta_Magnoliopsida_Celastrales_Celastraceae_Celastrus_orbiculatus\8fab6a72-924c-4794-915a-740c8bb845bb.jpg,356,460,460 471 468 312 398,0.2397332340478897
data\raw\val\07577_Plantae_Tracheophyta_Magnoliopsida_Celastrales_Celastraceae_Celastrus_orbiculatus\a81a70e0-1abc-4991-b341-a55c9ac04ead.jpg,356,274,274 312 135 136 246,0.46859198808670044
data\raw\val\07577_Plantae_Tracheophyta_Magnoliopsida_Celastrales_Celastraceae_Celastrus_orbiculatus\5ef85600-7f3d-4bb9-bc21-86fa5934ecd2.jpg,356,274,274 240 234 492 312,0.48959317803382874
data\raw\val\07577_Plantae_Tracheophyta_Magnoliopsida_Celastrales_Celastraceae_Celastrus_orbiculatus\fde9e5f4-1cc3-4006-a311-27f2a5553fe6.jpg,356,312,312 274 472 311 431,0.2692417800426483
data\raw\val\07577_Plantae_Tracheophyta_Magnoliopsida_Celastrales_Celastraceae_Celastrus_orbiculatus\58024cf2-ae62-4c6d-8132-fa42c3e05436.jpg,356,275,275 312 492 274 136,0.47435545921325684
data\raw\val\07577_Plantae_Tracheophyta_Magnoliopsida_Celastrales_Celastraceae_Celastrus_orbiculatus\a7e344b6-b14a-42f1-973c-c8583a59b3e6.jpg,356,274,274 460 246 312 311,0.418100506067276
data\raw\val\07577_Plantae_Tracheophyta_Magnoliopsida_Celastrales_Celastraceae_Celastrus_orbiculatus\593c24d1-9c68-4fa8-9dbd-41672fb43341.jpg,356,356,356 391 483 468 471,0.2147729992866516
data\raw\val\07577_Plantae_Tracheophyta_Magnoliopsida_Celastrales_Celastraceae_Celastrus_orbiculatus\a31ba900-7f72-4f19-90cf-cb5e71f4f10d.jpg,356,274,274 312 256 451 366,0.9543017148971558
data\raw\val\07577_Plantae_Tracheophyta_Magnoliopsida_Celastrales_Celastraceae_Celastrus_orbiculatus\c5bf3b3c-6b9f-47a1-8bfd-7cbf268a233a.jpg,356,274,274 451 366 394 246,0.5565181374549866
data\raw\val\07609_Plantae_Tracheophyta_Magnoliopsida_Cornales_Hydrangeaceae_Hydrangea_quercifolia\e92fc35b-2a3a-4b4c-871b-117568a435f8.jpg,357,311,311 274 275 28 492,0.10954850167036057
data\raw\val\07609_Plantae_Tracheophyta_Magnoliopsida_Cornales_Hydrangeaceae_Hydrangea_quercifolia\eef78ed4-f19a-411f-97a4-63c56e80fe8e.jpg,357,357,357 309 14 472 419,0.2957157492637634
data\raw\val\07609_Plantae_Tracheophyta_Magnoliopsida_Cornales_Hydrangeaceae_Hydrangea_quercifolia\82f916cf-32b9-4991-92c5-b06c5e105a68.jpg,357,358,358 370 394 315 468,0.36829888820648193
data\raw\val\07609_Plantae_Tracheophyta_Magnoliopsida_Cornales_Hydrangeaceae_Hydrangea_quercifolia\334432cc-4507-4655-afd8-df2b4359114b.jpg,357,274,274 312 487 275 492,0.9339004158973694
data\raw\val\07609_Plantae_Tracheophyta_Magnoliopsida_Cornales_Hydrangeaceae_Hydrangea_quercifolia\6830be91-7e9d-4ef4-b14a-4b7dbc857c5c.jpg,357,471,471 357 246 274 358,0.2930591404438019
data\raw\val\07609_Plantae_Tracheophyta_Magnoliopsida_Cornales_Hydrangeaceae_Hydrangea_quercifolia\05b5bec4-f17e-4ece-9a0a-81a87973a40d.jpg,357,274,274 489 451 487 366,0.748440682888031
data\raw\val\07609_Plantae_Tracheophyta_Magnoliopsida_Cornales_Hydrangeaceae_Hydrangea_quercifolia\91bba424-507d-472b-b60f-c360f339468d.jpg,357,274,274 472 246 311 351,0.5487905144691467
data\raw\val\07609_Plantae_Tracheophyta_Magnoliopsida_Cornales_Hydrangeaceae_Hydrangea_quercifolia\f465c5d5-e1d8-4f21-81a2-57c7075cf5e5.jpg,357,274,274 311 400 472 242,0.1608717143535614
data\raw\val\07609_Plantae_Tracheophyta_Magnoliopsida_Cornales_Hydrangeaceae_Hydrangea_quercifolia\f0f4ed62-c367-4a9a-a9ca-79b2744e36b1.jpg,357,311,311 345 246 492 451,0.10505197942256927
data\raw\val\07609_Plantae_Tracheophyta_Magnoliopsida_Cornales_Hydrangeaceae_Hydrangea_quercifolia\81fa4b61-d80a-4a54-aae8-0362927f0f12.jpg,357,471,471 366 468 315 370,0.4071018099784851
data\raw\val\07610_Plantae_Tracheophyta_Magnoliopsida_Cornales_Hydrangeaceae_Philadelphus_lewisii\e696962a-f407-4981-b422-0782f40a2545.jpg,358,492,492 249 331 274 246,0.08986905962228775
data\raw\val\07610_Plantae_Tracheophyta_Magnoliopsida_Cornales_Hydrangeaceae_Philadelphus_lewisii\da0d3dab-2616-4335-8a8a-a06c48d6621e.jpg,358,315,315 370 358 372 328,0.26144203543663025
data\raw\val\07610_Plantae_Tracheophyta_Magnoliopsida_Cornales_Hydrangeaceae_Philadelphus_lewisii\782c50bf-0061-4dde-b7c6-0f348938b9b3.jpg,358,135,135 136 246 274 250,0.16974887251853943
data\raw\val\07610_Plantae_Tracheophyta_Magnoliopsida_Cornales_Hydrangeaceae_Philadelphus_lewisii\539fdd94-bbe8-43de-a969-126c2b9719b4.jpg,358,274,274 357 398 487 472,0.4804370701313019
data\raw\val\07610_Plantae_Tracheophyta_Magnoliopsida_Cornales_Hydrangeaceae_Philadelphus_lewisii\50107dbf-c5d7-447f-97da-e5c37c31db98.jpg,358,358,358 357 341 340 272,0.5069433450698853
data\raw\val\07610_Plantae_Tracheophyta_Magnoliopsida_Cornales_Hydrangeaceae_Philadelphus_lewisii\bd09f659-5994-4a2d-828e-bafb567eef4b.jpg,358,274,274 246 136 249 240,0.4196567237377167
data\raw\val\07610_Plantae_Tracheophyta_Magnoliopsida_Cornales_Hydrangeaceae_Philadelphus_lewisii\9846396a-046d-44c1-9808-349fe17dd577.jpg,358,55,55 56 387 96 60,0.2181834727525711
data\raw\val\07610_Plantae_Tracheophyta_Magnoliopsida_Cornales_Hydrangeaceae_Philadelphus_lewisii\0809be82-b420-4c76-9943-002d77cabe8c.jpg,358,482,482 484 295 315 354,0.051496658474206924
data\raw\val\07610_Plantae_Tracheophyta_Magnoliopsida_Cornales_Hydrangeaceae_Philadelphus_lewisii\f2925c7b-3590-460b-8e3c-ab7b5cc85611.jpg,358,246,246 274 249 492 137,0.16353456676006317
data\raw\val\07610_Plantae_Tracheophyta_Magnoliopsida_Cornales_Hydrangeaceae_Philadelphus_lewisii\48baa237-c2a1-4091-8516-48608f5f7662.jpg,358,274,274 315 366 248 246,0.32640451192855835
data\raw\val\07616_Plantae_Tracheophyta_Magnoliopsida_Cornales_Loasaceae_Petalonyx_thurberi\3c7ba25d-13f8-4def-a77f-a50cd44b806b.jpg,359,414,414 370 468 418 449,0.30009666085243225
data\raw\val\07616_Plantae_Tracheophyta_Magnoliopsida_Cornales_Loasaceae_Petalonyx_thurberi\75c19489-5314-406c-bee4-d55099d5d894.jpg,359,414,414 329 468 391 416,0.22057586908340454
data\raw\val\07616_Plantae_Tracheophyta_Magnoliopsida_Cornales_Loasaceae_Petalonyx_thurberi\d6209e70-dc17-43b0-9635-eb747dfc8d31.jpg,359,246,246 73 249 274 98,0.22097697854042053
data\raw\val\07616_Plantae_Tracheophyta_Magnoliopsida_Cornales_Loasaceae_Petalonyx_thurberi\cd3b591d-0656-4b5a-b35a-833d2d1c407e.jpg,359,437,437 468 438 313 471,0.4124174118041992
data\raw\val\07616_Plantae_Tracheophyta_Magnoliopsida_Cornales_Loasaceae_Petalonyx_thurberi\e86e8753-ac6b-40fb-a75f-c24b739714d8.jpg,359,315,315 487 370 366 329,0.24498243629932404
data\raw\val\07616_Plantae_Tracheophyta_Magnoliopsida_Cornales_Loasaceae_Petalonyx_thurberi\ca2f0812-44b1-4fa3-9b09-256b3db90ae5.jpg,359,249,249 274 276 359 268,0.1032494455575943
data\raw\val\07616_Plantae_Tracheophyta_Magnoliopsida_Cornales_Loasaceae_Petalonyx_thurberi\a344780e-3608-4a49-b092-9ef5d3102fea.jpg,359,313,313 437 442 438 468,0.38967815041542053
data\raw\val\07616_Plantae_Tracheophyta_Magnoliopsida_Cornales_Loasaceae_Petalonyx_thurberi\5b0b3632-84b4-4e68-9dd0-f678691cc723.jpg,359,275,275 487 273 442 348,0.26538458466529846
data\raw\val\07616_Plantae_Tracheophyta_Magnoliopsida_Cornales_Loasaceae_Petalonyx_thurberi\0df494ea-e37a-48d0-bcd0-07f57fc26ac2.jpg,359,344,344 438 345 329 468,0.37988823652267456
data\raw\val\07616_Plantae_Tracheophyta_Magnoliopsida_Cornales_Loasaceae_Petalonyx_thurberi\d5f21cc9-28c2-49a8-a6d5-37b126ace792.jpg,359,438,438 468 345 471 437,0.380241334438324
data\raw\val\07617_Plantae_Tracheophyta_Magnoliopsida_Cornales_Nyssaceae_Nyssa_sylvatica\1a34c472-45f5-415e-b2c0-b62fea2751bb.jpg,360,245,245 123 398 451 375,0.09873189777135849
data\raw\val\07617_Plantae_Tracheophyta_Magnoliopsida_Cornales_Nyssaceae_Nyssa_sylvatica\c5282d18-04c8-4ba5-a342-97b49eabe11f.jpg,360,356,356 482 448 311 471,0.3247165083885193
data\raw\val\07617_Plantae_Tracheophyta_Magnoliopsida_Cornales_Nyssaceae_Nyssa_sylvatica\142cd8fa-9e91-4b81-9dbc-649bd77fab07.jpg,360,274,274 311 398 382 246,0.15112332999706268
data\raw\val\07617_Plantae_Tracheophyta_Magnoliopsida_Cornales_Nyssaceae_Nyssa_sylvatica\0547d510-a903-412c-9689-2c3bef82e5de.jpg,360,274,274 249 246 136 398,0.7673249244689941
data\raw\val\07617_Plantae_Tracheophyta_Magnoliopsida_Cornales_Nyssaceae_Nyssa_sylvatica\2cfee54d-e11c-4d21-8d3e-69f4fb5d3793.jpg,360,274,274 344 366 350 246,0.30842602252960205
data\raw\val\07617_Plantae_Tracheophyta_Magnoliopsida_Cornales_Nyssaceae_Nyssa_sylvatica\2ec35666-9d95-442a-a311-92cdf4a66073.jpg,360,402,402 309 322 249 274,0.08509616553783417
data\raw\val\07617_Plantae_Tracheophyta_Magnoliopsida_Cornales_Nyssaceae_Nyssa_sylvatica\500eb58c-37a8-4020-af9e-c520e41a6370.jpg,360,399,399 400 360 435 478,0.1556856483221054
data\raw\val\07617_Plantae_Tracheophyta_Magnoliopsida_Cornales_Nyssaceae_Nyssa_sylvatica\2108de3b-507d-447c-9242-d62922a92743.jpg,360,482,482 356 483 357 400,0.2671564817428589
data\raw\val\07617_Plantae_Tracheophyta_Magnoliopsida_Cornales_Nyssaceae_Nyssa_sylvatica\1923b11e-df79-4021-b2c5-3a86fc765670.jpg,360,393,393 400 356 475 483,0.1851845383644104
data\raw\val\07617_Plantae_Tracheophyta_Magnoliopsida_Cornales_Nyssaceae_Nyssa_sylvatica\bc77e9d1-23cf-41bd-adee-eb3576b9b38f.jpg,360,488,488 400 270 356 395,0.07597661018371582
data\raw\val\07634_Plantae_Tracheophyta_Magnoliopsida_Dipsacales_Caprifoliaceae_Centranthus_ruber\682aee22-a2c0-42b7-a55e-4febcb841dc4.jpg,361,361,361 451 345 366 476,0.9836666584014893
data\raw\val\07634_Plantae_Tracheophyta_Magnoliopsida_Dipsacales_Caprifoliaceae_Centranthus_ruber\40888552-fab7-4610-b820-75e320acd080.jpg,361,354,354 361 422 246 344,0.34841638803482056
data\raw\val\07634_Plantae_Tracheophyta_Magnoliopsida_Dipsacales_Caprifoliaceae_Centranthus_ruber\51a08a6c-09bb-4f8d-b380-c498253e2c37.jpg,361,361,361 354 476 451 423,0.9060603976249695
data\raw\val\07634_Plantae_Tracheophyta_Magnoliopsida_Dipsacales_Caprifoliaceae_Centranthus_ruber\e9c9ea13-3966-4574-a157-2dfa1d2bdde6.jpg,361,361,361 344 354 416 413,0.8196170330047607
data\raw\val\07634_Plantae_Tracheophyta_Magnoliopsida_Dipsacales_Caprifoliaceae_Centranthus_ruber\f40afb4c-1eda-49c6-b394-8c3f3346459e.jpg,361,492,492 476 361 246 413,0.09528084844350815
data\raw\val\07634_Plantae_Tracheophyta_Magnoliopsida_Dipsacales_Caprifoliaceae_Centranthus_ruber\8b0d7565-e7a4-4842-bb4b-b752fd62e6f1.jpg,361,361,361 344 473 451 366,0.9661979675292969
data\raw\val\07634_Plantae_Tracheophyta_Magnoliopsida_Dipsacales_Caprifoliaceae_Centranthus_ruber\dd959f25-af86-46d9-893f-4f910a108d82.jpg,361,361,361 423 426 274 416,0.9345186948776245
data\raw\val\07634_Plantae_Tracheophyta_Magnoliopsida_Dipsacales_Caprifoliaceae_Centranthus_ruber\00098ce2-e046-4cfd-a5ed-e7c69224aebe.jpg,361,354,354 344 422 361 249,0.35415077209472656
data\raw\val\07634_Plantae_Tracheophyta_Magnoliopsida_Dipsacales_Caprifoliaceae_Centranthus_ruber\c205464a-54ce-4243-bdd9-78a4ce102c00.jpg,361,361,361 423 416 350 426,0.586647093296051
data\raw\val\07634_Plantae_Tracheophyta_Magnoliopsida_Dipsacales_Caprifoliaceae_Centranthus_ruber\1d136c78-0409-41fa-af6b-da0770fcc6da.jpg,361,344,344 362 416 368 377,0.4227316379547119
data\raw\val\07640_Plantae_Tracheophyta_Magnoliopsida_Dipsacales_Caprifoliaceae_Leycesteria_formosa\cabd5cc7-fd93-42c1-9920-5c424b5716dc.jpg,362,354,354 362 423 361 275,0.15526889264583588
data\raw\val\07640_Plantae_Tracheophyta_Magnoliopsida_Dipsacales_Caprifoliaceae_Leycesteria_formosa\27d1b8f1-ea71-4b0d-bf98-5a237a453c21.jpg,362,356,356 353 482 483 413,0.2472037523984909
data\raw\val\07640_Plantae_Tracheophyta_Magnoliopsida_Dipsacales_Caprifoliaceae_Leycesteria_formosa\a05192a8-c15d-4758-b151-bcd934f55474.jpg,362,362,362 476 287 492 361,0.2437281757593155
data\raw\val\07640_Plantae_Tracheophyta_Magnoliopsida_Dipsacales_Caprifoliaceae_Leycesteria_formosa\6818b4e5-3fe1-4600-a58a-fc66dc9e286c.jpg,362,354,354 476 362 351 388,0.11133383214473724
data\raw\val\07640_Plantae_Tracheophyta_Magnoliopsida_Dipsacales_Caprifoliaceae_Leycesteria_formosa\df7b9790-3147-4c36-9915-8b44c329958a.jpg,362,362,362 28 476 399 478,0.17045526206493378
data\raw\val\07640_Plantae_Tracheophyta_Magnoliopsida_Dipsacales_Caprifoliaceae_Leycesteria_formosa\628af2cc-321d-488e-8b5f-aacf54bf1849.jpg,362,496,496 492 305 348 246,0.12093906104564667
data\raw\val\07640_Plantae_Tracheophyta_Magnoliopsida_Dipsacales_Caprifoliaceae_Leycesteria_formosa\58bbce18-a8e1-4804-ad98-b488d3ca36d7.jpg,362,362,362 495 311 275 492,0.35168036818504333
data\raw\val\07640_Plantae_Tracheophyta_Magnoliopsida_Dipsacales_Caprifoliaceae_Leycesteria_formosa\31b1fb52-6711-46ec-85b4-bf39c8ae0412.jpg,362,362,362 354 275 476 473,0.12474063038825989
data\raw\val\07640_Plantae_Tracheophyta_Magnoliopsida_Dipsacales_Caprifoliaceae_Leycesteria_formosa\169fa66c-907e-49b3-8535-b57b2782c2ad.jpg,362,246,246 274 249 135 248,0.33769333362579346
data\raw\val\07640_Plantae_Tracheophyta_Magnoliopsida_Dipsacales_Caprifoliaceae_Leycesteria_formosa\520b58fc-eeb0-40e5-a996-ee6ed9af891b.jpg,362,354,354 476 361 246 249,0.1241215318441391
data\raw\val\07652_Plantae_Tracheophyta_Magnoliopsida_Dipsacales_Caprifoliaceae_Lonicera_sempervirens\1688c6b8-10d6-4b30-b2d2-0047f1b496e4.jpg,363,281,281 491 377 402 471,0.11329343914985657
data\raw\val\07652_Plantae_Tracheophyta_Magnoliopsida_Dipsacales_Caprifoliaceae_Lonicera_sempervirens\cdb9679b-ad5a-4b23-8bb2-5b3a530d3d63.jpg,363,312,312 386 471 275 382,0.6693639159202576
data\raw\val\07652_Plantae_Tracheophyta_Magnoliopsida_Dipsacales_Caprifoliaceae_Lonicera_sempervirens\33f8805d-c60e-498d-a65e-bbccb704d3ac.jpg,363,268,268 351 344 274 401,0.17569437623023987
data\raw\val\07652_Plantae_Tracheophyta_Magnoliopsida_Dipsacales_Caprifoliaceae_Lonicera_sempervirens\fa3918e4-3b93-473d-b532-5dbe9ecd0f72.jpg,363,353,353 354 246 380 394,0.1934923380613327
data\raw\val\07652_Plantae_Tracheophyta_Magnoliopsida_Dipsacales_Caprifoliaceae_Lonicera_sempervirens\cde51758-dc7a-4895-9f08-957a2ea244a2.jpg,363,451,451 363 356 362 369,0.8818655014038086
data\raw\val\07652_Plantae_Tracheophyta_Magnoliopsida_Dipsacales_Caprifoliaceae_Lonicera_sempervirens\e0cae06d-94da-45a7-b99a-d412ba3b296e.jpg,363,399,399 41 28 99 302,0.06092889979481697
data\raw\val\07652_Plantae_Tracheophyta_Magnoliopsida_Dipsacales_Caprifoliaceae_Lonicera_sempervirens\894c4d8f-05a2-48b9-8ce0-e2bb0356e6a4.jpg,363,363,363 345 476 425 302,0.3168596029281616
data\raw\val\07652_Plantae_Tracheophyta_Magnoliopsida_Dipsacales_Caprifoliaceae_Lonicera_sempervirens\2b5f4342-7220-443d-9b45-0350d33d46b7.jpg,363,476,476 354 451 397 486,0.32106253504753113
data\raw\val\07652_Plantae_Tracheophyta_Magnoliopsida_Dipsacales_Caprifoliaceae_Lonicera_sempervirens\176f13e5-b255-4daf-87d3-120c17d6903c.jpg,363,476,476 486 458 498 354,0.09070304781198502
data\raw\val\07652_Plantae_Tracheophyta_Magnoliopsida_Dipsacales_Caprifoliaceae_Lonicera_sempervirens\d705dd9d-42da-468f-9669-850a8021b4bb.jpg,363,124,124 46 363 354 302,0.03290736302733421
data\raw\val\07713_Plantae_Tracheophyta_Magnoliopsida_Ericales_Ericaceae_Arctostaphylos_uva-ursi\bc3ec7a2-98f1-40a4-b492-527dd06e25b3.jpg,364,397,397 406 442 345 315,0.12595440447330475
data\raw\val\07713_Plantae_Tracheophyta_Magnoliopsida_Ericales_Ericaceae_Arctostaphylos_uva-ursi\606da91c-5230-47e0-8782-6839378d3221.jpg,364,377,377 491 281 482 484,0.12435296177864075
data\raw\val\07713_Plantae_Tracheophyta_Magnoliopsida_Ericales_Ericaceae_Arctostaphylos_uva-ursi\071469c7-c759-44f8-ac58-ebf83122eaad.jpg,364,451,451 246 311 91 394,0.12221678346395493
data\raw\val\07713_Plantae_Tracheophyta_Magnoliopsida_Ericales_Ericaceae_Arctostaphylos_uva-ursi\b55d95b7-775f-426d-afad-9e75329f0f1a.jpg,364,438,438 364 366 275 257,0.9055966734886169
data\raw\val\07713_Plantae_Tracheophyta_Magnoliopsida_Ericales_Ericaceae_Arctostaphylos_uva-ursi\c41bbe10-3230-4b1f-93c8-1922298bfd68.jpg,364,354,354 344 274 438 275,0.2198355495929718
data\raw\val\07713_Plantae_Tracheophyta_Magnoliopsida_Ericales_Ericaceae_Arctostaphylos_uva-ursi\bd39880c-3b2c-4e6e-b322-e46102e5756a.jpg,364,366,366 438 364 275 344,0.2906341850757599
data\raw\val\07713_Plantae_Tracheophyta_Magnoliopsida_Ericales_Ericaceae_Arctostaphylos_uva-ursi\3b5f1d01-9a8d-4745-8216-64e04904ac04.jpg,364,354,354 476 361 351 274,0.10212307423353195
data\raw\val\07713_Plantae_Tracheophyta_Magnoliopsida_Ericales_Ericaceae_Arctostaphylos_uva-ursi\6df27cbc-1aca-4d8d-b8e0-7586a70b0be8.jpg,364,438,438 364 471 468 366,0.4983367323875427
data\raw\val\07713_Plantae_Tracheophyta_Magnoliopsida_Ericales_Ericaceae_Arctostaphylos_uva-ursi\cc290fb2-8640-4c8e-84d8-6bba136f8e50.jpg,364,344,344 274 311 457 275,0.8402706980705261
data\raw\val\07713_Plantae_Tracheophyta_Magnoliopsida_Ericales_Ericaceae_Arctostaphylos_uva-ursi\051f4329-18e9-4fc6-b662-594c84ceb706.jpg,364,451,451 366 375 364 345,0.2270851731300354
data\raw\val\07735_Plantae_Tracheophyta_Magnoliopsida_Ericales_Ericaceae_Erica_imbricata\afeea0c7-503a-4e9c-a116-daeb4289e52b.jpg,365,242,242 248 250 91 274,0.20454952120780945
data\raw\val\07735_Plantae_Tracheophyta_Magnoliopsida_Ericales_Ericaceae_Erica_imbricata\0b2becd0-2a3d-46f7-8ee2-16765d5a31c2.jpg,365,365,365 487 366 489 274,0.2538699209690094
data\raw\val\07735_Plantae_Tracheophyta_Magnoliopsida_Ericales_Ericaceae_Erica_imbricata\6902d2c2-7072-41e8-bd8d-8910acf9b245.jpg,365,365,365 274 497 283 316,0.09160401672124863
data\raw\val\07735_Plantae_Tracheophyta_Magnoliopsida_Ericales_Ericaceae_Erica_imbricata\23f3fafe-aeaf-46dd-b13f-75cdbecff930.jpg,365,366,366 489 487 275 488,0.1103101298213005
data\raw\val\07735_Plantae_Tracheophyta_Magnoliopsida_Ericales_Ericaceae_Erica_imbricata\17909d2a-379a-4961-b5bd-9549a455bf09.jpg,365,370,370 365 315 372 487,0.4462754428386688
data\raw\val\07735_Plantae_Tracheophyta_Magnoliopsida_Ericales_Ericaceae_Erica_imbricata\9f1e2a0f-93f4-4ca8-940d-72279eff3fd2.jpg,365,370,370 315 365 371 329,0.4065406918525696
data\raw\val\07735_Plantae_Tracheophyta_Magnoliopsida_Ericales_Ericaceae_Erica_imbricata\c0ccdbba-dde7-4aaa-b1de-76af7ab75228.jpg,365,249,249 245 136 248 132,0.39675313234329224
data\raw\val\07735_Plantae_Tracheophyta_Magnoliopsida_Ericales_Ericaceae_Erica_imbricata\f8970d7a-b070-4694-bb10-508df6dcb488.jpg,365,468,468 365 437 418 484,0.5122832655906677
data\raw\val\07735_Plantae_Tracheophyta_Magnoliopsida_Ericales_Ericaceae_Erica_imbricata\2c924b13-d810-49ae-a261-c2294b849028.jpg,365,365,365 342 392 468 484,0.6487825512886047
data\raw\val\07735_Plantae_Tracheophyta_Magnoliopsida_Ericales_Ericaceae_Erica_imbricata\273bc8b2-cae1-4388-84ea-64cc21c206a5.jpg,365,315,315 370 468 366 487,0.239203542470932
data\raw\val\07752_Plantae_Tracheophyta_Magnoliopsida_Ericales_Ericaceae_Leptecophylla_tameiameiae\354ef3c1-7ce7-44e5-be5b-e1275ad752b8.jpg,366,366,366 364 451 365 471,0.9803689122200012
data\raw\val\07752_Plantae_Tracheophyta_Magnoliopsida_Ericales_Ericaceae_Leptecophylla_tameiameiae\695507bc-f69c-44ef-8535-a6313f4b1869.jpg,366,366,366 471 315 487 372,0.45203155279159546
data\raw\val\07752_Plantae_Tracheophyta_Magnoliopsida_Ericales_Ericaceae_Leptecophylla_tameiameiae\9434af0f-6916-4302-9edc-758f187ea34f.jpg,366,366,366 257 487 365 315,0.8835647702217102
data\raw\val\07752_Plantae_Tracheophyta_Magnoliopsida_Ericales_Ericaceae_Leptecophylla_tameiameiae\d238f31c-9657-4cfe-883c-0110d39ee1f5.jpg,366,366,366 377 364 281 258,0.9515978097915649
data\raw\val\07752_Plantae_Tracheophyta_Magnoliopsida_Ericales_Ericaceae_Leptecophylla_tameiameiae\b49971d9-90b0-46d4-92c8-7c2c96e55fa9.jpg,366,468,468 471 438 356 315,0.41824567317962646
data\raw\val\07752_Plantae_Tracheophyta_Magnoliopsida_Ericales_Ericaceae_Leptecophylla_tameiameiae\53cfab20-7587-497e-92bb-6e4b6a70c4d6.jpg,366,438,438 437 353 345 344,0.4980854094028473
data\raw\val\07752_Plantae_Tracheophyta_Magnoliopsida_Ericales_Ericaceae_Leptecophylla_tameiameiae\74fbe1f5-503a-44b6-913d-5c80253aed1c.jpg,366,366,366 364 315 344 468,0.6909189224243164
data\raw\val\07752_Plantae_Tracheophyta_Magnoliopsida_Ericales_Ericaceae_Leptecophylla_tameiameiae\d3456121-b485-4ca9-97a5-9e5099c15c21.jpg,366,354,354 350 246 73 249,0.07491480559110641
data\raw\val\07752_Plantae_Tracheophyta_Magnoliopsida_Ericales_Ericaceae_Leptecophylla_tameiameiae\2497ee81-2adc-4d6d-838a-7baa7bb56508.jpg,366,366,366 315 438 468 471,0.31051206588745117
data\raw\val\07752_Plantae_Tracheophyta_Magnoliopsida_Ericales_Ericaceae_Leptecophylla_tameiameiae\2e062e5a-30d0-4d13-a2f5-be350e61d658.jpg,366,366,366 438 468 342 364,0.23600362241268158
data\raw\val\07756_Plantae_Tracheophyta_Magnoliopsida_Ericales_Ericaceae_Lyonia_lucida\939a464d-d0bf-4cbf-a3b6-b6e4dbd7bc89.jpg,367,451,451 438 366 487 315,0.12886418402194977
data\raw\val\07756_Plantae_Tracheophyta_Magnoliopsida_Ericales_Ericaceae_Lyonia_lucida\ceecbfa0-c06a-486d-b306-b98154919d90.jpg,367,28,28 354 274 344 478,0.0762898251414299
data\raw\val\07756_Plantae_Tracheophyta_Magnoliopsida_Ericales_Ericaceae_Lyonia_lucida\0f157f67-fa86-4ba7-b617-f4d3129d47e7.jpg,367,123,123 274 249 344 268,0.1555655151605606
data\raw\val\07756_Plantae_Tracheophyta_Magnoliopsida_Ericales_Ericaceae_Lyonia_lucida\14600536-e7b1-4c45-9eeb-163c8b01e2df.jpg,367,28,28 472 345 357 482,0.3088187575340271
data\raw\val\07756_Plantae_Tracheophyta_Magnoliopsida_Ericales_Ericaceae_Lyonia_lucida\52bd8e5b-0991-4995-a4e4-57ad471526a0.jpg,367,354,354 361 347 274 350,0.20414899289608002
data\raw\val\07756_Plantae_Tracheophyta_Magnoliopsida_Ericales_Ericaceae_Lyonia_lucida\05aa400c-d592-4333-aaa8-12a8df556c6d.jpg,367,354,354 361 353 351 476,0.6464123129844666
data\raw\val\07756_Plantae_Tracheophyta_Magnoliopsida_Ericales_Ericaceae_Lyonia_lucida\f918b04b-9ff7-414b-a674-e4dbe9292587.jpg,367,274,274 472 398 476 354,0.2517501413822174
data\raw\val\07756_Plantae_Tracheophyta_Magnoliopsida_Ericales_Ericaceae_Lyonia_lucida\01d5f2da-86c0-452b-961a-2e3ba88a8758.jpg,367,354,354 249 39 381 124,0.06392498314380646
data\raw\val\07756_Plantae_Tracheophyta_Magnoliopsida_Ericales_Ericaceae_Lyonia_lucida\199e5e13-3535-4c3f-8b13-b0e3638b2b1a.jpg,367,366,366 486 487 275 354,0.34560808539390564
data\raw\val\07756_Plantae_Tracheophyta_Magnoliopsida_Ericales_Ericaceae_Lyonia_lucida\930e3914-3d09-49a6-a37e-1588f81aa047.jpg,367,354,354 482 480 292 438,0.3888452649116516
data\raw\val\07785_Plantae_Tracheophyta_Magnoliopsida_Ericales_Ericaceae_Rhododendron_periclymenoides\a6c7669d-b40c-4b57-a777-0eb13a59bb3a.jpg,368,476,476 354 361 413 397,0.17465521395206451
data\raw\val\07785_Plantae_Tracheophyta_Magnoliopsida_Ericales_Ericaceae_Rhododendron_periclymenoides\161ca144-e187-4ce7-96ab-eb5799a2ad60.jpg,368,413,413 468 357 482 368,0.23230238258838654
data\raw\val\07785_Plantae_Tracheophyta_Magnoliopsida_Ericales_Ericaceae_Rhododendron_periclymenoides\ee710829-fb81-448a-9faf-ea24b8fd2d60.jpg,368,354,354 274 361 476 351,0.11971450597047806
data\raw\val\07785_Plantae_Tracheophyta_Magnoliopsida_Ericales_Ericaceae_Rhododendron_periclymenoides\4a48ee58-04b5-45b1-8088-f4ae05d379cb.jpg,368,356,356 362 360 400 482,0.23920635879039764
data\raw\val\07785_Plantae_Tracheophyta_Magnoliopsida_Ericales_Ericaceae_Rhododendron_periclymenoides\a7362666-e173-4027-9a8f-2c1603cdac9c.jpg,368,354,354 480 361 274 276,0.23338738083839417
data\raw\val\07785_Plantae_Tracheophyta_Magnoliopsida_Ericales_Ericaceae_Rhododendron_periclymenoides\09a3878c-d039-476f-a5ad-83bda349ab44.jpg,368,274,274 354 361 476 416,0.2301512211561203
data\raw\val\07785_Plantae_Tracheophyta_Magnoliopsida_Ericales_Ericaceae_Rhododendron_periclymenoides\be7a442c-df8b-4687-abd3-05de11d99d50.jpg,368,473,473 482 499 415 417,0.0519598051905632
data\raw\val\07785_Plantae_Tracheophyta_Magnoliopsida_Ericales_Ericaceae_Rhododendron_periclymenoides\a1ccda05-17c7-4ddf-a93e-955926834382.jpg,368,249,249 398 354 344 399,0.11944331228733063
data\raw\val\07785_Plantae_Tracheophyta_Magnoliopsida_Ericales_Ericaceae_Rhododendron_periclymenoides\4f53e750-d814-4750-bf46-8adc34f4871a.jpg,368,354,354 361 416 426 347,0.13356654345989227
data\raw\val\07785_Plantae_Tracheophyta_Magnoliopsida_Ericales_Ericaceae_Rhododendron_periclymenoides\66e3fd4f-08d0-4e74-a7c7-4efc09e15e82.jpg,368,362,362 356 482 471 468,0.1838051825761795
data\raw\val\07802_Plantae_Tracheophyta_Magnoliopsida_Ericales_Ericaceae_Xylococcus_bicolor\724dc6dc-f93d-4a1a-a1d1-fb2a70d58805.jpg,369,274,274 18 460 30 28,0.4137389361858368
data\raw\val\07802_Plantae_Tracheophyta_Magnoliopsida_Ericales_Ericaceae_Xylococcus_bicolor\2e703437-75e9-486d-8ac8-1b4a4f232f09.jpg,369,274,274 354 478 248 249,0.23748239874839783
data\raw\val\07802_Plantae_Tracheophyta_Magnoliopsida_Ericales_Ericaceae_Xylococcus_bicolor\6e66ee3c-9f94-45dd-a454-6fa130729e23.jpg,369,348,348 275 442 487 486,0.8451926708221436
data\raw\val\07802_Plantae_Tracheophyta_Magnoliopsida_Ericales_Ericaceae_Xylococcus_bicolor\d47afea8-8b5d-48e2-92ff-4a81ed8b645c.jpg,369,275,275 354 473 460 490,0.2967839241027832
data\raw\val\07802_Plantae_Tracheophyta_Magnoliopsida_Ericales_Ericaceae_Xylococcus_bicolor\0965423a-6b34-4a3c-8682-0cb856ff5031.jpg,369,468,468 356 287 414 342,0.2160285860300064
data\raw\val\07802_Plantae_Tracheophyta_Magnoliopsida_Ericales_Ericaceae_Xylococcus_bicolor\25197366-5d67-4111-b105-20cb41ab642e.jpg,369,274,274 489 486 487 476,0.3876906633377075
data\raw\val\07802_Plantae_Tracheophyta_Magnoliopsida_Ericales_Ericaceae_Xylococcus_bicolor\d9b1c17c-d03c-4293-9247-012653e720e5.jpg,369,274,274 354 246 249 397,0.38212692737579346
data\raw\val\07802_Plantae_Tracheophyta_Magnoliopsida_Ericales_Ericaceae_Xylococcus_bicolor\5af7aa0d-8279-4894-afb4-0c5b4e8b850b.jpg,369,313,313 468 437 356 469,0.28161370754241943
data\raw\val\07802_Plantae_Tracheophyta_Magnoliopsida_Ericales_Ericaceae_Xylococcus_bicolor\abb41698-7c63-4c7f-aba5-6b192afa7f32.jpg,369,486,486 498 275 348 274,0.11180271953344345
data\raw\val\07802_Plantae_Tracheophyta_Magnoliopsida_Ericales_Ericaceae_Xylococcus_bicolor\a2e0dcf6-1cce-476f-9531-5dda7a8aa2f3.jpg,369,356,356 451 401 433 460,0.10734706372022629
data\raw\val\07819_Plantae_Tracheophyta_Magnoliopsida_Ericales_Polemoniaceae_Leptosiphon_nuttallii\b5664c7d-76ee-40a1-9626-de52bc12fa27.jpg,370,246,246 274 56 55 73,0.0507865771651268
data\raw\val\07819_Plantae_Tracheophyta_Magnoliopsida_Ericales_Polemoniaceae_Leptosiphon_nuttallii\0d6e4be5-8e8d-49d0-8ffc-e381f8745faa.jpg,370,366,366 370 365 315 471,0.40688157081604004
data\raw\val\07819_Plantae_Tracheophyta_Magnoliopsida_Ericales_Polemoniaceae_Leptosiphon_nuttallii\8b1d0ca6-fbd1-4147-aafe-79376094c901.jpg,370,315,315 275 257 246 366,0.09793921560049057
data\raw\val\07819_Plantae_Tracheophyta_Magnoliopsida_Ericales_Polemoniaceae_Leptosiphon_nuttallii\2faceab4-27a9-432e-9753-9443c2bbb4ae.jpg,370,328,328 370 315 471 372,0.554601788520813
data\raw\val\07819_Plantae_Tracheophyta_Magnoliopsida_Ericales_Polemoniaceae_Leptosiphon_nuttallii\057abb01-38ac-416b-9e4e-c3ae69070f0d.jpg,370,471,471 468 246 357 313,0.0920402929186821
data\raw\val\07819_Plantae_Tracheophyta_Magnoliopsida_Ericales_Polemoniaceae_Leptosiphon_nuttallii\48d3bfda-e77b-4018-a4b9-4b695c2b9a6c.jpg,370,372,372 315 370 358 365,0.5794108510017395
data\raw\val\07819_Plantae_Tracheophyta_Magnoliopsida_Ericales_Polemoniaceae_Leptosiphon_nuttallii\cd74f030-0c8a-4925-b5a3-eb9e8e552289.jpg,370,370,370 372 366 487 358,0.4247446656227112
data\raw\val\07819_Plantae_Tracheophyta_Magnoliopsida_Ericales_Polemoniaceae_Leptosiphon_nuttallii\d0ab7368-c669-4318-99c9-454360bac1e6.jpg,370,370,370 315 372 328 365,0.5612151622772217
data\raw\val\07819_Plantae_Tracheophyta_Magnoliopsida_Ericales_Polemoniaceae_Leptosiphon_nuttallii\fa0de924-4055-4dec-b708-5564ebbf1255.jpg,370,315,315 370 372 366 471,0.57277911901474
data\raw\val\07819_Plantae_Tracheophyta_Magnoliopsida_Ericales_Polemoniaceae_Leptosiphon_nuttallii\78f8f7d1-3037-4a5e-9716-41eb57f12e46.jpg,370,370,370 372 315 442 328,0.4245903491973877
data\raw\val\07822_Plantae_Tracheophyta_Magnoliopsida_Ericales_Polemoniaceae_Linanthus_dianthiflorus\f57b5e49-8004-4edd-830c-6c480e958685.jpg,371,246,246 274 351 350 255,0.27715498208999634
data\raw\val\07822_Plantae_Tracheophyta_Magnoliopsida_Ericales_Polemoniaceae_Linanthus_dianthiflorus\995ae96e-f936-4641-ae03-0e64a551f872.jpg,371,350,350 354 388 353 323,0.2364848107099533
data\raw\val\07822_Plantae_Tracheophyta_Magnoliopsida_Ericales_Polemoniaceae_Linanthus_dianthiflorus\c59072a4-4928-429b-81a9-08ed1c0cdb4e.jpg,371,274,274 255 246 248 268,0.5632637143135071
data\raw\val\07822_Plantae_Tracheophyta_Magnoliopsida_Ericales_Polemoniaceae_Linanthus_dianthiflorus\dae80b1d-a84c-47b9-bde5-2ff9ea5beeaf.jpg,371,371,371 424 430 444 465,0.995772659778595
data\raw\val\07822_Plantae_Tracheophyta_Magnoliopsida_Ericales_Polemoniaceae_Linanthus_dianthiflorus\a3ab2964-d67c-4e18-bc67-f182fc7cf25e.jpg,371,315,315 329 471 371 328,0.6497341394424438
data\raw\val\07822_Plantae_Tracheophyta_Magnoliopsida_Ericales_Polemoniaceae_Linanthus_dianthiflorus\f9445e96-f8a3-4b52-a28f-b8abfa9c17e1.jpg,371,406,406 438 344 460 356,0.3043227791786194
data\raw\val\07822_Plantae_Tracheophyta_Magnoliopsida_Ericales_Polemoniaceae_Linanthus_dianthiflorus\fa0c2fb0-0d9d-4323-bb26-bbfbf9446d33.jpg,371,371,371 445 350 323 351,0.26581865549087524
data\raw\val\07822_Plantae_Tracheophyta_Magnoliopsida_Ericales_Polemoniaceae_Linanthus_dianthiflorus\bf6bc582-63af-4c76-921e-d9fafcb4e345.jpg,371,371,371 246 274 315 354,0.15158461034297943
data\raw\val\07822_Plantae_Tracheophyta_Magnoliopsida_Ericales_Polemoniaceae_Linanthus_dianthiflorus\a4146341-2ee5-46fa-8fdf-dfd0d84c78db.jpg,371,371,371 366 372 370 315,0.48309653997421265
data\raw\val\07822_Plantae_Tracheophyta_Magnoliopsida_Ericales_Polemoniaceae_Linanthus_dianthiflorus\e935cd02-66b0-41c0-9cff-84b32ac3ee80.jpg,371,274,274 123 246 249 245,0.24537093937397003
data\raw\val\07831_Plantae_Tracheophyta_Magnoliopsida_Ericales_Polemoniaceae_Phlox_hoodii\f652bed3-7883-4f50-800b-2b42648aff86.jpg,372,370,370 315 372 257 365,0.4708898663520813
data\raw\val\07831_Plantae_Tracheophyta_Magnoliopsida_Ericales_Polemoniaceae_Phlox_hoodii\91a7eb11-db41-4b33-871d-3f409794fa67.jpg,372,313,313 442 437 438 350,0.5383186340332031
data\raw\val\07831_Plantae_Tracheophyta_Magnoliopsida_Ericales_Polemoniaceae_Phlox_hoodii\f1ba653a-a044-4122-a3bc-2197189e507a.jpg,372,370,370 328 315 329 372,0.9326050281524658
data\raw\val\07831_Plantae_Tracheophyta_Magnoliopsida_Ericales_Polemoniaceae_Phlox_hoodii\6d8bfe92-e7ce-49e5-8a8e-b3a4f17155d4.jpg,372,257,257 275 492 348 246,0.19590426981449127
data\raw\val\07831_Plantae_Tracheophyta_Magnoliopsida_Ericales_Polemoniaceae_Phlox_hoodii\7ce21c16-ef6d-434c-99e3-05909a0f6a2e.jpg,372,328,328 370 315 329 372,0.2937268316745758
data\raw\val\07831_Plantae_Tracheophyta_Magnoliopsida_Ericales_Polemoniaceae_Phlox_hoodii\3a71d8d0-01ea-450a-a0de-067711de866e.jpg,372,315,315 370 372 328 365,0.4194616973400116
data\raw\val\07831_Plantae_Tracheophyta_Magnoliopsida_Ericales_Polemoniaceae_Phlox_hoodii\9e916ccf-78e6-4449-a13a-93194497e25e.jpg,372,366,366 315 372 371 471,0.140371173620224
data\raw\val\07831_Plantae_Tracheophyta_Magnoliopsida_Ericales_Polemoniaceae_Phlox_hoodii\a90dbf21-f305-4507-8d47-d3fe70c666cd.jpg,372,275,275 442 379 315 490,0.11195051670074463
data\raw\val\07831_Plantae_Tracheophyta_Magnoliopsida_Ericales_Polemoniaceae_Phlox_hoodii\7fb31da6-e61b-4537-8254-4474f809e6ff.jpg,372,328,328 370 372 315 358,0.3233584761619568
data\raw\val\07831_Plantae_Tracheophyta_Magnoliopsida_Ericales_Polemoniaceae_Phlox_hoodii\efb11f9a-941c-4d18-9b16-d8fd49922903.jpg,372,370,370 372 406 468 315,0.7450371384620667
data\raw\val\07851_Plantae_Tracheophyta_Magnoliopsida_Ericales_Primulaceae_Lysimachia_clethroides\0b7325d0-fd9e-4d37-a49a-f9de1087d64e.jpg,373,373,373 402 361 14 331,0.13025155663490295
data\raw\val\07851_Plantae_Tracheophyta_Magnoliopsida_Ericales_Primulaceae_Lysimachia_clethroides\16946ce3-c81c-47e1-b231-250e55b31626.jpg,373,373,373 392 492 365 489,0.2429419904947281
data\raw\val\07851_Plantae_Tracheophyta_Magnoliopsida_Ericales_Primulaceae_Lysimachia_clethroides\47f75b87-c211-4ba3-82d3-addeadfe425f.jpg,373,274,274 309 492 281 246,0.18777668476104736
data\raw\val\07851_Plantae_Tracheophyta_Magnoliopsida_Ericales_Primulaceae_Lysimachia_clethroides\cd1ed004-e236-4f2c-b0d3-c1458f540117.jpg,373,312,312 275 492 424 357,0.5774024724960327
data\raw\val\07851_Plantae_Tracheophyta_Magnoliopsida_Ericales_Primulaceae_Lysimachia_clethroides\89007fe1-66c7-471e-acbf-90ee0e59dfeb.jpg,373,373,373 492 85 402 246,0.4710613489151001
data\raw\val\07851_Plantae_Tracheophyta_Magnoliopsida_Ericales_Primulaceae_Lysimachia_clethroides\81189c32-782b-403c-a5d9-e2d6e1ce0b57.jpg,373,373,373 392 423 365 419,0.3085689842700958
data\raw\val\07851_Plantae_Tracheophyta_Magnoliopsida_Ericales_Primulaceae_Lysimachia_clethroides\c6b67a70-13d3-4f08-88e7-f773a837e3f9.jpg,373,406,406 341 358 471 453,0.25181153416633606
data\raw\val\07851_Plantae_Tracheophyta_Magnoliopsida_Ericales_Primulaceae_Lysimachia_clethroides\3eb45820-b0dd-4928-8021-939c1c4c2dd2.jpg,373,492,492 373 309 331 493,0.25298094749450684
data\raw\val\07851_Plantae_Tracheophyta_Magnoliopsida_Ericales_Primulaceae_Lysimachia_clethroides\2e2400ef-f22a-4b10-a4ef-7b03b1e9b74d.jpg,373,246,246 492 392 373 402,0.27504763007164
data\raw\val\07851_Plantae_Tracheophyta_Magnoliopsida_Ericales_Primulaceae_Lysimachia_clethroides\30e0280b-27ed-49c6-ac86-0207718bfb41.jpg,373,492,492 246 498 493 311,0.09351030737161636
data\raw\val\07858_Plantae_Tracheophyta_Magnoliopsida_Ericales_Primulaceae_Lysimachia_quadriflora\29f9867d-5b33-4104-a277-d048cd367c4b.jpg,374,305,305 376 299 384 466,0.28289949893951416
data\raw\val\07858_Plantae_Tracheophyta_Magnoliopsida_Ericales_Primulaceae_Lysimachia_quadriflora\e4376a4c-2be8-4fdd-9fc9-533628392339.jpg,374,274,274 305 492 302 256,0.07533413171768188
data\raw\val\07858_Plantae_Tracheophyta_Magnoliopsida_Ericales_Primulaceae_Lysimachia_quadriflora\8de6ea73-a1cb-45d9-8b8a-6836d41be65c.jpg,374,382,382 387 386 460 313,0.14126668870449066
data\raw\val\07858_Plantae_Tracheophyta_Magnoliopsida_Ericales_Primulaceae_Lysimachia_quadriflora\ba63c01f-71c6-4bbe-b293-2215f23f2d39.jpg,374,28,28 387 311 472 398,0.1472778022289276
data\raw\val\07858_Plantae_Tracheophyta_Magnoliopsida_Ericales_Primulaceae_Lysimachia_quadriflora\12a9852f-92e5-4851-9c14-dca0ecfddb30.jpg,374,274,274 299 376 249 398,0.12288599461317062
data\raw\val\07858_Plantae_Tracheophyta_Magnoliopsida_Ericales_Primulaceae_Lysimachia_quadriflora\6b8e7467-cdb6-4e8d-83cc-2e96ffc8c016.jpg,374,302,302 354 482 353 347,0.20158210396766663
data\raw\val\07858_Plantae_Tracheophyta_Magnoliopsida_Ericales_Primulaceae_Lysimachia_quadriflora\1aa3e168-9378-46ef-a975-2904fa5b6826.jpg,374,432,432 334 305 380 309,0.20230317115783691
data\raw\val\07858_Plantae_Tracheophyta_Magnoliopsida_Ericales_Primulaceae_Lysimachia_quadriflora\8bbbc95e-1b25-45fe-b83c-c77811b9b19d.jpg,374,492,492 274 476 309 275,0.0763293206691742
data\raw\val\07858_Plantae_Tracheophyta_Magnoliopsida_Ericales_Primulaceae_Lysimachia_quadriflora\d87094f1-cefe-4f8c-8a6b-ebb933e7dc24.jpg,374,496,496 492 304 305 275,0.2074143886566162
data\raw\val\07858_Plantae_Tracheophyta_Magnoliopsida_Ericales_Primulaceae_Lysimachia_quadriflora\7972be2b-e35d-44e0-af3a-3585bc70afeb.jpg,374,376,376 380 334 386 325,0.40286603569984436
data\raw\val\07889_Plantae_Tracheophyta_Magnoliopsida_Fabales_Fabaceae_Acacia_cyclops\8bfffe55-ee1b-4a1b-af73-2b44392f7d85.jpg,375,449,449 468 437 438 356,0.16636759042739868
data\raw\val\07889_Plantae_Tracheophyta_Magnoliopsida_Fabales_Fabaceae_Acacia_cyclops\c07d9ecc-584d-4ad4-8c75-9327a151a868.jpg,375,389,389 325 382 327 256,0.26020535826683044
data\raw\val\07889_Plantae_Tracheophyta_Magnoliopsida_Fabales_Fabaceae_Acacia_cyclops\7599e41d-e903-4034-8afa-4eb097ab601f.jpg,375,441,441 299 376 309 432,0.1331489533185959
data\raw\val\07889_Plantae_Tracheophyta_Magnoliopsida_Fabales_Fabaceae_Acacia_cyclops\f73ac52e-2a81-4034-a823-decb2b833197.jpg,375,313,313 437 468 369 438,0.3996289074420929
data\raw\val\07889_Plantae_Tracheophyta_Magnoliopsida_Fabales_Fabaceae_Acacia_cyclops\878503f5-e2e9-4a80-8a1b-b7316789c086.jpg,375,397,397 353 308 396 354,0.742266058921814
data\raw\val\07889_Plantae_Tracheophyta_Magnoliopsida_Fabales_Fabaceae_Acacia_cyclops\a8921875-13fa-4b82-893c-3d51b1fba589.jpg,375,468,468 313 437 438 442,0.5783538222312927
data\raw\val\07889_Plantae_Tracheophyta_Magnoliopsida_Fabales_Fabaceae_Acacia_cyclops\44b70cad-10a7-4f35-a289-c89acad844c0.jpg,375,376,376 442 299 348 441,0.16400189697742462
data\raw\val\07889_Plantae_Tracheophyta_Magnoliopsida_Fabales_Fabaceae_Acacia_cyclops\d062bb65-53e2-430c-bb88-47f80b2301e8.jpg,375,249,249 233 145 231 394,0.11958485841751099
data\raw\val\07889_Plantae_Tracheophyta_Magnoliopsida_Fabales_Fabaceae_Acacia_cyclops\0fc7e8a1-9a6b-4436-be59-22ff38697306.jpg,375,305,305 492 304 302 402,0.1956435739994049
data\raw\val\07889_Plantae_Tracheophyta_Magnoliopsida_Fabales_Fabaceae_Acacia_cyclops\f134902b-1f76-4a08-8659-12264d59bf14.jpg,375,442,442 406 344 313 312,0.16583441197872162
data\raw\val\07897_Plantae_Tracheophyta_Magnoliopsida_Fabales_Fabaceae_Acacia_saligna\6a26c51c-7980-4d00-a430-2262d1ff5c44.jpg,376,256,256 376 391 325 441,0.17538928985595703
data\raw\val\07897_Plantae_Tracheophyta_Magnoliopsida_Fabales_Fabaceae_Acacia_saligna\f57e3e97-123d-4b2d-997f-df7c51118170.jpg,376,305,305 304 492 246 348,0.4491211771965027
data\raw\val\07897_Plantae_Tracheophyta_Magnoliopsida_Fabales_Fabaceae_Acacia_saligna\1625bb21-88ee-444e-961e-15dd2450e97a.jpg,376,274,274 246 256 249 313,0.12318045645952225
data\raw\val\07897_Plantae_Tracheophyta_Magnoliopsida_Fabales_Fabaceae_Acacia_saligna\e424d5e9-e495-4325-87b6-8facb7846f98.jpg,376,305,305 376 498 278 459,0.155409038066864
data\raw\val\07897_Plantae_Tracheophyta_Magnoliopsida_Fabales_Fabaceae_Acacia_saligna\9563ee01-ea26-4c5d-af12-dfaf40d3e800.jpg,376,406,406 356 460 438 471,0.2341322898864746
data\raw\val\07897_Plantae_Tracheophyta_Magnoliopsida_Fabales_Fabaceae_Acacia_saligna\018a71a5-97d0-4536-a26d-f728094eaf23.jpg,376,305,305 302 304 301 331,0.44886714220046997
data\raw\val\07897_Plantae_Tracheophyta_Magnoliopsida_Fabales_Fabaceae_Acacia_saligna\27f4d482-3500-4e5e-9d00-dbc9e045e886.jpg,376,305,305 275 304 348 442,0.12403913587331772
data\raw\val\07897_Plantae_Tracheophyta_Magnoliopsida_Fabales_Fabaceae_Acacia_saligna\bba56376-4ac7-4545-9837-28f7d6dc519b.jpg,376,387,387 325 386 471 389,0.22658629715442657
data\raw\val\07897_Plantae_Tracheophyta_Magnoliopsida_Fabales_Fabaceae_Acacia_saligna\4580fe65-8240-4135-9f55-f21a0e0f0a2a.jpg,376,313,313 468 356 471 406,0.41281938552856445
data\raw\val\07897_Plantae_Tracheophyta_Magnoliopsida_Fabales_Fabaceae_Acacia_saligna\b53772c5-b148-4848-9278-6b4e653497c7.jpg,376,427,427 305 353 365 428,0.20519903302192688
data\raw\val\07912_Plantae_Tracheophyta_Magnoliopsida_Fabales_Fabaceae_Astragalus_crassicarpus\3afb9455-e65e-4843-a7fb-fd629eb2aee8.jpg,377,353,353 354 275 388 427,0.14533638954162598
data\raw\val\07912_Plantae_Tracheophyta_Magnoliopsida_Fabales_Fabaceae_Astragalus_crassicarpus\c1b75959-b091-454a-92b6-c78b14e53203.jpg,377,275,275 492 388 490 350,0.3935590088367462
data\raw\val\07912_Plantae_Tracheophyta_Magnoliopsida_Fabales_Fabaceae_Astragalus_crassicarpus\8e997908-3629-4bc2-a20d-0717f6240417.jpg,377,274,274 246 275 351 492,0.5580833554267883
data\raw\val\07912_Plantae_Tracheophyta_Magnoliopsida_Fabales_Fabaceae_Astragalus_crassicarpus\d8ec2c07-25ee-44a1-8387-d2232f48b6ee.jpg,377,377,377 379 275 378 344,0.2138030081987381
data\raw\val\07912_Plantae_Tracheophyta_Magnoliopsida_Fabales_Fabaceae_Astragalus_crassicarpus\2fdd713f-f9e3-4eba-bc21-adf539a01f0f.jpg,377,246,246 351 274 492 249,0.2037658542394638
data\raw\val\07912_Plantae_Tracheophyta_Magnoliopsida_Fabales_Fabaceae_Astragalus_crassicarpus\073b7e04-f9ce-4908-8ad2-058049909f6f.jpg,377,379,379 377 350 354 378,0.1815844625234604
data\raw\val\07912_Plantae_Tracheophyta_Magnoliopsida_Fabales_Fabaceae_Astragalus_crassicarpus\e349357d-b1f6-4d52-9557-f95ae2557f45.jpg,377,275,275 348 442 492 438,0.675493061542511
data\raw\val\07912_Plantae_Tracheophyta_Magnoliopsida_Fabales_Fabaceae_Astragalus_crassicarpus\6a40a899-0680-4a4e-9cf7-da70d10de0c0.jpg,377,246,246 354 353 274 275,0.22601260244846344
data\raw\val\07912_Plantae_Tracheophyta_Magnoliopsida_Fabales_Fabaceae_Astragalus_crassicarpus\58c2f31f-9194-4c49-9bf4-b081ad29fdff.jpg,377,378,378 492 493 495 287,0.22890698909759521
data\raw\val\07912_Plantae_Tracheophyta_Magnoliopsida_Fabales_Fabaceae_Astragalus_crassicarpus\a073cc31-0f76-4499-84d0-97464c69874d.jpg,377,354,354 366 473 451 344,0.18499524891376495
data\raw\val\07913_Plantae_Tracheophyta_Magnoliopsida_Fabales_Fabaceae_Astragalus_danicus\50323ef5-e023-41cb-b565-06541f576c4f.jpg,378,249,249 354 246 62 123,0.07124397158622742
data\raw\val\07913_Plantae_Tracheophyta_Magnoliopsida_Fabales_Fabaceae_Astragalus_danicus\6457cec4-433c-47cb-9748-e3054a9b0a41.jpg,378,426,426 417 423 378 416,0.47192758321762085
data\raw\val\07913_Plantae_Tracheophyta_Magnoliopsida_Fabales_Fabaceae_Astragalus_danicus\6c80e6ee-7cee-415b-9b79-4a5769979552.jpg,378,379,379 290 423 426 378,0.21883606910705566
data\raw\val\07913_Plantae_Tracheophyta_Magnoliopsida_Fabales_Fabaceae_Astragalus_danicus\b5b21d43-0179-48a2-8211-bc299a58c8d7.jpg,378,378,378 426 318 290 379,0.5604864358901978
data\raw\val\07913_Plantae_Tracheophyta_Magnoliopsida_Fabales_Fabaceae_Astragalus_danicus\3a1539ab-fdf9-4d22-8feb-ca01ea3f84a2.jpg,378,361,361 390 426 377 388,0.2072402536869049
data\raw\val\07913_Plantae_Tracheophyta_Magnoliopsida_Fabales_Fabaceae_Astragalus_danicus\f3373758-104f-4392-9394-1392f71bf0a0.jpg,378,350,350 402 309 91 426,0.15659856796264648
data\raw\val\07913_Plantae_Tracheophyta_Magnoliopsida_Fabales_Fabaceae_Astragalus_danicus\63d85e1c-9def-408d-864e-86abc9dfc9c6.jpg,378,423,423 426 290 274 62,0.03787914291024208
data\raw\val\07913_Plantae_Tracheophyta_Magnoliopsida_Fabales_Fabaceae_Astragalus_danicus\613aef92-7f6f-40b1-bc14-70d6ba7022ed.jpg,378,274,274 379 350 249 62,0.11682011932134628
data\raw\val\07913_Plantae_Tracheophyta_Magnoliopsida_Fabales_Fabaceae_Astragalus_danicus\7377bf09-4c5a-4b42-9270-fad3701949c5.jpg,378,423,423 426 361 274 290,0.16280046105384827
data\raw\val\07913_Plantae_Tracheophyta_Magnoliopsida_Fabales_Fabaceae_Astragalus_danicus\6b428ec9-7cb4-4346-8dda-f22cfffe73d7.jpg,378,378,378 379 426 377 290,0.3951490819454193
data\raw\val\07918_Plantae_Tracheophyta_Magnoliopsida_Fabales_Fabaceae_Astragalus_purshii\41efdc42-0456-4626-b757-c54ec2c382ea.jpg,379,344,344 347 314 257 438,0.21999779343605042
data\raw\val\07918_Plantae_Tracheophyta_Magnoliopsida_Fabales_Fabaceae_Astragalus_purshii\e03fe154-cb78-49ae-95b2-a6a7bebd47f7.jpg,379,249,249 123 131 246 274,0.23267656564712524
data\raw\val\07918_Plantae_Tracheophyta_Magnoliopsida_Fabales_Fabaceae_Astragalus_purshii\e31160e0-6b44-4acb-9a65-26c030a0057a.jpg,379,379,379 361 344 349 351,0.49412301182746887
data\raw\val\07918_Plantae_Tracheophyta_Magnoliopsida_Fabales_Fabaceae_Astragalus_purshii\3bfe8f69-ff24-48b8-b181-4f91e26a4f08.jpg,379,354,354 51 249 56 46,0.07752503454685211
data\raw\val\07918_Plantae_Tracheophyta_Magnoliopsida_Fabales_Fabaceae_Astragalus_purshii\9182bdd4-7b01-4a7a-ab51-41b38e7018ad.jpg,379,379,379 344 350 275 257,0.3814774453639984
data\raw\val\07918_Plantae_Tracheophyta_Magnoliopsida_Fabales_Fabaceae_Astragalus_purshii\e839b918-682d-40f1-9fad-22eb15df45a2.jpg,379,379,379 378 426 414 318,0.24958768486976624
data\raw\val\07918_Plantae_Tracheophyta_Magnoliopsida_Fabales_Fabaceae_Astragalus_purshii\fc36c581-df0e-4cb7-82bc-80b562f3330d.jpg,379,344,344 379 438 480 354,0.8384348750114441
data\raw\val\07918_Plantae_Tracheophyta_Magnoliopsida_Fabales_Fabaceae_Astragalus_purshii\ec0e2a22-1f80-40dd-b93e-6d64613cd312.jpg,379,257,257 275 344 379 246,0.29146796464920044
data\raw\val\07918_Plantae_Tracheophyta_Magnoliopsida_Fabales_Fabaceae_Astragalus_purshii\a35a005c-8002-4ceb-bc70-110ae3f04d28.jpg,379,275,275 366 315 255 257,0.15709759294986725
data\raw\val\07918_Plantae_Tracheophyta_Magnoliopsida_Fabales_Fabaceae_Astragalus_purshii\96ae9d98-21ce-4893-b05c-ce36cde6941b.jpg,379,366,366 274 315 344 487,0.12432189285755157
data\raw\val\07944_Plantae_Tracheophyta_Magnoliopsida_Fabales_Fabaceae_Dalea_aurea\dfc328e6-2ecb-4117-b5b8-bb8d3a5c5fda.jpg,380,382,382 376 386 326 389,0.26269933581352234
data\raw\val\07944_Plantae_Tracheophyta_Magnoliopsida_Fabales_Fabaceae_Dalea_aurea\b099e21d-e57a-4a37-809e-0bc1547d5660.jpg,380,325,325 327 334 380 376,0.44982990622520447
data\raw\val\07944_Plantae_Tracheophyta_Magnoliopsida_Fabales_Fabaceae_Dalea_aurea\3a47112e-ee2d-45e1-9c84-b2a4d9021eff.jpg,380,380,380 325 432 480 334,0.39590686559677124
data\raw\val\07944_Plantae_Tracheophyta_Magnoliopsida_Fabales_Fabaceae_Dalea_aurea\58f6324d-020e-4246-b258-3a5d1cabe229.jpg,380,350,350 427 330 388 380,0.5007758140563965
data\raw\val\07944_Plantae_Tracheophyta_Magnoliopsida_Fabales_Fabaceae_Dalea_aurea\24aade33-1377-4056-814c-5bfe87208d17.jpg,380,299,299 320 327 350 329,0.08040620386600494
data\raw\val\07944_Plantae_Tracheophyta_Magnoliopsida_Fabales_Fabaceae_Dalea_aurea\1f2ca720-119d-44d1-a6bd-18521b806804.jpg,380,380,380 299 334 330 333,0.6412593722343445
data\raw\val\07944_Plantae_Tracheophyta_Magnoliopsida_Fabales_Fabaceae_Dalea_aurea\f09c672e-5d7c-47d9-ae42-dbff7db69819.jpg,380,256,256 376 325 391 480,0.34468337893486023
data\raw\val\07944_Plantae_Tracheophyta_Magnoliopsida_Fabales_Fabaceae_Dalea_aurea\ca4c7c9e-8973-4dd1-8e86-b4d7b8d3507d.jpg,380,380,380 432 334 404 325,0.08638882637023926
data\raw\val\07944_Plantae_Tracheophyta_Magnoliopsida_Fabales_Fabaceae_Dalea_aurea\11ede1d4-702c-465b-946f-65266a0d49c8.jpg,380,316,316 327 359 314 380,0.3150184154510498
data\raw\val\07944_Plantae_Tracheophyta_Magnoliopsida_Fabales_Fabaceae_Dalea_aurea\79900fc7-d8c1-42ee-b712-7273066cc073.jpg,380,386,386 329 432 387 471,0.3175726532936096
data\raw\val\07950_Plantae_Tracheophyta_Magnoliopsida_Fabales_Fabaceae_Desmanthus_illinoensis\b9dcde44-5e9b-46b1-a25f-fd17fbf6b938.jpg,381,274,274 98 73 381 49,0.17540845274925232
data\raw\val\07950_Plantae_Tracheophyta_Magnoliopsida_Fabales_Fabaceae_Desmanthus_illinoensis\4a0856b4-4a57-49fe-9080-761177205398.jpg,381,495,495 381 494 496 309,0.4390207827091217
data\raw\val\07950_Plantae_Tracheophyta_Magnoliopsida_Fabales_Fabaceae_Desmanthus_illinoensis\bf2a83a0-a945-49c2-868b-47e1416eb1b9.jpg,381,471,471 386 460 345 432,0.08740376681089401
data\raw\val\07950_Plantae_Tracheophyta_Magnoliopsida_Fabales_Fabaceae_Desmanthus_illinoensis\65aaffff-a938-4d06-9461-bdddd73370bb.jpg,381,381,381 495 476 494 498,0.14224912226200104
data\raw\val\07950_Plantae_Tracheophyta_Magnoliopsida_Fabales_Fabaceae_Desmanthus_illinoensis\3a4560a5-1d6a-438c-b34c-2e0b5d7fe2a6.jpg,381,330,330 386 388 471 402,0.10942258685827255
data\raw\val\07950_Plantae_Tracheophyta_Magnoliopsida_Fabales_Fabaceae_Desmanthus_illinoensis\90d074bd-482e-445d-8f99-4d72f7714105.jpg,381,495,495 381 494 309 388,0.22752146422863007
data\raw\val\07950_Plantae_Tracheophyta_Magnoliopsida_Fabales_Fabaceae_Desmanthus_illinoensis\4a4d8d2b-bd0e-492c-a42f-0e88994c52e1.jpg,381,495,495 381 491 499 494,0.8668753504753113
data\raw\val\07950_Plantae_Tracheophyta_Magnoliopsida_Fabales_Fabaceae_Desmanthus_illinoensis\90f143a6-121c-47b8-adf4-7f34e6da6560.jpg,381,381,381 498 495 494 278,0.30395838618278503
data\raw\val\07950_Plantae_Tracheophyta_Magnoliopsida_Fabales_Fabaceae_Desmanthus_illinoensis\16112a41-97b5-4c96-bce6-ed03bf27beda.jpg,381,491,491 466 309 381 281,0.33886125683784485
data\raw\val\07950_Plantae_Tracheophyta_Magnoliopsida_Fabales_Fabaceae_Desmanthus_illinoensis\4770b40b-50d7-4248-9106-cd08198699c2.jpg,381,246,246 249 274 28 240,0.17439138889312744
data\raw\val\07958_Plantae_Tracheophyta_Magnoliopsida_Fabales_Fabaceae_Erythrostemon_mexicanus\45170830-0ce9-4f7d-a17b-31bbae1eee2f.jpg,382,274,274 451 246 467 242,0.26535072922706604
data\raw\val\07958_Plantae_Tracheophyta_Magnoliopsida_Fabales_Fabaceae_Erythrostemon_mexicanus\b56166af-8ff7-4476-931a-6622c35fb2e6.jpg,382,460,460 382 471 398 391,0.4029530882835388
data\raw\val\07958_Plantae_Tracheophyta_Magnoliopsida_Fabales_Fabaceae_Erythrostemon_mexicanus\cfdddb27-b287-4280-be8e-0bba201f2d5c.jpg,382,413,413 353 292 376 356,0.0897640734910965
data\raw\val\07958_Plantae_Tracheophyta_Magnoliopsida_Fabales_Fabaceae_Erythrostemon_mexicanus\6f3e9159-fea2-44db-912a-41eea5acf1f2.jpg,382,311,311 495 382 497 492,0.3626127541065216
data\raw\val\07958_Plantae_Tracheophyta_Magnoliopsida_Fabales_Fabaceae_Erythrostemon_mexicanus\dd517756-0cff-470f-81f5-e0d08d2ac8d3.jpg,382,234,234 302 229 240 356,0.27804383635520935
data\raw\val\07958_Plantae_Tracheophyta_Magnoliopsida_Fabales_Fabaceae_Erythrostemon_mexicanus\de1a9cc0-80d7-4c11-80f4-6f313ffae070.jpg,382,391,391 460 382 356 468,0.5666120648384094
data\raw\val\07958_Plantae_Tracheophyta_Magnoliopsida_Fabales_Fabaceae_Erythrostemon_mexicanus\751cc503-6d77-4475-b16c-266db4cd6a8d.jpg,382,313,313 468 487 451 315,0.4326941967010498
data\raw\val\07958_Plantae_Tracheophyta_Magnoliopsida_Fabales_Fabaceae_Erythrostemon_mexicanus\212256d9-0bee-4af3-a862-f5246e65ecd0.jpg,382,438,438 356 431 468 471,0.151672825217247
data\raw\val\07958_Plantae_Tracheophyta_Magnoliopsida_Fabales_Fabaceae_Erythrostemon_mexicanus\95f185ed-4ba6-4a6f-8b20-142ad561b2c0.jpg,382,274,274 398 134 256 487,0.9647975564002991
data\raw\val\07958_Plantae_Tracheophyta_Magnoliopsida_Fabales_Fabaceae_Erythrostemon_mexicanus\80b4f51f-8de2-4e64-bf6b-a8401ce4d65d.jpg,382,382,382 451 394 460 440,0.20606277883052826
data\raw\val\07974_Plantae_Tracheophyta_Magnoliopsida_Fabales_Fabaceae_Hylodesmum_glutinosum\aa60930d-991f-4c70-9ae2-b1674b23f9e1.jpg,383,361,361 416 413 274 423,0.7085463404655457
data\raw\val\07974_Plantae_Tracheophyta_Magnoliopsida_Fabales_Fabaceae_Hylodesmum_glutinosum\ef431cc5-20f9-45d6-8518-36f339e151a4.jpg,383,274,274 371 487 366 430,0.2825638949871063
data\raw\val\07974_Plantae_Tracheophyta_Magnoliopsida_Fabales_Fabaceae_Hylodesmum_glutinosum\3d170a55-068a-450f-8f46-ced746db1c64.jpg,383,246,246 249 274 351 136,0.04717251658439636
data\raw\val\07974_Plantae_Tracheophyta_Magnoliopsida_Fabales_Fabaceae_Hylodesmum_glutinosum\36317e57-e7c9-4501-80b2-ef6203fcce11.jpg,383,492,492 491 281 378 311,0.16697463393211365
data\raw\val\07974_Plantae_Tracheophyta_Magnoliopsida_Fabales_Fabaceae_Hylodesmum_glutinosum\306a61f3-609c-4a19-9402-46d855dd6df3.jpg,383,274,274 442 375 73 52,0.16769136488437653
data\raw\val\07974_Plantae_Tracheophyta_Magnoliopsida_Fabales_Fabaceae_Hylodesmum_glutinosum\e0941a21-993f-4782-8666-a6cb1fc0277e.jpg,383,312,312 424 311 484 453,0.3865708112716675
data\raw\val\07974_Plantae_Tracheophyta_Magnoliopsida_Fabales_Fabaceae_Hylodesmum_glutinosum\4c5629c9-1221-43fc-8641-933c1dfc3ed5.jpg,383,417,417 418 274 123 249,0.05621788650751114
data\raw\val\07974_Plantae_Tracheophyta_Magnoliopsida_Fabales_Fabaceae_Hylodesmum_glutinosum\4c415b45-ef35-4011-be41-e2efa004da48.jpg,383,274,274 489 246 309 487,0.1272560954093933
data\raw\val\07974_Plantae_Tracheophyta_Magnoliopsida_Fabales_Fabaceae_Hylodesmum_glutinosum\88c02a29-f82f-4f31-b432-f5ce1cfa8149.jpg,383,312,312 275 424 492 453,0.5284983515739441
data\raw\val\07974_Plantae_Tracheophyta_Magnoliopsida_Fabales_Fabaceae_Hylodesmum_glutinosum\efa61bd9-e1f4-4633-b76c-a8042d83581e.jpg,383,471,471 311 438 460 406,0.16855496168136597
data\raw\val\07989_Plantae_Tracheophyta_Magnoliopsida_Fabales_Fabaceae_Lespedeza_capitata\6b0d7cb7-dd5d-4660-9ff4-3413982821de.jpg,384,384,384 432 334 403 299,0.8777707815170288
data\raw\val\07989_Plantae_Tracheophyta_Magnoliopsida_Fabales_Fabaceae_Lespedeza_capitata\947916ce-658c-44ac-862d-6c40d83be7c6.jpg,384,468,468 365 311 344 406,0.10472985357046127
data\raw\val\07989_Plantae_Tracheophyta_Magnoliopsida_Fabales_Fabaceae_Lespedeza_capitata\a4f0f167-c87a-438e-9ae6-98823881af8b.jpg,384,344,344 438 394 313 366,0.12060578167438507
data\raw\val\07989_Plantae_Tracheophyta_Magnoliopsida_Fabales_Fabaceae_Lespedeza_capitata\56a0fcf0-37eb-4d3a-84e4-280aa3bc924c.jpg,384,355,355 347 353 348 300,0.41423875093460083
data\raw\val\07989_Plantae_Tracheophyta_Magnoliopsida_Fabales_Fabaceae_Lespedeza_capitata\3a4228e6-0783-4a6e-ae9e-7a74896430bc.jpg,384,344,344 354 495 347 246,0.13151879608631134
data\raw\val\07989_Plantae_Tracheophyta_Magnoliopsida_Fabales_Fabaceae_Lespedeza_capitata\685f6d30-3f0d-4e5b-9c8a-9a31101b2ce1.jpg,384,365,365 336 322 299 321,0.12894178926944733
data\raw\val\07989_Plantae_Tracheophyta_Magnoliopsida_Fabales_Fabaceae_Lespedeza_capitata\f6d29672-db42-4efe-ab0f-8f05edf7cb03.jpg,384,273,273 275 496 498 362,0.2753604054450989
data\raw\val\07989_Plantae_Tracheophyta_Magnoliopsida_Fabales_Fabaceae_Lespedeza_capitata\91191d45-0a09-43e1-b595-8e5bdc307597.jpg,384,274,274 394 375 365 366,0.13770373165607452
data\raw\val\07989_Plantae_Tracheophyta_Magnoliopsida_Fabales_Fabaceae_Lespedeza_capitata\97cef0f1-5759-4470-aede-e5a5a9b41f9d.jpg,384,322,322 320 327 299 441,0.12318328022956848
data\raw\val\07989_Plantae_Tracheophyta_Magnoliopsida_Fabales_Fabaceae_Lespedeza_capitata\d8d2f1d8-7d69-4653-91dc-2865af1161a6.jpg,384,384,384 334 327 299 390,0.5235445499420166
data\raw\val\07994_Plantae_Tracheophyta_Magnoliopsida_Fabales_Fabaceae_Lotus_corniculatus\ebeaac53-e618-4afe-a7a2-10cf94265d34.jpg,385,274,274 136 240 256 249,0.2751895487308502
data\raw\val\07994_Plantae_Tracheophyta_Magnoliopsida_Fabales_Fabaceae_Lotus_corniculatus\2ac6732f-9f0b-4e67-a7a1-c90d4cfaebb5.jpg,385,386,386 334 327 333 325,0.34050941467285156
data\raw\val\07994_Plantae_Tracheophyta_Magnoliopsida_Fabales_Fabaceae_Lotus_corniculatus\e1293c9f-27b8-46e3-9604-3d462e6c5cbe.jpg,385,386,386 385 387 471 382,0.38782012462615967
data\raw\val\07994_Plantae_Tracheophyta_Magnoliopsida_Fabales_Fabaceae_Lotus_corniculatus\1b437cfd-b077-4e6f-b37e-ee3652851f7d.jpg,385,274,274 268 248 329 302,0.11522684246301651
data\raw\val\07994_Plantae_Tracheophyta_Magnoliopsida_Fabales_Fabaceae_Lotus_corniculatus\09548309-3f13-46d0-a2c1-537302234fb1.jpg,385,480,480 387 380 89 335,0.1040707603096962
data\raw\val\07994_Plantae_Tracheophyta_Magnoliopsida_Fabales_Fabaceae_Lotus_corniculatus\3d238fe8-9563-417c-ae1e-92a07e519f92.jpg,385,274,274 451 460 256 480,0.16014206409454346
data\raw\val\07994_Plantae_Tracheophyta_Magnoliopsida_Fabales_Fabaceae_Lotus_corniculatus\810738cb-1783-4a7d-a04b-d3d64e803988.jpg,385,484,484 364 471 366 438,0.30686962604522705
data\raw\val\07994_Plantae_Tracheophyta_Magnoliopsida_Fabales_Fabaceae_Lotus_corniculatus\6e36aebe-80f3-43ab-a473-49063750ba6e.jpg,385,386,386 387 471 333 460,0.42739659547805786
data\raw\val\07994_Plantae_Tracheophyta_Magnoliopsida_Fabales_Fabaceae_Lotus_corniculatus\27e7fb51-56da-45e6-afb8-68e1d5fead89.jpg,385,256,256 480 61 495 344,0.06559394299983978
data\raw\val\07994_Plantae_Tracheophyta_Magnoliopsida_Fabales_Fabaceae_Lotus_corniculatus\6153483f-702f-4d0c-abb7-12541a2b7e20.jpg,385,386,386 382 387 325 460,0.6736435294151306
data\raw\val\07995_Plantae_Tracheophyta_Magnoliopsida_Fabales_Fabaceae_Lotus_pedunculatus\77e0572e-3bb8-449d-a41a-02165aee3098.jpg,386,386,386 387 325 333 385,0.8864856362342834
data\raw\val\07995_Plantae_Tracheophyta_Magnoliopsida_Fabales_Fabaceae_Lotus_pedunculatus\a54cbac1-e221-4430-bd05-6eb9c964799a.jpg,386,256,256 382 460 325 387,0.2740124762058258
data\raw\val\07995_Plantae_Tracheophyta_Magnoliopsida_Fabales_Fabaceae_Lotus_pedunculatus\efcf657a-223d-4625-bf01-46867e15a8c1.jpg,386,256,256 382 391 312 475,0.5391781330108643
data\raw\val\07995_Plantae_Tracheophyta_Magnoliopsida_Fabales_Fabaceae_Lotus_pedunculatus\aa7e2081-05dd-4cca-8fdc-4e3be1392119.jpg,386,249,249 398 274 248 137,0.4087606966495514
data\raw\val\07995_Plantae_Tracheophyta_Magnoliopsida_Fabales_Fabaceae_Lotus_pedunculatus\a0e145a8-d4e7-4b4b-93fc-393973acd4f4.jpg,386,249,249 480 256 246 248,0.04987242817878723
data\raw\val\07995_Plantae_Tracheophyta_Magnoliopsida_Fabales_Fabaceae_Lotus_pedunculatus\8ec01bea-1512-4fdb-b1d0-1cca8536552d.jpg,386,387,387 325 274 256 386,0.16918633878231049
data\raw\val\07995_Plantae_Tracheophyta_Magnoliopsida_Fabales_Fabaceae_Lotus_pedunculatus\2e7c85fe-4aaf-4372-8727-fca2aae63206.jpg,386,274,274 256 387 312 248,0.3746332824230194
data\raw\val\07995_Plantae_Tracheophyta_Magnoliopsida_Fabales_Fabaceae_Lotus_pedunculatus\df214fac-d192-4596-8a11-dacad68068ed.jpg,386,389,389 327 382 325 460,0.39667168259620667
data\raw\val\07995_Plantae_Tracheophyta_Magnoliopsida_Fabales_Fabaceae_Lotus_pedunculatus\d75bc6bb-aa4b-485a-a6a0-e288efdc0bfc.jpg,386,468,468 438 406 437 313,0.26609912514686584
data\raw\val\07995_Plantae_Tracheophyta_Magnoliopsida_Fabales_Fabaceae_Lotus_pedunculatus\353a5048-738f-46fd-9990-435b41a0ec1c.jpg,386,386,386 471 460 480 356,0.2616492509841919
data\raw\val\08020_Plantae_Tracheophyta_Magnoliopsida_Fabales_Fabaceae_Medicago_lupulina\0cd0a166-1b2a-4893-af23-1216bf38201f.jpg,387,471,471 460 386 382 412,0.6793907284736633
data\raw\val\08020_Plantae_Tracheophyta_Magnoliopsida_Fabales_Fabaceae_Medicago_lupulina\1d39bb45-0464-426f-8663-20e34bb3b1ea.jpg,387,354,354 351 353 268 344,0.6207448244094849
data\raw\val\08020_Plantae_Tracheophyta_Magnoliopsida_Fabales_Fabaceae_Medicago_lupulina\5c619576-e3d7-484f-984f-e521f28939cd.jpg,387,312,312 387 391 335 366,0.6106559038162231
data\raw\val\08020_Plantae_Tracheophyta_Magnoliopsida_Fabales_Fabaceae_Medicago_lupulina\3d4b5fa6-d0d0-4534-90c3-0768886aa354.jpg,387,320,320 299 274 350 325,0.1593807339668274
data\raw\val\08020_Plantae_Tracheophyta_Magnoliopsida_Fabales_Fabaceae_Medicago_lupulina\a34490d4-a7cf-495f-a8aa-242b2494c035.jpg,387,274,274 240 312 451 350,0.7805315852165222
data\raw\val\08020_Plantae_Tracheophyta_Magnoliopsida_Fabales_Fabaceae_Medicago_lupulina\9f1e7695-6708-4cb1-9321-d994ac391c41.jpg,387,311,311 14 460 402 492,0.06935258954763412
data\raw\val\08020_Plantae_Tracheophyta_Magnoliopsida_Fabales_Fabaceae_Medicago_lupulina\b76a9c46-fbe3-4cde-8923-725368825bf7.jpg,387,274,274 134 135 312 250,0.8568956851959229
data\raw\val\08020_Plantae_Tracheophyta_Magnoliopsida_Fabales_Fabaceae_Medicago_lupulina\3271676f-4303-49af-9f27-18b3d4ee2194.jpg,387,302,302 254 274 402 28,0.24127870798110962
data\raw\val\08020_Plantae_Tracheophyta_Magnoliopsida_Fabales_Fabaceae_Medicago_lupulina\1c3cd447-25a7-4da8-b3f7-663b834466f5.jpg,387,274,274 256 246 497 311,0.09724000841379166
data\raw\val\08020_Plantae_Tracheophyta_Magnoliopsida_Fabales_Fabaceae_Medicago_lupulina\a81af20d-be89-4aa7-aa9f-d2f5d9ff68a2.jpg,387,438,438 437 364 313 468,0.5417400002479553
data\raw\val\08028_Plantae_Tracheophyta_Magnoliopsida_Fabales_Fabaceae_Mimosa_nuttallii\c8fea930-b641-45fc-b723-4d9dd5957d4e.jpg,388,361,361 274 388 246 423,0.33332476019859314
data\raw\val\08028_Plantae_Tracheophyta_Magnoliopsida_Fabales_Fabaceae_Mimosa_nuttallii\38953e97-0435-4029-b625-d623226db2e7.jpg,388,361,361 388 246 354 423,0.3649837076663971
data\raw\val\08028_Plantae_Tracheophyta_Magnoliopsida_Fabales_Fabaceae_Mimosa_nuttallii\f30ac098-b296-412c-bfa1-ca869d5180df.jpg,388,361,361 388 423 354 311,0.4399436414241791
data\raw\val\08028_Plantae_Tracheophyta_Magnoliopsida_Fabales_Fabaceae_Mimosa_nuttallii\09a98477-8c83-435c-858a-f6c75fe7e623.jpg,388,274,274 361 350 246 388,0.524942934513092
data\raw\val\08028_Plantae_Tracheophyta_Magnoliopsida_Fabales_Fabaceae_Mimosa_nuttallii\9d3dfb0d-2872-4d74-beb0-ce53061fd358.jpg,388,361,361 246 451 394 311,0.1053181067109108
data\raw\val\08028_Plantae_Tracheophyta_Magnoliopsida_Fabales_Fabaceae_Mimosa_nuttallii\b83aa465-13fc-48c9-b34f-78e93c001cac.jpg,388,353,353 354 278 347 451,0.2572578191757202
data\raw\val\08028_Plantae_Tracheophyta_Magnoliopsida_Fabales_Fabaceae_Mimosa_nuttallii\edd531db-3417-4641-ae55-87beb980b633.jpg,388,350,350 353 313 330 323,0.09441841393709183
data\raw\val\08028_Plantae_Tracheophyta_Magnoliopsida_Fabales_Fabaceae_Mimosa_nuttallii\5bb313c7-c50e-497b-81ca-ad6679ae8e63.jpg,388,354,354 353 281 361 388,0.5824258923530579
data\raw\val\08028_Plantae_Tracheophyta_Magnoliopsida_Fabales_Fabaceae_Mimosa_nuttallii\bd005126-406b-416d-a55c-b041ca16c8b1.jpg,388,361,361 416 350 388 423,0.1755489856004715
data\raw\val\08028_Plantae_Tracheophyta_Magnoliopsida_Fabales_Fabaceae_Mimosa_nuttallii\5966aeb2-a791-4244-b246-1312f06b00b9.jpg,388,388,388 299 473 427 281,0.19911019504070282
data\raw\val\08062_Plantae_Tracheophyta_Magnoliopsida_Fabales_Fabaceae_Senna_armata\571872e9-5e04-4d91-bd73-2f56a758a861.jpg,389,438,438 345 406 313 344,0.553638756275177
data\raw\val\08062_Plantae_Tracheophyta_Magnoliopsida_Fabales_Fabaceae_Senna_armata\1abc53b8-f199-4f9e-af96-b4cc0d449fa0.jpg,389,376,376 292 389 394 391,0.5499361753463745
data\raw\val\08062_Plantae_Tracheophyta_Magnoliopsida_Fabales_Fabaceae_Senna_armata\82ba4c18-caa0-4d41-b5a6-d1fe86710bd5.jpg,389,325,325 256 389 387 382,0.2738827168941498
data\raw\val\08062_Plantae_Tracheophyta_Magnoliopsida_Fabales_Fabaceae_Senna_armata\087f750b-24e1-42ae-ad73-9fc4cceac61b.jpg,389,355,355 389 442 300 313,0.5414511561393738
data\raw\val\08062_Plantae_Tracheophyta_Magnoliopsida_Fabales_Fabaceae_Senna_armata\7d9e7674-658c-4ab7-9aa4-cc110331d1a8.jpg,389,438,438 313 442 437 468,0.4317803978919983
data\raw\val\08062_Plantae_Tracheophyta_Magnoliopsida_Fabales_Fabaceae_Senna_armata\a5b669a4-76ed-42e1-826d-8984f8e343b7.jpg,389,123,123 245 101 244 389,0.13084709644317627
data\raw\val\08062_Plantae_Tracheophyta_Magnoliopsida_Fabales_Fabaceae_Senna_armata\d3954478-cae3-44ea-8152-b15d2b3afcf3.jpg,389,389,389 325 382 386 385,0.7023704648017883
data\raw\val\08062_Plantae_Tracheophyta_Magnoliopsida_Fabales_Fabaceae_Senna_armata\b6633b63-e306-4ae3-8ced-5824f562c52b.jpg,389,256,256 389 312 246 480,0.19225749373435974
data\raw\val\08062_Plantae_Tracheophyta_Magnoliopsida_Fabales_Fabaceae_Senna_armata\2a978cd1-f79c-4b30-9548-317845712fc1.jpg,389,348,348 442 487 347 355,0.19006580114364624
data\raw\val\08062_Plantae_Tracheophyta_Magnoliopsida_Fabales_Fabaceae_Senna_armata\853056bf-c958-401f-b7f4-b9b1e0081f12.jpg,389,327,327 355 468 366 391,0.07518229633569717
data\raw\val\08095_Plantae_Tracheophyta_Magnoliopsida_Fabales_Fabaceae_Trifolium_lupinaster\c7ca9562-5566-466d-80d0-d1fab4b89b35.jpg,390,274,274 302 492 354 402,0.1699897199869156
data\raw\val\08095_Plantae_Tracheophyta_Magnoliopsida_Fabales_Fabaceae_Trifolium_lupinaster\887bfc55-164c-4dd0-ba1f-6337f6a08b42.jpg,390,451,451 471 344 468 366,0.22667060792446136
data\raw\val\08095_Plantae_Tracheophyta_Magnoliopsida_Fabales_Fabaceae_Trifolium_lupinaster\6b6bef05-eb00-4c6e-9e18-639acb48c86e.jpg,390,366,366 274 315 487 375,0.20499122142791748
data\raw\val\08095_Plantae_Tracheophyta_Magnoliopsida_Fabales_Fabaceae_Trifolium_lupinaster\f5c55a48-c09b-4e87-9365-9aa6980860d8.jpg,390,478,478 413 398 471 390,0.07761199027299881
data\raw\val\08095_Plantae_Tracheophyta_Magnoliopsida_Fabales_Fabaceae_Trifolium_lupinaster\8e5b1994-08e4-44b1-9263-6fb125cb6d7b.jpg,390,486,486 361 476 480 451,0.049519531428813934
data\raw\val\08095_Plantae_Tracheophyta_Magnoliopsida_Fabales_Fabaceae_Trifolium_lupinaster\e7264f4e-f08e-4e38-92e6-880e383e6d03.jpg,390,361,361 423 426 388 354,0.3164540231227875
data\raw\val\08095_Plantae_Tracheophyta_Magnoliopsida_Fabales_Fabaceae_Trifolium_lupinaster\ecf15fe5-cb13-498e-893c-239b51e4e1b6.jpg,390,390,390 330 377 491 402,0.38835594058036804
data\raw\val\08095_Plantae_Tracheophyta_Magnoliopsida_Fabales_Fabaceae_Trifolium_lupinaster\0185a89d-9161-435c-8df0-18aa6486c6c9.jpg,390,361,361 390 379 426 417,0.1471235454082489
data\raw\val\08095_Plantae_Tracheophyta_Magnoliopsida_Fabales_Fabaceae_Trifolium_lupinaster\f1ebd319-c652-47ea-ab09-d4222f3d7bf9.jpg,390,390,390 416 330 361 473,0.3012564480304718
data\raw\val\08095_Plantae_Tracheophyta_Magnoliopsida_Fabales_Fabaceae_Trifolium_lupinaster\4125d4a3-6481-4068-b141-f2931bfd462f.jpg,390,344,344 460 354 480 135,0.04292292147874832
data\raw\val\08106_Plantae_Tracheophyta_Magnoliopsida_Fabales_Fabaceae_Vachellia_farnesiana\bfe5b0e6-9cea-40bd-8823-53becadb6d9d.jpg,391,313,313 468 471 356 438,0.4753928780555725
data\raw\val\08106_Plantae_Tracheophyta_Magnoliopsida_Fabales_Fabaceae_Vachellia_farnesiana\30a21fc2-9db5-4cee-964a-a58f4ec10bfa.jpg,391,302,302 29 354 353 28,0.12087108194828033
data\raw\val\08106_Plantae_Tracheophyta_Magnoliopsida_Fabales_Fabaceae_Vachellia_farnesiana\f26b9853-6b5e-4309-88bb-c1ba03da7850.jpg,391,313,313 437 468 356 391,0.2847278416156769
data\raw\val\08106_Plantae_Tracheophyta_Magnoliopsida_Fabales_Fabaceae_Vachellia_farnesiana\6cacff61-6914-443e-b8c0-ce1cdc4220f0.jpg,391,468,468 313 438 471 437,0.2913583815097809
data\raw\val\08106_Plantae_Tracheophyta_Magnoliopsida_Fabales_Fabaceae_Vachellia_farnesiana\a8ab8891-1196-4d11-ad53-bcdab6c7129a.jpg,391,468,468 448 329 356 391,0.47766774892807007
data\raw\val\08106_Plantae_Tracheophyta_Magnoliopsida_Fabales_Fabaceae_Vachellia_farnesiana\6344d652-a304-47a2-a20c-06e5769d9ee7.jpg,391,356,356 391 471 382 468,0.20296840369701385
data\raw\val\08106_Plantae_Tracheophyta_Magnoliopsida_Fabales_Fabaceae_Vachellia_farnesiana\e78b0743-d7df-4708-a9f9-47fd2fdaaa8a.jpg,391,345,345 361 482 354 416,0.12861746549606323
data\raw\val\08106_Plantae_Tracheophyta_Magnoliopsida_Fabales_Fabaceae_Vachellia_farnesiana\230a0faf-dcc9-4fe3-bea9-0ebd564d9bc3.jpg,391,471,471 327 386 460 382,0.2539322078227997
data\raw\val\08106_Plantae_Tracheophyta_Magnoliopsida_Fabales_Fabaceae_Vachellia_farnesiana\2f4e547e-09a1-4164-92f8-9b819c6beeef.jpg,391,366,366 468 356 292 460,0.09120140969753265
data\raw\val\08106_Plantae_Tracheophyta_Magnoliopsida_Fabales_Fabaceae_Vachellia_farnesiana\4cec863d-74d5-4276-bbb4-24c892f66937.jpg,391,468,468 356 313 471 469,0.6416413187980652
data\raw\val\08127_Plantae_Tracheophyta_Magnoliopsida_Fabales_Polygalaceae_Polygala_alba\46845410-3175-44b2-a15d-cc6c6f283007.jpg,392,392,392 365 246 492 259,0.21188391745090485
data\raw\val\08127_Plantae_Tracheophyta_Magnoliopsida_Fabales_Polygalaceae_Polygala_alba\9eae70b9-21c1-4b6b-b2ac-bea7d78fa5f1.jpg,392,492,492 274 428 246 305,0.1740865707397461
data\raw\val\08127_Plantae_Tracheophyta_Magnoliopsida_Fabales_Polygalaceae_Polygala_alba\25ec54cc-bea6-4236-b67d-32a0309b50ab.jpg,392,302,302 28 345 73 482,0.3941604495048523
data\raw\val\08127_Plantae_Tracheophyta_Magnoliopsida_Fabales_Polygalaceae_Polygala_alba\b51de987-156b-44c9-92fc-2274d652fc67.jpg,392,484,484 468 342 409 323,0.21341364085674286
data\raw\val\08127_Plantae_Tracheophyta_Magnoliopsida_Fabales_Polygalaceae_Polygala_alba\04849e58-dead-43ad-8c83-98645e362b7c.jpg,392,329,329 328 350 468 344,0.09699634462594986
data\raw\val\08127_Plantae_Tracheophyta_Magnoliopsida_Fabales_Polygalaceae_Polygala_alba\b027f7ed-3224-4e90-a1d1-3bee8b8d0bce.jpg,392,344,344 416 345 482 362,0.12906977534294128
data\raw\val\08127_Plantae_Tracheophyta_Magnoliopsida_Fabales_Polygalaceae_Polygala_alba\81bf7d7d-7b76-4d1b-aa91-db21115d76ea.jpg,392,418,418 350 468 484 438,0.058965541422367096
data\raw\val\08127_Plantae_Tracheophyta_Magnoliopsida_Fabales_Polygalaceae_Polygala_alba\f1d1c64a-2089-42bd-8e18-d30711159d62.jpg,392,274,274 246 351 249 272,0.0736021101474762
data\raw\val\08127_Plantae_Tracheophyta_Magnoliopsida_Fabales_Polygalaceae_Polygala_alba\b097afc9-01bb-4e64-85ba-6ecd9424f2f1.jpg,392,365,365 366 370 468 329,0.1738627851009369
data\raw\val\08127_Plantae_Tracheophyta_Magnoliopsida_Fabales_Polygalaceae_Polygala_alba\9541f121-7d91-4fa7-9492-16ecc97089c8.jpg,392,365,365 322 489 428 490,0.055249299854040146
data\raw\val\08154_Plantae_Tracheophyta_Magnoliopsida_Fagales_Betulaceae_Carpinus_caroliniana\3c63e20c-0252-4170-b08d-939ad9a3e60e.jpg,393,356,356 393 432 362 311,0.10810152441263199
data\raw\val\08154_Plantae_Tracheophyta_Magnoliopsida_Fagales_Betulaceae_Carpinus_caroliniana\d93a7c88-d3b4-4bc7-8550-7275a83b8916.jpg,393,356,356 400 483 479 393,0.14793208241462708
data\raw\val\08154_Plantae_Tracheophyta_Magnoliopsida_Fagales_Betulaceae_Carpinus_caroliniana\9421b210-f52c-411b-b2dc-1c6435207076.jpg,393,248,248 62 274 268 246,0.08388017117977142
data\raw\val\08154_Plantae_Tracheophyta_Magnoliopsida_Fagales_Betulaceae_Carpinus_caroliniana\677347a2-d98e-4425-90f8-dea85d729807.jpg,393,25,25 302 237 230 236,0.2877673804759979
data\raw\val\08154_Plantae_Tracheophyta_Magnoliopsida_Fagales_Betulaceae_Carpinus_caroliniana\82f3b9a3-f653-4acf-9840-de4b092df2e6.jpg,393,468,468 313 406 460 356,0.18023709952831268
data\raw\val\08154_Plantae_Tracheophyta_Magnoliopsida_Fagales_Betulaceae_Carpinus_caroliniana\f91fb8ec-b792-4511-9df3-bc76af34f83b.jpg,393,451,451 471 311 460 406,0.12068703025579453
data\raw\val\08154_Plantae_Tracheophyta_Magnoliopsida_Fagales_Betulaceae_Carpinus_caroliniana\51694cec-e3d1-488f-aa8e-678d4c58c6ac.jpg,393,492,492 493 497 495 496,0.37618979811668396
data\raw\val\08154_Plantae_Tracheophyta_Magnoliopsida_Fagales_Betulaceae_Carpinus_caroliniana\0ac4547f-d817-4aab-82d7-14f3c95dff5a.jpg,393,393,393 356 259 400 436,0.5171391367912292
data\raw\val\08154_Plantae_Tracheophyta_Magnoliopsida_Fagales_Betulaceae_Carpinus_caroliniana\e4d4af02-6b4b-43c0-bdb1-0147796085e3.jpg,393,302,302 240 234 73 136,0.12056272476911545
data\raw\val\08154_Plantae_Tracheophyta_Magnoliopsida_Fagales_Betulaceae_Carpinus_caroliniana\b543cc5d-2063-4ebc-bb8d-eee6daa2bca8.jpg,393,74,74 302 278 259 256,0.211023211479187
data\raw\val\08162_Plantae_Tracheophyta_Magnoliopsida_Fagales_Fagaceae_Chrysolepis_chrysophylla\5823cb04-19a3-45f0-8084-6874e2b6060b.jpg,394,382,382 471 311 460 322,0.18041512370109558
data\raw\val\08162_Plantae_Tracheophyta_Magnoliopsida_Fagales_Fagaceae_Chrysolepis_chrysophylla\5ece07bb-b520-488a-b12d-d8764d571d05.jpg,394,136,136 249 131 274 497,0.08588559925556183
data\raw\val\08162_Plantae_Tracheophyta_Magnoliopsida_Fagales_Fagaceae_Chrysolepis_chrysophylla\61751370-decc-44ca-a2f9-17aa161710d8.jpg,394,493,493 492 275 246 431,0.1729743778705597
data\raw\val\08162_Plantae_Tracheophyta_Magnoliopsida_Fagales_Fagaceae_Chrysolepis_chrysophylla\b3a98f3f-9121-4998-b2cf-6342a6c16316.jpg,394,210,210 191 391 187 413,0.25101202726364136
data\raw\val\08162_Plantae_Tracheophyta_Magnoliopsida_Fagales_Fagaceae_Chrysolepis_chrysophylla\9755ef33-3262-4e2e-9953-46477b9797cc.jpg,394,394,394 451 468 471 313,0.3170180022716522
data\raw\val\08162_Plantae_Tracheophyta_Magnoliopsida_Fagales_Fagaceae_Chrysolepis_chrysophylla\a9635030-a9e8-4c2c-9ab9-c299807ed41e.jpg,394,441,441 451 431 375 399,0.16127124428749084
data\raw\val\08162_Plantae_Tracheophyta_Magnoliopsida_Fagales_Fagaceae_Chrysolepis_chrysophylla\a58a43c2-0bf7-4e9f-8f5a-011ea6bc40f6.jpg,394,397,397 399 308 431 460,0.16671200096607208
data\raw\val\08162_Plantae_Tracheophyta_Magnoliopsida_Fagales_Fagaceae_Chrysolepis_chrysophylla\1b3430fd-26a1-44ec-ae4e-570dfe8af60b.jpg,394,394,394 460 433 469 438,0.11595571041107178
data\raw\val\08162_Plantae_Tracheophyta_Magnoliopsida_Fagales_Fagaceae_Chrysolepis_chrysophylla\6543cf9c-5ce1-4bee-b679-0dfe64e18228.jpg,394,246,246 136 62 249 135,0.04440717771649361
data\raw\val\08162_Plantae_Tracheophyta_Magnoliopsida_Fagales_Fagaceae_Chrysolepis_chrysophylla\02166326-a885-401e-9944-34848e2d070c.jpg,394,313,313 468 469 394 442,0.652815043926239
data\raw\val\08168_Plantae_Tracheophyta_Magnoliopsida_Fagales_Fagaceae_Quercus_alba\ed5e2eb2-3d4c-4b05-b6a7-e92639a9eadf.jpg,395,492,492 495 499 381 497,0.22776220738887787
data\raw\val\08168_Plantae_Tracheophyta_Magnoliopsida_Fagales_Fagaceae_Quercus_alba\e686aaf4-6977-44ed-9d33-eaafffb341ae.jpg,395,361,361 354 476 413 451,0.3585648834705353
data\raw\val\08168_Plantae_Tracheophyta_Magnoliopsida_Fagales_Fagaceae_Quercus_alba\e8c7f0ae-e5c0-4110-ab4d-ff8d9ad50b23.jpg,395,274,274 468 398 249 366,0.3209373950958252
data\raw\val\08168_Plantae_Tracheophyta_Magnoliopsida_Fagales_Fagaceae_Quercus_alba\298f180f-d48d-410c-beac-ac5b42658c95.jpg,395,471,471 366 315 487 398,0.4858933091163635
data\raw\val\08168_Plantae_Tracheophyta_Magnoliopsida_Fagales_Fagaceae_Quercus_alba\a9266fda-2b42-48ff-a909-1acd3dc79521.jpg,395,274,274 312 398 135 311,0.1558043658733368
data\raw\val\08168_Plantae_Tracheophyta_Magnoliopsida_Fagales_Fagaceae_Quercus_alba\0ab2cf76-6990-481e-9aa0-338f51c4576d.jpg,395,398,398 395 396 490 397,0.5902513265609741
data\raw\val\08168_Plantae_Tracheophyta_Magnoliopsida_Fagales_Fagaceae_Quercus_alba\d4faa63a-5384-4385-8cfb-30ba0d9379fb.jpg,395,249,249 132 131 136 137,0.27220994234085083
data\raw\val\08168_Plantae_Tracheophyta_Magnoliopsida_Fagales_Fagaceae_Quercus_alba\e595da34-8123-4edf-bc56-aafc3b9d1fc2.jpg,395,274,274 246 74 240 451,0.7625811696052551
data\raw\val\08168_Plantae_Tracheophyta_Magnoliopsida_Fagales_Fagaceae_Quercus_alba\be43e920-c4dc-40b1-8720-8e93096ac665.jpg,395,246,246 249 274 259 245,0.33311349153518677
data\raw\val\08168_Plantae_Tracheophyta_Magnoliopsida_Fagales_Fagaceae_Quercus_alba\fcde3550-7537-4fa2-8c46-3a0d0888cbb0.jpg,395,395,395 488 25 476 479,0.27255040407180786
data\raw\val\08171_Plantae_Tracheophyta_Magnoliopsida_Fagales_Fagaceae_Quercus_buckleyi\bdc6d911-8210-412d-9544-2060bee43df2.jpg,396,398,398 274 492 246 311,0.19955676794052124
data\raw\val\08171_Plantae_Tracheophyta_Magnoliopsida_Fagales_Fagaceae_Quercus_buckleyi\5ea49fe2-0a72-4db1-80b3-168b5b5cd44b.jpg,396,354,354 451 397 246 398,0.6234742403030396
data\raw\val\08171_Plantae_Tracheophyta_Magnoliopsida_Fagales_Fagaceae_Quercus_buckleyi\783bf795-bab2-4179-84f2-2da52c824f7b.jpg,396,274,274 489 397 375 398,0.45951128005981445
data\raw\val\08171_Plantae_Tracheophyta_Magnoliopsida_Fagales_Fagaceae_Quercus_buckleyi\92109fa5-cc39-480d-a0a3-423ebab887ed.jpg,396,274,274 490 492 344 275,0.35527828335762024
data\raw\val\08171_Plantae_Tracheophyta_Magnoliopsida_Fagales_Fagaceae_Quercus_buckleyi\2ff7ddfc-363b-4cd5-929a-5a475a4cd933.jpg,396,313,313 364 442 437 468,0.26908567547798157
data\raw\val\08171_Plantae_Tracheophyta_Magnoliopsida_Fagales_Fagaceae_Quercus_buckleyi\98bf325b-dd3d-4760-9b74-c1ae2a90cb26.jpg,396,413,413 397 246 482 311,0.06477825343608856
data\raw\val\08171_Plantae_Tracheophyta_Magnoliopsida_Fagales_Fagaceae_Quercus_buckleyi\88a63e70-7755-41d6-828d-ffa99597438b.jpg,396,468,468 391 313 437 469,0.25329074263572693
data\raw\val\08171_Plantae_Tracheophyta_Magnoliopsida_Fagales_Fagaceae_Quercus_buckleyi\fd873411-000f-4ec4-9557-61eba8bd6d3f.jpg,396,274,274 246 136 492 135,0.3096119165420532
data\raw\val\08171_Plantae_Tracheophyta_Magnoliopsida_Fagales_Fagaceae_Quercus_buckleyi\140baa36-3170-4c22-9e7c-b20b3ea0f7ee.jpg,396,274,274 492 398 361 366,0.629192590713501
data\raw\val\08171_Plantae_Tracheophyta_Magnoliopsida_Fagales_Fagaceae_Quercus_buckleyi\a3500f7a-6cd4-41dd-8700-7f81c1d101c5.jpg,396,302,302 402 345 322 417,0.34742599725723267
data\raw\val\08189_Plantae_Tracheophyta_Magnoliopsida_Fagales_Fagaceae_Quercus_laevis\e911185e-9d1f-408b-be5a-f7ab91db96fc.jpg,397,395,395 397 398 396 357,0.3143863081932068
data\raw\val\08189_Plantae_Tracheophyta_Magnoliopsida_Fagales_Fagaceae_Quercus_laevis\583fd08c-808b-471f-b20e-4c4205244a45.jpg,397,356,356 468 471 391 483,0.24117983877658844
data\raw\val\08189_Plantae_Tracheophyta_Magnoliopsida_Fagales_Fagaceae_Quercus_laevis\9c4e4ceb-1ce1-4ccf-b4cb-467d93456908.jpg,397,397,397 395 398 396 497,0.4048399329185486
data\raw\val\08189_Plantae_Tracheophyta_Magnoliopsida_Fagales_Fagaceae_Quercus_laevis\a193cefc-5b2b-4427-a2d8-27d46aaaa8ab.jpg,397,356,356 256 490 74 400,0.09136028587818146
data\raw\val\08189_Plantae_Tracheophyta_Magnoliopsida_Fagales_Fagaceae_Quercus_laevis\38de7ae9-1da6-4d7a-9a39-b5e3233fef03.jpg,397,468,468 451 460 487 313,0.15018366277217865
data\raw\val\08189_Plantae_Tracheophyta_Magnoliopsida_Fagales_Fagaceae_Quercus_laevis\67ba56bd-39cb-41f7-bb16-7c07f5ac5b13.jpg,397,398,398 274 487 490 315,0.2569488286972046
data\raw\val\08189_Plantae_Tracheophyta_Magnoliopsida_Fagales_Fagaceae_Quercus_laevis\74fee3bf-d690-45e3-b570-c68a555c67b4.jpg,397,396,396 397 398 496 395,0.1369158774614334
data\raw\val\08189_Plantae_Tracheophyta_Magnoliopsida_Fagales_Fagaceae_Quercus_laevis\5e367168-0721-41f6-a6dd-4a4c76360db7.jpg,397,492,492 397 398 395 396,0.21426956355571747
data\raw\val\08189_Plantae_Tracheophyta_Magnoliopsida_Fagales_Fagaceae_Quercus_laevis\4e7e27e4-d1be-41f0-ae50-1901b8c64930.jpg,397,246,246 145 257 397 230,0.08104918152093887
data\raw\val\08189_Plantae_Tracheophyta_Magnoliopsida_Fagales_Fagaceae_Quercus_laevis\d3aba50d-682a-4189-aed8-ef570906ffc8.jpg,397,491,491 295 281 306 335,0.231842041015625
data\raw\val\08190_Plantae_Tracheophyta_Magnoliopsida_Fagales_Fagaceae_Quercus_lobata\8c03a9e2-2fa3-49a9-80ae-d1a5f5d98a3c.jpg,398,468,468 431 413 391 448,0.18710584938526154
data\raw\val\08190_Plantae_Tracheophyta_Magnoliopsida_Fagales_Fagaceae_Quercus_lobata\06bc7cc5-b84e-4cb0-ae4b-8bf62f1b7835.jpg,398,471,471 460 313 468 398,0.16901808977127075
data\raw\val\08190_Plantae_Tracheophyta_Magnoliopsida_Fagales_Fagaceae_Quercus_lobata\9d396381-7619-4a36-a4cc-187e7483c38b.jpg,398,91,91 472 398 460 440,0.10223889350891113
data\raw\val\08190_Plantae_Tracheophyta_Magnoliopsida_Fagales_Fagaceae_Quercus_lobata\bc71ca4c-6cad-494a-8c84-f1de58911467.jpg,398,468,468 391 356 431 448,0.19339029490947723
data\raw\val\08190_Plantae_Tracheophyta_Magnoliopsida_Fagales_Fagaceae_Quercus_lobata\59e56637-fd23-4cea-890d-37d6647b6771.jpg,398,391,391 356 468 313 448,0.2886049747467041
data\raw\val\08190_Plantae_Tracheophyta_Magnoliopsida_Fagales_Fagaceae_Quercus_lobata\9ef503a1-b5aa-4e25-8937-4154122263a8.jpg,398,274,274 246 451 366 489,0.2893356680870056
data\raw\val\08190_Plantae_Tracheophyta_Magnoliopsida_Fagales_Fagaceae_Quercus_lobata\fc4d3f15-5cd7-4085-a424-4e09e65a0224.jpg,398,313,313 91 246 86 471,0.22384986281394958
data\raw\val\08190_Plantae_Tracheophyta_Magnoliopsida_Fagales_Fagaceae_Quercus_lobata\851317f8-105f-4ca0-a063-38c9c50ea894.jpg,398,387,387 312 386 382 460,0.2820799946784973
data\raw\val\08190_Plantae_Tracheophyta_Magnoliopsida_Fagales_Fagaceae_Quercus_lobata\6c37584b-8829-4215-919d-1813dc39de05.jpg,398,257,257 438 275 492 345,0.2881615161895752
data\raw\val\08190_Plantae_Tracheophyta_Magnoliopsida_Fagales_Fagaceae_Quercus_lobata\9b7ec1d2-c259-4307-b95e-5a27ef3f1c5b.jpg,398,382,382 391 356 362 460,0.14216795563697815
data\raw\val\08196_Plantae_Tracheophyta_Magnoliopsida_Fagales_Fagaceae_Quercus_nigra\4380799d-b210-4ae6-907c-d83e74ca4710.jpg,399,302,302 396 274 246 322,0.1581687331199646
data\raw\val\08196_Plantae_Tracheophyta_Magnoliopsida_Fagales_Fagaceae_Quercus_nigra\ae551327-d851-484f-b70f-84dc90ab4b36.jpg,399,398,398 246 274 395 396,0.34716105461120605
data\raw\val\08196_Plantae_Tracheophyta_Magnoliopsida_Fagales_Fagaceae_Quercus_nigra\adcf295f-bd40-410e-aed8-751892061db1.jpg,399,302,302 345 322 311 467,0.5951973795890808
data\raw\val\08196_Plantae_Tracheophyta_Magnoliopsida_Fagales_Fagaceae_Quercus_nigra\be04b0ef-7144-428a-b4a1-0a15b18e8f07.jpg,399,302,302 74 230 73 246,0.1014525517821312
data\raw\val\08196_Plantae_Tracheophyta_Magnoliopsida_Fagales_Fagaceae_Quercus_nigra\33e3fe28-22e6-423c-8a3f-a88733120259.jpg,399,274,274 246 451 366 492,0.9324323534965515
data\raw\val\08196_Plantae_Tracheophyta_Magnoliopsida_Fagales_Fagaceae_Quercus_nigra\8ce4a738-51eb-41b9-b3c7-362f44ed7e74.jpg,399,360,360 400 398 311 399,0.11270809918642044
data\raw\val\08196_Plantae_Tracheophyta_Magnoliopsida_Fagales_Fagaceae_Quercus_nigra\caa94f1f-daf0-49a5-9466-d5b9f40b3be9.jpg,399,448,448 435 451 434 396,0.4660088121891022
data\raw\val\08196_Plantae_Tracheophyta_Magnoliopsida_Fagales_Fagaceae_Quercus_nigra\9420bf23-87fc-4e9d-bba7-8210b9479a44.jpg,399,397,397 399 490 486 435,0.08080840110778809
data\raw\val\08196_Plantae_Tracheophyta_Magnoliopsida_Fagales_Fagaceae_Quercus_nigra\eb171a3d-544f-4d92-8deb-5611510c1e5e.jpg,399,353,353 354 476 345 397,0.1304209977388382
data\raw\val\08196_Plantae_Tracheophyta_Magnoliopsida_Fagales_Fagaceae_Quercus_nigra\266a0368-80e3-42dc-9df9-af138bfd5372.jpg,399,434,434 451 435 487 398,0.13370612263679504
data\raw\val\08214_Plantae_Tracheophyta_Magnoliopsida_Fagales_Juglandaceae_Carya_tomentosa\4967a9e4-3330-4e00-a8fd-3894faa76f6a.jpg,400,354,354 344 351 275 438,0.23660007119178772
data\raw\val\08214_Plantae_Tracheophyta_Magnoliopsida_Fagales_Juglandaceae_Carya_tomentosa\c70417c7-ca56-4d3c-92a9-ef361f3f7a99.jpg,400,274,274 312 344 311 17,0.9353209137916565
data\raw\val\08214_Plantae_Tracheophyta_Magnoliopsida_Fagales_Juglandaceae_Carya_tomentosa\547fa49e-17e9-472e-b6fd-08a099aff914.jpg,400,467,467 434 396 448 435,0.19025562703609467
data\raw\val\08214_Plantae_Tracheophyta_Magnoliopsida_Fagales_Juglandaceae_Carya_tomentosa\aaeff1fd-a5e5-4899-902a-3e0ac204d947.jpg,400,274,274 240 281 491 322,0.3438711166381836
data\raw\val\08214_Plantae_Tracheophyta_Magnoliopsida_Fagales_Juglandaceae_Carya_tomentosa\3356c03a-6903-4208-80d3-8af3824d536f.jpg,400,400,400 356 395 393 477,0.19332270324230194
data\raw\val\08214_Plantae_Tracheophyta_Magnoliopsida_Fagales_Juglandaceae_Carya_tomentosa\174decf6-6e02-493f-a45a-f5c0bf4566c2.jpg,400,274,274 492 398 73 490,0.12623979151248932
data\raw\val\08214_Plantae_Tracheophyta_Magnoliopsida_Fagales_Juglandaceae_Carya_tomentosa\564192da-77e4-44e3-80ee-5b1d1bb48d4f.jpg,400,246,246 274 240 302 492,0.21411262452602386
data\raw\val\08214_Plantae_Tracheophyta_Magnoliopsida_Fagales_Juglandaceae_Carya_tomentosa\96677a8b-e233-4233-90b1-7fd22f641b65.jpg,400,241,241 240 28 242 302,0.10248465090990067
data\raw\val\08214_Plantae_Tracheophyta_Magnoliopsida_Fagales_Juglandaceae_Carya_tomentosa\687e1df2-a13c-4cf3-b515-9b6d2293da76.jpg,400,354,354 353 246 91 476,0.5780593752861023
data\raw\val\08214_Plantae_Tracheophyta_Magnoliopsida_Fagales_Juglandaceae_Carya_tomentosa\36b3f308-d7b1-457d-aa80-bf4161f0305f.jpg,400,256,256 73 274 398 451,0.24393220245838165
data\raw\val\08227_Plantae_Tracheophyta_Magnoliopsida_Garryales_Garryaceae_Garrya_lindheimeri\dd90e08b-ff60-4aad-830f-6e98679489ba.jpg,401,492,492 275 442 240 350,0.6055334806442261
data\raw\val\08227_Plantae_Tracheophyta_Magnoliopsida_Garryales_Garryaceae_Garrya_lindheimeri\ccf73961-32e8-469d-ae20-fca737531925.jpg,401,274,274 268 401 313 312,0.6133450269699097
data\raw\val\08227_Plantae_Tracheophyta_Magnoliopsida_Garryales_Garryaceae_Garrya_lindheimeri\6ea69b3c-02c3-4449-8fe9-b68f1e0fde7d.jpg,401,274,274 344 492 398 242,0.22862428426742554
data\raw\val\08227_Plantae_Tracheophyta_Magnoliopsida_Garryales_Garryaceae_Garrya_lindheimeri\685ef7d3-f5d5-465d-a5c3-2dcbad6ff718.jpg,401,350,350 274 344 240 246,0.2775939106941223
data\raw\val\08227_Plantae_Tracheophyta_Magnoliopsida_Garryales_Garryaceae_Garrya_lindheimeri\4f04cd31-e6e3-4070-944a-ad2fd5a77769.jpg,401,468,468 313 437 364 438,0.5329911708831787
data\raw\val\08227_Plantae_Tracheophyta_Magnoliopsida_Garryales_Garryaceae_Garrya_lindheimeri\6ff8fd56-97cb-40c6-a65a-866339ec7e84.jpg,401,274,274 240 246 256 136,0.727436363697052
data\raw\val\08227_Plantae_Tracheophyta_Magnoliopsida_Garryales_Garryaceae_Garrya_lindheimeri\b21ffb1b-9720-4001-86a9-1d5d883f816b.jpg,401,274,274 249 246 398 131,0.6746723055839539
data\raw\val\08227_Plantae_Tracheophyta_Magnoliopsida_Garryales_Garryaceae_Garrya_lindheimeri\9cdd86b0-4e35-4b72-a3cb-884810b487fc.jpg,401,274,274 246 135 312 366,0.7527763247489929
data\raw\val\08227_Plantae_Tracheophyta_Magnoliopsida_Garryales_Garryaceae_Garrya_lindheimeri\7dff865c-9b17-42e4-bf71-d457b864b13d.jpg,401,274,274 451 401 398 467,0.5909799933433533
data\raw\val\08227_Plantae_Tracheophyta_Magnoliopsida_Garryales_Garryaceae_Garrya_lindheimeri\32c65017-cd7d-48ee-866a-d2fbed55ece8.jpg,401,274,274 350 242 250 344,0.8549580574035645
data\raw\val\08235_Plantae_Tracheophyta_Magnoliopsida_Gentianales_Apocynaceae_Asclepias_asperula\d17c3118-7fd6-4387-a5b9-927781204eb1.jpg,402,246,246 275 402 123 257,0.2137335240840912
data\raw\val\08235_Plantae_Tracheophyta_Magnoliopsida_Gentianales_Apocynaceae_Asclepias_asperula\cb99d121-203e-4760-90a3-c6df232305b9.jpg,402,366,366 438 257 364 275,0.3006560206413269
data\raw\val\08235_Plantae_Tracheophyta_Magnoliopsida_Gentianales_Apocynaceae_Asclepias_asperula\c3f02572-940a-4428-909a-914c622817f3.jpg,402,274,274 489 283 476 376,0.09936987608671188
data\raw\val\08235_Plantae_Tracheophyta_Magnoliopsida_Gentianales_Apocynaceae_Asclepias_asperula\bbc591ed-9c12-4b21-bbca-e3b99b89f609.jpg,402,305,305 299 442 402 302,0.12753112614154816
data\raw\val\08235_Plantae_Tracheophyta_Magnoliopsida_Gentianales_Apocynaceae_Asclepias_asperula\1cb0ff93-fe13-4d22-bce9-6b07a2ef737b.jpg,402,402,402 491 377 381 390,0.12434908002614975
data\raw\val\08235_Plantae_Tracheophyta_Magnoliopsida_Gentianales_Apocynaceae_Asclepias_asperula\17a17565-8a2f-46e5-bbb9-0b4433d48ce8.jpg,402,402,402 427 388 492 305,0.5892426371574402
data\raw\val\08235_Plantae_Tracheophyta_Magnoliopsida_Gentianales_Apocynaceae_Asclepias_asperula\28a6700a-b39b-4b07-8ef3-308bbad146f2.jpg,402,274,274 344 492 249 275,0.9324849843978882
data\raw\val\08235_Plantae_Tracheophyta_Magnoliopsida_Gentianales_Apocynaceae_Asclepias_asperula\190fbf7b-ff76-4d85-b1e3-e57aacb5a59c.jpg,402,492,492 305 309 388 402,0.4874405860900879
data\raw\val\08235_Plantae_Tracheophyta_Magnoliopsida_Gentianales_Apocynaceae_Asclepias_asperula\8a725aa1-376f-4ed4-be8e-7c425e374364.jpg,402,366,366 275 492 305 274,0.10374639183282852
data\raw\val\08235_Plantae_Tracheophyta_Magnoliopsida_Gentianales_Apocynaceae_Asclepias_asperula\2fe242ca-96f4-44d2-807d-f77be635042c.jpg,402,402,402 309 305 304 335,0.33834388852119446
data\raw\val\08249_Plantae_Tracheophyta_Magnoliopsida_Gentianales_Apocynaceae_Asclepias_oenotheroides\78996dab-f10c-4bf8-997c-c2f0b52da51c.jpg,403,275,275 257 492 366 246,0.41480687260627747
data\raw\val\08249_Plantae_Tracheophyta_Magnoliopsida_Gentianales_Apocynaceae_Asclepias_oenotheroides\da86b613-3359-465a-8e2a-3617107e57ec.jpg,403,274,274 492 246 354 73,0.21240514516830444
data\raw\val\08249_Plantae_Tracheophyta_Magnoliopsida_Gentianales_Apocynaceae_Asclepias_oenotheroides\604c7858-60f9-4681-b2fb-bf9918b9f2fa.jpg,403,345,345 399 73 400 467,0.0382760614156723
data\raw\val\08249_Plantae_Tracheophyta_Magnoliopsida_Gentianales_Apocynaceae_Asclepias_oenotheroides\24cbd99f-d1ea-46bb-aa37-fcb19f7540ac.jpg,403,403,403 467 402 492 322,0.12116612493991852
data\raw\val\08249_Plantae_Tracheophyta_Magnoliopsida_Gentianales_Apocynaceae_Asclepias_oenotheroides\1ab5fa5c-fd0e-47dd-be96-fd9e8397de69.jpg,403,274,274 492 344 487 281,0.9223467111587524
data\raw\val\08249_Plantae_Tracheophyta_Magnoliopsida_Gentianales_Apocynaceae_Asclepias_oenotheroides\3018f9c8-4036-444d-a98a-d573347457dc.jpg,403,347,347 431 348 349 467,0.127151221036911
data\raw\val\08249_Plantae_Tracheophyta_Magnoliopsida_Gentianales_Apocynaceae_Asclepias_oenotheroides\33a41218-76bd-4662-9452-347fef133e1d.jpg,403,311,311 366 486 489 322,0.1283281147480011
data\raw\val\08249_Plantae_Tracheophyta_Magnoliopsida_Gentianales_Apocynaceae_Asclepias_oenotheroides\02f563d2-0907-46ad-87e4-52040bcb5c3f.jpg,403,274,274 322 365 366 487,0.15881550312042236
data\raw\val\08249_Plantae_Tracheophyta_Magnoliopsida_Gentianales_Apocynaceae_Asclepias_oenotheroides\9cd7ae9c-2b84-4c55-aa9f-606a5cd5ca18.jpg,403,417,417 335 449 345 418,0.17892718315124512
data\raw\val\08249_Plantae_Tracheophyta_Magnoliopsida_Gentianales_Apocynaceae_Asclepias_oenotheroides\8468b87f-4d28-4c6f-afb1-7dae2a5059eb.jpg,403,403,403 344 335 349 379,0.2084636688232422
data\raw\val\08254_Plantae_Tracheophyta_Magnoliopsida_Gentianales_Apocynaceae_Asclepias_subulata\d3885771-b5a0-4154-aa90-0aee03be8ee9.jpg,404,344,344 299 327 416 292,0.21404790878295898
data\raw\val\08254_Plantae_Tracheophyta_Magnoliopsida_Gentianales_Apocynaceae_Asclepias_subulata\2b76462c-c8e3-44a3-b886-a48a4b529c9f.jpg,404,468,468 471 386 460 382,0.465345174074173
data\raw\val\08254_Plantae_Tracheophyta_Magnoliopsida_Gentianales_Apocynaceae_Asclepias_subulata\11ccaf26-3ae4-4003-82a5-d95ceb21dc8b.jpg,404,344,344 345 406 362 438,0.35000577569007874
data\raw\val\08254_Plantae_Tracheophyta_Magnoliopsida_Gentianales_Apocynaceae_Asclepias_subulata\ba07418e-65d4-4bc1-9781-ea3571f8db99.jpg,404,344,344 345 302 329 438,0.07110490649938583
data\raw\val\08254_Plantae_Tracheophyta_Magnoliopsida_Gentianales_Apocynaceae_Asclepias_subulata\f1a85368-da75-4ec9-9a48-3e7f9172149c.jpg,404,273,273 347 478 344 403,0.1873142570257187
data\raw\val\08254_Plantae_Tracheophyta_Magnoliopsida_Gentianales_Apocynaceae_Asclepias_subulata\fa302ade-51c9-40b5-ab80-709c0aae5fe0.jpg,404,438,438 468 350 323 345,0.22047439217567444
data\raw\val\08254_Plantae_Tracheophyta_Magnoliopsida_Gentianales_Apocynaceae_Asclepias_subulata\dc3ed5b8-61b9-443c-a407-7e1302f38464.jpg,404,347,347 414 379 427 246,0.10289536416530609
data\raw\val\08254_Plantae_Tracheophyta_Magnoliopsida_Gentianales_Apocynaceae_Asclepias_subulata\aeebfd6c-d742-48c5-8810-b49f375427d3.jpg,404,73,73 354 495 246 51,0.058912310749292374
data\raw\val\08254_Plantae_Tracheophyta_Magnoliopsida_Gentianales_Apocynaceae_Asclepias_subulata\d68503f9-3a0d-4521-8aae-acdae9f1def1.jpg,404,480,480 327 292 353 471,0.062042731791734695
data\raw\val\08254_Plantae_Tracheophyta_Magnoliopsida_Gentianales_Apocynaceae_Asclepias_subulata\865143a6-0f44-476a-9d2e-9b5c5ecefac7.jpg,404,274,274 135 134 131 249,0.1709516942501068
data\raw\val\08267_Plantae_Tracheophyta_Magnoliopsida_Gentianales_Apocynaceae_Catharanthus_roseus\8981bf26-37cd-4c44-861e-0df32c51b4f2.jpg,405,445,445 361 351 482 447,0.25967639684677124
data\raw\val\08267_Plantae_Tracheophyta_Magnoliopsida_Gentianales_Apocynaceae_Catharanthus_roseus\9649b3ba-f47a-4429-9094-aa163f235df7.jpg,405,351,351 388 417 409 346,0.165414497256279
data\raw\val\08267_Plantae_Tracheophyta_Magnoliopsida_Gentianales_Apocynaceae_Catharanthus_roseus\b80b1ed9-d716-4be3-8884-58aad010fcb7.jpg,405,482,482 405 445 409 361,0.09114870429039001
data\raw\val\08267_Plantae_Tracheophyta_Magnoliopsida_Gentianales_Apocynaceae_Catharanthus_roseus\769a04ec-edda-47f5-af4a-2f4daff84ee1.jpg,405,405,405 352 377 366 390,0.5377107858657837
data\raw\val\08267_Plantae_Tracheophyta_Magnoliopsida_Gentianales_Apocynaceae_Catharanthus_roseus\93bef44d-bbac-4b8a-aa9f-5b61cbd9b152.jpg,405,351,351 62 58 344 274,0.07659882307052612
data\raw\val\08267_Plantae_Tracheophyta_Magnoliopsida_Gentianales_Apocynaceae_Catharanthus_roseus\16193b15-3cd2-4da5-ae4b-ebde494ac588.jpg,405,345,345 344 268 406 58,0.07114969938993454
data\raw\val\08267_Plantae_Tracheophyta_Magnoliopsida_Gentianales_Apocynaceae_Catharanthus_roseus\227ffe6b-0218-419c-9513-7f0853734e67.jpg,405,73,73 74 242 143 27,0.21520602703094482
data\raw\val\08267_Plantae_Tracheophyta_Magnoliopsida_Gentianales_Apocynaceae_Catharanthus_roseus\e5a7809c-1856-4eba-bfb1-b03142991710.jpg,405,345,345 361 451 274 311,0.21773071587085724
data\raw\val\08267_Plantae_Tracheophyta_Magnoliopsida_Gentianales_Apocynaceae_Catharanthus_roseus\c689969f-4ebd-40fd-9b1e-33fbe4cf6a4f.jpg,405,274,274 315 372 487 371,0.8921727538108826
data\raw\val\08267_Plantae_Tracheophyta_Magnoliopsida_Gentianales_Apocynaceae_Catharanthus_roseus\7596b5ce-30c6-43f6-8b99-3c3edf6a9a12.jpg,405,472,472 312 262 484 275,0.07427065819501877
data\raw\val\08283_Plantae_Tracheophyta_Magnoliopsida_Gentianales_Apocynaceae_Vinca_minor\0db14d9b-e1b7-4dad-8af1-9440a8af23fb.jpg,406,492,492 274 312 275 73,0.22643855214118958
data\raw\val\08283_Plantae_Tracheophyta_Magnoliopsida_Gentianales_Apocynaceae_Vinca_minor\f197d150-f73d-4966-9fe1-b1933fd247fb.jpg,406,406,406 451 460 364 315,0.801223874092102
data\raw\val\08283_Plantae_Tracheophyta_Magnoliopsida_Gentianales_Apocynaceae_Vinca_minor\9eacfd6e-72ef-405c-a17b-c46e461632e1.jpg,406,73,73 28 345 98 274,0.08661598712205887
data\raw\val\08283_Plantae_Tracheophyta_Magnoliopsida_Gentianales_Apocynaceae_Vinca_minor\28311be7-bc2e-40da-9d48-4134060c477f.jpg,406,437,437 438 345 287 468,0.380706787109375
data\raw\val\08283_Plantae_Tracheophyta_Magnoliopsida_Gentianales_Apocynaceae_Vinca_minor\0884875f-12f7-448c-871c-2c11542dce1d.jpg,406,344,344 406 379 345 274,0.1969986855983734
data\raw\val\08283_Plantae_Tracheophyta_Magnoliopsida_Gentianales_Apocynaceae_Vinca_minor\34767bcd-96a6-4adc-a5bf-977cf510de05.jpg,406,274,274 345 302 73 98,0.16331417858600616
data\raw\val\08283_Plantae_Tracheophyta_Magnoliopsida_Gentianales_Apocynaceae_Vinca_minor\3d4de5e9-8435-4bb4-85a1-342540e3d8e3.jpg,406,28,28 406 378 379 417,0.1061442568898201
data\raw\val\08283_Plantae_Tracheophyta_Magnoliopsida_Gentianales_Apocynaceae_Vinca_minor\4ffa805d-139c-4b8e-bb07-91db26ca1b3c.jpg,406,378,378 417 28 274 281,0.28232690691947937
data\raw\val\08283_Plantae_Tracheophyta_Magnoliopsida_Gentianales_Apocynaceae_Vinca_minor\61de7ad3-170c-4060-8bce-86be2937049f.jpg,406,426,426 406 378 410 379,0.6614741683006287
data\raw\val\08283_Plantae_Tracheophyta_Magnoliopsida_Gentianales_Apocynaceae_Vinca_minor\98de60ed-e6e3-419b-b907-8fb81df28b26.jpg,406,58,58 62 123 249 245,0.12067820131778717
data\raw\val\08344_Plantae_Tracheophyta_Magnoliopsida_Gentianales_Rubiaceae_Galium_triflorum\9845addc-3501-4d5f-b710-36d0304e4d1f.jpg,407,275,275 490 492 493 499,0.27964016795158386
data\raw\val\08344_Plantae_Tracheophyta_Magnoliopsida_Gentianales_Rubiaceae_Galium_triflorum\b9bbc462-db4c-4a7f-a4a1-fcab727ed5e5.jpg,407,417,417 28 415 497 335,0.0661001056432724
data\raw\val\08344_Plantae_Tracheophyta_Magnoliopsida_Gentianales_Rubiaceae_Galium_triflorum\1cc7d410-fa61-4ce5-b0e7-7252c3ff4162.jpg,407,274,274 246 350 275 73,0.05555464327335358
data\raw\val\08344_Plantae_Tracheophyta_Magnoliopsida_Gentianales_Rubiaceae_Galium_triflorum\ab0a5150-c968-489a-b81e-38d11e818355.jpg,407,311,311 495 417 344 28,0.09282953292131424
data\raw\val\08344_Plantae_Tracheophyta_Magnoliopsida_Gentianales_Rubiaceae_Galium_triflorum\7e03c48c-4242-4ab6-a956-3b15fa99baff.jpg,407,499,499 275 317 407 453,0.13353142142295837
data\raw\val\08344_Plantae_Tracheophyta_Magnoliopsida_Gentianales_Rubiaceae_Galium_triflorum\98c02d3c-7065-4bfe-9867-872d08734bf7.jpg,407,499,499 275 281 343 490,0.28741538524627686
data\raw\val\08344_Plantae_Tracheophyta_Magnoliopsida_Gentianales_Rubiaceae_Galium_triflorum\993c0adc-6e05-42ff-a506-502be6eaba6e.jpg,407,471,471 366 362 345 344,0.23536066710948944
data\raw\val\08344_Plantae_Tracheophyta_Magnoliopsida_Gentianales_Rubiaceae_Galium_triflorum\91b859d3-2574-4415-9c46-c75780791f32.jpg,407,275,275 496 492 309 418,0.06045028567314148
data\raw\val\08344_Plantae_Tracheophyta_Magnoliopsida_Gentianales_Rubiaceae_Galium_triflorum\d67d6170-1304-4b73-a4c7-46cd0c78c6d7.jpg,407,407,407 499 390 317 473,0.1268829107284546
data\raw\val\08344_Plantae_Tracheophyta_Magnoliopsida_Gentianales_Rubiaceae_Galium_triflorum\56a59685-678a-4055-a0ce-1d2f6712d056.jpg,407,499,499 281 496 492 275,0.14924640953540802
data\raw\val\08358_Plantae_Tracheophyta_Magnoliopsida_Gentianales_Rubiaceae_Paederia_foetida\6747056c-89fb-4429-9131-aa59bde9d4f6.jpg,408,438,438 468 315 471 484,0.1498105823993683
data\raw\val\08358_Plantae_Tracheophyta_Magnoliopsida_Gentianales_Rubiaceae_Paederia_foetida\c1cf9351-a5e5-48e5-ad4b-2b300e80079a.jpg,408,274,274 302 345 400 424,0.13364511728286743
data\raw\val\08358_Plantae_Tracheophyta_Magnoliopsida_Gentianales_Rubiaceae_Paederia_foetida\ed253cb2-369b-487a-be7a-f17fc365b3d0.jpg,408,424,424 312 274 472 357,0.13375477492809296
data\raw\val\08358_Plantae_Tracheophyta_Magnoliopsida_Gentianales_Rubiaceae_Paederia_foetida\3c0c9db8-f4bc-4457-9385-9d7aa7fd001b.jpg,408,274,274 489 361 366 344,0.3153086304664612
data\raw\val\08358_Plantae_Tracheophyta_Magnoliopsida_Gentianales_Rubiaceae_Paederia_foetida\800e7bf8-4b28-4cb3-8d18-fcdb688344e4.jpg,408,398,398 274 492 312 487,0.124986931681633
data\raw\val\08358_Plantae_Tracheophyta_Magnoliopsida_Gentianales_Rubiaceae_Paederia_foetida\7610bff5-1061-4a5e-b337-b2a390f70514.jpg,408,246,246 274 398 315 262,0.1543596386909485
data\raw\val\08358_Plantae_Tracheophyta_Magnoliopsida_Gentianales_Rubiaceae_Paederia_foetida\83bc89a7-4ca9-4d7b-810f-9d305b4f1186.jpg,408,274,274 492 246 249 131,0.8045283555984497
data\raw\val\08358_Plantae_Tracheophyta_Magnoliopsida_Gentianales_Rubiaceae_Paederia_foetida\b2b8b681-f1af-4ca9-b19d-5242bc164f66.jpg,408,491,491 495 381 492 378,0.17787323892116547
data\raw\val\08358_Plantae_Tracheophyta_Magnoliopsida_Gentianales_Rubiaceae_Paederia_foetida\5f87d24c-6840-4af7-8d7b-ce0246716c8f.jpg,408,424,424 484 274 468 429,0.32938745617866516
data\raw\val\08358_Plantae_Tracheophyta_Magnoliopsida_Gentianales_Rubiaceae_Paederia_foetida\6b02d934-946a-4a59-9754-5bfb52b65997.jpg,408,344,344 274 351 472 275,0.2270641028881073
data\raw\val\08369_Plantae_Tracheophyta_Magnoliopsida_Geraniales_Geraniaceae_Erodium_texanum\f4f1abe3-3f8c-469a-b578-1eaad6bea07c.jpg,409,274,274 268 249 123 344,0.35812079906463623
data\raw\val\08369_Plantae_Tracheophyta_Magnoliopsida_Geraniales_Geraniaceae_Erodium_texanum\474e2a79-47a2-4282-b702-d99e6fa6da3d.jpg,409,361,361 274 423 426 62,0.13069021701812744
data\raw\val\08369_Plantae_Tracheophyta_Magnoliopsida_Geraniales_Geraniaceae_Erodium_texanum\f562b468-b71a-4960-ae3f-6399bf906ce5.jpg,409,492,492 493 495 497 311,0.24169419705867767
data\raw\val\08369_Plantae_Tracheophyta_Magnoliopsida_Geraniales_Geraniaceae_Erodium_texanum\78a4b596-6539-4f6a-9f1c-a407f1783075.jpg,409,274,274 246 240 249 250,0.9805079102516174
data\raw\val\08369_Plantae_Tracheophyta_Magnoliopsida_Geraniales_Geraniaceae_Erodium_texanum\6bb114ff-a96b-453b-8269-48ab2cc5e943.jpg,409,364,364 438 366 342 424,0.3831501305103302
data\raw\val\08369_Plantae_Tracheophyta_Magnoliopsida_Geraniales_Geraniaceae_Erodium_texanum\3c74ba87-b961-4e38-8e6a-53c290a301ac.jpg,409,354,354 275 274 361 489,0.47358670830726624
data\raw\val\08369_Plantae_Tracheophyta_Magnoliopsida_Geraniales_Geraniaceae_Erodium_texanum\f6693a05-295d-4a81-aada-f052700cae85.jpg,409,409,409 388 417 472 482,0.2413247674703598
data\raw\val\08369_Plantae_Tracheophyta_Magnoliopsida_Geraniales_Geraniaceae_Erodium_texanum\758d9e12-5888-4d0a-87c0-f186d40243aa.jpg,409,426,426 98 409 379 361,0.04781210049986839
data\raw\val\08369_Plantae_Tracheophyta_Magnoliopsida_Geraniales_Geraniaceae_Erodium_texanum\d680a6b5-e0d1-4874-8df6-52f5c5427fd4.jpg,409,438,438 366 364 257 468,0.46948307752609253
data\raw\val\08369_Plantae_Tracheophyta_Magnoliopsida_Geraniales_Geraniaceae_Erodium_texanum\864e232f-8be8-4912-81df-b668d1f93c2f.jpg,409,361,361 388 274 350 354,0.3512769639492035
data\raw\val\08379_Plantae_Tracheophyta_Magnoliopsida_Geraniales_Geraniaceae_Geranium_pratense\4b220590-82df-465e-8cdc-5bf189b009d5.jpg,410,274,274 246 350 244 361,0.1056600883603096
data\raw\val\08379_Plantae_Tracheophyta_Magnoliopsida_Geraniales_Geraniaceae_Geranium_pratense\8b5e7946-d910-4358-b6e6-083025e87321.jpg,410,426,426 361 350 379 388,0.3792286813259125
data\raw\val\08379_Plantae_Tracheophyta_Magnoliopsida_Geraniales_Geraniaceae_Geranium_pratense\63759604-28f9-4763-8e2f-ad49aa1c26c1.jpg,410,426,426 410 378 323 409,0.48260819911956787
data\raw\val\08379_Plantae_Tracheophyta_Magnoliopsida_Geraniales_Geraniaceae_Geranium_pratense\6c9abb1c-6129-4c58-9411-338faa93d8a1.jpg,410,378,378 426 417 388 318,0.17318224906921387
data\raw\val\08379_Plantae_Tracheophyta_Magnoliopsida_Geraniales_Geraniaceae_Geranium_pratense\7c06be18-0ea5-48cf-a3e8-218e512a0525.jpg,410,58,58 62 98 274 123,0.17160767316818237
data\raw\val\08379_Plantae_Tracheophyta_Magnoliopsida_Geraniales_Geraniaceae_Geranium_pratense\3fea5c38-168a-4d1f-90b9-2017134cb74d.jpg,410,467,467 309 396 413 466,0.045725759118795395
data\raw\val\08379_Plantae_Tracheophyta_Magnoliopsida_Geraniales_Geraniaceae_Geranium_pratense\ca6ac0c2-8dc2-4b66-aa4c-37cf200e0a2c.jpg,410,353,353 354 388 323 482,0.6280615925788879
data\raw\val\08379_Plantae_Tracheophyta_Magnoliopsida_Geraniales_Geraniaceae_Geranium_pratense\aff9e8c7-29c4-482e-97d5-0a66750e4f7d.jpg,410,378,378 426 430 410 409,0.24493084847927094
data\raw\val\08379_Plantae_Tracheophyta_Magnoliopsida_Geraniales_Geraniaceae_Geranium_pratense\ab016052-db5e-4516-8b81-2c65bedc908b.jpg,410,274,274 268 62 350 351,0.2355407029390335
data\raw\val\08379_Plantae_Tracheophyta_Magnoliopsida_Geraniales_Geraniaceae_Geranium_pratense\ca0df8f6-0aaf-4990-97ce-fa30728ffa83.jpg,410,426,426 361 274 350 379,0.08669918775558472
data\raw\val\08386_Plantae_Tracheophyta_Magnoliopsida_Geraniales_Geraniaceae_Geranium_sibiricum\d920cbea-fded-43c1-a201-3d881a686e77.jpg,411,409,409 419 426 445 290,0.05354468151926994
data\raw\val\08386_Plantae_Tracheophyta_Magnoliopsida_Geraniales_Geraniaceae_Geranium_sibiricum\d8afd640-4cea-4e9f-af0b-f2fbc1433680.jpg,411,274,274 52 73 249 240,0.11418436467647552
data\raw\val\08386_Plantae_Tracheophyta_Magnoliopsida_Geraniales_Geraniaceae_Geranium_sibiricum\7ef25b8f-06bf-4614-9743-5a1048564fe7.jpg,411,451,451 375 376 299 311,0.05956532806158066
data\raw\val\08386_Plantae_Tracheophyta_Magnoliopsida_Geraniales_Geraniaceae_Geranium_sibiricum\aceb0019-d57b-4e59-9726-2884b930729e.jpg,411,495,495 381 309 417 499,0.14924673736095428
data\raw\val\08386_Plantae_Tracheophyta_Magnoliopsida_Geraniales_Geraniaceae_Geranium_sibiricum\0ba9361e-bcc6-4a29-9a37-b4eb4aaa7554.jpg,411,274,274 451 73 299 375,0.04022340849041939
data\raw\val\08386_Plantae_Tracheophyta_Magnoliopsida_Geraniales_Geraniaceae_Geranium_sibiricum\3f79829f-c5d7-45a4-96d7-59c086d6048f.jpg,411,274,274 430 429 312 487,0.5623350739479065
data\raw\val\08386_Plantae_Tracheophyta_Magnoliopsida_Geraniales_Geraniaceae_Geranium_sibiricum\008a00f5-7c16-4fa9-8e6f-b3a269834c6f.jpg,411,354,354 491 295 275 281,0.22657079994678497
data\raw\val\08386_Plantae_Tracheophyta_Magnoliopsida_Geraniales_Geraniaceae_Geranium_sibiricum\baa4cb6d-b6ee-458b-a1b0-77b8c5cb2bb8.jpg,411,274,274 418 371 315 366,0.2619790732860565
data\raw\val\08386_Plantae_Tracheophyta_Magnoliopsida_Geraniales_Geraniaceae_Geranium_sibiricum\eff13cd1-3a7b-4502-9019-fe4148b9729f.jpg,411,305,305 32 348 304 302,0.043120548129081726
data\raw\val\08386_Plantae_Tracheophyta_Magnoliopsida_Geraniales_Geraniaceae_Geranium_sibiricum\10d4d1a8-3ab3-4e21-b6de-825f1ec890f6.jpg,411,274,274 136 246 249 135,0.7927793264389038
data\raw\val\08410_Plantae_Tracheophyta_Magnoliopsida_Lamiales_Acanthaceae_Thunbergia_alata\be5c2312-ff94-47ba-b0f6-f5debeb41b61.jpg,412,274,274 249 268 250 131,0.9256401062011719
data\raw\val\08410_Plantae_Tracheophyta_Magnoliopsida_Lamiales_Acanthaceae_Thunbergia_alata\c920b4b7-d750-4a97-8f9c-7342b02fceb9.jpg,412,18,18 412 89 92 335,0.056337568908929825
data\raw\val\08410_Plantae_Tracheophyta_Magnoliopsida_Lamiales_Acanthaceae_Thunbergia_alata\a9924b08-0e18-4563-9ccb-e390766621c4.jpg,412,412,412 357 471 460 482,0.12282627075910568
data\raw\val\08410_Plantae_Tracheophyta_Magnoliopsida_Lamiales_Acanthaceae_Thunbergia_alata\af599e7c-3cca-4230-be27-320d19809895.jpg,412,274,274 398 249 268 344,0.31279081106185913
data\raw\val\08410_Plantae_Tracheophyta_Magnoliopsida_Lamiales_Acanthaceae_Thunbergia_alata\d5562a1e-b302-4857-aded-bc8339f32216.jpg,412,89,89 477 412 460 90,0.10923564434051514
data\raw\val\08410_Plantae_Tracheophyta_Magnoliopsida_Lamiales_Acanthaceae_Thunbergia_alata\87d1d291-e78f-49e1-9335-ddbb707cc426.jpg,412,398,398 477 268 250 462,0.1153150126338005
data\raw\val\08410_Plantae_Tracheophyta_Magnoliopsida_Lamiales_Acanthaceae_Thunbergia_alata\a8b3886f-1181-459d-bb46-7ac00b6dc108.jpg,412,274,274 248 246 312 382,0.5305508375167847
data\raw\val\08410_Plantae_Tracheophyta_Magnoliopsida_Lamiales_Acanthaceae_Thunbergia_alata\340599d8-b1d5-4bce-9c2b-66bc2b5ee809.jpg,412,471,471 89 412 90 16,0.26022931933403015
data\raw\val\08410_Plantae_Tracheophyta_Magnoliopsida_Lamiales_Acanthaceae_Thunbergia_alata\8a45004a-1d91-4977-854c-799d6d15f978.jpg,412,90,90 412 89 259 19,0.4510243833065033
data\raw\val\08410_Plantae_Tracheophyta_Magnoliopsida_Lamiales_Acanthaceae_Thunbergia_alata\5317978c-1eba-4473-83f5-e040d680433a.jpg,412,385,385 386 412 332 439,0.24958643317222595
data\raw\val\08419_Plantae_Tracheophyta_Magnoliopsida_Lamiales_Bignoniaceae_Tabebuia_rosea\55289100-f83a-44cc-9533-d8b442db75dd.jpg,413,413,413 356 476 311 416,0.6222702264785767
data\raw\val\08419_Plantae_Tracheophyta_Magnoliopsida_Lamiales_Bignoniaceae_Tabebuia_rosea\f556a9fb-349a-4419-ae93-1f4781f6efca.jpg,413,396,396 413 397 476 354,0.15720322728157043
data\raw\val\08419_Plantae_Tracheophyta_Magnoliopsida_Lamiales_Bignoniaceae_Tabebuia_rosea\0e59237b-6515-4c98-87ee-43616484ebb1.jpg,413,413,413 187 479 171 210,0.43069323897361755
data\raw\val\08419_Plantae_Tracheophyta_Magnoliopsida_Lamiales_Bignoniaceae_Tabebuia_rosea\9cd25dc2-9a9b-448e-96ca-7f7c33afa6a0.jpg,413,413,413 396 356 483 477,0.9727551937103271
data\raw\val\08419_Plantae_Tracheophyta_Magnoliopsida_Lamiales_Bignoniaceae_Tabebuia_rosea\1fb6b3e8-c011-4883-be8a-6c003ea8ee7e.jpg,413,354,354 246 123 422 62,0.24691389501094818
data\raw\val\08419_Plantae_Tracheophyta_Magnoliopsida_Lamiales_Bignoniaceae_Tabebuia_rosea\7a39593b-3e42-4514-b5dd-f9abc3c703cc.jpg,413,413,413 396 483 356 476,0.9444897174835205
data\raw\val\08419_Plantae_Tracheophyta_Magnoliopsida_Lamiales_Bignoniaceae_Tabebuia_rosea\dd4c9e78-b2dd-4d51-ba9a-d1f480b59e4b.jpg,413,245,245 274 74 256 302,0.1574806123971939
data\raw\val\08419_Plantae_Tracheophyta_Magnoliopsida_Lamiales_Bignoniaceae_Tabebuia_rosea\d48e07be-7325-44a8-ac97-ce62cb003fd1.jpg,413,413,413 391 398 396 191,0.22407393157482147
data\raw\val\08419_Plantae_Tracheophyta_Magnoliopsida_Lamiales_Bignoniaceae_Tabebuia_rosea\01b69e20-f899-4258-9305-66513508cd94.jpg,413,274,274 371 482 315 449,0.02400192804634571
data\raw\val\08419_Plantae_Tracheophyta_Magnoliopsida_Lamiales_Bignoniaceae_Tabebuia_rosea\e525f1fc-b92d-46ca-8843-d372e54d5a09.jpg,413,413,413 356 368 483 396,0.9689719080924988
data\raw\val\08437_Plantae_Tracheophyta_Magnoliopsida_Lamiales_Lamiaceae_Condea_emoryi\8cf66077-70fe-40ad-9a7f-dad6cc767a6e.jpg,414,468,468 438 406 313 356,0.266997367143631
data\raw\val\08437_Plantae_Tracheophyta_Magnoliopsida_Lamiales_Lamiaceae_Condea_emoryi\66408eba-5ee6-4532-b9e6-425d0035eaa9.jpg,414,438,438 468 437 414 449,0.40908920764923096
data\raw\val\08437_Plantae_Tracheophyta_Magnoliopsida_Lamiales_Lamiaceae_Condea_emoryi\0b50bdd8-4850-4719-b8a6-387b4be34692.jpg,414,350,350 246 52 240 49,0.16765469312667847
data\raw\val\08437_Plantae_Tracheophyta_Magnoliopsida_Lamiales_Lamiaceae_Condea_emoryi\fcc3a2ef-4c0f-4d6d-9150-c2773324471a.jpg,414,246,246 379 414 487 249,0.04320148751139641
data\raw\val\08437_Plantae_Tracheophyta_Magnoliopsida_Lamiales_Lamiaceae_Condea_emoryi\00e356f1-9e6c-41a7-9e7b-f4a7a8371580.jpg,414,406,406 313 471 468 460,0.08441712707281113
data\raw\val\08437_Plantae_Tracheophyta_Magnoliopsida_Lamiales_Lamiaceae_Condea_emoryi\e224072f-6688-4e05-ab5f-ab0ba0f5c98a.jpg,414,418,418 365 366 442 369,0.13629308342933655
data\raw\val\08437_Plantae_Tracheophyta_Magnoliopsida_Lamiales_Lamiaceae_Condea_emoryi\908d835c-986a-4a21-9d5f-0e439d174b4d.jpg,414,437,437 438 468 329 345,0.3316490054130554
data\raw\val\08437_Plantae_Tracheophyta_Magnoliopsida_Lamiales_Lamiaceae_Condea_emoryi\919e96a2-8794-4c99-8258-7b8be8cd0c18.jpg,414,438,438 348 347 275 414,0.15353326499462128
data\raw\val\08437_Plantae_Tracheophyta_Magnoliopsida_Lamiales_Lamiaceae_Condea_emoryi\9c3d1682-496a-491b-926f-50aa7ca2f3c3.jpg,414,347,347 414 350 418 274,0.17304867506027222
data\raw\val\08437_Plantae_Tracheophyta_Magnoliopsida_Lamiales_Lamiaceae_Condea_emoryi\d86c5220-9647-4f54-abbd-3511a3c95ba3.jpg,414,366,366 468 365 370 487,0.7074649333953857
data\raw\val\08453_Plantae_Tracheophyta_Magnoliopsida_Lamiales_Lamiaceae_Leonurus_cardiaca\742fc13a-b84b-40dd-b037-c8fdbf8b8e25.jpg,415,310,310 340 491 415 304,0.09948661923408508
data\raw\val\08453_Plantae_Tracheophyta_Magnoliopsida_Lamiales_Lamiaceae_Leonurus_cardiaca\e007353d-02c1-4f27-bc0b-c9fde00ca266.jpg,415,415,415 419 365 416 322,0.5466163754463196
data\raw\val\08453_Plantae_Tracheophyta_Magnoliopsida_Lamiales_Lamiaceae_Leonurus_cardiaca\1bbe9108-f767-42c9-8d63-ade404b4493b.jpg,415,417,417 275 340 415 496,0.1183469370007515
data\raw\val\08453_Plantae_Tracheophyta_Magnoliopsida_Lamiales_Lamiaceae_Leonurus_cardiaca\6fbb571f-da74-4e45-99f4-51895cce7fbf.jpg,415,406,406 451 278 311 366,0.1206057146191597
data\raw\val\08453_Plantae_Tracheophyta_Magnoliopsida_Lamiales_Lamiaceae_Leonurus_cardiaca\a347852b-610b-4e4d-88d3-b1cf621d98be.jpg,415,491,491 311 495 305 296,0.5766309499740601
data\raw\val\08453_Plantae_Tracheophyta_Magnoliopsida_Lamiales_Lamiaceae_Leonurus_cardiaca\11a61465-a714-4ee2-915b-36891ce61bf1.jpg,415,274,274 366 246 451 275,0.3638494610786438
data\raw\val\08453_Plantae_Tracheophyta_Magnoliopsida_Lamiales_Lamiaceae_Leonurus_cardiaca\8d7de70e-5b64-4669-8fa4-a43ff91722c1.jpg,415,366,366 497 370 312 489,0.18756265938282013
data\raw\val\08453_Plantae_Tracheophyta_Magnoliopsida_Lamiales_Lamiaceae_Leonurus_cardiaca\96bb75bb-39c0-490c-b71f-3807a31f4b38.jpg,415,274,274 354 489 73 491,0.23610979318618774
data\raw\val\08453_Plantae_Tracheophyta_Magnoliopsida_Lamiales_Lamiaceae_Leonurus_cardiaca\51f94c05-8299-46f1-bf6e-91eaadcc4507.jpg,415,309,309 73 496 281 498,0.08752904087305069
data\raw\val\08453_Plantae_Tracheophyta_Magnoliopsida_Lamiales_Lamiaceae_Leonurus_cardiaca\95a0754c-40c4-4dc8-861e-7317132991ed.jpg,415,490,490 488 399 493 398,0.18260455131530762
data\raw\val\08475_Plantae_Tracheophyta_Magnoliopsida_Lamiales_Lamiaceae_Origanum_vulgare\72b6b074-8dde-409f-93fa-bfd1684b2a27.jpg,416,361,361 416 423 274 366,0.7635442018508911
data\raw\val\08475_Plantae_Tracheophyta_Magnoliopsida_Lamiales_Lamiaceae_Origanum_vulgare\c80d2317-6f59-4a33-b960-1017a166bca2.jpg,416,354,354 353 361 347 246,0.6107107400894165
data\raw\val\08475_Plantae_Tracheophyta_Magnoliopsida_Lamiales_Lamiaceae_Origanum_vulgare\cfedf021-8a97-43bc-8255-d1763905cc2d.jpg,416,416,416 361 274 417 423,0.23807354271411896
data\raw\val\08475_Plantae_Tracheophyta_Magnoliopsida_Lamiales_Lamiaceae_Origanum_vulgare\44361a9b-d61d-4ae8-b74f-22788cb3bfa4.jpg,416,354,354 344 361 353 451,0.49245479702949524
data\raw\val\08475_Plantae_Tracheophyta_Magnoliopsida_Lamiales_Lamiaceae_Origanum_vulgare\31273da2-9239-4d0f-9d09-4b5e0fa14608.jpg,416,416,416 366 361 362 345,0.10731691867113113
data\raw\val\08475_Plantae_Tracheophyta_Magnoliopsida_Lamiales_Lamiaceae_Origanum_vulgare\f481b301-7394-4289-be1d-3b0e645bb942.jpg,416,416,416 368 362 361 455,0.4193184971809387
data\raw\val\08475_Plantae_Tracheophyta_Magnoliopsida_Lamiales_Lamiaceae_Origanum_vulgare\573b4223-51ed-4b1c-bc81-302647c3f7ce.jpg,416,361,361 426 416 423 413,0.32339346408843994
data\raw\val\08475_Plantae_Tracheophyta_Magnoliopsida_Lamiales_Lamiaceae_Origanum_vulgare\5ec565f6-3e4f-4939-bb61-5b23d6b9685b.jpg,416,366,366 370 365 451 372,0.26905909180641174
data\raw\val\08475_Plantae_Tracheophyta_Magnoliopsida_Lamiales_Lamiaceae_Origanum_vulgare\1c6e0f96-fbfa-4cba-a718-130b6c86736c.jpg,416,274,274 246 312 350 249,0.9299342036247253
data\raw\val\08475_Plantae_Tracheophyta_Magnoliopsida_Lamiales_Lamiaceae_Origanum_vulgare\581f7e26-c56f-4cb0-a378-7e4a27bb5c1c.jpg,416,274,274 468 366 370 471,0.2130860537290573
data\raw\val\08477_Plantae_Tracheophyta_Magnoliopsida_Lamiales_Lamiaceae_Phlomoides_tuberosa\490dcf65-f9c4-4d4d-959e-82cf5c2c0c97.jpg,417,417,417 423 287 362 286,0.9039559364318848
data\raw\val\08477_Plantae_Tracheophyta_Magnoliopsida_Lamiales_Lamiaceae_Phlomoides_tuberosa\5bb8794e-7c28-4d6c-9e1d-d02ca7356cfa.jpg,417,417,417 361 416 423 426,0.5347708463668823
data\raw\val\08477_Plantae_Tracheophyta_Magnoliopsida_Lamiales_Lamiaceae_Phlomoides_tuberosa\5a675b00-bd9a-4195-89d6-06d2161653d1.jpg,417,25,25 302 417 483 482,0.23877078294754028
data\raw\val\08477_Plantae_Tracheophyta_Magnoliopsida_Lamiales_Lamiaceae_Phlomoides_tuberosa\71e7c73c-a223-4778-8d18-65da0b7fd737.jpg,417,366,366 257 344 438 312,0.17567260563373566
data\raw\val\08477_Plantae_Tracheophyta_Magnoliopsida_Lamiales_Lamiaceae_Phlomoides_tuberosa\2c9708b8-b04b-4385-8585-0a75ef3a358d.jpg,417,330,330 315 328 336 390,0.32454001903533936
data\raw\val\08477_Plantae_Tracheophyta_Magnoliopsida_Lamiales_Lamiaceae_Phlomoides_tuberosa\36fdcea3-f852-411b-9a79-00b64174f21a.jpg,417,402,402 345 362 331 304,0.06200900673866272
data\raw\val\08477_Plantae_Tracheophyta_Magnoliopsida_Lamiales_Lamiaceae_Phlomoides_tuberosa\e8bcfb30-971e-4646-822f-ac6c44bec50e.jpg,417,417,417 362 416 426 424,0.5268926024436951
data\raw\val\08477_Plantae_Tracheophyta_Magnoliopsida_Lamiales_Lamiaceae_Phlomoides_tuberosa\8965527f-3cbe-475d-b37a-9faf0291a553.jpg,417,423,423 419 361 417 426,0.24071887135505676
data\raw\val\08477_Plantae_Tracheophyta_Magnoliopsida_Lamiales_Lamiaceae_Phlomoides_tuberosa\c31b78d2-eb7b-4237-8edd-8f432b09826f.jpg,417,417,417 361 416 413 426,0.21960045397281647
data\raw\val\08477_Plantae_Tracheophyta_Magnoliopsida_Lamiales_Lamiaceae_Phlomoides_tuberosa\6aec24bd-6267-4e13-98d5-8b109dd5a5a0.jpg,417,417,417 423 416 419 415,0.8555115461349487
data\raw\val\08492_Plantae_Tracheophyta_Magnoliopsida_Lamiales_Lamiaceae_Salvia_mellifera\911a35fe-aa04-46f2-ad98-313a3ca68b51.jpg,418,315,315 370 471 468 406,0.11039528995752335
data\raw\val\08492_Plantae_Tracheophyta_Magnoliopsida_Lamiales_Lamiaceae_Salvia_mellifera\a7bab384-d84c-42e6-8f66-e1bc74a0803b.jpg,418,437,437 468 438 364 313,0.4637640118598938
data\raw\val\08492_Plantae_Tracheophyta_Magnoliopsida_Lamiales_Lamiaceae_Salvia_mellifera\34070f41-d9d9-4005-a785-3669cd32f919.jpg,418,451,451 406 438 442 313,0.10562600940465927
data\raw\val\08492_Plantae_Tracheophyta_Magnoliopsida_Lamiales_Lamiaceae_Salvia_mellifera\e58998a8-8469-48e1-8f7f-34ea55c1f4d3.jpg,418,347,347 320 281 487 490,0.5016473531723022
data\raw\val\08492_Plantae_Tracheophyta_Magnoliopsida_Lamiales_Lamiaceae_Salvia_mellifera\94211f8e-9bfa-4f69-9ccd-8fddb82f4479.jpg,418,315,315 370 468 328 329,0.24250556528568268
data\raw\val\08492_Plantae_Tracheophyta_Magnoliopsida_Lamiales_Lamiaceae_Salvia_mellifera\ec923208-6f2a-4fc1-b269-e980513c7c32.jpg,418,347,347 489 495 365 278,0.12877802550792694
data\raw\val\08492_Plantae_Tracheophyta_Magnoliopsida_Lamiales_Lamiaceae_Salvia_mellifera\58d99ec9-7c8c-452e-a1dc-a8b710821da2.jpg,418,369,369 313 442 366 437,0.12546828389167786
data\raw\val\08492_Plantae_Tracheophyta_Magnoliopsida_Lamiales_Lamiaceae_Salvia_mellifera\6ef45c16-9d40-4444-b3f9-e7f0e9775c52.jpg,418,437,437 438 468 469 442,0.6486111283302307
data\raw\val\08492_Plantae_Tracheophyta_Magnoliopsida_Lamiales_Lamiaceae_Salvia_mellifera\bacd50d6-6a4e-4ccf-8428-709d899e7429.jpg,418,344,344 442 468 350 414,0.18121980130672455
data\raw\val\08492_Plantae_Tracheophyta_Magnoliopsida_Lamiales_Lamiaceae_Salvia_mellifera\aeb40701-3e62-44d0-adf1-986976b0a8ec.jpg,418,438,438 471 468 364 356,0.47038954496383667
data\raw\val\08515_Plantae_Tracheophyta_Magnoliopsida_Lamiales_Lamiaceae_Teucrium_canadense\d96fef64-cf56-4147-ba6b-1c224fcc3568.jpg,419,274,274 492 246 351 344,0.16389986872673035
data\raw\val\08515_Plantae_Tracheophyta_Magnoliopsida_Lamiales_Lamiaceae_Teucrium_canadense\b1c398f1-e31a-44e7-aae2-14f82c27cf48.jpg,419,274,274 366 487 377 281,0.04088423028588295
data\raw\val\08515_Plantae_Tracheophyta_Magnoliopsida_Lamiales_Lamiaceae_Teucrium_canadense\8d8991d0-b911-4a9a-adee-f9b33cec8129.jpg,419,73,73 98 74 91 49,0.5713633298873901
data\raw\val\08515_Plantae_Tracheophyta_Magnoliopsida_Lamiales_Lamiaceae_Teucrium_canadense\9c9eab63-4d0f-4e20-b8b0-922bc5b3f6b6.jpg,419,365,365 489 488 419 432,0.17371097207069397
data\raw\val\08515_Plantae_Tracheophyta_Magnoliopsida_Lamiales_Lamiaceae_Teucrium_canadense\b6eb213d-38ca-4ac8-92ec-c3921dde91cd.jpg,419,322,322 418 345 419 486,0.18276602029800415
data\raw\val\08515_Plantae_Tracheophyta_Magnoliopsida_Lamiales_Lamiaceae_Teucrium_canadense\57c55fe9-1097-434e-a453-0f66926dcd6b.jpg,419,274,274 246 429 131 249,0.9452316761016846
data\raw\val\08515_Plantae_Tracheophyta_Magnoliopsida_Lamiales_Lamiaceae_Teucrium_canadense\90613e4d-f410-40a5-9139-a765e7427deb.jpg,419,246,246 350 344 354 274,0.07649670541286469
data\raw\val\08515_Plantae_Tracheophyta_Magnoliopsida_Lamiales_Lamiaceae_Teucrium_canadense\0fbaa32a-5566-4583-9bc2-b405f58425f9.jpg,419,419,419 322 365 432 392,0.20753851532936096
data\raw\val\08515_Plantae_Tracheophyta_Magnoliopsida_Lamiales_Lamiaceae_Teucrium_canadense\9b0582b3-c920-4e94-b4df-35172e7d9ef7.jpg,419,370,370 366 365 487 421,0.2206609845161438
data\raw\val\08515_Plantae_Tracheophyta_Magnoliopsida_Lamiales_Lamiaceae_Teucrium_canadense\0f387035-33c6-4dc1-8473-2f62742aff80.jpg,419,274,274 487 418 275 312,0.19914177060127258
data\raw\val\08587_Plantae_Tracheophyta_Magnoliopsida_Lamiales_Orobanchaceae_Castilleja_tenuiflora\dd7292c2-a680-46de-aec2-e36c319271a7.jpg,420,354,354 422 353 480 476,0.20660541951656342
data\raw\val\08587_Plantae_Tracheophyta_Magnoliopsida_Lamiales_Orobanchaceae_Castilleja_tenuiflora\80fe46a8-8f68-4e69-96b3-3da15b3880d8.jpg,420,354,354 350 246 353 344,0.1139301136136055
data\raw\val\08587_Plantae_Tracheophyta_Magnoliopsida_Lamiales_Orobanchaceae_Castilleja_tenuiflora\33591397-4879-43c5-8acd-733827bd11da.jpg,420,451,451 356 354 353 344,0.622520923614502
data\raw\val\08587_Plantae_Tracheophyta_Magnoliopsida_Lamiales_Orobanchaceae_Castilleja_tenuiflora\c6ee35aa-d2b3-46c1-b23c-f50dad086875.jpg,420,361,361 473 354 246 345,0.23421375453472137
data\raw\val\08587_Plantae_Tracheophyta_Magnoliopsida_Lamiales_Orobanchaceae_Castilleja_tenuiflora\e12638b8-0e8d-4704-905b-57d15997b260.jpg,420,438,438 313 437 468 356,0.4028753638267517
data\raw\val\08587_Plantae_Tracheophyta_Magnoliopsida_Lamiales_Orobanchaceae_Castilleja_tenuiflora\6a896d21-53d0-4506-a459-cd4d85052186.jpg,420,353,353 354 451 420 273,0.9418812394142151
data\raw\val\08587_Plantae_Tracheophyta_Magnoliopsida_Lamiales_Orobanchaceae_Castilleja_tenuiflora\c475c351-94b8-4297-8b79-350054d0a3ca.jpg,420,353,353 354 422 420 476,0.2071097195148468
data\raw\val\08587_Plantae_Tracheophyta_Magnoliopsida_Lamiales_Orobanchaceae_Castilleja_tenuiflora\7358c577-fd11-460c-a891-7f4ce51815a6.jpg,420,354,354 353 249 451 397,0.1033003032207489
data\raw\val\08587_Plantae_Tracheophyta_Magnoliopsida_Lamiales_Orobanchaceae_Castilleja_tenuiflora\19171ecb-63bf-495c-9c41-9768d8728c7a.jpg,420,353,353 354 480 451 420,0.7681324481964111
data\raw\val\08587_Plantae_Tracheophyta_Magnoliopsida_Lamiales_Orobanchaceae_Castilleja_tenuiflora\900c58ea-eb9b-47bb-8850-c58614b9cf84.jpg,420,353,353 354 476 451 397,0.37280458211898804
data\raw\val\08593_Plantae_Tracheophyta_Magnoliopsida_Lamiales_Orobanchaceae_Euphrasia_nemorosa\bb3d7bf3-87a6-467a-8ba7-50f70e5ddc20.jpg,421,91,91 246 451 309 311,0.10948731750249863
data\raw\val\08593_Plantae_Tracheophyta_Magnoliopsida_Lamiales_Orobanchaceae_Euphrasia_nemorosa\e3d9751a-fe04-4493-8543-3d30306ea734.jpg,421,354,354 274 416 361 365,0.18162235617637634
data\raw\val\08593_Plantae_Tracheophyta_Magnoliopsida_Lamiales_Orobanchaceae_Euphrasia_nemorosa\5d2ac9ed-d1a9-4ca1-aa49-8a4e53d56391.jpg,421,354,354 377 275 366 344,0.2007909119129181
data\raw\val\08593_Plantae_Tracheophyta_Magnoliopsida_Lamiales_Orobanchaceae_Euphrasia_nemorosa\840d82b1-9e84-4fdd-880f-c44fe125103f.jpg,421,274,274 451 302 375 245,0.884178876876831
data\raw\val\08593_Plantae_Tracheophyta_Magnoliopsida_Lamiales_Orobanchaceae_Euphrasia_nemorosa\c17c0a08-fb75-45ed-bea6-e67983382cd9.jpg,421,315,315 471 370 371 372,0.6869045495986938
data\raw\val\08593_Plantae_Tracheophyta_Magnoliopsida_Lamiales_Orobanchaceae_Euphrasia_nemorosa\babf2872-9de9-4e38-990b-30c41638ee64.jpg,421,486,486 489 73 398 315,0.06599025428295135
data\raw\val\08593_Plantae_Tracheophyta_Magnoliopsida_Lamiales_Orobanchaceae_Euphrasia_nemorosa\62b5f3dc-a1fb-4fb4-b337-f462473d1005.jpg,421,471,471 315 484 468 323,0.1693515181541443
data\raw\val\08593_Plantae_Tracheophyta_Magnoliopsida_Lamiales_Orobanchaceae_Euphrasia_nemorosa\c35a3b25-e296-4679-83b5-08e3080550ff.jpg,421,328,328 315 370 336 329,0.8933055400848389
data\raw\val\08593_Plantae_Tracheophyta_Magnoliopsida_Lamiales_Orobanchaceae_Euphrasia_nemorosa\85e85997-22f5-412e-ad0b-137b8658d106.jpg,421,365,365 489 486 487 273,0.5169857144355774
data\raw\val\08593_Plantae_Tracheophyta_Magnoliopsida_Lamiales_Orobanchaceae_Euphrasia_nemorosa\587222ec-a7cf-46db-9065-64ab533ad5a0.jpg,421,354,354 353 257 274 123,0.11187204718589783
data\raw\val\08594_Plantae_Tracheophyta_Magnoliopsida_Lamiales_Orobanchaceae_Hyobanche_sanguinea\06f92d5f-fd09-47a4-8b26-11751c25b425.jpg,422,422,422 354 361 476 451,0.45037299394607544
data\raw\val\08594_Plantae_Tracheophyta_Magnoliopsida_Lamiales_Orobanchaceae_Hyobanche_sanguinea\6c801259-bdd5-4ab2-9945-0e2c8ab7c64e.jpg,422,354,354 361 422 476 451,0.7495244145393372
data\raw\val\08594_Plantae_Tracheophyta_Magnoliopsida_Lamiales_Orobanchaceae_Hyobanche_sanguinea\1045de34-8f09-42f8-ace3-7d4feab1cef9.jpg,422,354,354 249 246 353 123,0.44477584958076477
data\raw\val\08594_Plantae_Tracheophyta_Magnoliopsida_Lamiales_Orobanchaceae_Hyobanche_sanguinea\5188ac48-c95f-4846-a7db-b88fac738e31.jpg,422,354,354 422 246 249 361,0.48960429430007935
data\raw\val\08594_Plantae_Tracheophyta_Magnoliopsida_Lamiales_Orobanchaceae_Hyobanche_sanguinea\60d9098c-afef-47fc-ae76-a87eb262a5d7.jpg,422,344,344 354 351 246 361,0.5322872996330261
data\raw\val\08594_Plantae_Tracheophyta_Magnoliopsida_Lamiales_Orobanchaceae_Hyobanche_sanguinea\974b4bc4-2c1a-485f-86dc-94704353b819.jpg,422,354,354 350 351 422 344,0.3871733844280243
data\raw\val\08594_Plantae_Tracheophyta_Magnoliopsida_Lamiales_Orobanchaceae_Hyobanche_sanguinea\34e4a22c-3f2b-408f-a82c-87e3fd30c2e0.jpg,422,354,354 422 246 353 249,0.47494301199913025
data\raw\val\08594_Plantae_Tracheophyta_Magnoliopsida_Lamiales_Orobanchaceae_Hyobanche_sanguinea\ffdcb4e0-8bd6-49c8-82ab-673df53d4266.jpg,422,422,422 354 351 246 123,0.5898918509483337
data\raw\val\08594_Plantae_Tracheophyta_Magnoliopsida_Lamiales_Orobanchaceae_Hyobanche_sanguinea\2d2850eb-4eeb-461c-8a0f-adcff9e3fdd2.jpg,422,354,354 422 451 361 366,0.3729400634765625
data\raw\val\08594_Plantae_Tracheophyta_Magnoliopsida_Lamiales_Orobanchaceae_Hyobanche_sanguinea\87225c72-acdd-4b83-bddd-3972cf2b3edd.jpg,422,354,354 422 353 351 480,0.6275914311408997
data\raw\val\08607_Plantae_Tracheophyta_Magnoliopsida_Lamiales_Orobanchaceae_Pedicularis_groenlandica\04bd1c65-f824-4f12-a34e-def993e4e337.jpg,423,423,423 432 286 419 290,0.8825294971466064
data\raw\val\08607_Plantae_Tracheophyta_Magnoliopsida_Lamiales_Orobanchaceae_Pedicularis_groenlandica\0c0a98ba-0172-44bc-9e87-933ac27dc86f.jpg,423,423,423 287 419 426 286,0.9766928553581238
data\raw\val\08607_Plantae_Tracheophyta_Magnoliopsida_Lamiales_Orobanchaceae_Pedicularis_groenlandica\aae7e29f-d663-4fc7-b1dd-8f37a4276147.jpg,423,354,354 344 275 249 46,0.17330344021320343
data\raw\val\08607_Plantae_Tracheophyta_Magnoliopsida_Lamiales_Orobanchaceae_Pedicularis_groenlandica\c57f9291-4d67-4ff8-82fd-2b0179b795ae.jpg,423,423,423 287 286 476 249,0.32698309421539307
data\raw\val\08607_Plantae_Tracheophyta_Magnoliopsida_Lamiales_Orobanchaceae_Pedicularis_groenlandica\29c07477-14b6-450e-9f49-cfb95ea25a66.jpg,423,423,423 361 287 426 476,0.16736574470996857
data\raw\val\08607_Plantae_Tracheophyta_Magnoliopsida_Lamiales_Orobanchaceae_Pedicularis_groenlandica\5b933d3c-8329-4d45-8024-aec8e0be32f8.jpg,423,423,423 287 286 419 290,0.9593387842178345
data\raw\val\08607_Plantae_Tracheophyta_Magnoliopsida_Lamiales_Orobanchaceae_Pedicularis_groenlandica\6a447acf-b6a0-429a-8ee3-69593131613c.jpg,423,423,423 287 361 426 345,0.8652132749557495
data\raw\val\08607_Plantae_Tracheophyta_Magnoliopsida_Lamiales_Orobanchaceae_Pedicularis_groenlandica\d3afa818-f6ef-48db-96fd-b1a3d5117992.jpg,423,287,287 353 423 354 425,0.05858162045478821
data\raw\val\08607_Plantae_Tracheophyta_Magnoliopsida_Lamiales_Orobanchaceae_Pedicularis_groenlandica\41fc9054-55ca-441b-9d9d-3301c590c9dd.jpg,423,423,423 287 432 419 316,0.6901682615280151
data\raw\val\08607_Plantae_Tracheophyta_Magnoliopsida_Lamiales_Orobanchaceae_Pedicularis_groenlandica\d308e47c-af9f-40b8-8bea-829ff86f904f.jpg,423,423,423 287 417 286 432,0.6464060544967651
data\raw\val\08641_Plantae_Tracheophyta_Magnoliopsida_Lamiales_Plantaginaceae_Cymbalaria_muralis\ecbdc391-1a59-4025-b22d-61fd425f1eca.jpg,424,249,249 248 274 245 246,0.38209378719329834
data\raw\val\08641_Plantae_Tracheophyta_Magnoliopsida_Lamiales_Plantaginaceae_Cymbalaria_muralis\1d77ac27-6592-45d2-acb5-083a86982207.jpg,424,257,257 312 329 370 344,0.09884872287511826
data\raw\val\08641_Plantae_Tracheophyta_Magnoliopsida_Lamiales_Plantaginaceae_Cymbalaria_muralis\9faee78e-56e1-4834-a538-583f3e98d9fd.jpg,424,274,274 315 371 487 372,0.19228099286556244
data\raw\val\08641_Plantae_Tracheophyta_Magnoliopsida_Lamiales_Plantaginaceae_Cymbalaria_muralis\a68701f6-6d04-436f-be3b-c43e20d0f9d1.jpg,424,274,274 257 366 371 246,0.1452873945236206
data\raw\val\08641_Plantae_Tracheophyta_Magnoliopsida_Lamiales_Plantaginaceae_Cymbalaria_muralis\29f4dfce-767f-4c18-a419-301d3781b612.jpg,424,274,274 246 249 135 136,0.913392961025238
data\raw\val\08641_Plantae_Tracheophyta_Magnoliopsida_Lamiales_Plantaginaceae_Cymbalaria_muralis\cb0a2805-dd35-4539-ac16-a54c027dc8e6.jpg,424,371,371 444 424 405 379,0.9696651101112366
data\raw\val\08641_Plantae_Tracheophyta_Magnoliopsida_Lamiales_Plantaginaceae_Cymbalaria_muralis\8ce8d3e3-9e1c-4f8e-8c82-17448bace5e8.jpg,424,274,274 255 312 487 246,0.971115231513977
data\raw\val\08641_Plantae_Tracheophyta_Magnoliopsida_Lamiales_Plantaginaceae_Cymbalaria_muralis\59bd7744-af31-4d94-b854-24481a848c1e.jpg,424,371,371 424 366 257 445,0.3660132586956024
data\raw\val\08641_Plantae_Tracheophyta_Magnoliopsida_Lamiales_Plantaginaceae_Cymbalaria_muralis\e98bec67-7334-4a3e-b7ba-ff4cd55e6123.jpg,424,438,438 344 257 424 370,0.21130646765232086
data\raw\val\08641_Plantae_Tracheophyta_Magnoliopsida_Lamiales_Plantaginaceae_Cymbalaria_muralis\7b3435b3-3161-4b51-9a8c-8b3bbc72e254.jpg,424,312,312 366 274 370 468,0.1246570274233818
data\raw\val\08659_Plantae_Tracheophyta_Magnoliopsida_Lamiales_Plantaginaceae_Penstemon_centranthifolius\ff838bdb-d450-4980-8bfb-286bc7ac1c42.jpg,425,348,348 246 237 238 25,0.09066660702228546
data\raw\val\08659_Plantae_Tracheophyta_Magnoliopsida_Lamiales_Plantaginaceae_Penstemon_centranthifolius\390b804d-6afe-4717-a9bc-35ea33039208.jpg,425,354,354 353 118 124 422,0.1489322930574417
data\raw\val\08659_Plantae_Tracheophyta_Magnoliopsida_Lamiales_Plantaginaceae_Penstemon_centranthifolius\3403ee0c-7388-48e8-abb4-5e77db7b64ed.jpg,425,344,344 345 438 473 451,0.2620425522327423
data\raw\val\08659_Plantae_Tracheophyta_Magnoliopsida_Lamiales_Plantaginaceae_Penstemon_centranthifolius\1a98f5b1-35f3-4a72-beac-7df944b0f894.jpg,425,451,451 353 354 344 345,0.9148551821708679
data\raw\val\08659_Plantae_Tracheophyta_Magnoliopsida_Lamiales_Plantaginaceae_Penstemon_centranthifolius\eaa74e59-4197-42aa-8fb0-a14d59ac537d.jpg,425,313,313 287 468 345 437,0.08666608482599258
data\raw\val\08659_Plantae_Tracheophyta_Magnoliopsida_Lamiales_Plantaginaceae_Penstemon_centranthifolius\a5617ae7-47e3-4702-9358-53c865288d69.jpg,425,354,354 246 476 361 351,0.4824812412261963
data\raw\val\08659_Plantae_Tracheophyta_Magnoliopsida_Lamiales_Plantaginaceae_Penstemon_centranthifolius\67403736-617f-469f-bdc4-931aa8dd5466.jpg,425,406,406 345 438 344 468,0.12843531370162964
data\raw\val\08659_Plantae_Tracheophyta_Magnoliopsida_Lamiales_Plantaginaceae_Penstemon_centranthifolius\6a32d520-7170-486b-98d3-d442c67ac80d.jpg,425,425,425 354 353 422 346,0.5293517112731934
data\raw\val\08659_Plantae_Tracheophyta_Magnoliopsida_Lamiales_Plantaginaceae_Penstemon_centranthifolius\48bfc2d2-5bfb-4e80-90fa-fd1487c9527c.jpg,425,287,287 425 362 482 342,0.2286873608827591
data\raw\val\08659_Plantae_Tracheophyta_Magnoliopsida_Lamiales_Plantaginaceae_Penstemon_centranthifolius\9edaad9d-2eb5-4a38-be28-d846b2e1ea54.jpg,425,356,356 482 362 481 425,0.31139805912971497
data\raw\val\08669_Plantae_Tracheophyta_Magnoliopsida_Lamiales_Plantaginaceae_Penstemon_procerus\4d5b5503-f14f-41fa-9fdf-67b6865561ab.jpg,426,426,426 339 423 414 290,0.763518750667572
data\raw\val\08669_Plantae_Tracheophyta_Magnoliopsida_Lamiales_Plantaginaceae_Penstemon_procerus\b96f2946-b00e-4e93-b7df-1291543073e3.jpg,426,426,426 423 416 406 362,0.8664225935935974
data\raw\val\08669_Plantae_Tracheophyta_Magnoliopsida_Lamiales_Plantaginaceae_Penstemon_procerus\59367936-fa78-49cc-9911-13ad7df825cf.jpg,426,426,426 414 416 315 330,0.5224771499633789
data\raw\val\08669_Plantae_Tracheophyta_Magnoliopsida_Lamiales_Plantaginaceae_Penstemon_procerus\31036a09-909b-4ac3-af9f-2d8417c5d796.jpg,426,426,426 339 123 486 76,0.04438159242272377
data\raw\val\08669_Plantae_Tracheophyta_Magnoliopsida_Lamiales_Plantaginaceae_Penstemon_procerus\ad5656c1-9a16-4025-8fb4-d8e693fb2fd8.jpg,426,274,274 426 123 62 423,0.057609446346759796
data\raw\val\08669_Plantae_Tracheophyta_Magnoliopsida_Lamiales_Plantaginaceae_Penstemon_procerus\9d823742-3f02-4eb0-8e14-6d079c43ab0c.jpg,426,426,426 62 274 246 245,0.0618896484375
data\raw\val\08669_Plantae_Tracheophyta_Magnoliopsida_Lamiales_Plantaginaceae_Penstemon_procerus\5e684843-d331-4b9f-bb91-80209af1be2a.jpg,426,426,426 287 428 392 305,0.7864811420440674
data\raw\val\08669_Plantae_Tracheophyta_Magnoliopsida_Lamiales_Plantaginaceae_Penstemon_procerus\6667d790-4a5b-4e12-bb9c-383f88c86fb3.jpg,426,426,426 274 379 423 361,0.665534496307373
data\raw\val\08669_Plantae_Tracheophyta_Magnoliopsida_Lamiales_Plantaginaceae_Penstemon_procerus\118d59e0-f95d-4041-96cb-edee9eb61d02.jpg,426,275,275 486 339 487 388,0.22769129276275635
data\raw\val\08669_Plantae_Tracheophyta_Magnoliopsida_Lamiales_Plantaginaceae_Penstemon_procerus\7c0c0b3a-69a6-405b-87a9-c84f65825f2e.jpg,426,491,491 350 484 402 416,0.08751022815704346
data\raw\val\08675_Plantae_Tracheophyta_Magnoliopsida_Lamiales_Plantaginaceae_Plantago_erecta\5138ab02-9ff0-475a-9b82-c2f78bb2088d.jpg,427,344,344 350 345 406 311,0.6786163449287415
data\raw\val\08675_Plantae_Tracheophyta_Magnoliopsida_Lamiales_Plantaginaceae_Plantago_erecta\02a849ab-e9e5-4114-af23-336776ba9d8f.jpg,427,353,353 348 275 427 492,0.12399034947156906
data\raw\val\08675_Plantae_Tracheophyta_Magnoliopsida_Lamiales_Plantaginaceae_Plantago_erecta\0dc97ad4-d9db-4dcc-8496-37e381f72c27.jpg,427,315,315 484 366 365 418,0.22550855576992035
data\raw\val\08675_Plantae_Tracheophyta_Magnoliopsida_Lamiales_Plantaginaceae_Plantago_erecta\ba451579-90af-4496-94a3-00e60af20fe6.jpg,427,350,350 249 283 274 248,0.09179820120334625
data\raw\val\08675_Plantae_Tracheophyta_Magnoliopsida_Lamiales_Plantaginaceae_Plantago_erecta\07842176-8171-45bf-99bd-18d9b14d8179.jpg,427,344,344 347 330 418 323,0.09310499578714371
data\raw\val\08675_Plantae_Tracheophyta_Magnoliopsida_Lamiales_Plantaginaceae_Plantago_erecta\63814bdf-58e8-4420-8045-c83b149d8f54.jpg,427,418,418 365 345 344 438,0.1637110561132431
data\raw\val\08675_Plantae_Tracheophyta_Magnoliopsida_Lamiales_Plantaginaceae_Plantago_erecta\b2c296a3-f509-4dcc-8cdb-936d8eba0028.jpg,427,315,315 365 370 418 372,0.35893669724464417
data\raw\val\08675_Plantae_Tracheophyta_Magnoliopsida_Lamiales_Plantaginaceae_Plantago_erecta\118a1589-1172-441a-ab82-77b57a7ac75e.jpg,427,123,123 267 254 268 354,0.1432795375585556
data\raw\val\08675_Plantae_Tracheophyta_Magnoliopsida_Lamiales_Plantaginaceae_Plantago_erecta\81c81a40-6047-491b-9803-f7f00e31cb70.jpg,427,353,353 355 249 131 354,0.04569907858967781
data\raw\val\08675_Plantae_Tracheophyta_Magnoliopsida_Lamiales_Plantaginaceae_Plantago_erecta\1a5d3f96-1cae-4104-88a7-e2bf2527712e.jpg,427,28,28 268 354 353 302,0.12017452716827393
data\raw\val\08678_Plantae_Tracheophyta_Magnoliopsida_Lamiales_Plantaginaceae_Plantago_maritima\4e7968c8-c55b-46b2-9c41-335472a635c6.jpg,428,305,305 496 278 293 428,0.3428640067577362
data\raw\val\08678_Plantae_Tracheophyta_Magnoliopsida_Lamiales_Plantaginaceae_Plantago_maritima\ff639686-82d5-42d2-a95f-d3464bfea162.jpg,428,305,305 428 496 280 302,0.12383019179105759
data\raw\val\08678_Plantae_Tracheophyta_Magnoliopsida_Lamiales_Plantaginaceae_Plantago_maritima\cfd8d5f7-00b9-46c9-a24a-fb98f3136c68.jpg,428,275,275 365 273 487 428,0.22361475229263306
data\raw\val\08678_Plantae_Tracheophyta_Magnoliopsida_Lamiales_Plantaginaceae_Plantago_maritima\93f96dcf-20e2-410f-b952-042f33486b4e.jpg,428,492,492 305 275 246 442,0.13367462158203125
data\raw\val\08678_Plantae_Tracheophyta_Magnoliopsida_Lamiales_Plantaginaceae_Plantago_maritima\084def80-9e7d-442b-886d-ef1e8ba5a5a7.jpg,428,466,466 302 305 309 428,0.10275943577289581
data\raw\val\08678_Plantae_Tracheophyta_Magnoliopsida_Lamiales_Plantaginaceae_Plantago_maritima\19098cd9-6da6-4268-b82c-d326e7d252b2.jpg,428,428,428 246 305 365 275,0.4104970395565033
data\raw\val\08678_Plantae_Tracheophyta_Magnoliopsida_Lamiales_Plantaginaceae_Plantago_maritima\6479bcca-ce78-4cd6-9ae0-3b5691e2d788.jpg,428,432,432 345 438 406 386,0.15371322631835938
data\raw\val\08678_Plantae_Tracheophyta_Magnoliopsida_Lamiales_Plantaginaceae_Plantago_maritima\7b285879-5fab-497f-b390-81a302603fb2.jpg,428,428,428 366 486 498 365,0.19038532674312592
data\raw\val\08678_Plantae_Tracheophyta_Magnoliopsida_Lamiales_Plantaginaceae_Plantago_maritima\37b00324-1bfe-455a-90b4-49b4584a75d5.jpg,428,353,353 427 428 425 300,0.12630663812160492
data\raw\val\08678_Plantae_Tracheophyta_Magnoliopsida_Lamiales_Plantaginaceae_Plantago_maritima\cc1b6611-18fc-49e5-90a6-fd5a611a26a8.jpg,428,432,432 428 365 392 316,0.29547345638275146
data\raw\val\08688_Plantae_Tracheophyta_Magnoliopsida_Lamiales_Plantaginaceae_Veronica_anagallis-aquatica\f68d1c03-addc-464f-872b-d4302da5944a.jpg,429,468,468 366 451 471 315,0.1500285565853119
data\raw\val\08688_Plantae_Tracheophyta_Magnoliopsida_Lamiales_Plantaginaceae_Veronica_anagallis-aquatica\662d5c1c-d408-4edc-912e-c1e4404e6e5a.jpg,429,492,492 274 496 246 365,0.5489593148231506
data\raw\val\08688_Plantae_Tracheophyta_Magnoliopsida_Lamiales_Plantaginaceae_Veronica_anagallis-aquatica\7c37838f-e105-442f-9c60-6c55e8ff15cd.jpg,429,487,487 429 366 391 486,0.40477871894836426
data\raw\val\08688_Plantae_Tracheophyta_Magnoliopsida_Lamiales_Plantaginaceae_Veronica_anagallis-aquatica\7da11882-c024-4a81-bcaf-98485f92ca4f.jpg,429,350,350 274 315 246 344,0.10739731788635254
data\raw\val\08688_Plantae_Tracheophyta_Magnoliopsida_Lamiales_Plantaginaceae_Veronica_anagallis-aquatica\cf0c6783-a336-454b-86d9-fab69da3d292.jpg,429,274,274 487 429 449 312,0.23285286128520966
data\raw\val\08688_Plantae_Tracheophyta_Magnoliopsida_Lamiales_Plantaginaceae_Veronica_anagallis-aquatica\8604e706-3160-414c-ba9b-332b2960e6c6.jpg,429,418,418 438 366 365 273,0.14731164276599884
data\raw\val\08688_Plantae_Tracheophyta_Magnoliopsida_Lamiales_Plantaginaceae_Veronica_anagallis-aquatica\ac7897ad-13b4-4046-827b-7e978fa503eb.jpg,429,278,278 292 226 246 52,0.23100289702415466
data\raw\val\08688_Plantae_Tracheophyta_Magnoliopsida_Lamiales_Plantaginaceae_Veronica_anagallis-aquatica\5f79eab7-434a-46cd-8996-f652c2a25681.jpg,429,274,274 335 429 378 371,0.15824228525161743
data\raw\val\08688_Plantae_Tracheophyta_Magnoliopsida_Lamiales_Plantaginaceae_Veronica_anagallis-aquatica\b7ab22e4-12f7-41f6-bebf-ea983a33ad4d.jpg,429,442,442 451 313 467 487,0.27350831031799316
data\raw\val\08688_Plantae_Tracheophyta_Magnoliopsida_Lamiales_Plantaginaceae_Veronica_anagallis-aquatica\19cbeb7f-8862-4723-8d27-454873972404.jpg,429,492,492 275 366 246 345,0.340589314699173
data\raw\val\08693_Plantae_Tracheophyta_Magnoliopsida_Lamiales_Plantaginaceae_Veronica_filiformis\298c21a6-c6a4-4feb-a987-426ba3cd5de5.jpg,430,406,406 484 315 468 471,0.25266924500465393
data\raw\val\08693_Plantae_Tracheophyta_Magnoliopsida_Lamiales_Plantaginaceae_Veronica_filiformis\f6f27893-6a51-40e0-b5a1-12b14fb792a2.jpg,430,410,410 430 426 378 69,0.4501646161079407
data\raw\val\08693_Plantae_Tracheophyta_Magnoliopsida_Lamiales_Plantaginaceae_Veronica_filiformis\4cd9be52-6096-4a9d-a512-5559e98da0e4.jpg,430,430,430 371 406 424 274,0.33069130778312683
data\raw\val\08693_Plantae_Tracheophyta_Magnoliopsida_Lamiales_Plantaginaceae_Veronica_filiformis\aa94efa1-d33d-4d26-99fa-4ac8268d96e0.jpg,430,274,274 312 275 344 256,0.9455064535140991
data\raw\val\08693_Plantae_Tracheophyta_Magnoliopsida_Lamiales_Plantaginaceae_Veronica_filiformis\607a2fad-2b5d-4165-9ed5-f87e8ebbc148.jpg,430,274,274 471 123 268 246,0.1159520149230957
data\raw\val\08693_Plantae_Tracheophyta_Magnoliopsida_Lamiales_Plantaginaceae_Veronica_filiformis\16265456-d9a5-44f1-ae87-af59901f2507.jpg,430,315,315 323 330 371 328,0.26891249418258667
data\raw\val\08693_Plantae_Tracheophyta_Magnoliopsida_Lamiales_Plantaginaceae_Veronica_filiformis\901b4b97-6453-4d86-aa98-5742b5bfcb9a.jpg,430,274,274 246 134 430 135,0.6244667172431946
data\raw\val\08693_Plantae_Tracheophyta_Magnoliopsida_Lamiales_Plantaginaceae_Veronica_filiformis\432bf42b-1aa5-445f-a0e6-23367cfad3f6.jpg,430,430,430 274 371 465 426,0.24533063173294067
data\raw\val\08693_Plantae_Tracheophyta_Magnoliopsida_Lamiales_Plantaginaceae_Veronica_filiformis\0519b430-6981-4a74-aad1-9932fb1f35ed.jpg,430,312,312 430 274 484 424,0.29837945103645325
data\raw\val\08693_Plantae_Tracheophyta_Magnoliopsida_Lamiales_Plantaginaceae_Veronica_filiformis\05ebcf50-d7f4-4647-b1ce-d53dbe416af1.jpg,430,274,274 430 487 372 371,0.26820260286331177
data\raw\val\08708_Plantae_Tracheophyta_Magnoliopsida_Lamiales_Scrophulariaceae_Buddleja_cordata\4e512b85-8351-491b-80e4-29f38a3213b2.jpg,431,256,256 312 387 305 322,0.2524384558200836
data\raw\val\08708_Plantae_Tracheophyta_Magnoliopsida_Lamiales_Scrophulariaceae_Buddleja_cordata\1fc90262-5d2a-446c-a50a-04ded868b1f8.jpg,431,274,274 492 311 366 497,0.06401296705007553
data\raw\val\08708_Plantae_Tracheophyta_Magnoliopsida_Lamiales_Scrophulariaceae_Buddleja_cordata\dfef7657-c760-44c7-897a-069c24ffcab4.jpg,431,246,246 492 441 493 397,0.44501546025276184
data\raw\val\08708_Plantae_Tracheophyta_Magnoliopsida_Lamiales_Scrophulariaceae_Buddleja_cordata\38278d99-94e7-4de6-b60a-01104738df3a.jpg,431,468,468 471 438 313 437,0.35015442967414856
data\raw\val\08708_Plantae_Tracheophyta_Magnoliopsida_Lamiales_Scrophulariaceae_Buddleja_cordata\76016cc9-e61c-4587-8897-192edf61a524.jpg,431,468,468 313 437 356 471,0.4154646098613739
data\raw\val\08708_Plantae_Tracheophyta_Magnoliopsida_Lamiales_Scrophulariaceae_Buddleja_cordata\74324c9b-dd20-4831-8804-315bef303d19.jpg,431,356,356 406 438 468 471,0.13151352107524872
data\raw\val\08708_Plantae_Tracheophyta_Magnoliopsida_Lamiales_Scrophulariaceae_Buddleja_cordata\22e3c763-001f-4334-a75f-f2a35b36566d.jpg,431,468,468 356 313 431 471,0.3126300871372223
data\raw\val\08708_Plantae_Tracheophyta_Magnoliopsida_Lamiales_Scrophulariaceae_Buddleja_cordata\d3708335-1ff5-4056-8919-c8db34d362f8.jpg,431,313,313 468 471 437 438,0.5792757272720337
data\raw\val\08708_Plantae_Tracheophyta_Magnoliopsida_Lamiales_Scrophulariaceae_Buddleja_cordata\55cac1b4-3cb7-43b3-bb03-440ed2206a3b.jpg,431,135,135 302 246 248 136,0.07767436653375626
data\raw\val\08708_Plantae_Tracheophyta_Magnoliopsida_Lamiales_Scrophulariaceae_Buddleja_cordata\a481c1ba-3629-42dd-bfbd-fa89711a6d1a.jpg,431,492,492 274 351 240 431,0.19595639407634735
data\raw\val\08717_Plantae_Tracheophyta_Magnoliopsida_Lamiales_Scrophulariaceae_Verbascum_nigrum\2c174a65-b3b8-4c9c-ba44-1ff67c0d79de.jpg,432,432,432 386 382 394 460,0.9847346544265747
data\raw\val\08717_Plantae_Tracheophyta_Magnoliopsida_Lamiales_Scrophulariaceae_Verbascum_nigrum\01757fb8-a349-45d6-92df-59d289c7dd24.jpg,432,305,305 491 295 492 240,0.10071311146020889
data\raw\val\08717_Plantae_Tracheophyta_Magnoliopsida_Lamiales_Scrophulariaceae_Verbascum_nigrum\c5295a99-c8f4-4021-9c72-390191122e9f.jpg,432,432,432 491 335 305 322,0.14942888915538788
data\raw\val\08717_Plantae_Tracheophyta_Magnoliopsida_Lamiales_Scrophulariaceae_Verbascum_nigrum\6ad94561-f2b7-4f30-8f9b-26ac8b76a322.jpg,432,471,471 468 460 382 386,0.2746865451335907
data\raw\val\08717_Plantae_Tracheophyta_Magnoliopsida_Lamiales_Scrophulariaceae_Verbascum_nigrum\d9eb3a1f-531f-4f9b-a93f-adf39f475e61.jpg,432,471,471 460 312 382 406,0.21580877900123596
data\raw\val\08717_Plantae_Tracheophyta_Magnoliopsida_Lamiales_Scrophulariaceae_Verbascum_nigrum\aaf84eda-43f9-4e5c-836b-052cfa5c3ff8.jpg,432,334,334 325 432 460 480,0.30938202142715454
data\raw\val\08717_Plantae_Tracheophyta_Magnoliopsida_Lamiales_Scrophulariaceae_Verbascum_nigrum\82ffa4e3-c65e-43c0-9a5e-f5432f3607c7.jpg,432,460,460 478 476 274 283,0.11306435614824295
data\raw\val\08717_Plantae_Tracheophyta_Magnoliopsida_Lamiales_Scrophulariaceae_Verbascum_nigrum\ce08ce1f-00cf-4546-b2f2-b9d022166b87.jpg,432,432,432 460 302 382 311,0.1508374810218811
data\raw\val\08717_Plantae_Tracheophyta_Magnoliopsida_Lamiales_Scrophulariaceae_Verbascum_nigrum\88cf2b19-d9ad-4451-9e48-5adff86b76a0.jpg,432,468,468 345 311 482 471,0.09791753441095352
data\raw\val\08717_Plantae_Tracheophyta_Magnoliopsida_Lamiales_Scrophulariaceae_Verbascum_nigrum\959a822b-035a-4e14-a0fb-782044ef7515.jpg,432,386,386 471 382 432 385,0.6472432017326355
data\raw\val\08750_Plantae_Tracheophyta_Magnoliopsida_Laurales_Lauraceae_Laurus_nobilis\e90cac8b-b101-491b-9957-9f4d2054ee30.jpg,433,274,274 74 451 240 250,0.6250308156013489
data\raw\val\08750_Plantae_Tracheophyta_Magnoliopsida_Laurales_Lauraceae_Laurus_nobilis\bef07e8a-3319-4a02-8772-56de0d598fcd.jpg,433,257,257 275 366 354 344,0.40338313579559326
data\raw\val\08750_Plantae_Tracheophyta_Magnoliopsida_Laurales_Lauraceae_Laurus_nobilis\7064e587-8deb-4c56-bab9-9053b4559d85.jpg,433,299,299 248 471 249 394,0.05247027426958084
data\raw\val\08750_Plantae_Tracheophyta_Magnoliopsida_Laurales_Lauraceae_Laurus_nobilis\f4af1f68-9f35-4d82-8ad7-7d4ae3912bd8.jpg,433,274,274 492 398 280 395,0.15202422440052032
data\raw\val\08750_Plantae_Tracheophyta_Magnoliopsida_Laurales_Lauraceae_Laurus_nobilis\af9524d8-293d-4406-9905-f31a5195ae25.jpg,433,329,329 246 366 274 315,0.06848318874835968
data\raw\val\08750_Plantae_Tracheophyta_Magnoliopsida_Laurales_Lauraceae_Laurus_nobilis\8f539cfd-5eda-4403-a4a3-ceb9d4c91c67.jpg,433,274,274 366 451 327 283,0.30660349130630493
data\raw\val\08750_Plantae_Tracheophyta_Magnoliopsida_Laurales_Lauraceae_Laurus_nobilis\32ae8c61-ad2c-4c7f-958b-facf7c56c3d2.jpg,433,302,302 482 417 345 473,0.06075528264045715
data\raw\val\08750_Plantae_Tracheophyta_Magnoliopsida_Laurales_Lauraceae_Laurus_nobilis\f85d022e-57e5-4c73-a4aa-c0d6c6f92499.jpg,433,274,274 246 73 345 311,0.48918476700782776
data\raw\val\08750_Plantae_Tracheophyta_Magnoliopsida_Laurales_Lauraceae_Laurus_nobilis\b90d8d4a-ae90-44d8-8c5a-cf94b590a3af.jpg,433,274,274 400 477 357 398,0.20540618896484375
data\raw\val\08750_Plantae_Tracheophyta_Magnoliopsida_Laurales_Lauraceae_Laurus_nobilis\c3dfc7f4-a896-4202-8b0a-cc2e13a1e8c2.jpg,433,417,417 311 495 388 492,0.14258933067321777
data\raw\val\08755_Plantae_Tracheophyta_Magnoliopsida_Laurales_Monimiaceae_Hedycarya_arborea\24036647-fb32-44dd-9868-c4248a09e9a1.jpg,434,274,274 398 487 451 490,0.8043930530548096
data\raw\val\08755_Plantae_Tracheophyta_Magnoliopsida_Laurales_Monimiaceae_Hedycarya_arborea\4e6b6ab6-7322-4b64-a714-2b4a2af85804.jpg,434,274,274 451 242 460 313,0.358547568321228
data\raw\val\08755_Plantae_Tracheophyta_Magnoliopsida_Laurales_Monimiaceae_Hedycarya_arborea\54f3d015-161c-4ed3-93aa-e76d303eb14e.jpg,434,274,274 311 491 246 302,0.2674006223678589
data\raw\val\08755_Plantae_Tracheophyta_Magnoliopsida_Laurales_Monimiaceae_Hedycarya_arborea\101bdb93-f593-43e2-880b-2784062e1f3f.jpg,434,468,468 313 434 471 460,0.1163916364312172
data\raw\val\08755_Plantae_Tracheophyta_Magnoliopsida_Laurales_Monimiaceae_Hedycarya_arborea\d4bdd6c4-440a-4ffb-b1cc-08ae327cddb7.jpg,434,395,395 397 399 400 357,0.1677895337343216
data\raw\val\08755_Plantae_Tracheophyta_Magnoliopsida_Laurales_Monimiaceae_Hedycarya_arborea\3c002a63-0d95-43ba-bb01-3c1a5f5d8b1f.jpg,434,54,54 249 230 254 236,0.05021562799811363
data\raw\val\08755_Plantae_Tracheophyta_Magnoliopsida_Laurales_Monimiaceae_Hedycarya_arborea\50dbe6b5-242a-4589-b87d-b41dc7c7a8c5.jpg,434,391,391 434 358 441 400,0.07055477052927017
data\raw\val\08755_Plantae_Tracheophyta_Magnoliopsida_Laurales_Monimiaceae_Hedycarya_arborea\6e4122cf-0b7f-40fe-bad6-0a0a04de5646.jpg,434,58,58 245 248 136 246,0.1462887078523636
data\raw\val\08755_Plantae_Tracheophyta_Magnoliopsida_Laurales_Monimiaceae_Hedycarya_arborea\1aced7d9-31ed-40ba-a942-f4a8da142dc9.jpg,434,274,274 246 73 311 492,0.09859355539083481
data\raw\val\08755_Plantae_Tracheophyta_Magnoliopsida_Laurales_Monimiaceae_Hedycarya_arborea\5edc8697-3a83-4df1-8a3e-0b3906e3b78e.jpg,434,471,471 366 246 451 394,0.08448147773742676
data\raw\val\08761_Plantae_Tracheophyta_Magnoliopsida_Magnoliales_Magnoliaceae_Magnolia_grandiflora\8db7ec9e-12ac-4057-b9bb-dcb6203505c7.jpg,435,357,357 401 311 344 400,0.07880950719118118
data\raw\val\08761_Plantae_Tracheophyta_Magnoliopsida_Magnoliales_Magnoliaceae_Magnolia_grandiflora\b32ffd11-4760-4c5b-a5db-5e6a0ce618db.jpg,435,302,302 399 451 395 73,0.08297297358512878
data\raw\val\08761_Plantae_Tracheophyta_Magnoliopsida_Magnoliales_Magnoliaceae_Magnolia_grandiflora\e20a8831-a4b0-4db3-ab8a-de0e983dcdf3.jpg,435,468,468 356 391 366 487,0.46178489923477173
data\raw\val\08761_Plantae_Tracheophyta_Magnoliopsida_Magnoliales_Magnoliaceae_Magnolia_grandiflora\5997a953-747a-4909-8961-2d063d3a5ff8.jpg,435,398,398 396 397 395 399,0.19051024317741394
data\raw\val\08761_Plantae_Tracheophyta_Magnoliopsida_Magnoliales_Magnoliaceae_Magnolia_grandiflora\762440e3-bf1e-4e55-bb22-bd4c093fcecc.jpg,435,492,492 493 476 479 399,0.29118162393569946
data\raw\val\08761_Plantae_Tracheophyta_Magnoliopsida_Magnoliales_Magnoliaceae_Magnolia_grandiflora\a361dab0-dd85-4eb2-acd7-d715b3fb8da5.jpg,435,399,399 357 472 360 460,0.1183539479970932
data\raw\val\08761_Plantae_Tracheophyta_Magnoliopsida_Magnoliales_Magnoliaceae_Magnolia_grandiflora\7a917f42-e52a-44ac-9066-78ad0dc24e91.jpg,435,496,496 498 486 435 308,0.1989133358001709
data\raw\val\08761_Plantae_Tracheophyta_Magnoliopsida_Magnoliales_Magnoliaceae_Magnolia_grandiflora\3e848384-3b5e-49ac-b517-db117798d496.jpg,435,417,417 472 400 478 393,0.20093266665935516
data\raw\val\08761_Plantae_Tracheophyta_Magnoliopsida_Magnoliales_Magnoliaceae_Magnolia_grandiflora\3e7fe9c1-e32c-43c0-8629-4bd862b028be.jpg,435,399,399 435 395 441 397,0.13149917125701904
data\raw\val\08761_Plantae_Tracheophyta_Magnoliopsida_Magnoliales_Magnoliaceae_Magnolia_grandiflora\b6eed00f-6f49-4d4c-8fcf-1c4129d2c719.jpg,435,399,399 398 274 395 136,0.23579417169094086
data\raw\val\08763_Plantae_Tracheophyta_Magnoliopsida_Magnoliales_Magnoliaceae_Magnolia_tripetala\bc874ef7-568f-416b-865b-0ae6b9c0834f.jpg,436,305,305 492 476 331 496,0.36739301681518555
data\raw\val\08763_Plantae_Tracheophyta_Magnoliopsida_Magnoliales_Magnoliaceae_Magnolia_tripetala\9a0d9860-cdbc-4880-b6d3-461d76c14fee.jpg,436,246,246 274 259 240 249,0.20216193795204163
data\raw\val\08763_Plantae_Tracheophyta_Magnoliopsida_Magnoliales_Magnoliaceae_Magnolia_tripetala\cd11422c-c221-490e-9664-ed70ec08db53.jpg,436,400,400 382 398 477 360,0.23480316996574402
data\raw\val\08763_Plantae_Tracheophyta_Magnoliopsida_Magnoliales_Magnoliaceae_Magnolia_tripetala\a32e6a2d-124f-4a76-a582-85834aaa6e44.jpg,436,312,312 311 274 477 417,0.06860968470573425
data\raw\val\08763_Plantae_Tracheophyta_Magnoliopsida_Magnoliales_Magnoliaceae_Magnolia_tripetala\cf44fc3d-659e-41fd-bb26-2f9c6585bc5d.jpg,436,274,274 399 311 398 440,0.10533463954925537
data\raw\val\08763_Plantae_Tracheophyta_Magnoliopsida_Magnoliales_Magnoliaceae_Magnolia_tripetala\1ce89af3-bfe2-451a-b23d-7a19217f0532.jpg,436,311,311 400 398 479 357,0.24979069828987122
data\raw\val\08763_Plantae_Tracheophyta_Magnoliopsida_Magnoliales_Magnoliaceae_Magnolia_tripetala\38879925-3a55-4597-ba88-80d3c4ef8c2f.jpg,436,492,492 397 496 497 493,0.1095573678612709
data\raw\val\08763_Plantae_Tracheophyta_Magnoliopsida_Magnoliales_Magnoliaceae_Magnolia_tripetala\4af38f20-fadd-423c-96aa-f7af5cb7a26e.jpg,436,302,302 491 246 274 74,0.07543428987264633
data\raw\val\08763_Plantae_Tracheophyta_Magnoliopsida_Magnoliales_Magnoliaceae_Magnolia_tripetala\001530ea-e36e-4196-98ec-2e609f408ab5.jpg,436,400,400 302 311 395 398,0.09623035788536072
data\raw\val\08763_Plantae_Tracheophyta_Magnoliopsida_Magnoliales_Magnoliaceae_Magnolia_tripetala\fc54d105-da8d-4bdf-8c44-6e516fbb9dc3.jpg,436,400,400 311 476 492 479,0.15995869040489197
data\raw\val\08800_Plantae_Tracheophyta_Magnoliopsida_Malpighiales_Euphorbiaceae_Euphorbia_misera\75b75a27-1173-4ba6-9572-ef6a18a44de7.jpg,437,468,468 437 457 313 424,0.288544237613678
data\raw\val\08800_Plantae_Tracheophyta_Magnoliopsida_Malpighiales_Euphorbiaceae_Euphorbia_misera\1e576984-dcf3-4fde-b3d4-508202deb2a8.jpg,437,275,275 492 257 366 246,0.8942268490791321
data\raw\val\08800_Plantae_Tracheophyta_Magnoliopsida_Malpighiales_Euphorbiaceae_Euphorbia_misera\354a6d57-5f21-4010-9f07-922ef1ef2c5c.jpg,437,438,438 437 468 449 345,0.360955148935318
data\raw\val\08800_Plantae_Tracheophyta_Magnoliopsida_Malpighiales_Euphorbiaceae_Euphorbia_misera\3f5a7f59-8d05-42a4-8e4d-423dfb85b42a.jpg,437,274,274 350 74 468 91,0.13684526085853577
data\raw\val\08800_Plantae_Tracheophyta_Magnoliopsida_Malpighiales_Euphorbiaceae_Euphorbia_misera\dc851dc0-1e3d-48b1-bf38-03fb6596e350.jpg,437,354,354 274 347 246 350,0.15814146399497986
data\raw\val\08800_Plantae_Tracheophyta_Magnoliopsida_Malpighiales_Euphorbiaceae_Euphorbia_misera\1d2a3bd4-e847-42fa-b80b-7d742c3797f0.jpg,437,438,438 468 313 437 471,0.36241304874420166
data\raw\val\08800_Plantae_Tracheophyta_Magnoliopsida_Malpighiales_Euphorbiaceae_Euphorbia_misera\6084a1a5-9871-45b8-9809-2f00997e5f10.jpg,437,274,274 350 242 442 249,0.24052143096923828
data\raw\val\08800_Plantae_Tracheophyta_Magnoliopsida_Malpighiales_Euphorbiaceae_Euphorbia_misera\41bf9471-1d4d-4b94-b409-3402ecace55b.jpg,437,354,354 351 344 249 246,0.22862699627876282
data\raw\val\08800_Plantae_Tracheophyta_Magnoliopsida_Malpighiales_Euphorbiaceae_Euphorbia_misera\e7a0e885-abd5-4091-8eb6-f1abb640a691.jpg,437,313,313 91 246 451 240,0.3328753411769867
data\raw\val\08800_Plantae_Tracheophyta_Magnoliopsida_Malpighiales_Euphorbiaceae_Euphorbia_misera\b55b94b0-55c6-4df9-92a6-710bc5174e61.jpg,437,275,275 257 366 370 424,0.08872397989034653
data\raw\val\08810_Plantae_Tracheophyta_Magnoliopsida_Malpighiales_Euphorbiaceae_Euphorbia_serpillifolia\f3eae872-a4d8-4f3c-a60b-d3b747ea8aca.jpg,438,313,313 406 471 345 275,0.1908874362707138
data\raw\val\08810_Plantae_Tracheophyta_Magnoliopsida_Malpighiales_Euphorbiaceae_Euphorbia_serpillifolia\060b21dd-804b-46c0-9115-c8484288da42.jpg,438,275,275 438 344 257 499,0.3291383385658264
data\raw\val\08810_Plantae_Tracheophyta_Magnoliopsida_Malpighiales_Euphorbiaceae_Euphorbia_serpillifolia\856c7773-d924-4715-8091-9fede3256a32.jpg,438,246,246 354 275 351 257,0.3070855438709259
data\raw\val\08810_Plantae_Tracheophyta_Magnoliopsida_Malpighiales_Euphorbiaceae_Euphorbia_serpillifolia\2922a458-de37-4c84-90f0-e6f0575d770c.jpg,438,442,442 275 437 438 348,0.19609682261943817
data\raw\val\08810_Plantae_Tracheophyta_Magnoliopsida_Malpighiales_Euphorbiaceae_Euphorbia_serpillifolia\637e7f5c-02c1-4430-acb5-34aa63a3ee83.jpg,438,344,344 438 315 353 354,0.5510431528091431
data\raw\val\08810_Plantae_Tracheophyta_Magnoliopsida_Malpighiales_Euphorbiaceae_Euphorbia_serpillifolia\1fa7b690-ef15-4857-8b78-444294c39644.jpg,438,274,274 246 240 350 136,0.548068642616272
data\raw\val\08810_Plantae_Tracheophyta_Magnoliopsida_Malpighiales_Euphorbiaceae_Euphorbia_serpillifolia\d060af38-4522-42ff-95c5-98bb65838799.jpg,438,124,124 354 353 345 438,0.09569314122200012
data\raw\val\08810_Plantae_Tracheophyta_Magnoliopsida_Malpighiales_Euphorbiaceae_Euphorbia_serpillifolia\22003b76-52e8-4258-a002-f1a0817a728d.jpg,438,275,275 438 344 345 473,0.5010076761245728
data\raw\val\08810_Plantae_Tracheophyta_Magnoliopsida_Malpighiales_Euphorbiaceae_Euphorbia_serpillifolia\a8b3705f-bd6a-4dd8-97d7-f8eb9a021eb2.jpg,438,354,354 249 246 274 344,0.21472714841365814
data\raw\val\08810_Plantae_Tracheophyta_Magnoliopsida_Malpighiales_Euphorbiaceae_Euphorbia_serpillifolia\b94ada06-cfb6-4b6c-9efd-f33bd617a395.jpg,438,438,438 257 344 275 315,0.3301525413990021
data\raw\val\08851_Plantae_Tracheophyta_Magnoliopsida_Malpighiales_Passifloraceae_Turnera_ulmifolia\e13e24b7-48ee-43dc-919a-8ef129505a5f.jpg,439,274,274 471 460 311 312,0.26225006580352783
data\raw\val\08851_Plantae_Tracheophyta_Magnoliopsida_Malpighiales_Passifloraceae_Turnera_ulmifolia\e63c73f9-322b-4ac2-88e0-5206e2646d47.jpg,439,323,323 329 315 344 18,0.08519130945205688
data\raw\val\08851_Plantae_Tracheophyta_Magnoliopsida_Malpighiales_Passifloraceae_Turnera_ulmifolia\ddf3d7d0-13a4-48ed-a85e-fd35f91e0e43.jpg,439,439,439 274 311 478 382,0.1481819450855255
data\raw\val\08851_Plantae_Tracheophyta_Magnoliopsida_Malpighiales_Passifloraceae_Turnera_ulmifolia\08bdcb82-0ce8-427a-a318-cd815645022b.jpg,439,335,335 471 460 375 387,0.0709119662642479
data\raw\val\08851_Plantae_Tracheophyta_Magnoliopsida_Malpighiales_Passifloraceae_Turnera_ulmifolia\ba83eb15-156b-4803-9665-d6cc4609a735.jpg,439,387,387 460 274 329 312,0.11688265204429626
data\raw\val\08851_Plantae_Tracheophyta_Magnoliopsida_Malpighiales_Passifloraceae_Turnera_ulmifolia\9afc3862-fa6d-4737-8e38-57a8d1cb2b34.jpg,439,387,387 274 386 325 382,0.2247062474489212
data\raw\val\08851_Plantae_Tracheophyta_Magnoliopsida_Malpighiales_Passifloraceae_Turnera_ulmifolia\c549450a-c245-42ac-b159-be050b9d6206.jpg,439,387,387 401 382 399 313,0.14348943531513214
data\raw\val\08851_Plantae_Tracheophyta_Magnoliopsida_Malpighiales_Passifloraceae_Turnera_ulmifolia\c6f78c3c-d7d8-4a83-a24f-ac2db5c6b6dc.jpg,439,274,274 268 457 382 271,0.22420074045658112
data\raw\val\08851_Plantae_Tracheophyta_Magnoliopsida_Malpighiales_Passifloraceae_Turnera_ulmifolia\12ce254b-e486-4993-a8e0-f113e19a5a68.jpg,439,387,387 268 274 329 457,0.18924973905086517
data\raw\val\08851_Plantae_Tracheophyta_Magnoliopsida_Malpighiales_Passifloraceae_Turnera_ulmifolia\cd4d48a4-ab2e-4e6a-9139-5c8a89b030ed.jpg,439,268,268 274 460 382 451,0.08640997856855392
data\raw\val\08852_Plantae_Tracheophyta_Magnoliopsida_Malpighiales_Phyllanthaceae_Bischofia_javanica\2c747802-4ac0-46ce-8f33-1b9a452a53a9.jpg,440,397,397 492 486 398 487,0.11373297870159149
data\raw\val\08852_Plantae_Tracheophyta_Magnoliopsida_Malpighiales_Phyllanthaceae_Bischofia_javanica\9a3f9b80-0bf2-4f6f-9a78-2b168a82d2b0.jpg,440,274,274 311 472 312 246,0.3659716844558716
data\raw\val\08852_Plantae_Tracheophyta_Magnoliopsida_Malpighiales_Phyllanthaceae_Bischofia_javanica\63067b9a-71ee-4a56-b759-aa89df1a9d81.jpg,440,451,451 274 398 487 400,0.2779795825481415
data\raw\val\08852_Plantae_Tracheophyta_Magnoliopsida_Malpighiales_Phyllanthaceae_Bischofia_javanica\4cce85e4-7aaf-4594-be4c-4b390478e188.jpg,440,311,311 246 91 366 471,0.24468979239463806
data\raw\val\08852_Plantae_Tracheophyta_Magnoliopsida_Malpighiales_Phyllanthaceae_Bischofia_javanica\2e26df50-c68b-4947-b332-92c402525151.jpg,440,451,451 435 356 394 431,0.15715205669403076
data\raw\val\08852_Plantae_Tracheophyta_Magnoliopsida_Malpighiales_Phyllanthaceae_Bischofia_javanica\070ecbad-06e7-4635-ad94-fda0134e61ab.jpg,440,396,396 451 356 394 487,0.1315034180879593
data\raw\val\08852_Plantae_Tracheophyta_Magnoliopsida_Malpighiales_Phyllanthaceae_Bischofia_javanica\e1310b0f-a1e9-4f97-bb4b-2455ecaaa04e.jpg,440,274,274 275 28 492 487,0.7337285280227661
data\raw\val\08852_Plantae_Tracheophyta_Magnoliopsida_Malpighiales_Phyllanthaceae_Bischofia_javanica\b7825cb5-4bd9-4110-95c4-7e66a599042f.jpg,440,382,382 467 451 440 311,0.13842959702014923
data\raw\val\08852_Plantae_Tracheophyta_Magnoliopsida_Malpighiales_Phyllanthaceae_Bischofia_javanica\48d54969-7424-471c-b24c-c36d98dec13e.jpg,440,274,274 73 361 350 246,0.7483394145965576
data\raw\val\08852_Plantae_Tracheophyta_Magnoliopsida_Malpighiales_Phyllanthaceae_Bischofia_javanica\f0e56d26-9590-4ff6-b68e-a1b60a96a8d7.jpg,440,302,302 451 467 496 397,0.13584068417549133
data\raw\val\08875_Plantae_Tracheophyta_Magnoliopsida_Malpighiales_Salicaceae_Salix_laevigata\054277fe-3477-45c1-8a2a-d3687cfc4ea0.jpg,441,492,492 304 305 496 331,0.3135136663913727
data\raw\val\08875_Plantae_Tracheophyta_Magnoliopsida_Malpighiales_Salicaceae_Salix_laevigata\309567d0-3a6a-4a1e-a209-01c4385a5df1.jpg,441,476,476 492 234 331 231,0.13324198126792908
data\raw\val\08875_Plantae_Tracheophyta_Magnoliopsida_Malpighiales_Salicaceae_Salix_laevigata\112c7b2d-7a6d-4a95-adc0-1d9c7cb2afee.jpg,441,492,492 496 493 335 274,0.20819830894470215
data\raw\val\08875_Plantae_Tracheophyta_Magnoliopsida_Malpighiales_Salicaceae_Salix_laevigata\36b5e199-1de5-4aba-8f08-b084ad7cac96.jpg,441,492,492 451 495 498 308,0.09535468369722366
data\raw\val\08875_Plantae_Tracheophyta_Magnoliopsida_Malpighiales_Salicaceae_Salix_laevigata\93b52e7b-563b-482d-b12c-59a0b8c1a161.jpg,441,305,305 293 306 278 441,0.5712550282478333
data\raw\val\08875_Plantae_Tracheophyta_Magnoliopsida_Malpighiales_Salicaceae_Salix_laevigata\9c2dc21d-dcea-491a-a2ea-6f8f97558304.jpg,441,345,345 492 418 468 442,0.14308825135231018
data\raw\val\08875_Plantae_Tracheophyta_Magnoliopsida_Malpighiales_Salicaceae_Salix_laevigata\68700a33-f221-482e-a9e6-c42611160317.jpg,441,376,376 284 305 441 309,0.10393443703651428
data\raw\val\08875_Plantae_Tracheophyta_Magnoliopsida_Malpighiales_Salicaceae_Salix_laevigata\43f635a4-6150-4c25-8c9a-9473578f7409.jpg,441,476,476 302 479 417 472,0.09850481152534485
data\raw\val\08875_Plantae_Tracheophyta_Magnoliopsida_Malpighiales_Salicaceae_Salix_laevigata\e06b1b42-9068-41f4-bcda-95c8f741f4a6.jpg,441,73,73 246 274 492 74,0.25292450189590454
data\raw\val\08875_Plantae_Tracheophyta_Magnoliopsida_Malpighiales_Salicaceae_Salix_laevigata\68820fb7-29d1-4835-a413-0cc823c687e4.jpg,441,469,469 468 441 313 451,0.3152218759059906
data\raw\val\08882_Plantae_Tracheophyta_Magnoliopsida_Malpighiales_Violaceae_Melicytus_alpinus\b25c3899-17f5-4a2a-80f6-bf7492859aaa.jpg,442,442,442 313 437 369 348,0.9079229831695557
data\raw\val\08882_Plantae_Tracheophyta_Magnoliopsida_Malpighiales_Violaceae_Melicytus_alpinus\e94bbc12-3308-4fde-ac8b-779e5b46e656.jpg,442,442,442 313 348 437 487,0.8933122158050537
data\raw\val\08882_Plantae_Tracheophyta_Magnoliopsida_Malpighiales_Violaceae_Melicytus_alpinus\987a3e89-fb33-4073-a7ce-9d3a2469d19c.jpg,442,246,246 492 274 73 230,0.41441231966018677
data\raw\val\08882_Plantae_Tracheophyta_Magnoliopsida_Malpighiales_Violaceae_Melicytus_alpinus\3b7be997-4cf7-4f98-830d-ff7b00892402.jpg,442,366,366 257 354 274 315,0.22893378138542175
data\raw\val\08882_Plantae_Tracheophyta_Magnoliopsida_Malpighiales_Violaceae_Melicytus_alpinus\789c86d1-500c-42c7-813a-fc8600c5154e.jpg,442,442,442 313 437 348 189,0.8685184717178345
data\raw\val\08882_Plantae_Tracheophyta_Magnoliopsida_Malpighiales_Violaceae_Melicytus_alpinus\588182ec-dbd3-4115-9fa4-1f9f86209fe5.jpg,442,442,442 313 487 437 2,0.9765506386756897
data\raw\val\08882_Plantae_Tracheophyta_Magnoliopsida_Malpighiales_Violaceae_Melicytus_alpinus\7aa378eb-fddb-43ec-ae59-e8f025d112da.jpg,442,223,223 230 246 9 240,0.19235901534557343
data\raw\val\08882_Plantae_Tracheophyta_Magnoliopsida_Malpighiales_Violaceae_Melicytus_alpinus\6fc3ff02-8587-486d-9b3f-15f1a0ccb21e.jpg,442,442,442 275 487 348 347,0.18183034658432007
data\raw\val\08882_Plantae_Tracheophyta_Magnoliopsida_Malpighiales_Violaceae_Melicytus_alpinus\e8bf6bc6-5856-4c60-b718-bb93481acbfd.jpg,442,275,275 257 487 438 273,0.34991127252578735
data\raw\val\08882_Plantae_Tracheophyta_Magnoliopsida_Malpighiales_Violaceae_Melicytus_alpinus\dae02a06-5ece-4c98-88e7-d79959bb264f.jpg,442,442,442 313 437 348 487,0.9898892045021057
data\raw\val\08888_Plantae_Tracheophyta_Magnoliopsida_Malpighiales_Violaceae_Viola_blanda\5965e72f-d372-47d6-b4d5-a18cacc3e40e.jpg,443,492,492 274 246 442 275,0.516880452632904
data\raw\val\08888_Plantae_Tracheophyta_Magnoliopsida_Malpighiales_Violaceae_Viola_blanda\4b46d32b-c6db-484b-8e3f-3fdfb9cea6fe.jpg,443,240,240 274 246 492 256,0.22768303751945496
data\raw\val\08888_Plantae_Tracheophyta_Magnoliopsida_Malpighiales_Violaceae_Viola_blanda\cba59693-1c05-4c31-9960-37040356b011.jpg,443,274,274 268 315 248 312,0.6186875700950623
data\raw\val\08888_Plantae_Tracheophyta_Magnoliopsida_Malpighiales_Violaceae_Viola_blanda\f4855dd6-4d7d-4c40-9508-45a372be08dc.jpg,443,354,354 347 246 278 495,0.10729756951332092
data\raw\val\08888_Plantae_Tracheophyta_Magnoliopsida_Malpighiales_Violaceae_Viola_blanda\bd59f77a-f162-4ba1-9f70-84561511570f.jpg,443,274,274 344 28 268 487,0.5094282627105713
data\raw\val\08888_Plantae_Tracheophyta_Magnoliopsida_Malpighiales_Violaceae_Viola_blanda\9cc38501-51b0-4faf-bfb0-7c5ae290fcf1.jpg,443,472,472 354 350 482 351,0.3176192045211792
data\raw\val\08888_Plantae_Tracheophyta_Magnoliopsida_Malpighiales_Violaceae_Viola_blanda\8a7a1f85-1e21-42b1-a4b6-9a91cfcfbd48.jpg,443,274,274 351 275 354 246,0.2658247649669647
data\raw\val\08888_Plantae_Tracheophyta_Magnoliopsida_Malpighiales_Violaceae_Viola_blanda\e880e87a-349f-402d-9b9c-1eaa4d52ce04.jpg,443,274,274 347 73 350 451,0.1083097979426384
data\raw\val\08888_Plantae_Tracheophyta_Magnoliopsida_Malpighiales_Violaceae_Viola_blanda\645b92e2-0eca-40a2-93ce-a8d2211ee71e.jpg,443,240,240 302 442 234 309,0.22691042721271515
data\raw\val\08888_Plantae_Tracheophyta_Magnoliopsida_Malpighiales_Violaceae_Viola_blanda\c968198b-660f-40e7-87a6-b5dd8d7a8bfc.jpg,443,262,262 274 246 248 272,0.21716096997261047
data\raw\val\08917_Plantae_Tracheophyta_Magnoliopsida_Malpighiales_Violaceae_Viola_tricolor\83a69685-69f7-42d6-b109-10f04422a0c9.jpg,444,496,496 273 331 466 309,0.2584926187992096
data\raw\val\08917_Plantae_Tracheophyta_Magnoliopsida_Malpighiales_Violaceae_Viola_tricolor\79535cba-9516-4c41-a55d-3e6b42bf02a7.jpg,444,330,330 323 329 328 445,0.10503628849983215
data\raw\val\08917_Plantae_Tracheophyta_Magnoliopsida_Malpighiales_Violaceae_Viola_tricolor\7c9a2cc0-9931-460e-a2ef-8d5a4586f28e.jpg,444,371,371 330 323 350 409,0.12212242931127548
data\raw\val\08917_Plantae_Tracheophyta_Magnoliopsida_Malpighiales_Violaceae_Viola_tricolor\fcc656a0-1c14-41d5-88e1-4eeefe0be8e0.jpg,444,315,315 329 323 409 91,0.3834838569164276
data\raw\val\08917_Plantae_Tracheophyta_Magnoliopsida_Malpighiales_Violaceae_Viola_tricolor\bff8e7e3-8841-4e18-807e-1a6859dbaa4d.jpg,444,426,426 350 91 323 349,0.1945367306470871
data\raw\val\08917_Plantae_Tracheophyta_Magnoliopsida_Malpighiales_Violaceae_Viola_tricolor\b197af3d-650c-4aff-885c-e01ccecf3c9f.jpg,444,351,351 274 354 246 344,0.10980018973350525
data\raw\val\08917_Plantae_Tracheophyta_Magnoliopsida_Malpighiales_Violaceae_Viola_tricolor\6fd11e9f-e21e-4b4a-b95d-9bf6318f7888.jpg,444,350,350 445 371 465 323,0.3268190324306488
data\raw\val\08917_Plantae_Tracheophyta_Magnoliopsida_Malpighiales_Violaceae_Viola_tricolor\f7e54b59-e14f-475b-a845-b6c653a0e626.jpg,444,330,330 426 323 409 445,0.16867469251155853
data\raw\val\08917_Plantae_Tracheophyta_Magnoliopsida_Malpighiales_Violaceae_Viola_tricolor\0dfcfcfa-71fc-46d2-b2a9-18d1ae2012e6.jpg,444,379,379 444 349 371 465,0.08877377957105637
data\raw\val\08917_Plantae_Tracheophyta_Magnoliopsida_Malpighiales_Violaceae_Viola_tricolor\2b6c072a-c7b3-4a05-b5ca-e327ead9d0a8.jpg,444,478,478 91 311 471 460,0.11907211691141129
data\raw\val\08920_Plantae_Tracheophyta_Magnoliopsida_Malvales_Cistaceae_Cistus_albidus\8d420757-05ea-45e3-97e6-6c952b61bf19.jpg,445,366,366 487 344 489 257,0.3845347762107849
data\raw\val\08920_Plantae_Tracheophyta_Magnoliopsida_Malvales_Cistaceae_Cistus_albidus\5af805e2-5e98-49c7-80bd-7afa872789b6.jpg,445,445,445 361 471 371 480,0.6908898949623108
data\raw\val\08920_Plantae_Tracheophyta_Magnoliopsida_Malvales_Cistaceae_Cistus_albidus\c591f446-6954-44d6-91e8-33a76f2e21f6.jpg,445,274,274 361 246 423 136,0.15570278465747833
data\raw\val\08920_Plantae_Tracheophyta_Magnoliopsida_Malvales_Cistaceae_Cistus_albidus\c29484c2-2397-40de-97b4-4fb339f27870.jpg,445,275,275 347 486 348 487,0.37138333916664124
data\raw\val\08920_Plantae_Tracheophyta_Magnoliopsida_Malvales_Cistaceae_Cistus_albidus\f9423dab-cc6e-453b-ab63-f4fc82242337.jpg,445,274,274 361 350 445 246,0.1989457756280899
data\raw\val\08920_Plantae_Tracheophyta_Magnoliopsida_Malvales_Cistaceae_Cistus_albidus\0b72d32c-762d-41bc-ae1b-db271f33173f.jpg,445,274,274 361 62 246 445,0.2679367661476135
data\raw\val\08920_Plantae_Tracheophyta_Magnoliopsida_Malvales_Cistaceae_Cistus_albidus\65826895-7f3d-48e0-bd5b-4be11b645a82.jpg,445,274,274 445 361 424 371,0.09525194019079208
data\raw\val\08920_Plantae_Tracheophyta_Magnoliopsida_Malvales_Cistaceae_Cistus_albidus\c0a9fe4d-abec-4bce-b225-1499540569bb.jpg,445,274,274 344 347 131 350,0.23524370789527893
data\raw\val\08920_Plantae_Tracheophyta_Magnoliopsida_Malvales_Cistaceae_Cistus_albidus\cc6d319c-29e7-4410-9efe-d1f9aebf52df.jpg,445,449,449 427 316 257 379,0.16688208281993866
data\raw\val\08920_Plantae_Tracheophyta_Magnoliopsida_Malvales_Cistaceae_Cistus_albidus\7542089b-031b-4bd3-9677-a01e3eb057c2.jpg,445,361,361 62 445 41 426,0.16849565505981445
data\raw\val\08936_Plantae_Tracheophyta_Magnoliopsida_Malvales_Malvaceae_Callirhoe_pedata\43bdec78-3af6-49e6-bd2b-28a4b54a14c5.jpg,446,274,274 268 254 62 350,0.16992324590682983
data\raw\val\08936_Plantae_Tracheophyta_Magnoliopsida_Malvales_Malvaceae_Callirhoe_pedata\ee04bcd7-80ce-415d-96d0-c272d0a17a59.jpg,446,268,268 274 471 468 344,0.12322146445512772
data\raw\val\08936_Plantae_Tracheophyta_Magnoliopsida_Malvales_Malvaceae_Callirhoe_pedata\521159f0-6f08-456a-8236-42f370e3d343.jpg,446,268,268 267 402 274 295,0.6582634449005127
data\raw\val\08936_Plantae_Tracheophyta_Magnoliopsida_Malvales_Malvaceae_Callirhoe_pedata\bfd4d95d-acd1-4434-953e-4f787b5046a1.jpg,446,409,409 361 302 388 350,0.11342767626047134
data\raw\val\08936_Plantae_Tracheophyta_Magnoliopsida_Malvales_Malvaceae_Callirhoe_pedata\fa247cf0-00e8-4a57-804b-dce0acf63d1c.jpg,446,350,350 354 91 344 451,0.11731619387865067
data\raw\val\08936_Plantae_Tracheophyta_Magnoliopsida_Malvales_Malvaceae_Callirhoe_pedata\158dd89d-0ef0-4369-8050-e3d28839d070.jpg,446,361,361 416 345 362 451,0.12411174923181534
data\raw\val\08936_Plantae_Tracheophyta_Magnoliopsida_Malvales_Malvaceae_Callirhoe_pedata\41cafe2b-6477-434f-948f-3b36f7974eac.jpg,446,347,347 98 73 398 49,0.04850050061941147
data\raw\val\08936_Plantae_Tracheophyta_Magnoliopsida_Malvales_Malvaceae_Callirhoe_pedata\0e026ddc-2bd9-4340-90dd-b91553e714dd.jpg,446,350,350 388 361 379 268,0.1573718786239624
data\raw\val\08936_Plantae_Tracheophyta_Magnoliopsida_Malvales_Malvaceae_Callirhoe_pedata\42b2f57a-acc5-4713-a896-bcd38255463e.jpg,446,381,381 351 491 318 94,0.11269698292016983
data\raw\val\08936_Plantae_Tracheophyta_Magnoliopsida_Malvales_Malvaceae_Callirhoe_pedata\254937d8-20e9-44a5-a6ed-dc1b3a0d11e8.jpg,446,350,350 274 347 388 349,0.09535107016563416
data\raw\val\08946_Plantae_Tracheophyta_Magnoliopsida_Malvales_Malvaceae_Hibiscus_moscheutos\7c55eab5-065c-4dc4-9f60-588a3ca70719.jpg,447,274,274 249 248 268 123,0.1160392314195633
data\raw\val\08946_Plantae_Tracheophyta_Magnoliopsida_Malvales_Malvaceae_Hibiscus_moscheutos\9ffc1e12-6f5a-495f-b804-82b8a0beb637.jpg,447,28,28 96 60 472 70,0.4052542746067047
data\raw\val\08946_Plantae_Tracheophyta_Magnoliopsida_Malvales_Malvaceae_Hibiscus_moscheutos\60067a7b-6c4c-4c00-8450-9b38aa31be3d.jpg,447,246,246 62 354 123 274,0.18112428486347198
data\raw\val\08946_Plantae_Tracheophyta_Magnoliopsida_Malvales_Malvaceae_Hibiscus_moscheutos\518dc858-2b2e-42ce-95ee-8cfd87e4f056.jpg,447,274,274 476 354 451 14,0.16768456995487213
data\raw\val\08946_Plantae_Tracheophyta_Magnoliopsida_Malvales_Malvaceae_Hibiscus_moscheutos\64202f47-f6ff-4f63-9498-69917f24fdc7.jpg,447,361,361 482 416 388 472,0.3210141658782959
data\raw\val\08946_Plantae_Tracheophyta_Magnoliopsida_Malvales_Malvaceae_Hibiscus_moscheutos\3cc6b36d-f225-47cc-8a83-f4ed6b0f8c55.jpg,447,472,472 447 28 482 351,0.2076505720615387
data\raw\val\08946_Plantae_Tracheophyta_Magnoliopsida_Malvales_Malvaceae_Hibiscus_moscheutos\7aa6fd3b-670a-499c-aa96-d71079e65613.jpg,447,274,274 28 378 417 345,0.18113793432712555
data\raw\val\08946_Plantae_Tracheophyta_Magnoliopsida_Malvales_Malvaceae_Hibiscus_moscheutos\fbc4911f-0fb7-4c65-bda7-c95a6882c2c0.jpg,447,471,471 357 472 28 60,0.11149972677230835
data\raw\val\08946_Plantae_Tracheophyta_Magnoliopsida_Malvales_Malvaceae_Hibiscus_moscheutos\a75aef31-0feb-4e30-81c5-9df1d403c054.jpg,447,268,268 246 274 248 249,0.10533501207828522
data\raw\val\08946_Plantae_Tracheophyta_Magnoliopsida_Malvales_Malvaceae_Hibiscus_moscheutos\7be2eadd-3d22-4e05-9434-a47f61e5217c.jpg,447,28,28 357 485 356 447,0.05876373127102852
data\raw\val\08949_Plantae_Tracheophyta_Magnoliopsida_Malvales_Malvaceae_Hibiscus_tiliaceus\00beeeb3-7aff-452a-9f48-1226c756cd10.jpg,448,448,448 476 471 357 461,0.07095608115196228
data\raw\val\08949_Plantae_Tracheophyta_Magnoliopsida_Malvales_Malvaceae_Hibiscus_tiliaceus\0c26a548-27da-4c40-b572-9e5eba8cbb7d.jpg,448,451,451 351 354 274 307,0.056762661784887314
data\raw\val\08949_Plantae_Tracheophyta_Magnoliopsida_Malvales_Malvaceae_Hibiscus_tiliaceus\93b50963-a7fb-4bc6-9b9f-5b39cbc9cedd.jpg,448,451,451 313 52 246 345,0.2280881553888321
data\raw\val\08949_Plantae_Tracheophyta_Magnoliopsida_Malvales_Malvaceae_Hibiscus_tiliaceus\a736f26c-2a27-40ab-8ced-66d41b2aa5a1.jpg,448,274,274 250 268 255 248,0.501194953918457
data\raw\val\08949_Plantae_Tracheophyta_Magnoliopsida_Malvales_Malvaceae_Hibiscus_tiliaceus\d4ed1474-d1f4-4ddf-9a25-6ba5c0185e4a.jpg,448,311,311 86 246 451 400,0.1543835550546646
data\raw\val\08949_Plantae_Tracheophyta_Magnoliopsida_Malvales_Malvaceae_Hibiscus_tiliaceus\1d29c105-364c-4969-9ca6-45a6d82df69e.jpg,448,18,18 448 412 17 19,0.49517685174942017
data\raw\val\08949_Plantae_Tracheophyta_Magnoliopsida_Malvales_Malvaceae_Hibiscus_tiliaceus\d477a5b9-efb3-413d-b28d-5f2243e929f5.jpg,448,448,448 274 477 398 400,0.23081359267234802
data\raw\val\08949_Plantae_Tracheophyta_Magnoliopsida_Malvales_Malvaceae_Hibiscus_tiliaceus\33f87967-8362-4327-b694-5e63a2c597ac.jpg,448,245,245 249 123 62 124,0.11431451886892319
data\raw\val\08949_Plantae_Tracheophyta_Magnoliopsida_Malvales_Malvaceae_Hibiscus_tiliaceus\b9356422-3636-4595-ab1d-317ab4ce8d32.jpg,448,246,246 398 62 399 249,0.20532439649105072
data\raw\val\08949_Plantae_Tracheophyta_Magnoliopsida_Malvales_Malvaceae_Hibiscus_tiliaceus\c515a57f-2fcc-4f4f-888b-c494c73270fc.jpg,448,315,315 471 370 358 372,0.540050745010376
data\raw\val\08954_Plantae_Tracheophyta_Magnoliopsida_Malvales_Malvaceae_Malacothamnus_fasciculatus\118a3e40-bddf-40aa-8363-15d8ce6b6d3f.jpg,449,366,366 371 468 315 449,0.11038899421691895
data\raw\val\08954_Plantae_Tracheophyta_Magnoliopsida_Malvales_Malvaceae_Malacothamnus_fasciculatus\e780a31f-5e0a-469e-9d2c-1d4691890db3.jpg,449,370,370 468 366 484 341,0.19215278327465057
data\raw\val\08954_Plantae_Tracheophyta_Magnoliopsida_Malvales_Malvaceae_Malacothamnus_fasciculatus\04d021bc-51fb-40bb-8181-15ba31b32b59.jpg,449,438,438 472 344 257 354,0.188649982213974
data\raw\val\08954_Plantae_Tracheophyta_Magnoliopsida_Malvales_Malvaceae_Malacothamnus_fasciculatus\63de3081-05ac-4417-bb97-cd602d3cc68a.jpg,449,274,274 246 256 135 240,0.3243272304534912
data\raw\val\08954_Plantae_Tracheophyta_Magnoliopsida_Malvales_Malvaceae_Malacothamnus_fasciculatus\5cb7a55b-cd96-40e3-a8f4-9a5116045753.jpg,449,344,344 351 350 449 275,0.46287357807159424
data\raw\val\08954_Plantae_Tracheophyta_Magnoliopsida_Malvales_Malvaceae_Malacothamnus_fasciculatus\8a681e45-b935-46a4-bf87-9f732fe599a3.jpg,449,275,275 274 312 468 449,0.10472537577152252
data\raw\val\08954_Plantae_Tracheophyta_Magnoliopsida_Malvales_Malvaceae_Malacothamnus_fasciculatus\6084029a-5d49-443a-8275-810c75b4c564.jpg,449,274,274 351 344 246 123,0.3138924539089203
data\raw\val\08954_Plantae_Tracheophyta_Magnoliopsida_Malvales_Malvaceae_Malacothamnus_fasciculatus\7864ee4d-0770-4c4c-a8bd-974dd78a354c.jpg,449,123,123 344 249 351 354,0.5394449234008789
data\raw\val\08954_Plantae_Tracheophyta_Magnoliopsida_Malvales_Malvaceae_Malacothamnus_fasciculatus\47780ca9-2c55-4f78-ab67-831b2ec1374d.jpg,449,468,468 313 274 366 451,0.09967327117919922
data\raw\val\08954_Plantae_Tracheophyta_Magnoliopsida_Malvales_Malvaceae_Malacothamnus_fasciculatus\31568ea5-671d-49b2-bf20-7fd65f3571e0.jpg,449,468,468 364 366 438 437,0.32529017329216003
data\raw\val\09001_Plantae_Tracheophyta_Magnoliopsida_Myrtales_Lythraceae_Lythrum_hyssopifolia\f9ba5c9a-60a2-4017-a84d-c14d025afc6a.jpg,450,309,309 274 371 281 426,0.033004280179739
data\raw\val\09001_Plantae_Tracheophyta_Magnoliopsida_Myrtales_Lythraceae_Lythrum_hyssopifolia\9414d227-81ec-41d7-86ec-9c5bc57d3f29.jpg,450,353,353 438 482 356 287,0.19625313580036163
data\raw\val\09001_Plantae_Tracheophyta_Magnoliopsida_Myrtales_Lythraceae_Lythrum_hyssopifolia\3745d419-f46d-40ad-a76c-95848929001f.jpg,450,274,274 354 345 313 292,0.17502102255821228
data\raw\val\09001_Plantae_Tracheophyta_Magnoliopsida_Myrtales_Lythraceae_Lythrum_hyssopifolia\2e9419b6-b9bc-4f02-a63b-ec57bcd9ff78.jpg,450,315,315 366 274 257 365,0.20264579355716705
data\raw\val\09001_Plantae_Tracheophyta_Magnoliopsida_Myrtales_Lythraceae_Lythrum_hyssopifolia\bd8176f8-e4d9-4f70-a051-1399602e7b29.jpg,450,388,388 423 361 416 350,0.11660508066415787
data\raw\val\09001_Plantae_Tracheophyta_Magnoliopsida_Myrtales_Lythraceae_Lythrum_hyssopifolia\e1eaf11e-92d4-4bc7-af30-0bb6f5635bfe.jpg,450,62,62 354 350 353 344,0.07010693848133087
data\raw\val\09001_Plantae_Tracheophyta_Magnoliopsida_Myrtales_Lythraceae_Lythrum_hyssopifolia\04ddb9d6-cc25-4ee6-9dc3-f51b69978d12.jpg,450,274,274 350 246 456 330,0.18242605030536652
data\raw\val\09001_Plantae_Tracheophyta_Magnoliopsida_Myrtales_Lythraceae_Lythrum_hyssopifolia\b2b9acec-3bb9-4583-ad70-6c9c297118af.jpg,450,344,344 275 361 354 345,0.5934009552001953
data\raw\val\09001_Plantae_Tracheophyta_Magnoliopsida_Myrtales_Lythraceae_Lythrum_hyssopifolia\e1bb611f-7770-4f5d-850e-238830335e85.jpg,450,371,371 19 140 329 339,0.1070702075958252
data\raw\val\09001_Plantae_Tracheophyta_Magnoliopsida_Myrtales_Lythraceae_Lythrum_hyssopifolia\60c0da15-7fd8-47a4-b64b-ffb4737d3b17.jpg,450,246,246 350 366 302 240,0.08373060822486877
data\raw\val\09021_Plantae_Tracheophyta_Magnoliopsida_Myrtales_Myrtaceae_Metrosideros_umbellata\d47ce0a4-4e29-4e0e-9ba0-f177b8c7069f.jpg,451,344,344 451 345 438 356,0.40906211733818054
data\raw\val\09021_Plantae_Tracheophyta_Magnoliopsida_Myrtales_Myrtaceae_Metrosideros_umbellata\26407621-7d39-4a6d-bb77-4984a06c1ec2.jpg,451,278,278 308 498 284 280,0.12494248151779175
data\raw\val\09021_Plantae_Tracheophyta_Magnoliopsida_Myrtales_Myrtaceae_Metrosideros_umbellata\51951167-774e-4056-a588-32184908d442.jpg,451,451,451 356 354 480 438,0.682536244392395
data\raw\val\09021_Plantae_Tracheophyta_Magnoliopsida_Myrtales_Myrtaceae_Metrosideros_umbellata\32c30705-0973-41b6-b458-29b0126a9374.jpg,451,274,274 302 387 320 442,0.12016330659389496
data\raw\val\09021_Plantae_Tracheophyta_Magnoliopsida_Myrtales_Myrtaceae_Metrosideros_umbellata\c1556862-8042-4e27-b79c-09407cefac08.jpg,451,274,274 302 451 131 254,0.10555323958396912
data\raw\val\09021_Plantae_Tracheophyta_Magnoliopsida_Myrtales_Myrtaceae_Metrosideros_umbellata\9d52b8b6-4416-4745-a555-ac6ebdb462c2.jpg,451,313,313 468 442 437 315,0.8341264724731445
data\raw\val\09021_Plantae_Tracheophyta_Magnoliopsida_Myrtales_Myrtaceae_Metrosideros_umbellata\a1a45670-9cf9-4016-86ca-34f66740543c.jpg,451,58,58 99 62 53 254,0.4233952462673187
data\raw\val\09021_Plantae_Tracheophyta_Magnoliopsida_Myrtales_Myrtaceae_Metrosideros_umbellata\c3935224-499d-4560-9731-44788eaec390.jpg,451,451,451 375 353 459 458,0.6605769991874695
data\raw\val\09021_Plantae_Tracheophyta_Magnoliopsida_Myrtales_Myrtaceae_Metrosideros_umbellata\3a948e0f-5ef8-4d42-bd87-a77d28297c29.jpg,451,451,451 375 345 397 441,0.21815502643585205
data\raw\val\09021_Plantae_Tracheophyta_Magnoliopsida_Myrtales_Myrtaceae_Metrosideros_umbellata\eae2dcd8-db49-42a8-a018-bb4b9cb62470.jpg,451,497,497 492 493 397 496,0.2755358815193176
data\raw\val\09022_Plantae_Tracheophyta_Magnoliopsida_Myrtales_Myrtaceae_Myrtus_communis\3f77525f-ce29-4fa5-96f6-ae07386b9aa0.jpg,452,274,274 366 315 350 487,0.6280510425567627
data\raw\val\09022_Plantae_Tracheophyta_Magnoliopsida_Myrtales_Myrtaceae_Myrtus_communis\2b6dfbc8-5b01-43bd-8291-ddc03f5ecd61.jpg,452,274,274 256 492 312 366,0.30060940980911255
data\raw\val\09022_Plantae_Tracheophyta_Magnoliopsida_Myrtales_Myrtaceae_Myrtus_communis\42a791b5-ab8a-47b6-be0f-eade26fcb51d.jpg,452,308,308 451 394 435 433,0.1526876837015152
data\raw\val\09022_Plantae_Tracheophyta_Magnoliopsida_Myrtales_Myrtaceae_Myrtus_communis\db8badeb-944a-4c2d-acda-033bb69c9860.jpg,452,472,472 417 28 354 476,0.24607984721660614
data\raw\val\09022_Plantae_Tracheophyta_Magnoliopsida_Myrtales_Myrtaceae_Myrtus_communis\c6760784-8847-4eba-822d-8778f13189dc.jpg,452,366,366 315 7 438 394,0.1257452666759491
data\raw\val\09022_Plantae_Tracheophyta_Magnoliopsida_Myrtales_Myrtaceae_Myrtus_communis\7cc582f9-1c53-4fc5-a0cd-2d9b26432a7e.jpg,452,366,366 274 487 315 489,0.36786162853240967
data\raw\val\09022_Plantae_Tracheophyta_Magnoliopsida_Myrtales_Myrtaceae_Myrtus_communis\f317c1ed-403d-4e8c-a089-b6179d2715f3.jpg,452,492,492 312 451 460 472,0.11324159801006317
data\raw\val\09022_Plantae_Tracheophyta_Magnoliopsida_Myrtales_Myrtaceae_Myrtus_communis\52e9135e-4c29-4847-861c-cb1612e179f9.jpg,452,274,274 354 246 249 344,0.25045984983444214
data\raw\val\09022_Plantae_Tracheophyta_Magnoliopsida_Myrtales_Myrtaceae_Myrtus_communis\655872e9-0d21-4745-8f13-8146b6bd00fb.jpg,452,315,315 366 487 274 257,0.2871650755405426
data\raw\val\09022_Plantae_Tracheophyta_Magnoliopsida_Myrtales_Myrtaceae_Myrtus_communis\7701445e-215a-4528-8e9b-51c4e8f4db0a.jpg,452,417,417 472 418 275 482,0.2040746808052063
data\raw\val\09033_Plantae_Tracheophyta_Magnoliopsida_Myrtales_Onagraceae_Circaea_lutetiana\d7202c61-a240-4c19-9d12-eec7353a82ee.jpg,453,246,246 492 131 136 274,0.2696695923805237
data\raw\val\09033_Plantae_Tracheophyta_Magnoliopsida_Myrtales_Onagraceae_Circaea_lutetiana\e63576e0-447d-4d8c-a507-8ddbadf371bc.jpg,453,311,311 460 345 406 453,0.25655707716941833
data\raw\val\09033_Plantae_Tracheophyta_Magnoliopsida_Myrtales_Onagraceae_Circaea_lutetiana\a3665420-ee3e-4f56-add4-66dd1ebea38c.jpg,453,378,378 499 388 416 473,0.05798206850886345
data\raw\val\09033_Plantae_Tracheophyta_Magnoliopsida_Myrtales_Onagraceae_Circaea_lutetiana\c16c9c8d-56a8-441d-97a2-480a75efaca9.jpg,453,246,246 344 354 356 353,0.07016514241695404
data\raw\val\09033_Plantae_Tracheophyta_Magnoliopsida_Myrtales_Onagraceae_Circaea_lutetiana\3374ddb7-551a-4906-8a15-c1d4f7fed0cd.jpg,453,274,274 275 312 492 240,0.1723206490278244
data\raw\val\09033_Plantae_Tracheophyta_Magnoliopsida_Myrtales_Onagraceae_Circaea_lutetiana\c39c5477-8f2b-444c-b48c-b9760c5a421b.jpg,453,311,311 492 312 240 246,0.18385818600654602
data\raw\val\09033_Plantae_Tracheophyta_Magnoliopsida_Myrtales_Onagraceae_Circaea_lutetiana\843fabee-f18b-4660-b333-7932cafca6eb.jpg,453,313,313 451 442 468 471,0.43344321846961975
data\raw\val\09033_Plantae_Tracheophyta_Magnoliopsida_Myrtales_Onagraceae_Circaea_lutetiana\81bf5042-57ca-4ef6-83ea-c5e8cb115e56.jpg,453,246,246 274 136 135 312,0.21871869266033173
data\raw\val\09033_Plantae_Tracheophyta_Magnoliopsida_Myrtales_Onagraceae_Circaea_lutetiana\9b02a256-1f0f-4c7f-8643-f95dda50a4c7.jpg,453,312,312 274 451 398 136,0.07034391909837723
data\raw\val\09033_Plantae_Tracheophyta_Magnoliopsida_Myrtales_Onagraceae_Circaea_lutetiana\2be8952e-fefe-4013-815f-04fc0194ef31.jpg,453,274,274 309 329 417 312,0.24818231165409088
data\raw\val\09055_Plantae_Tracheophyta_Magnoliopsida_Myrtales_Onagraceae_Ludwigia_peruviana\938f64db-d681-4683-8d85-221fb0b49050.jpg,454,401,401 268 400 457 345,0.13374455273151398
data\raw\val\09055_Plantae_Tracheophyta_Magnoliopsida_Myrtales_Onagraceae_Ludwigia_peruviana\415d2421-497a-4751-bda5-b98e75bbb38e.jpg,454,274,274 312 400 398 268,0.22894172370433807
data\raw\val\09055_Plantae_Tracheophyta_Magnoliopsida_Myrtales_Onagraceae_Ludwigia_peruviana\ca0ac054-bbc9-42ee-9fd7-2d1d625af7a0.jpg,454,268,268 274 460 382 451,0.4084774851799011
data\raw\val\09055_Plantae_Tracheophyta_Magnoliopsida_Myrtales_Onagraceae_Ludwigia_peruviana\0d05d148-3966-4cd8-9834-bd6b36fd0f6a.jpg,454,274,274 387 460 268 382,0.3488291800022125
data\raw\val\09055_Plantae_Tracheophyta_Magnoliopsida_Myrtales_Onagraceae_Ludwigia_peruviana\e1e727ad-ca20-4a8d-9e6e-136b74e83f2d.jpg,454,387,387 382 325 386 256,0.16709701716899872
data\raw\val\09055_Plantae_Tracheophyta_Magnoliopsida_Myrtales_Onagraceae_Ludwigia_peruviana\b163cb53-f186-4d59-a841-22ed8ff61728.jpg,454,387,387 382 386 256 460,0.10291916131973267
data\raw\val\09055_Plantae_Tracheophyta_Magnoliopsida_Myrtales_Onagraceae_Ludwigia_peruviana\08c82bd6-7e90-4c08-b9db-62ee151de12f.jpg,454,274,274 268 457 312 311,0.22333112359046936
data\raw\val\09055_Plantae_Tracheophyta_Magnoliopsida_Myrtales_Onagraceae_Ludwigia_peruviana\982dc5c9-95f4-43bd-ae32-02dba563cf34.jpg,454,441,441 469 431 376 362,0.26546236872673035
data\raw\val\09055_Plantae_Tracheophyta_Magnoliopsida_Myrtales_Onagraceae_Ludwigia_peruviana\8e4cbfdf-64f3-4ab4-b890-74cca4463e6c.jpg,454,438,438 344 342 364 345,0.11164473742246628
data\raw\val\09055_Plantae_Tracheophyta_Magnoliopsida_Myrtales_Onagraceae_Ludwigia_peruviana\ec0a900d-c1f7-42ee-9da2-07a7e04e494a.jpg,454,382,382 471 460 391 468,0.16664868593215942
data\raw\val\09063_Plantae_Tracheophyta_Magnoliopsida_Myrtales_Onagraceae_Oenothera_gaura\c9b05917-bf0f-4e36-be1d-bf1c04c80fd2.jpg,455,455,455 368 390 377 307,0.8102954626083374
data\raw\val\09063_Plantae_Tracheophyta_Magnoliopsida_Myrtales_Onagraceae_Oenothera_gaura\56849f9b-cd75-48f3-b4c0-a000b21de79a.jpg,455,281,281 388 378 318 304,0.21978434920310974
data\raw\val\09063_Plantae_Tracheophyta_Magnoliopsida_Myrtales_Onagraceae_Oenothera_gaura\89526e9f-f470-4515-9309-1977b49fd6d6.jpg,455,451,451 354 278 353 394,0.08398058265447617
data\raw\val\09063_Plantae_Tracheophyta_Magnoliopsida_Myrtales_Onagraceae_Oenothera_gaura\abf0c5b4-cec9-486d-ada2-9df6ebe9397c.jpg,455,353,353 455 354 344 366,0.309270441532135
data\raw\val\09063_Plantae_Tracheophyta_Magnoliopsida_Myrtales_Onagraceae_Oenothera_gaura\f0729837-7cbc-457b-ba22-398a60675bed.jpg,455,246,246 354 353 476 145,0.08115943521261215
data\raw\val\09063_Plantae_Tracheophyta_Magnoliopsida_Myrtales_Onagraceae_Oenothera_gaura\2c47d0f2-e1a0-418d-851f-ffdbb8766867.jpg,455,417,417 366 455 449 345,0.11465637385845184
data\raw\val\09063_Plantae_Tracheophyta_Magnoliopsida_Myrtales_Onagraceae_Oenothera_gaura\27ed466a-be4f-40f8-b03f-db8881172292.jpg,455,315,315 370 336 421 328,0.6705124378204346
data\raw\val\09063_Plantae_Tracheophyta_Magnoliopsida_Myrtales_Onagraceae_Oenothera_gaura\35d4c4fe-0c3a-4101-98de-592ed476853b.jpg,455,353,353 344 354 377 287,0.1667509526014328
data\raw\val\09063_Plantae_Tracheophyta_Magnoliopsida_Myrtales_Onagraceae_Oenothera_gaura\07c387c2-c5ff-4c3e-88d1-39975f0bdf88.jpg,455,471,471 468 382 356 394,0.32748356461524963
data\raw\val\09063_Plantae_Tracheophyta_Magnoliopsida_Myrtales_Onagraceae_Oenothera_gaura\fbfd1156-a590-4019-be63-a553261336b6.jpg,455,344,344 292 353 356 330,0.07482865452766418
data\raw\val\09085_Plantae_Tracheophyta_Magnoliopsida_Nymphaeales_Nymphaeaceae_Nymphaea_nouchali\8ca301b5-47f4-4dec-9009-f516d7f79b17.jpg,456,456,456 274 323 246 426,0.044349148869514465
data\raw\val\09085_Plantae_Tracheophyta_Magnoliopsida_Nymphaeales_Nymphaeaceae_Nymphaea_nouchali\532ce0ab-c48a-4cae-a060-51394934118e.jpg,456,312,312 438 311 345 424,0.4365430772304535
data\raw\val\09085_Plantae_Tracheophyta_Magnoliopsida_Nymphaeales_Nymphaeaceae_Nymphaea_nouchali\9bc2cc5a-e42e-4f46-8998-29505ba8cac3.jpg,456,330,330 456 315 245 248,0.07029487192630768
data\raw\val\09085_Plantae_Tracheophyta_Magnoliopsida_Nymphaeales_Nymphaeaceae_Nymphaea_nouchali\8d1dfa0c-712a-488b-963e-349646d1cf78.jpg,456,330,330 315 390 336 411,0.16911709308624268
data\raw\val\09085_Plantae_Tracheophyta_Magnoliopsida_Nymphaeales_Nymphaeaceae_Nymphaea_nouchali\1072cfaf-910b-4fea-ac72-8a3ebd9040ff.jpg,456,468,468 357 472 456 123,0.09650878608226776
data\raw\val\09085_Plantae_Tracheophyta_Magnoliopsida_Nymphaeales_Nymphaeaceae_Nymphaea_nouchali\b3feee6b-6d07-49d2-9a30-aa48b505ac9f.jpg,456,274,274 387 312 329 325,0.17742370069026947
data\raw\val\09085_Plantae_Tracheophyta_Magnoliopsida_Nymphaeales_Nymphaeaceae_Nymphaea_nouchali\56c19422-7fa6-454b-b1a1-62e180c67428.jpg,456,361,361 423 417 351 344,0.32752981781959534
data\raw\val\09085_Plantae_Tracheophyta_Magnoliopsida_Nymphaeales_Nymphaeaceae_Nymphaea_nouchali\6f0bc051-9df3-4e43-903e-76f723122492.jpg,456,249,249 245 456 350 248,0.09773888438940048
data\raw\val\09085_Plantae_Tracheophyta_Magnoliopsida_Nymphaeales_Nymphaeaceae_Nymphaea_nouchali\5ae98eba-380d-4bd9-a6d4-cd053494a7b4.jpg,456,274,274 456 28 312 61,0.0826263353228569
data\raw\val\09085_Plantae_Tracheophyta_Magnoliopsida_Nymphaeales_Nymphaeaceae_Nymphaea_nouchali\46642572-49de-4f92-beb4-3afad1f56b64.jpg,456,309,309 274 489 456 417,0.09777206182479858
data\raw\val\09099_Plantae_Tracheophyta_Magnoliopsida_Oxalidales_Oxalidaceae_Oxalis_luteola\a2d802cf-2332-4bde-ade5-1cddbc854f1d.jpg,457,274,274 457 256 329 348,0.11678420752286911
data\raw\val\09099_Plantae_Tracheophyta_Magnoliopsida_Oxalidales_Oxalidaceae_Oxalis_luteola\1cf36018-8a04-4aa9-a20e-4609cea5b80a.jpg,457,274,274 268 398 477 344,0.11596573889255524
data\raw\val\09099_Plantae_Tracheophyta_Magnoliopsida_Oxalidales_Oxalidaceae_Oxalis_luteola\e5361caf-381c-45c9-82e6-649bb328e126.jpg,457,471,471 329 460 468 312,0.1494106501340866
data\raw\val\09099_Plantae_Tracheophyta_Magnoliopsida_Oxalidales_Oxalidaceae_Oxalis_luteola\e9b0f38c-1a99-4106-bc78-9a1b0595dcf7.jpg,457,274,274 329 256 312 468,0.3204883933067322
data\raw\val\09099_Plantae_Tracheophyta_Magnoliopsida_Oxalidales_Oxalidaceae_Oxalis_luteola\cbf88db6-a2fa-4ba9-876f-4a4df596d81a.jpg,457,256,256 246 460 257 391,0.16654358804225922
data\raw\val\09099_Plantae_Tracheophyta_Magnoliopsida_Oxalidales_Oxalidaceae_Oxalis_luteola\98d40740-5934-4eea-a4dd-f95304129833.jpg,457,274,274 256 312 398 457,0.47277548909187317
data\raw\val\09099_Plantae_Tracheophyta_Magnoliopsida_Oxalidales_Oxalidaceae_Oxalis_luteola\55091de8-6f60-41d8-b2b4-ebc24093b6ec.jpg,457,268,268 457 274 438 387,0.605400562286377
data\raw\val\09099_Plantae_Tracheophyta_Magnoliopsida_Oxalidales_Oxalidaceae_Oxalis_luteola\77ca9ac4-2ec0-4c86-b211-b96be8d2dcd5.jpg,457,274,274 387 457 312 401,0.12663234770298004
data\raw\val\09099_Plantae_Tracheophyta_Magnoliopsida_Oxalidales_Oxalidaceae_Oxalis_luteola\5e688212-2b0f-4603-8973-45da09d06c47.jpg,457,387,387 471 382 460 386,0.6278533339500427
data\raw\val\09099_Plantae_Tracheophyta_Magnoliopsida_Oxalidales_Oxalidaceae_Oxalis_luteola\201e2c21-64ba-4540-9afe-ea5dfa477281.jpg,457,376,376 471 356 460 375,0.08772196620702744
data\raw\val\09130_Plantae_Tracheophyta_Magnoliopsida_Proteales_Proteaceae_Leucadendron_salignum\4b21a5d4-4520-487c-a1f6-1cc801ec6cef.jpg,458,353,353 313 354 287 438,0.18163076043128967
data\raw\val\09130_Plantae_Tracheophyta_Magnoliopsida_Proteales_Proteaceae_Leucadendron_salignum\b966e559-0c89-47c4-9bc9-6933579015d3.jpg,458,496,496 305 381 302 309,0.11874336749315262
data\raw\val\09130_Plantae_Tracheophyta_Magnoliopsida_Proteales_Proteaceae_Leucadendron_salignum\dd1826be-30d8-448a-858e-51ea3db9c2b3.jpg,458,322,322 429 418 452 321,0.07546881586313248
data\raw\val\09130_Plantae_Tracheophyta_Magnoliopsida_Proteales_Proteaceae_Leucadendron_salignum\b1504f0a-2fcf-40d9-b34a-c6faba3f372c.jpg,458,273,273 458 459 353 428,0.8580970764160156
data\raw\val\09130_Plantae_Tracheophyta_Magnoliopsida_Proteales_Proteaceae_Leucadendron_salignum\d2277835-75ef-48cd-a5f1-70f2e5ea664b.jpg,458,366,366 313 394 315 451,0.231255441904068
data\raw\val\09130_Plantae_Tracheophyta_Magnoliopsida_Proteales_Proteaceae_Leucadendron_salignum\06181e22-9eb1-45d9-8072-111be862c94e.jpg,458,459,459 375 428 376 458,0.4852617383003235
data\raw\val\09130_Plantae_Tracheophyta_Magnoliopsida_Proteales_Proteaceae_Leucadendron_salignum\b465eb09-369d-4a6d-9633-269733b82dbe.jpg,458,375,375 284 451 459 498,0.21327029168605804
data\raw\val\09130_Plantae_Tracheophyta_Magnoliopsida_Proteales_Proteaceae_Leucadendron_salignum\d48fe06c-4e5e-472b-9838-491f1ce52722.jpg,458,460,460 451 406 345 468,0.20721372961997986
data\raw\val\09130_Plantae_Tracheophyta_Magnoliopsida_Proteales_Proteaceae_Leucadendron_salignum\0f348a83-6172-4440-854c-ba5d707601fe.jpg,458,344,344 350 313 438 471,0.7609739899635315
data\raw\val\09130_Plantae_Tracheophyta_Magnoliopsida_Proteales_Proteaceae_Leucadendron_salignum\b10d6811-131c-40d5-91ae-b40e390affff.jpg,458,274,274 398 249 451 497,0.18177874386310577
data\raw\val\09139_Plantae_Tracheophyta_Magnoliopsida_Proteales_Proteaceae_Protea_repens\9821a387-82e7-41ed-9bc4-7d802f338f2e.jpg,459,459,459 486 366 375 428,0.24718381464481354
data\raw\val\09139_Plantae_Tracheophyta_Magnoliopsida_Proteales_Proteaceae_Protea_repens\1c15f3e5-8392-4f87-9fd6-6b332256c0dc.jpg,459,496,496 305 428 353 302,0.1082453802227974
data\raw\val\09139_Plantae_Tracheophyta_Magnoliopsida_Proteales_Proteaceae_Protea_repens\091fef3e-aed9-40f4-aa95-8562eb974a60.jpg,459,496,496 305 348 353 425,0.17330431938171387
data\raw\val\09139_Plantae_Tracheophyta_Magnoliopsida_Proteales_Proteaceae_Protea_repens\2b295a50-5c77-429d-a6da-7a57e23f7087.jpg,459,486,486 305 365 278 428,0.06917280703783035
data\raw\val\09139_Plantae_Tracheophyta_Magnoliopsida_Proteales_Proteaceae_Protea_repens\9243fc53-81ab-410b-8421-7616edf825bd.jpg,459,451,451 375 460 305 308,0.0476050041615963
data\raw\val\09139_Plantae_Tracheophyta_Magnoliopsida_Proteales_Proteaceae_Protea_repens\d29b94ca-c97f-4224-9df0-8f8ce34260e9.jpg,459,354,354 353 459 486 124,0.18760360777378082
data\raw\val\09139_Plantae_Tracheophyta_Magnoliopsida_Proteales_Proteaceae_Protea_repens\809abe43-f90c-4e99-9536-7434895c8ff5.jpg,459,425,425 458 459 355 361,0.28967851400375366
data\raw\val\09139_Plantae_Tracheophyta_Magnoliopsida_Proteales_Proteaceae_Protea_repens\06adb6b9-907d-4e2a-b4df-36279429c6cc.jpg,459,438,438 470 344 345 353,0.07769162952899933
data\raw\val\09139_Plantae_Tracheophyta_Magnoliopsida_Proteales_Proteaceae_Protea_repens\c2c1d2bd-c1e4-4ad9-a902-83c56a0196ce.jpg,459,313,313 451 468 442 460,0.4991646111011505
data\raw\val\09139_Plantae_Tracheophyta_Magnoliopsida_Proteales_Proteaceae_Protea_repens\6a349686-2638-472c-9238-760c5c3c196e.jpg,459,459,459 354 353 458 284,0.5327708721160889
data\raw\val\09142_Plantae_Tracheophyta_Magnoliopsida_Ranunculales_Berberidaceae_Berberis_aquifolium\d82521ef-3a5f-4ffd-adff-107d46febf3c.jpg,460,274,274 257 451 312 366,0.24501405656337738
data\raw\val\09142_Plantae_Tracheophyta_Magnoliopsida_Ranunculales_Berberidaceae_Berberis_aquifolium\dc189786-0b02-4eb0-a597-27eb87374f56.jpg,460,274,274 246 492 283 476,0.3910948634147644
data\raw\val\09142_Plantae_Tracheophyta_Magnoliopsida_Ranunculales_Berberidaceae_Berberis_aquifolium\f0fa2c78-e842-4cfd-9183-2e88ba02fd09.jpg,460,274,274 350 344 451 313,0.22395305335521698
data\raw\val\09142_Plantae_Tracheophyta_Magnoliopsida_Ranunculales_Berberidaceae_Berberis_aquifolium\2b697a80-5a94-4b25-87ab-9e2f503a754e.jpg,460,460,460 451 487 413 398,0.09053495526313782
data\raw\val\09142_Plantae_Tracheophyta_Magnoliopsida_Ranunculales_Berberidaceae_Berberis_aquifolium\e1b19fc4-55ae-4e7b-a0aa-1af117b10b7e.jpg,460,274,274 460 472 487 312,0.388662725687027
data\raw\val\09142_Plantae_Tracheophyta_Magnoliopsida_Ranunculales_Berberidaceae_Berberis_aquifolium\483d6428-d878-4627-9856-d8b19c476441.jpg,460,460,460 480 356 391 382,0.08326157927513123
data\raw\val\09142_Plantae_Tracheophyta_Magnoliopsida_Ranunculales_Berberidaceae_Berberis_aquifolium\3fbd3a8c-0269-4ece-b83e-3762ddbbe82c.jpg,460,274,274 471 451 490 394,0.11665230244398117
data\raw\val\09142_Plantae_Tracheophyta_Magnoliopsida_Ranunculales_Berberidaceae_Berberis_aquifolium\89bcf806-2fda-47d3-a495-8a6032226d3e.jpg,460,325,325 460 387 386 382,0.1711091250181198
data\raw\val\09142_Plantae_Tracheophyta_Magnoliopsida_Ranunculales_Berberidaceae_Berberis_aquifolium\9dd6a69b-2e76-4134-8473-916c0d9c4733.jpg,460,274,274 398 345 344 249,0.9077208638191223
data\raw\val\09142_Plantae_Tracheophyta_Magnoliopsida_Ranunculales_Berberidaceae_Berberis_aquifolium\9dbea741-d4f9-4be4-bded-31a2b8077e4b.jpg,460,274,274 134 132 136 249,0.8840987086296082
data\raw\val\09186_Plantae_Tracheophyta_Magnoliopsida_Ranunculales_Papaveraceae_Papaver_rhoeas\76fa0581-74d2-483e-9a7e-54dea0d41826.jpg,461,361,361 354 461 476 422,0.12718993425369263
data\raw\val\09186_Plantae_Tracheophyta_Magnoliopsida_Ranunculales_Papaveraceae_Papaver_rhoeas\62a58b9f-815a-45ac-b2e9-59ccf04eada9.jpg,461,62,62 354 246 123 252,0.16501370072364807
data\raw\val\09186_Plantae_Tracheophyta_Magnoliopsida_Ranunculales_Papaveraceae_Papaver_rhoeas\6e68e0fd-38b7-4141-9337-7dd3114ae9b9.jpg,461,344,344 354 345 451 438,0.43013060092926025
data\raw\val\09186_Plantae_Tracheophyta_Magnoliopsida_Ranunculales_Papaveraceae_Papaver_rhoeas\304d841f-6422-4b9d-81ee-2ef663719a3c.jpg,461,268,268 274 58 451 398,0.15330280363559723
data\raw\val\09186_Plantae_Tracheophyta_Magnoliopsida_Ranunculales_Papaveraceae_Papaver_rhoeas\8df90e42-af2b-4202-80f8-90b9894cf55f.jpg,461,274,274 451 58 123 62,0.11890953034162521
data\raw\val\09186_Plantae_Tracheophyta_Magnoliopsida_Ranunculales_Papaveraceae_Papaver_rhoeas\53fa3594-2894-4a33-80ac-b61b53ed0561.jpg,461,274,274 451 268 361 354,0.177168071269989
data\raw\val\09186_Plantae_Tracheophyta_Magnoliopsida_Ranunculales_Papaveraceae_Papaver_rhoeas\9cccff8f-732d-458d-9106-2d76e3274c8f.jpg,461,471,471 460 356 461 363,0.27080038189888
data\raw\val\09186_Plantae_Tracheophyta_Magnoliopsida_Ranunculales_Papaveraceae_Papaver_rhoeas\6dac18d3-f84c-4696-a6ee-0639d5e82eaf.jpg,461,354,354 422 461 476 361,0.19413605332374573
data\raw\val\09186_Plantae_Tracheophyta_Magnoliopsida_Ranunculales_Papaveraceae_Papaver_rhoeas\d349e183-17c1-44ff-9a5d-87d4c6501501.jpg,461,274,274 361 476 123 354,0.31401681900024414
data\raw\val\09186_Plantae_Tracheophyta_Magnoliopsida_Ranunculales_Papaveraceae_Papaver_rhoeas\98750789-308c-4b0b-9823-1d4d677f76e0.jpg,461,354,354 268 422 274 451,0.06660287082195282
data\raw\val\09192_Plantae_Tracheophyta_Magnoliopsida_Ranunculales_Papaveraceae_Stylophorum_diphyllum\e7b413db-e806-41fe-9a5d-3508e61a7c46.jpg,462,275,275 274 370 257 366,0.20965518057346344
data\raw\val\09192_Plantae_Tracheophyta_Magnoliopsida_Ranunculales_Papaveraceae_Stylophorum_diphyllum\6487e89e-4721-4217-b504-79fbc21b8f25.jpg,462,274,274 460 329 256 398,0.2566696107387543
data\raw\val\09192_Plantae_Tracheophyta_Magnoliopsida_Ranunculales_Papaveraceae_Stylophorum_diphyllum\21abb9dd-2d71-4a3e-81ad-ba8764547d3d.jpg,462,274,274 387 91 89 246,0.14058008790016174
data\raw\val\09192_Plantae_Tracheophyta_Magnoliopsida_Ranunculales_Papaveraceae_Stylophorum_diphyllum\16c982f9-24e2-496d-948e-6a72501a9181.jpg,462,274,274 248 398 58 387,0.2630358040332794
data\raw\val\09192_Plantae_Tracheophyta_Magnoliopsida_Ranunculales_Papaveraceae_Stylophorum_diphyllum\b7a9703b-e6f7-43b1-a861-dc58c85333f8.jpg,462,274,274 246 256 492 312,0.3182023763656616
data\raw\val\09192_Plantae_Tracheophyta_Magnoliopsida_Ranunculales_Papaveraceae_Stylophorum_diphyllum\3d620c5c-d015-4b68-892d-92e36e153c59.jpg,462,462,462 398 391 329 382,0.09734474867582321
data\raw\val\09192_Plantae_Tracheophyta_Magnoliopsida_Ranunculales_Papaveraceae_Stylophorum_diphyllum\f5209b20-78a8-4933-a7af-276f969ba587.jpg,462,312,312 311 275 274 256,0.3150566518306732
data\raw\val\09192_Plantae_Tracheophyta_Magnoliopsida_Ranunculales_Papaveraceae_Stylophorum_diphyllum\d0eb3c88-2eb0-42cc-a333-d6e95878431c.jpg,462,382,382 460 356 471 386,0.3635179400444031
data\raw\val\09192_Plantae_Tracheophyta_Magnoliopsida_Ranunculales_Papaveraceae_Stylophorum_diphyllum\1149bbdf-b39b-4270-aa7c-2ec46f38bddf.jpg,462,398,398 274 462 249 387,0.08319423347711563
data\raw\val\09192_Plantae_Tracheophyta_Magnoliopsida_Ranunculales_Papaveraceae_Stylophorum_diphyllum\f2e9f17b-59f7-486d-b595-56188ded817b.jpg,462,274,274 398 17 246 492,0.9714621901512146
data\raw\val\09219_Plantae_Tracheophyta_Magnoliopsida_Ranunculales_Ranunculaceae_Aquilegia_flavescens\eab6e796-cdfd-4578-a308-85b339e7de5e.jpg,463,463,463 491 396 380 432,0.12767992913722992
data\raw\val\09219_Plantae_Tracheophyta_Magnoliopsida_Ranunculales_Ranunculaceae_Aquilegia_flavescens\b10b4144-adca-4433-ae3b-7485596cfe5b.jpg,463,492,492 246 240 275 304,0.23536314070224762
data\raw\val\09219_Plantae_Tracheophyta_Magnoliopsida_Ranunculales_Ranunculaceae_Aquilegia_flavescens\8caebc4e-b6f4-49ef-893b-17f7c6eb87c9.jpg,463,382,382 460 463 454 480,0.24698542058467865
data\raw\val\09219_Plantae_Tracheophyta_Magnoliopsida_Ranunculales_Ranunculaceae_Aquilegia_flavescens\9281710d-4f3a-422a-8b2d-d81a70a55dae.jpg,463,274,274 136 249 246 135,0.13009606301784515
data\raw\val\09219_Plantae_Tracheophyta_Magnoliopsida_Ranunculales_Ranunculaceae_Aquilegia_flavescens\dec02080-dfba-4fb4-847d-37d3d51b9d47.jpg,463,398,398 249 274 397 395,0.2156803160905838
data\raw\val\09219_Plantae_Tracheophyta_Magnoliopsida_Ranunculales_Ranunculaceae_Aquilegia_flavescens\d2175c46-4c99-4615-a8d3-1eea1cb64860.jpg,463,274,274 249 246 268 248,0.8216968774795532
data\raw\val\09219_Plantae_Tracheophyta_Magnoliopsida_Ranunculales_Ranunculaceae_Aquilegia_flavescens\fe71457b-b2ad-445f-a104-6386b0ce5d57.jpg,463,56,56 240 249 137 131,0.10334858298301697
data\raw\val\09219_Plantae_Tracheophyta_Magnoliopsida_Ranunculales_Ranunculaceae_Aquilegia_flavescens\0495ea9e-4086-4dbb-8f9f-af0f6f7867bf.jpg,463,463,463 358 454 292 471,0.5700114965438843
data\raw\val\09219_Plantae_Tracheophyta_Magnoliopsida_Ranunculales_Ranunculaceae_Aquilegia_flavescens\36f9912f-25a6-4eb8-8caa-85e954d485c7.jpg,463,274,274 249 136 398 131,0.11112956702709198
data\raw\val\09219_Plantae_Tracheophyta_Magnoliopsida_Ranunculales_Ranunculaceae_Aquilegia_flavescens\967f1f19-06fe-4a5f-8958-10475f240d3a.jpg,463,132,132 136 135 249 340,0.09841714054346085
data\raw\val\09230_Plantae_Tracheophyta_Magnoliopsida_Ranunculales_Ranunculaceae_Clematis_occidentalis\78b184b0-b430-4164-bd4f-1db49b4ee2e9.jpg,464,306,306 278 347 465 350,0.06466075032949448
data\raw\val\09230_Plantae_Tracheophyta_Magnoliopsida_Ranunculales_Ranunculaceae_Clematis_occidentalis\9622f2ce-a51e-4b97-b653-31d140df226a.jpg,464,274,274 254 354 73 246,0.24218334257602692
data\raw\val\09230_Plantae_Tracheophyta_Magnoliopsida_Ranunculales_Ranunculaceae_Clematis_occidentalis\1d971e87-705f-40bc-bfca-1f5d83dacfbf.jpg,464,274,274 423 417 476 492,0.47236165404319763
data\raw\val\09230_Plantae_Tracheophyta_Magnoliopsida_Ranunculales_Ranunculaceae_Clematis_occidentalis\491dff05-074a-4534-b542-2255dc3026f5.jpg,464,361,361 476 274 246 413,0.23462390899658203
data\raw\val\09230_Plantae_Tracheophyta_Magnoliopsida_Ranunculales_Ranunculaceae_Clematis_occidentalis\b174c180-3d69-49aa-ab3b-2a200b96ab23.jpg,464,464,464 476 349 274 190,0.022627221420407295
data\raw\val\09230_Plantae_Tracheophyta_Magnoliopsida_Ranunculales_Ranunculaceae_Clematis_occidentalis\4db62e95-5674-46de-9778-f157e3da8225.jpg,464,246,246 274 249 354 397,0.16734369099140167
data\raw\val\09230_Plantae_Tracheophyta_Magnoliopsida_Ranunculales_Ranunculaceae_Clematis_occidentalis\e61f5fb7-07e9-4f6b-bd28-d748ca13ee67.jpg,464,354,354 315 350 274 366,0.08713572472333908
data\raw\val\09230_Plantae_Tracheophyta_Magnoliopsida_Ranunculales_Ranunculaceae_Clematis_occidentalis\b9a20da9-bf4a-4923-85b7-fd129e835177.jpg,464,274,274 451 361 423 426,0.08419176936149597
data\raw\val\09230_Plantae_Tracheophyta_Magnoliopsida_Ranunculales_Ranunculaceae_Clematis_occidentalis\1efc47f5-7cff-4cce-a595-1b3bba12ac51.jpg,464,472,472 274 398 492 476,0.12947919964790344
data\raw\val\09230_Plantae_Tracheophyta_Magnoliopsida_Ranunculales_Ranunculaceae_Clematis_occidentalis\48c2e97a-19f2-414e-a1af-af48ca071f94.jpg,464,306,306 293 350 295 491,0.20006383955478668
data\raw\val\09256_Plantae_Tracheophyta_Magnoliopsida_Ranunculales_Ranunculaceae_Pulsatilla_nuttalliana\e7a1374f-2cdf-4ffe-a14e-ca584500957d.jpg,465,268,268 350 262 351 354,0.12530772387981415
data\raw\val\09256_Plantae_Tracheophyta_Magnoliopsida_Ranunculales_Ranunculaceae_Pulsatilla_nuttalliana\d4817916-4291-40c2-ad67-081d485e329f.jpg,465,315,315 354 351 353 190,0.10203244537115097
data\raw\val\09256_Plantae_Tracheophyta_Magnoliopsida_Ranunculales_Ranunculaceae_Pulsatilla_nuttalliana\6282ff3e-580b-477c-a4e5-7f8c439bee21.jpg,465,302,302 25 136 254 301,0.19963376224040985
data\raw\val\09256_Plantae_Tracheophyta_Magnoliopsida_Ranunculales_Ranunculaceae_Pulsatilla_nuttalliana\20b73876-2329-4f0a-bc73-7934c2f3bc5c.jpg,465,348,348 353 354 388 347,0.04661501199007034
data\raw\val\09256_Plantae_Tracheophyta_Magnoliopsida_Ranunculales_Ranunculaceae_Pulsatilla_nuttalliana\f114b63d-782b-4c5a-b08e-b7b4f9a30de2.jpg,465,366,366 324 451 487 394,0.17148937284946442
data\raw\val\09256_Plantae_Tracheophyta_Magnoliopsida_Ranunculales_Ranunculaceae_Pulsatilla_nuttalliana\c9483c61-4d35-4b47-b4bc-5b997105cc5b.jpg,465,329,329 445 274 246 465,0.0532238744199276
data\raw\val\09256_Plantae_Tracheophyta_Magnoliopsida_Ranunculales_Ranunculaceae_Pulsatilla_nuttalliana\d88a39ce-842f-4a5c-aa77-cb31da8d356a.jpg,465,274,274 246 240 70 350,0.07766362279653549
data\raw\val\09256_Plantae_Tracheophyta_Magnoliopsida_Ranunculales_Ranunculaceae_Pulsatilla_nuttalliana\d765560a-fdf2-441a-997a-d2704a0de064.jpg,465,274,274 240 350 246 249,0.189744234085083
data\raw\val\09256_Plantae_Tracheophyta_Magnoliopsida_Ranunculales_Ranunculaceae_Pulsatilla_nuttalliana\6d551826-787a-4dbf-89a1-3b31598c7753.jpg,465,349,349 465 379 464 351,0.1891561597585678
data\raw\val\09256_Plantae_Tracheophyta_Magnoliopsida_Ranunculales_Ranunculaceae_Pulsatilla_nuttalliana\a573bd81-e210-487f-bc15-8880470cd1d6.jpg,465,354,354 353 480 351 350,0.4249090850353241
data\raw\val\09288_Plantae_Tracheophyta_Magnoliopsida_Rosales_Cannabaceae_Cannabis_sativa\f7a06f38-c325-4730-be26-19befaf49203.jpg,466,274,274 74 246 136 73,0.34823256731033325
data\raw\val\09288_Plantae_Tracheophyta_Magnoliopsida_Rosales_Cannabaceae_Cannabis_sativa\7b558354-5da1-4fff-84fb-c84c67e9dd40.jpg,466,466,466 496 305 491 479,0.31324487924575806
data\raw\val\09288_Plantae_Tracheophyta_Magnoliopsida_Rosales_Cannabaceae_Cannabis_sativa\f2cac33f-60a9-4b51-930f-9c5e0315d1d5.jpg,466,489,489 486 497 488 347,0.055621661245822906
data\raw\val\09288_Plantae_Tracheophyta_Magnoliopsida_Rosales_Cannabaceae_Cannabis_sativa\9ad71fb1-7dc2-482b-8377-b2b42d548542.jpg,466,309,309 466 326 299 302,0.5100544691085815
data\raw\val\09288_Plantae_Tracheophyta_Magnoliopsida_Rosales_Cannabaceae_Cannabis_sativa\9dd385e4-778c-4145-8f0c-43186ba30b99.jpg,466,273,273 347 498 494 496,0.13207802176475525
data\raw\val\09288_Plantae_Tracheophyta_Magnoliopsida_Rosales_Cannabaceae_Cannabis_sativa\532d2876-812d-4d4b-ad4c-4179cfe4dd18.jpg,466,496,496 498 493 494 492,0.8631178736686707
data\raw\val\09288_Plantae_Tracheophyta_Magnoliopsida_Rosales_Cannabaceae_Cannabis_sativa\4f68e3bb-1ed8-42ef-9955-f31243927b0d.jpg,466,305,305 302 491 466 362,0.08088065683841705
data\raw\val\09288_Plantae_Tracheophyta_Magnoliopsida_Rosales_Cannabaceae_Cannabis_sativa\ccdadd56-a4f8-4928-abbe-4061168ec732.jpg,466,418,418 432 365 322 391,0.1633431315422058
data\raw\val\09288_Plantae_Tracheophyta_Magnoliopsida_Rosales_Cannabaceae_Cannabis_sativa\f2640255-e18e-4521-916b-079c2f5b8271.jpg,466,466,466 309 415 491 302,0.38782596588134766
data\raw\val\09288_Plantae_Tracheophyta_Magnoliopsida_Rosales_Cannabaceae_Cannabis_sativa\33cc6331-17d1-4c12-bf71-93cf3f9f1d5e.jpg,466,492,492 309 417 419 476,0.2743908762931824
data\raw\val\09309_Plantae_Tracheophyta_Magnoliopsida_Rosales_Moraceae_Ficus_petiolaris\8a365cd8-e48c-4679-af5c-9830c366dbe2.jpg,467,438,438 468 313 471 345,0.4804220497608185
data\raw\val\09309_Plantae_Tracheophyta_Magnoliopsida_Rosales_Moraceae_Ficus_petiolaris\839dcc1a-f6d2-4bd5-96b4-a246c6bd1840.jpg,467,468,468 406 438 356 329,0.3395768702030182
data\raw\val\09309_Plantae_Tracheophyta_Magnoliopsida_Rosales_Moraceae_Ficus_petiolaris\a83b9725-eac8-483c-8838-c453ab44d488.jpg,467,274,274 487 492 490 442,0.40367990732192993
data\raw\val\09309_Plantae_Tracheophyta_Magnoliopsida_Rosales_Moraceae_Ficus_petiolaris\65177d9b-9ce7-4d2e-a79f-4d85784a3217.jpg,467,460,460 365 308 396 498,0.06327898055315018
data\raw\val\09309_Plantae_Tracheophyta_Magnoliopsida_Rosales_Moraceae_Ficus_petiolaris\632cb222-410e-4279-80b1-d9b29e837a2a.jpg,467,496,496 490 348 442 467,0.3244423568248749
data\raw\val\09309_Plantae_Tracheophyta_Magnoliopsida_Rosales_Moraceae_Ficus_petiolaris\f6328e41-0d17-44ff-825f-b906309813a9.jpg,467,441,441 467 397 362 396,0.15076632797718048
data\raw\val\09309_Plantae_Tracheophyta_Magnoliopsida_Rosales_Moraceae_Ficus_petiolaris\b26835a2-2704-4983-b816-c78b404479b9.jpg,467,274,274 246 492 249 136,0.21811380982398987
data\raw\val\09309_Plantae_Tracheophyta_Magnoliopsida_Rosales_Moraceae_Ficus_petiolaris\c6067b88-82b6-4563-9b34-011792dd7fc2.jpg,467,492,492 472 493 476 495,0.14086709916591644
data\raw\val\09309_Plantae_Tracheophyta_Magnoliopsida_Rosales_Moraceae_Ficus_petiolaris\827ac79c-1999-4d31-a7b3-2981b56c4d9d.jpg,467,302,302 304 305 442 428,0.07938273251056671
data\raw\val\09309_Plantae_Tracheophyta_Magnoliopsida_Rosales_Moraceae_Ficus_petiolaris\2ed503e6-f6bd-4f88-ac8a-55d98e8c8fe8.jpg,467,438,438 468 471 364 437,0.326883465051651
data\raw\val\09333_Plantae_Tracheophyta_Magnoliopsida_Rosales_Rhamnaceae_Ceanothus_verrucosus\ba0970b4-edd1-41cd-9f69-87842518ac22.jpg,468,344,344 274 351 27 472,0.40799325704574585
data\raw\val\09333_Plantae_Tracheophyta_Magnoliopsida_Rosales_Rhamnaceae_Ceanothus_verrucosus\00f6891d-2dc0-4886-aee1-cf0416a1ba33.jpg,468,274,274 315 366 344 487,0.2492866963148117
data\raw\val\09333_Plantae_Tracheophyta_Magnoliopsida_Rosales_Rhamnaceae_Ceanothus_verrucosus\3abae90e-1fbc-4270-92c2-c64ebc928e7a.jpg,468,468,468 370 328 329 315,0.29736506938934326
data\raw\val\09333_Plantae_Tracheophyta_Magnoliopsida_Rosales_Rhamnaceae_Ceanothus_verrucosus\8164841f-811e-4d69-96e0-04b9e057179a.jpg,468,468,468 437 438 313 406,0.3834865987300873
data\raw\val\09333_Plantae_Tracheophyta_Magnoliopsida_Rosales_Rhamnaceae_Ceanothus_verrucosus\3a38b570-78cf-4c6a-91ba-34153e0823d2.jpg,468,246,246 274 249 240 137,0.2809751033782959
data\raw\val\09333_Plantae_Tracheophyta_Magnoliopsida_Rosales_Rhamnaceae_Ceanothus_verrucosus\1e8310db-df43-47ec-b313-82ef4f0b03e9.jpg,468,275,275 257 487 366 273,0.9138466715812683
data\raw\val\09333_Plantae_Tracheophyta_Magnoliopsida_Rosales_Rhamnaceae_Ceanothus_verrucosus\38652bb4-050b-4a5b-85e8-c234576ce1a3.jpg,468,438,438 468 313 364 471,0.30188554525375366
data\raw\val\09333_Plantae_Tracheophyta_Magnoliopsida_Rosales_Rhamnaceae_Ceanothus_verrucosus\320bc2a6-f397-4803-b5d0-1cea0ff780a3.jpg,468,274,274 134 442 248 451,0.577008068561554
data\raw\val\09333_Plantae_Tracheophyta_Magnoliopsida_Rosales_Rhamnaceae_Ceanothus_verrucosus\577dceec-017f-4c64-840f-e1ad6a0de371.jpg,468,406,406 468 329 344 438,0.2759176194667816
data\raw\val\09333_Plantae_Tracheophyta_Magnoliopsida_Rosales_Rhamnaceae_Ceanothus_verrucosus\269672b3-07e1-4f1d-992d-e50586a728a2.jpg,468,313,313 438 468 437 364,0.2757789194583893
data\raw\val\09338_Plantae_Tracheophyta_Magnoliopsida_Rosales_Rhamnaceae_Frangula_californica\22445a9f-c6fe-46fe-a509-79ad0b9a2d36.jpg,469,438,438 437 469 468 345,0.9102846384048462
data\raw\val\09338_Plantae_Tracheophyta_Magnoliopsida_Rosales_Rhamnaceae_Frangula_californica\9cbf8940-b372-4ef4-af7c-d5e34bb94312.jpg,469,274,274 246 345 476 136,0.22825776040554047
data\raw\val\09338_Plantae_Tracheophyta_Magnoliopsida_Rosales_Rhamnaceae_Frangula_californica\4de2b9a1-55ef-4157-a639-724f9d570951.jpg,469,441,441 431 397 476 467,0.21592311561107635
data\raw\val\09338_Plantae_Tracheophyta_Magnoliopsida_Rosales_Rhamnaceae_Frangula_californica\0c95f8d4-4a1f-4e07-b029-ac60c902e6e7.jpg,469,246,246 274 136 249 135,0.3154755234718323
data\raw\val\09338_Plantae_Tracheophyta_Magnoliopsida_Rosales_Rhamnaceae_Frangula_californica\c9a283ac-f20c-4ab4-8fe2-4f906fcf911f.jpg,469,312,312 391 275 329 256,0.31045079231262207
data\raw\val\09338_Plantae_Tracheophyta_Magnoliopsida_Rosales_Rhamnaceae_Frangula_californica\f10f3d76-9f9c-4045-a592-70f81b98aeaa.jpg,469,275,275 246 257 354 344,0.2961278259754181
data\raw\val\09338_Plantae_Tracheophyta_Magnoliopsida_Rosales_Rhamnaceae_Frangula_californica\af915332-867d-442a-99fd-0ba17efb38f0.jpg,469,431,431 400 399 357 478,0.10186967253684998
data\raw\val\09338_Plantae_Tracheophyta_Magnoliopsida_Rosales_Rhamnaceae_Frangula_californica\43571e29-5a78-40f0-bf2a-e416a1cd5386.jpg,469,442,442 486 313 348 441,0.12772923707962036
data\raw\val\09338_Plantae_Tracheophyta_Magnoliopsida_Rosales_Rhamnaceae_Frangula_californica\75e68870-882c-4aa9-9f68-f67df810cf58.jpg,469,348,348 369 275 486 394,0.29398587346076965
data\raw\val\09338_Plantae_Tracheophyta_Magnoliopsida_Rosales_Rhamnaceae_Frangula_californica\8f7070eb-d3ec-4593-be8f-51070586b3f8.jpg,469,356,356 469 391 460 451,0.3013466000556946
data\raw\val\09404_Plantae_Tracheophyta_Magnoliopsida_Rosales_Rosaceae_Photinia_serratifolia\0281aff1-b9de-447d-9c1f-aabe9ec6cb72.jpg,470,476,476 399 400 397 451,0.060156021267175674
data\raw\val\09404_Plantae_Tracheophyta_Magnoliopsida_Rosales_Rosaceae_Photinia_serratifolia\bf476747-c56b-46b4-8060-92d0b3255266.jpg,470,471,471 394 460 356 470,0.23821701109409332
data\raw\val\09404_Plantae_Tracheophyta_Magnoliopsida_Rosales_Rosaceae_Photinia_serratifolia\345d7be8-de6c-4575-812a-bdb71a2500fd.jpg,470,451,451 274 487 246 366,0.06435985118150711
data\raw\val\09404_Plantae_Tracheophyta_Magnoliopsida_Rosales_Rosaceae_Photinia_serratifolia\234f64ea-0a75-41f1-9532-18669eff1746.jpg,470,438,438 473 344 482 354,0.17903351783752441
data\raw\val\09404_Plantae_Tracheophyta_Magnoliopsida_Rosales_Rosaceae_Photinia_serratifolia\93fc9f73-62d7-4696-8aec-c8fd97076cdb.jpg,470,274,274 246 312 73 366,0.9901755452156067
data\raw\val\09404_Plantae_Tracheophyta_Magnoliopsida_Rosales_Rosaceae_Photinia_serratifolia\219d8163-26c1-4228-9330-040570830534.jpg,470,274,274 246 311 73 451,0.07388295233249664
data\raw\val\09404_Plantae_Tracheophyta_Magnoliopsida_Rosales_Rosaceae_Photinia_serratifolia\8ade64ef-6c39-4ce9-b6a2-45086a45f80a.jpg,470,311,311 493 495 246 497,0.21959835290908813
data\raw\val\09404_Plantae_Tracheophyta_Magnoliopsida_Rosales_Rosaceae_Photinia_serratifolia\d46c624b-bdd7-4c7b-9a6c-a393c2397d1e.jpg,470,438,438 470 315 394 473,0.215177521109581
data\raw\val\09404_Plantae_Tracheophyta_Magnoliopsida_Rosales_Rosaceae_Photinia_serratifolia\cf617091-81f3-4c1e-9ec1-6151767ef889.jpg,470,451,451 394 460 435 468,0.15349622070789337
data\raw\val\09404_Plantae_Tracheophyta_Magnoliopsida_Rosales_Rosaceae_Photinia_serratifolia\13cbd704-7aa4-4e0e-8e05-9ed7b0a30e56.jpg,470,354,354 353 295 355 482,0.17924727499485016
data\raw\val\09444_Plantae_Tracheophyta_Magnoliopsida_Rosales_Rosaceae_Rosa_bracteata\22e95361-b026-4786-8630-3d0f0fdbadbe.jpg,471,471,471 445 468 460 315,0.9846557378768921
data\raw\val\09444_Plantae_Tracheophyta_Magnoliopsida_Rosales_Rosaceae_Rosa_bracteata\0b2e6592-20ae-438d-b953-e423a2ef6102.jpg,471,471,471 274 329 472 262,0.4236413538455963
data\raw\val\09444_Plantae_Tracheophyta_Magnoliopsida_Rosales_Rosaceae_Rosa_bracteata\1de720f7-f04e-4dc5-ace8-463e1c4fd883.jpg,471,370,370 315 329 471 366,0.4238581955432892
data\raw\val\09444_Plantae_Tracheophyta_Magnoliopsida_Rosales_Rosaceae_Rosa_bracteata\c92fae20-0589-40e0-a03c-6edf41470951.jpg,471,274,274 246 471 329 244,0.7818823456764221
data\raw\val\09444_Plantae_Tracheophyta_Magnoliopsida_Rosales_Rosaceae_Rosa_bracteata\7f9e92a6-83d9-4b12-9e56-ff86ccd3c999.jpg,471,471,471 357 468 445 274,0.7262041568756104
data\raw\val\09444_Plantae_Tracheophyta_Magnoliopsida_Rosales_Rosaceae_Rosa_bracteata\18a317e5-6a25-407d-b679-fcfed2ead970.jpg,471,471,471 315 468 484 313,0.88926762342453
data\raw\val\09444_Plantae_Tracheophyta_Magnoliopsida_Rosales_Rosaceae_Rosa_bracteata\e565241d-9ae9-47e7-b517-92b889e68d49.jpg,471,246,246 274 249 315 91,0.2453930377960205
data\raw\val\09444_Plantae_Tracheophyta_Magnoliopsida_Rosales_Rosaceae_Rosa_bracteata\70b9f122-b1cd-4d41-ab8d-eacf2eca92ff.jpg,471,437,437 468 438 313 469,0.4649520814418793
data\raw\val\09444_Plantae_Tracheophyta_Magnoliopsida_Rosales_Rosaceae_Rosa_bracteata\ef72218b-293d-4b3f-a4e3-6bfef77d4817.jpg,471,399,399 397 60 357 73,0.055484361946582794
data\raw\val\09444_Plantae_Tracheophyta_Magnoliopsida_Rosales_Rosaceae_Rosa_bracteata\83878fe5-68b1-4c4b-952a-a2f4a983b02c.jpg,471,471,471 329 370 315 460,0.4013264775276184
data\raw\val\09460_Plantae_Tracheophyta_Magnoliopsida_Rosales_Rosaceae_Rubus_bifrons\aadaafee-4fbe-4fb1-b63b-0beb441d1461.jpg,472,274,274 312 240 246 311,0.4940393269062042
data\raw\val\09460_Plantae_Tracheophyta_Magnoliopsida_Rosales_Rosaceae_Rubus_bifrons\f581858a-6dce-44d3-9def-04a14b486658.jpg,472,451,451 240 406 311 313,0.15331657230854034
data\raw\val\09460_Plantae_Tracheophyta_Magnoliopsida_Rosales_Rosaceae_Rubus_bifrons\58758649-ae8b-4797-a16b-919cb2ad03bf.jpg,472,497,497 274 489 73 488,0.13364890217781067
data\raw\val\09460_Plantae_Tracheophyta_Magnoliopsida_Rosales_Rosaceae_Rubus_bifrons\c37015c9-7fd4-4631-8e93-0e5d4888f8b4.jpg,472,486,486 489 347 487 488,0.3169573247432709
data\raw\val\09460_Plantae_Tracheophyta_Magnoliopsida_Rosales_Rosaceae_Rubus_bifrons\72033db7-cedc-4211-b36c-94c1e3c5cc51.jpg,472,468,468 472 354 366 394,0.07064752280712128
data\raw\val\09460_Plantae_Tracheophyta_Magnoliopsida_Rosales_Rosaceae_Rubus_bifrons\719726e1-1857-4b3a-b43f-3cb976cc3c5b.jpg,472,486,486 489 490 398 274,0.07995278388261795
data\raw\val\09460_Plantae_Tracheophyta_Magnoliopsida_Rosales_Rosaceae_Rubus_bifrons\c66858d7-111d-4e5a-9975-225aa73a751d.jpg,472,274,274 487 366 315 468,0.618510901927948
data\raw\val\09460_Plantae_Tracheophyta_Magnoliopsida_Rosales_Rosaceae_Rubus_bifrons\040f7fef-98ab-4e50-86f7-2096c546ff5c.jpg,472,472,472 311 495 482 497,0.3225281536579132
data\raw\val\09460_Plantae_Tracheophyta_Magnoliopsida_Rosales_Rosaceae_Rubus_bifrons\4887abd8-3575-4425-83a6-2235c39bf9d9.jpg,472,499,499 471 370 312 317,0.17162349820137024
data\raw\val\09460_Plantae_Tracheophyta_Magnoliopsida_Rosales_Rosaceae_Rubus_bifrons\52f71fd9-c56b-4452-acde-6e2d35532e84.jpg,472,274,274 248 262 309 246,0.2174210548400879
data\raw\val\09468_Plantae_Tracheophyta_Magnoliopsida_Rosales_Rosaceae_Rubus_laciniatus\9872d8ef-5a07-43d8-bef9-084c60040a72.jpg,473,275,275 273 257 370 499,0.34872132539749146
data\raw\val\09468_Plantae_Tracheophyta_Magnoliopsida_Rosales_Rosaceae_Rubus_laciniatus\66bd7ef8-ae88-4250-aa3d-714db7b9d7e0.jpg,473,315,315 487 486 489 490,0.05845149606466293
data\raw\val\09468_Plantae_Tracheophyta_Magnoliopsida_Rosales_Rosaceae_Rubus_laciniatus\26553bc2-639b-47f2-8504-15cd061b2b48.jpg,473,274,274 246 361 311 492,0.2127307504415512
data\raw\val\09468_Plantae_Tracheophyta_Magnoliopsida_Rosales_Rosaceae_Rubus_laciniatus\4d5a7eb4-a2c7-4a29-b2db-1f812986470b.jpg,473,493,493 498 486 489 495,0.0726676806807518
data\raw\val\09468_Plantae_Tracheophyta_Magnoliopsida_Rosales_Rosaceae_Rubus_laciniatus\ba07c373-2e13-4b71-9a35-1d2c930e5939.jpg,473,492,492 274 246 493 275,0.07010403275489807
data\raw\val\09468_Plantae_Tracheophyta_Magnoliopsida_Rosales_Rosaceae_Rubus_laciniatus\bcd64498-6b44-4dae-b814-b2732846e912.jpg,473,499,499 466 309 415 347,0.12074912339448929
data\raw\val\09468_Plantae_Tracheophyta_Magnoliopsida_Rosales_Rosaceae_Rubus_laciniatus\60db9243-1ece-4162-9be1-df7494c242c7.jpg,473,489,489 486 487 274 488,0.15961068868637085
data\raw\val\09468_Plantae_Tracheophyta_Magnoliopsida_Rosales_Rosaceae_Rubus_laciniatus\68c0e1ae-8892-4ce0-9262-62748fe4b645.jpg,473,274,274 246 240 344 451,0.3797774016857147
data\raw\val\09468_Plantae_Tracheophyta_Magnoliopsida_Rosales_Rosaceae_Rubus_laciniatus\9f006a54-e2b5-4498-b2da-2e295d59a0eb.jpg,473,302,302 274 476 366 451,0.11399669200181961
data\raw\val\09468_Plantae_Tracheophyta_Magnoliopsida_Rosales_Rosaceae_Rubus_laciniatus\8457e46e-2815-4a77-a78d-53045230203f.jpg,473,499,499 493 496 397 497,0.1715155839920044
data\raw\val\09476_Plantae_Tracheophyta_Magnoliopsida_Rosales_Rosaceae_Rubus_saxatilis\69bf4aaf-9f57-4b81-8f58-f1600153a4a5.jpg,474,274,274 354 366 451 361,0.35900092124938965
data\raw\val\09476_Plantae_Tracheophyta_Magnoliopsida_Rosales_Rosaceae_Rubus_saxatilis\bccec1c5-c3cd-481f-b279-a571ce01ec46.jpg,474,354,354 344 351 482 361,0.8477984666824341
data\raw\val\09476_Plantae_Tracheophyta_Magnoliopsida_Rosales_Rosaceae_Rubus_saxatilis\02e96774-2e71-4de7-ba54-1a5284e7b1ea.jpg,474,274,274 451 375 476 73,0.9720593690872192
data\raw\val\09476_Plantae_Tracheophyta_Magnoliopsida_Rosales_Rosaceae_Rubus_saxatilis\c9863420-612c-4bda-8c2f-83bbfc957b70.jpg,474,482,482 417 472 473 474,0.21243883669376373
data\raw\val\09476_Plantae_Tracheophyta_Magnoliopsida_Rosales_Rosaceae_Rubus_saxatilis\03fceb70-5495-4582-b4ee-6dfaa1768e91.jpg,474,354,354 351 422 361 344,0.6493918299674988
data\raw\val\09476_Plantae_Tracheophyta_Magnoliopsida_Rosales_Rosaceae_Rubus_saxatilis\2454ae16-ef7d-4f25-ae7f-5e9e855fc6a9.jpg,474,361,361 476 482 354 451,0.30765241384506226
data\raw\val\09476_Plantae_Tracheophyta_Magnoliopsida_Rosales_Rosaceae_Rubus_saxatilis\5c30ef65-8d61-47f3-b5d7-92908eb2ad47.jpg,474,311,311 366 246 451 481,0.09609822928905487
data\raw\val\09476_Plantae_Tracheophyta_Magnoliopsida_Rosales_Rosaceae_Rubus_saxatilis\9de73f95-9216-4af0-a45e-5cec72cb3409.jpg,474,274,274 311 472 417 482,0.1484898179769516
data\raw\val\09476_Plantae_Tracheophyta_Magnoliopsida_Rosales_Rosaceae_Rubus_saxatilis\2109dbc0-a97e-4d04-8a42-6db0fe39f593.jpg,474,491,491 311 302 274 345,0.2445436716079712
data\raw\val\09476_Plantae_Tracheophyta_Magnoliopsida_Rosales_Rosaceae_Rubus_saxatilis\81194746-2b4d-4196-86a9-0ec1846951e7.jpg,474,438,438 344 354 353 364,0.4133787453174591
data\raw\val\09499_Plantae_Tracheophyta_Magnoliopsida_Rosales_Ulmaceae_Ulmus_americana\6627d367-f74b-4001-886a-e80a91ba2a3a.jpg,475,274,274 312 311 246 136,0.17999744415283203
data\raw\val\09499_Plantae_Tracheophyta_Magnoliopsida_Rosales_Ulmaceae_Ulmus_americana\e9f72628-8187-47e6-958f-9c9d74ad987e.jpg,475,354,354 62 246 295 83,0.04886974021792412
data\raw\val\09499_Plantae_Tracheophyta_Magnoliopsida_Rosales_Ulmaceae_Ulmus_americana\ecf710e5-8773-4aef-9880-e1b508ec9d7c.jpg,475,58,58 302 82 73 274,0.09767963737249374
data\raw\val\09499_Plantae_Tracheophyta_Magnoliopsida_Rosales_Ulmaceae_Ulmus_americana\f5588fd3-a3a2-43e8-ad3c-70a96719d998.jpg,475,274,274 312 311 460 246,0.30322614312171936
data\raw\val\09499_Plantae_Tracheophyta_Magnoliopsida_Rosales_Ulmaceae_Ulmus_americana\8fae50f9-e1b3-43f8-a247-ee74d3054ec4.jpg,475,302,302 345 311 438 356,0.12158897519111633
data\raw\val\09499_Plantae_Tracheophyta_Magnoliopsida_Rosales_Ulmaceae_Ulmus_americana\d5111bdc-20dc-444c-8ec2-33b446f2d3b1.jpg,475,302,302 242 345 322 299,0.3529587388038635
data\raw\val\09499_Plantae_Tracheophyta_Magnoliopsida_Rosales_Ulmaceae_Ulmus_americana\555c8462-0ea1-4ec1-8b79-fe55d8295cab.jpg,475,438,438 370 344 471 345,0.17507536709308624
data\raw\val\09499_Plantae_Tracheophyta_Magnoliopsida_Rosales_Ulmaceae_Ulmus_americana\d28ceb15-e1a3-404e-9a50-7017ce97c956.jpg,475,492,492 274 311 246 493,0.20222720503807068
data\raw\val\09499_Plantae_Tracheophyta_Magnoliopsida_Rosales_Ulmaceae_Ulmus_americana\d6756489-618b-4055-9df0-202ce9e314d3.jpg,475,491,491 281 495 309 417,0.18865807354450226
data\raw\val\09499_Plantae_Tracheophyta_Magnoliopsida_Rosales_Ulmaceae_Ulmus_americana\381340cb-0b4e-4236-ac42-b0ee57808c3e.jpg,475,274,274 366 451 246 361,0.651594877243042
data\raw\val\09541_Plantae_Tracheophyta_Magnoliopsida_Sapindales_Anacardiaceae_Rhus_typhina\13dd74ae-855a-41a9-bbcd-3c228653d5a4.jpg,476,479,479 476 382 376 495,0.5340752601623535
data\raw\val\09541_Plantae_Tracheophyta_Magnoliopsida_Sapindales_Anacardiaceae_Rhus_typhina\c0162f5f-7443-4110-a393-50a3d9320cfb.jpg,476,476,476 495 423 417 479,0.3605855405330658
data\raw\val\09541_Plantae_Tracheophyta_Magnoliopsida_Sapindales_Anacardiaceae_Rhus_typhina\f52b0d93-95a8-49ca-abd0-a65785cba568.jpg,476,419,419 476 417 373 388,0.27797719836235046
data\raw\val\09541_Plantae_Tracheophyta_Magnoliopsida_Sapindales_Anacardiaceae_Rhus_typhina\ed59394e-962d-4441-a1db-be92277c23fd.jpg,476,476,476 495 494 496 381,0.4254538416862488
data\raw\val\09541_Plantae_Tracheophyta_Magnoliopsida_Sapindales_Anacardiaceae_Rhus_typhina\4f14d69b-4b9f-4081-aadc-1a8f0f9dc38c.jpg,476,476,476 361 423 274 398,0.828944206237793
data\raw\val\09541_Plantae_Tracheophyta_Magnoliopsida_Sapindales_Anacardiaceae_Rhus_typhina\e364183c-d81c-4a5a-adf2-dee09fa05266.jpg,476,74,74 100 73 77 49,0.29100561141967773
data\raw\val\09541_Plantae_Tracheophyta_Magnoliopsida_Sapindales_Anacardiaceae_Rhus_typhina\f4c6ac0b-f6de-4d61-97ff-8e99490b3b57.jpg,476,476,476 361 423 311 481,0.819901168346405
data\raw\val\09541_Plantae_Tracheophyta_Magnoliopsida_Sapindales_Anacardiaceae_Rhus_typhina\007a9983-bdf1-4893-ad39-e2da05073ce9.jpg,476,476,476 274 278 478 460,0.7994666695594788
data\raw\val\09541_Plantae_Tracheophyta_Magnoliopsida_Sapindales_Anacardiaceae_Rhus_typhina\70d3b981-52b9-42f6-a2f7-1ec377886e31.jpg,476,344,344 406 451 345 460,0.3618234097957611
data\raw\val\09541_Plantae_Tracheophyta_Magnoliopsida_Sapindales_Anacardiaceae_Rhus_typhina\6b05d77f-7336-4569-b280-ed1ca0a632de.jpg,476,354,354 476 422 353 451,0.17216087877750397
data\raw\val\09573_Plantae_Tracheophyta_Magnoliopsida_Sapindales_Sapindaceae_Acer_nigrum\1135213d-92e0-4bc5-baa1-25261f7b35ca.jpg,477,312,312 460 357 448 329,0.39033839106559753
data\raw\val\09573_Plantae_Tracheophyta_Magnoliopsida_Sapindales_Sapindaceae_Acer_nigrum\cd42c39c-6472-4fe5-85e5-983213ceaafa.jpg,477,344,344 438 471 366 382,0.289984792470932
data\raw\val\09573_Plantae_Tracheophyta_Magnoliopsida_Sapindales_Sapindaceae_Acer_nigrum\a96d35e0-476e-4d74-b9b9-8e16fd51e795.jpg,477,302,302 467 304 400 492,0.4394614100456238
data\raw\val\09573_Plantae_Tracheophyta_Magnoliopsida_Sapindales_Sapindaceae_Acer_nigrum\feb23d56-0b4e-49bf-8321-1904c1269b9b.jpg,477,302,302 417 345 234 304,0.245054230093956
data\raw\val\09573_Plantae_Tracheophyta_Magnoliopsida_Sapindales_Sapindaceae_Acer_nigrum\07f2fea7-8a3c-4327-80a6-ba0881941a87.jpg,477,492,492 397 398 493 496,0.15697506070137024
data\raw\val\09573_Plantae_Tracheophyta_Magnoliopsida_Sapindales_Sapindaceae_Acer_nigrum\c6124b1d-0aec-4d31-8405-3f5977f69475.jpg,477,256,256 274 311 398 451,0.08197212964296341
data\raw\val\09573_Plantae_Tracheophyta_Magnoliopsida_Sapindales_Sapindaceae_Acer_nigrum\013af47c-b343-4850-b299-77178f7b556d.jpg,477,274,274 424 83 73 400,0.4458498954772949
data\raw\val\09573_Plantae_Tracheophyta_Magnoliopsida_Sapindales_Sapindaceae_Acer_nigrum\f11f436d-8d2e-4a5f-906e-857d7474e637.jpg,477,468,468 313 356 394 469,0.274549275636673
data\raw\val\09573_Plantae_Tracheophyta_Magnoliopsida_Sapindales_Sapindaceae_Acer_nigrum\b0eaa4ed-f54a-47ef-9b63-f57e3fd4c750.jpg,477,471,471 468 391 460 448,0.2058674544095993
data\raw\val\09573_Plantae_Tracheophyta_Magnoliopsida_Sapindales_Sapindaceae_Acer_nigrum\effb5d40-bcfa-4546-b170-908cf2645f1a.jpg,477,382,382 311 440 471 460,0.21957871317863464
data\raw\val\09584_Plantae_Tracheophyta_Magnoliopsida_Sapindales_Sapindaceae_Aesculus_glabra\59943210-24e2-44db-adaa-9c958db1ff13.jpg,478,489,489 497 476 274 419,0.14271096885204315
data\raw\val\09584_Plantae_Tracheophyta_Magnoliopsida_Sapindales_Sapindaceae_Aesculus_glabra\956be45f-d459-4148-a677-c05941e8d8b3.jpg,478,382,382 400 479 448 357,0.12523989379405975
data\raw\val\09584_Plantae_Tracheophyta_Magnoliopsida_Sapindales_Sapindaceae_Aesculus_glabra\cbb1505b-a581-4c6a-90a7-cb727c75d782.jpg,478,476,476 478 331 479 419,0.3406003713607788
data\raw\val\09584_Plantae_Tracheophyta_Magnoliopsida_Sapindales_Sapindaceae_Aesculus_glabra\a64a5d8c-a322-440d-9a10-d1c181115e35.jpg,478,394,394 362 356 287 468,0.10919103026390076
data\raw\val\09584_Plantae_Tracheophyta_Magnoliopsida_Sapindales_Sapindaceae_Aesculus_glabra\5ee4c730-bf4c-4c30-a6fd-767a5ef2c987.jpg,478,486,486 489 322 365 487,0.20499975979328156
data\raw\val\09584_Plantae_Tracheophyta_Magnoliopsida_Sapindales_Sapindaceae_Aesculus_glabra\722d7aff-8798-4207-a34a-fc402d6df9e7.jpg,478,394,394 478 273 476 308,0.1533660590648651
data\raw\val\09584_Plantae_Tracheophyta_Magnoliopsida_Sapindales_Sapindaceae_Aesculus_glabra\507618bb-2740-491e-b5fc-f1d311f2038b.jpg,478,398,398 490 400 487 497,0.10977747291326523
data\raw\val\09584_Plantae_Tracheophyta_Magnoliopsida_Sapindales_Sapindaceae_Aesculus_glabra\2d595419-3a8a-40cc-b807-bfc494c692a3.jpg,478,441,441 476 400 413 479,0.08849744498729706
data\raw\val\09584_Plantae_Tracheophyta_Magnoliopsida_Sapindales_Sapindaceae_Aesculus_glabra\770fda9b-d2e3-47fa-851e-e34e2547cbca.jpg,478,489,489 476 398 488 283,0.3255847692489624
data\raw\val\09584_Plantae_Tracheophyta_Magnoliopsida_Sapindales_Sapindaceae_Aesculus_glabra\84a70250-060a-4f6d-9138-d01f7ad63cf8.jpg,478,274,274 350 442 246 355,0.06402968615293503
data\raw\val\09593_Plantae_Tracheophyta_Magnoliopsida_Sapindales_Simaroubaceae_Ailanthus_altissima\c6ce3d65-7a91-4b3f-b99b-abd7b2f02fb6.jpg,479,495,495 311 492 493 479,0.6561822295188904
data\raw\val\09593_Plantae_Tracheophyta_Magnoliopsida_Sapindales_Simaroubaceae_Ailanthus_altissima\cc0025e3-343e-4334-b4f2-32a873c2cd91.jpg,479,497,497 492 274 493 476,0.20127345621585846
data\raw\val\09593_Plantae_Tracheophyta_Magnoliopsida_Sapindales_Simaroubaceae_Ailanthus_altissima\2f95c17f-7695-4981-b7b7-4d7051a970a7.jpg,479,354,354 353 308 496 498,0.08006423711776733
data\raw\val\09593_Plantae_Tracheophyta_Magnoliopsida_Sapindales_Simaroubaceae_Ailanthus_altissima\dd0a2685-f407-408c-a087-243adc9f7ce2.jpg,479,468,468 356 431 391 413,0.13538460433483124
data\raw\val\09593_Plantae_Tracheophyta_Magnoliopsida_Sapindales_Simaroubaceae_Ailanthus_altissima\16bc3dff-56b9-4659-b999-de16663a0d92.jpg,479,497,497 495 492 493 417,0.18156805634498596
data\raw\val\09593_Plantae_Tracheophyta_Magnoliopsida_Sapindales_Simaroubaceae_Ailanthus_altissima\81ac8c2d-cb5e-4e8f-acad-85908bf70404.jpg,479,495,495 498 479 494 476,0.5155074000358582
data\raw\val\09593_Plantae_Tracheophyta_Magnoliopsida_Sapindales_Simaroubaceae_Ailanthus_altissima\66e2072f-4f82-4e96-a2ee-547e0b95f7d9.jpg,479,366,366 493 498 275 492,0.17013177275657654
data\raw\val\09593_Plantae_Tracheophyta_Magnoliopsida_Sapindales_Simaroubaceae_Ailanthus_altissima\6b37940a-445a-4f92-b15f-78dc7f43465d.jpg,479,451,451 394 469 356 448,0.2131378948688507
data\raw\val\09593_Plantae_Tracheophyta_Magnoliopsida_Sapindales_Simaroubaceae_Ailanthus_altissima\a43da66b-53de-445d-8260-98df1cc35732.jpg,479,431,431 413 357 311 448,0.07047645002603531
data\raw\val\09593_Plantae_Tracheophyta_Magnoliopsida_Sapindales_Simaroubaceae_Ailanthus_altissima\5dfdc451-efdf-4f31-98d9-8571be9efac7.jpg,479,246,246 313 406 471 350,0.08404799550771713
data\raw\val\09615_Plantae_Tracheophyta_Magnoliopsida_Saxifragales_Crassulaceae_Sedum_lanceolatum\6259768a-7857-4a67-8859-2a76c87ffabd.jpg,480,334,334 480 327 325 376,0.375894159078598
data\raw\val\09615_Plantae_Tracheophyta_Magnoliopsida_Saxifragales_Crassulaceae_Sedum_lanceolatum\56efbf56-9f5a-4062-beaa-132e9273d0cb.jpg,480,366,366 480 327 325 468,0.1490074098110199
data\raw\val\09615_Plantae_Tracheophyta_Magnoliopsida_Saxifragales_Crassulaceae_Sedum_lanceolatum\44e45b46-5503-457c-9b52-16b1bfffe1c4.jpg,480,480,480 334 325 327 460,0.22572192549705505
data\raw\val\09615_Plantae_Tracheophyta_Magnoliopsida_Saxifragales_Crassulaceae_Sedum_lanceolatum\835bc0ed-8d21-442a-abb1-7fd370033a1e.jpg,480,273,273 496 309 353 397,0.7156105637550354
data\raw\val\09615_Plantae_Tracheophyta_Magnoliopsida_Saxifragales_Crassulaceae_Sedum_lanceolatum\6e91b8a8-d04f-4c50-8182-d5f97ddc504a.jpg,480,438,438 353 257 348 344,0.2887791693210602
data\raw\val\09615_Plantae_Tracheophyta_Magnoliopsida_Saxifragales_Crassulaceae_Sedum_lanceolatum\e60b5021-eb81-4d59-a660-af0dc72a126b.jpg,480,257,257 354 480 246 255,0.299189954996109
data\raw\val\09615_Plantae_Tracheophyta_Magnoliopsida_Saxifragales_Crassulaceae_Sedum_lanceolatum\d768e6b6-b947-487b-8db0-91e755329542.jpg,480,275,275 257 353 438 348,0.3669867217540741
data\raw\val\09615_Plantae_Tracheophyta_Magnoliopsida_Saxifragales_Crassulaceae_Sedum_lanceolatum\73bc9d21-814f-436f-89e1-4e00ae36de21.jpg,480,275,275 492 493 145 246,0.28399068117141724
data\raw\val\09615_Plantae_Tracheophyta_Magnoliopsida_Saxifragales_Crassulaceae_Sedum_lanceolatum\546d302e-e0f8-454a-be73-3bd55a87661f.jpg,480,257,257 256 438 312 366,0.14746147394180298
data\raw\val\09615_Plantae_Tracheophyta_Magnoliopsida_Saxifragales_Crassulaceae_Sedum_lanceolatum\6d0d516b-4587-4a38-9a97-68b55460813e.jpg,480,325,325 256 480 389 334,0.17911960184574127
data\raw\val\09636_Plantae_Tracheophyta_Magnoliopsida_Saxifragales_Grossulariaceae_Ribes_rubrum\e8469c79-bc9b-4d3a-9efa-d9bec5fa8e71.jpg,481,366,366 274 275 451 481,0.36715155839920044
data\raw\val\09636_Plantae_Tracheophyta_Magnoliopsida_Saxifragales_Grossulariaceae_Ribes_rubrum\05c93158-62a6-4e31-a268-3517addb50d3.jpg,481,366,366 451 356 460 481,0.12408176064491272
data\raw\val\09636_Plantae_Tracheophyta_Magnoliopsida_Saxifragales_Grossulariaceae_Ribes_rubrum\f62f3e49-360e-4f1f-8aa9-76115287c12e.jpg,481,471,471 460 366 440 451,0.1656285524368286
data\raw\val\09636_Plantae_Tracheophyta_Magnoliopsida_Saxifragales_Grossulariaceae_Ribes_rubrum\03f622cb-49a9-43c5-9fc8-1e663236e721.jpg,481,366,366 486 365 451 480,0.169250950217247
data\raw\val\09636_Plantae_Tracheophyta_Magnoliopsida_Saxifragales_Grossulariaceae_Ribes_rubrum\397f43ca-9afe-4804-81d4-a3bfd862395a.jpg,481,311,311 497 28 472 397,0.0890054926276207
data\raw\val\09636_Plantae_Tracheophyta_Magnoliopsida_Saxifragales_Grossulariaceae_Ribes_rubrum\8e8d6328-e466-4831-a02a-86f8122182f1.jpg,481,240,240 246 136 145 490,0.1821122020483017
data\raw\val\09636_Plantae_Tracheophyta_Magnoliopsida_Saxifragales_Grossulariaceae_Ribes_rubrum\07bec2f0-890b-40d0-a289-4a57b07d356f.jpg,481,246,246 275 492 274 136,0.2241739183664322
data\raw\val\09636_Plantae_Tracheophyta_Magnoliopsida_Saxifragales_Grossulariaceae_Ribes_rubrum\ab559409-45c7-46f0-b1e0-05b217c1b2db.jpg,481,256,256 274 325 391 329,0.13367295265197754
data\raw\val\09636_Plantae_Tracheophyta_Magnoliopsida_Saxifragales_Grossulariaceae_Ribes_rubrum\b3e83bb7-1e35-4a19-bbdb-cbb7287f8dc7.jpg,481,492,492 274 246 493 497,0.5687406063079834
data\raw\val\09636_Plantae_Tracheophyta_Magnoliopsida_Saxifragales_Grossulariaceae_Ribes_rubrum\19a403d6-1415-42d1-844e-189d17300a81.jpg,481,451,451 366 481 362 460,0.31009137630462646
data\raw\val\09639_Plantae_Tracheophyta_Magnoliopsida_Saxifragales_Grossulariaceae_Ribes_triste\3021c4cd-9a2b-496a-8f5a-7cc1c9774ad0.jpg,482,274,274 482 311 489 417,0.09267640113830566
data\raw\val\09639_Plantae_Tracheophyta_Magnoliopsida_Saxifragales_Grossulariaceae_Ribes_triste\f20dabc1-2c31-47e1-b393-6fcc01c1e45d.jpg,482,257,257 438 449 329 348,0.31320464611053467
data\raw\val\09639_Plantae_Tracheophyta_Magnoliopsida_Saxifragales_Grossulariaceae_Ribes_triste\88a579b3-10d0-4a0f-beec-cbd56f7a809d.jpg,482,274,274 492 487 73 451,0.9664098024368286
data\raw\val\09639_Plantae_Tracheophyta_Magnoliopsida_Saxifragales_Grossulariaceae_Ribes_triste\3f3c8eb4-c1f7-4e60-bf3f-e4a0cf3ef2ec.jpg,482,274,274 354 28 246 245,0.20274443924427032
data\raw\val\09639_Plantae_Tracheophyta_Magnoliopsida_Saxifragales_Grossulariaceae_Ribes_triste\76250043-f61d-4142-ba41-68ccea5a60e6.jpg,482,275,275 351 344 354 274,0.21449048817157745
data\raw\val\09639_Plantae_Tracheophyta_Magnoliopsida_Saxifragales_Grossulariaceae_Ribes_triste\644322f5-34e1-487d-8084-0b5e057d3144.jpg,482,246,246 274 275 366 344,0.17713867127895355
data\raw\val\09639_Plantae_Tracheophyta_Magnoliopsida_Saxifragales_Grossulariaceae_Ribes_triste\5d9d3bbd-7b6f-4659-a852-7a45a15e05a9.jpg,482,353,353 354 190 210 273,0.9528815746307373
data\raw\val\09639_Plantae_Tracheophyta_Magnoliopsida_Saxifragales_Grossulariaceae_Ribes_triste\2e04dfe4-7b10-4a4c-b657-aa34dee8230d.jpg,482,438,438 364 356 471 468,0.7316867709159851
data\raw\val\09639_Plantae_Tracheophyta_Magnoliopsida_Saxifragales_Grossulariaceae_Ribes_triste\f52f1f07-0c25-4027-b649-4b4bd62e3194.jpg,482,274,274 487 268 492 375,0.9995995163917542
data\raw\val\09639_Plantae_Tracheophyta_Magnoliopsida_Saxifragales_Grossulariaceae_Ribes_triste\cba98bab-92ef-412d-9d15-ba9cf3ae7b8d.jpg,482,274,274 246 240 74 250,0.9715384840965271
data\raw\val\09644_Plantae_Tracheophyta_Magnoliopsida_Saxifragales_Hamamelidaceae_Hamamelis_virginiana\6bf76fe0-e61e-4ace-8b12-23c5e34044ce.jpg,483,274,274 275 246 311 312,0.12729333341121674
data\raw\val\09644_Plantae_Tracheophyta_Magnoliopsida_Saxifragales_Hamamelidaceae_Hamamelis_virginiana\be5f06e9-02b2-49e3-a961-7286ef306f8b.jpg,483,329,329 468 370 344 328,0.1467828005552292
data\raw\val\09644_Plantae_Tracheophyta_Magnoliopsida_Saxifragales_Hamamelidaceae_Hamamelis_virginiana\f57e4795-7922-4516-8d70-ece0d50343eb.jpg,483,274,274 312 246 366 492,0.7885264754295349
data\raw\val\09644_Plantae_Tracheophyta_Magnoliopsida_Saxifragales_Hamamelidaceae_Hamamelis_virginiana\d97a3f73-8315-4421-8b3a-8bfa3e8fe33d.jpg,483,274,274 269 28 73 83,0.9341369867324829
data\raw\val\09644_Plantae_Tracheophyta_Magnoliopsida_Saxifragales_Hamamelidaceae_Hamamelis_virginiana\b226e74f-7ccd-4362-b302-afdce7425705.jpg,483,274,274 312 256 492 311,0.9772627949714661
data\raw\val\09644_Plantae_Tracheophyta_Magnoliopsida_Saxifragales_Hamamelidaceae_Hamamelis_virginiana\b71a174e-c819-4b0e-9dd2-b3663ce09a1d.jpg,483,274,274 312 311 302 344,0.3882633447647095
data\raw\val\09644_Plantae_Tracheophyta_Magnoliopsida_Saxifragales_Hamamelidaceae_Hamamelis_virginiana\bf2043ba-5bfb-4257-a012-811e5aa7b541.jpg,483,348,348 256 31 259 246,0.03641097620129585
data\raw\val\09644_Plantae_Tracheophyta_Magnoliopsida_Saxifragales_Hamamelidaceae_Hamamelis_virginiana\0548e1b1-5363-43f8-8086-6642a9dc8b55.jpg,483,348,348 320 483 428 353,0.04238899424672127
data\raw\val\09644_Plantae_Tracheophyta_Magnoliopsida_Saxifragales_Hamamelidaceae_Hamamelis_virginiana\582e06e4-707c-4b61-aad1-4815f74dad8b.jpg,483,287,287 311 302 491 345,0.2121608406305313
data\raw\val\09644_Plantae_Tracheophyta_Magnoliopsida_Saxifragales_Hamamelidaceae_Hamamelis_virginiana\9271f2aa-7a85-4f1c-a71e-42a29e08b214.jpg,483,246,246 73 136 135 488,0.04457962140440941
data\raw\val\09659_Plantae_Tracheophyta_Magnoliopsida_Saxifragales_Saxifragaceae_Micranthes_californica\1bfa212f-d5f5-430b-aba2-6fe47b01069b.jpg,484,249,249 246 123 137 344,0.3857421576976776
data\raw\val\09659_Plantae_Tracheophyta_Magnoliopsida_Saxifragales_Saxifragaceae_Micranthes_californica\029eb23f-315a-4bdd-b9f2-9fd0b9a174ae.jpg,484,315,315 484 274 330 372,0.15437424182891846
data\raw\val\09659_Plantae_Tracheophyta_Magnoliopsida_Saxifragales_Saxifragaceae_Micranthes_californica\44afd2f1-156b-4ec3-bca2-0138e05fbd3c.jpg,484,329,329 315 484 371 257,0.2966457009315491
data\raw\val\09659_Plantae_Tracheophyta_Magnoliopsida_Saxifragales_Saxifragaceae_Micranthes_californica\dbad83ca-5ff3-40ad-b071-8a377e2433a4.jpg,484,315,315 371 372 366 471,0.2085682898759842
data\raw\val\09659_Plantae_Tracheophyta_Magnoliopsida_Saxifragales_Saxifragaceae_Micranthes_californica\56dfe6f7-ac4e-4986-8f7f-0c75b0b30791.jpg,484,424,424 487 274 372 329,0.07045673578977585
data\raw\val\09659_Plantae_Tracheophyta_Magnoliopsida_Saxifragales_Saxifragaceae_Micranthes_californica\29a5d3c3-ac3c-48ce-99ea-cf8f685bcae7.jpg,484,471,471 484 315 468 371,0.15447786450386047
data\raw\val\09659_Plantae_Tracheophyta_Magnoliopsida_Saxifragales_Saxifragaceae_Micranthes_californica\37afc4fe-f08b-4234-82fc-68b7e01dde6f.jpg,484,257,257 366 487 315 255,0.33879196643829346
data\raw\val\09659_Plantae_Tracheophyta_Magnoliopsida_Saxifragales_Saxifragaceae_Micranthes_californica\be929f1b-f67d-4abc-ace3-38551f08fb67.jpg,484,371,371 484 372 366 471,0.1962457001209259
data\raw\val\09659_Plantae_Tracheophyta_Magnoliopsida_Saxifragales_Saxifragaceae_Micranthes_californica\ced095b1-98b9-4f45-b136-15be46cd7684.jpg,484,274,274 354 482 350 344,0.28118598461151123
data\raw\val\09659_Plantae_Tracheophyta_Magnoliopsida_Saxifragales_Saxifragaceae_Micranthes_californica\5855f8fe-592c-45d7-b68b-e3a24417c657.jpg,484,371,371 330 315 427 484,0.10246334224939346
data\raw\val\09677_Plantae_Tracheophyta_Magnoliopsida_Solanales_Convolvulaceae_Calystegia_sepium\d46b7512-45e7-4e7b-bb64-15de3007c670.jpg,485,274,274 357 472 492 315,0.10790202021598816
data\raw\val\09677_Plantae_Tracheophyta_Magnoliopsida_Solanales_Convolvulaceae_Calystegia_sepium\639ce297-d27e-47bf-b094-ef79252bf485.jpg,485,274,274 246 17 28 60,0.10237101465463638
data\raw\val\09677_Plantae_Tracheophyta_Magnoliopsida_Solanales_Convolvulaceae_Calystegia_sepium\be064e13-5b0a-42bc-bf53-bc214d2ade74.jpg,485,274,274 268 248 240 312,0.35071811079978943
data\raw\val\09677_Plantae_Tracheophyta_Magnoliopsida_Solanales_Convolvulaceae_Calystegia_sepium\675d52ad-c0c2-49cb-b4e8-1d8b99ab2d0c.jpg,485,492,492 274 246 249 240,0.3723267614841461
data\raw\val\09677_Plantae_Tracheophyta_Magnoliopsida_Solanales_Convolvulaceae_Calystegia_sepium\b1240060-a2b8-47cb-972a-fa571ba4d138.jpg,485,274,274 492 442 398 487,0.9703506827354431
data\raw\val\09677_Plantae_Tracheophyta_Magnoliopsida_Solanales_Convolvulaceae_Calystegia_sepium\53bec666-327b-4045-93c5-2b1300a264d3.jpg,485,274,274 58 62 424 52,0.0679318904876709
data\raw\val\09677_Plantae_Tracheophyta_Magnoliopsida_Solanales_Convolvulaceae_Calystegia_sepium\e455b44b-5cd7-4dea-b1eb-a897a069c88e.jpg,485,274,274 357 398 312 73,0.1762043982744217
data\raw\val\09677_Plantae_Tracheophyta_Magnoliopsida_Solanales_Convolvulaceae_Calystegia_sepium\cbd70072-c69d-4fbb-a51f-7eb3600f637c.jpg,485,472,472 274 357 264 482,0.3114486038684845
data\raw\val\09677_Plantae_Tracheophyta_Magnoliopsida_Solanales_Convolvulaceae_Calystegia_sepium\1a048de3-0037-4eed-89b3-0cf2aa25c702.jpg,485,246,246 262 472 28 57,0.0678887665271759
data\raw\val\09677_Plantae_Tracheophyta_Magnoliopsida_Solanales_Convolvulaceae_Calystegia_sepium\a48beb88-1c48-491d-abd1-c2c33c85156a.jpg,485,240,240 136 246 229 234,0.19236695766448975
data\raw\val\09776_Plantae_Tracheophyta_Pinopsida_Pinales_Cupressaceae_Cupressus_macrocarpa\c4349458-ab83-4f8b-b38c-d2a1467f8885.jpg,486,246,246 348 275 488 9,0.2085997760295868
data\raw\val\09776_Plantae_Tracheophyta_Pinopsida_Pinales_Cupressaceae_Cupressus_macrocarpa\796970de-d39b-45ba-9715-66d655f94e6f.jpg,486,311,311 479 394 413 486,0.22539176046848297
data\raw\val\09776_Plantae_Tracheophyta_Pinopsida_Pinales_Cupressaceae_Cupressus_macrocarpa\0512f624-5f13-44e4-9f47-24de651a0316.jpg,486,356,356 468 451 362 344,0.0715750977396965
data\raw\val\09776_Plantae_Tracheophyta_Pinopsida_Pinales_Cupressaceae_Cupressus_macrocarpa\b2a8f288-d168-45b9-a23a-077e08a210a8.jpg,486,413,413 487 356 468 391,0.20855069160461426
data\raw\val\09776_Plantae_Tracheophyta_Pinopsida_Pinales_Cupressaceae_Cupressus_macrocarpa\0b8216e8-bd57-4b39-abd5-04026820a654.jpg,486,394,394 356 451 448 468,0.07112454622983932
data\raw\val\09776_Plantae_Tracheophyta_Pinopsida_Pinales_Cupressaceae_Cupressus_macrocarpa\53551490-c7da-45ac-b360-b53392494651.jpg,486,486,486 278 489 413 488,0.6883559823036194
data\raw\val\09776_Plantae_Tracheophyta_Pinopsida_Pinales_Cupressaceae_Cupressus_macrocarpa\9fe9b38a-1a9e-4a62-a487-11fee0b800dc.jpg,486,366,366 487 274 451 486,0.248397558927536
data\raw\val\09776_Plantae_Tracheophyta_Pinopsida_Pinales_Cupressaceae_Cupressus_macrocarpa\bce3d540-64a3-41b8-b504-1742f182c504.jpg,486,394,394 451 486 398 442,0.10042142122983932
data\raw\val\09776_Plantae_Tracheophyta_Pinopsida_Pinales_Cupressaceae_Cupressus_macrocarpa\dd515404-002c-4ed5-837f-670b0d116e18.jpg,486,468,468 487 355 391 365,0.10321534425020218
data\raw\val\09776_Plantae_Tracheophyta_Pinopsida_Pinales_Cupressaceae_Cupressus_macrocarpa\bb86ef11-67c7-423d-b4eb-028b1c05b1d7.jpg,486,451,451 362 460 406 311,0.19676999747753143
data\raw\val\09786_Plantae_Tracheophyta_Pinopsida_Pinales_Cupressaceae_Juniperus_osteosperma\d2ed435a-4a26-428e-af03-6be4b1d9c04b.jpg,487,366,366 438 468 487 437,0.20170918107032776
data\raw\val\09786_Plantae_Tracheophyta_Pinopsida_Pinales_Cupressaceae_Juniperus_osteosperma\7f4ce063-94e6-497e-bb20-6025a7d488f5.jpg,487,275,275 344 246 257 283,0.36889705061912537
data\raw\val\09786_Plantae_Tracheophyta_Pinopsida_Pinales_Cupressaceae_Juniperus_osteosperma\121e8d8a-519b-4898-9535-62e350ef7279.jpg,487,468,468 438 313 437 329,0.2395242303609848
data\raw\val\09786_Plantae_Tracheophyta_Pinopsida_Pinales_Cupressaceae_Juniperus_osteosperma\237e33c5-2141-478d-b0dd-0881b9b98530.jpg,487,468,468 313 471 370 460,0.6857967376708984
data\raw\val\09786_Plantae_Tracheophyta_Pinopsida_Pinales_Cupressaceae_Juniperus_osteosperma\2c6207c7-33c9-48a8-9db4-bf701a5bbb2c.jpg,487,438,438 469 433 366 345,0.15571916103363037
data\raw\val\09786_Plantae_Tracheophyta_Pinopsida_Pinales_Cupressaceae_Juniperus_osteosperma\8fce9c7d-fd54-4fe6-81b4-3ce9fc49246b.jpg,487,442,442 487 313 437 369,0.38600587844848633
data\raw\val\09786_Plantae_Tracheophyta_Pinopsida_Pinales_Cupressaceae_Juniperus_osteosperma\175cfbce-ccc0-4fed-b422-019036492227.jpg,487,347,347 353 355 442 348,0.13199186325073242
data\raw\val\09786_Plantae_Tracheophyta_Pinopsida_Pinales_Cupressaceae_Juniperus_osteosperma\dd1e996e-f676-4123-a410-d14720063570.jpg,487,356,356 451 460 468 472,0.13776475191116333
data\raw\val\09786_Plantae_Tracheophyta_Pinopsida_Pinales_Cupressaceae_Juniperus_osteosperma\15b37202-3bf4-41d2-9604-6bf3175aeb57.jpg,487,442,442 313 344 468 350,0.20616371929645538
data\raw\val\09786_Plantae_Tracheophyta_Pinopsida_Pinales_Cupressaceae_Juniperus_osteosperma\58f100f7-2351-419a-b9fb-b6700d594bcd.jpg,487,468,468 313 471 437 315,0.32265785336494446
data\raw\val\09825_Plantae_Tracheophyta_Pinopsida_Pinales_Pinaceae_Pinus_lambertiana\fc17dd84-bb54-4e7e-bb6c-bbf6fcb91503.jpg,488,488,488 398 490 489 274,0.3092842698097229
data\raw\val\09825_Plantae_Tracheophyta_Pinopsida_Pinales_Pinaceae_Pinus_lambertiana\d4e160b7-9d84-4896-9572-90890f2aa4f9.jpg,488,488,488 365 283 73 274,0.09341198205947876
data\raw\val\09825_Plantae_Tracheophyta_Pinopsida_Pinales_Pinaceae_Pinus_lambertiana\307f889b-03db-4408-8435-f900ff005658.jpg,488,355,355 398 375 487 460,0.030336633324623108
data\raw\val\09825_Plantae_Tracheophyta_Pinopsida_Pinales_Pinaceae_Pinus_lambertiana\40249d97-3f7b-43d6-bf78-3833a32e19cb.jpg,488,489,489 488 398 487 486,0.8797420859336853
data\raw\val\09825_Plantae_Tracheophyta_Pinopsida_Pinales_Pinaceae_Pinus_lambertiana\a0fcca74-f999-4919-8aed-db83448bedde.jpg,488,488,488 489 283 278 365,0.38368767499923706
data\raw\val\09825_Plantae_Tracheophyta_Pinopsida_Pinales_Pinaceae_Pinus_lambertiana\4692046a-5db4-4292-81a5-591fc8976385.jpg,488,487,487 413 468 431 396,0.19194141030311584
data\raw\val\09825_Plantae_Tracheophyta_Pinopsida_Pinales_Pinaceae_Pinus_lambertiana\6a008e38-bac3-422a-8d85-468e1a923a72.jpg,488,366,366 489 487 486 370,0.5151152610778809
data\raw\val\09825_Plantae_Tracheophyta_Pinopsida_Pinales_Pinaceae_Pinus_lambertiana\53a611cf-c078-4739-b50a-a12ee64ab0a6.jpg,488,413,413 396 368 210 356,0.6562442779541016
data\raw\val\09825_Plantae_Tracheophyta_Pinopsida_Pinales_Pinaceae_Pinus_lambertiana\26f1acd2-0907-4985-a079-ba0b57b3d937.jpg,488,488,488 398 490 395 489,0.31702741980552673
data\raw\val\09825_Plantae_Tracheophyta_Pinopsida_Pinales_Pinaceae_Pinus_lambertiana\a51318c6-231b-43c2-8e50-e07181c206e0.jpg,488,451,451 394 278 375 366,0.13991941511631012
data\raw\val\09847_Plantae_Tracheophyta_Pinopsida_Pinales_Pinaceae_Tsuga_mertensiana\bc0e03cb-0c10-4e19-a469-5300b281a7bc.jpg,489,451,451 468 471 313 460,0.19508002698421478
data\raw\val\09847_Plantae_Tracheophyta_Pinopsida_Pinales_Pinaceae_Tsuga_mertensiana\3b075d80-05ae-4cfd-aa22-23d52bfeaee7.jpg,489,451,451 345 473 438 375,0.21452350914478302
data\raw\val\09847_Plantae_Tracheophyta_Pinopsida_Pinales_Pinaceae_Tsuga_mertensiana\17b44868-6001-4730-b3d2-97c67c6bb69c.jpg,489,353,353 273 275 451 354,0.18927760422229767
data\raw\val\09847_Plantae_Tracheophyta_Pinopsida_Pinales_Pinaceae_Tsuga_mertensiana\30ef6e9c-40e7-45c5-8c99-ff2a9acf5d9b.jpg,489,278,278 355 365 284 451,0.561569333076477
data\raw\val\09847_Plantae_Tracheophyta_Pinopsida_Pinales_Pinaceae_Tsuga_mertensiana\8c3389f6-a362-4bef-960e-d77109f91994.jpg,489,366,366 364 394 451 471,0.6088000535964966
data\raw\val\09847_Plantae_Tracheophyta_Pinopsida_Pinales_Pinaceae_Tsuga_mertensiana\2ec2c64c-735e-4099-be2f-4b6a9c632756.jpg,489,489,489 486 488 487 278,0.19655290246009827
data\raw\val\09847_Plantae_Tracheophyta_Pinopsida_Pinales_Pinaceae_Tsuga_mertensiana\bba3569f-95ef-4bed-8014-218120a97687.jpg,489,366,366 487 451 460 468,0.15584512054920197
data\raw\val\09847_Plantae_Tracheophyta_Pinopsida_Pinales_Pinaceae_Tsuga_mertensiana\a52d4cec-9ef3-43f5-9c61-e7a51b413634.jpg,489,489,489 488 486 366 487,0.7694756388664246
data\raw\val\09847_Plantae_Tracheophyta_Pinopsida_Pinales_Pinaceae_Tsuga_mertensiana\a38f715b-f332-401e-bb1d-67366595b233.jpg,489,344,344 451 281 345 366,0.3243592083454132
data\raw\val\09847_Plantae_Tracheophyta_Pinopsida_Pinales_Pinaceae_Tsuga_mertensiana\6000dea1-de8f-474e-ac80-51dd4529b084.jpg,489,274,274 366 489 490 487,0.43087801337242126
data\raw\val\09855_Plantae_Tracheophyta_Pinopsida_Pinales_Podocarpaceae_Prumnopitys_taxifolia\818d4975-a3b2-480e-ae3a-5e49db92a173.jpg,490,406,406 394 471 451 434,0.17782728374004364
data\raw\val\09855_Plantae_Tracheophyta_Pinopsida_Pinales_Podocarpaceae_Prumnopitys_taxifolia\1de8d16f-2cd9-4e32-8e9f-6fcaec6070ec.jpg,490,246,246 354 124 302 476,0.19318434596061707
data\raw\val\09855_Plantae_Tracheophyta_Pinopsida_Pinales_Podocarpaceae_Prumnopitys_taxifolia\a258ddee-7b3d-4954-80db-f0a44d51c12c.jpg,490,275,275 492 273 487 490,0.7553795576095581
data\raw\val\09855_Plantae_Tracheophyta_Pinopsida_Pinales_Podocarpaceae_Prumnopitys_taxifolia\f2ab92cb-00a8-49c3-b11f-c08667c0c8e5.jpg,490,471,471 313 356 468 394,0.25534436106681824
data\raw\val\09855_Plantae_Tracheophyta_Pinopsida_Pinales_Podocarpaceae_Prumnopitys_taxifolia\024cecc2-9576-42a7-a588-8fef033b7a44.jpg,490,366,366 257 471 487 315,0.09795402735471725
data\raw\val\09855_Plantae_Tracheophyta_Pinopsida_Pinales_Podocarpaceae_Prumnopitys_taxifolia\25c1cb91-80f7-4623-a59d-32a80bb0e206.jpg,490,496,496 490 493 495 499,0.47159630060195923
data\raw\val\09855_Plantae_Tracheophyta_Pinopsida_Pinales_Podocarpaceae_Prumnopitys_taxifolia\8f8b74cb-6371-4ede-aeec-4ff8dab22584.jpg,490,313,313 471 438 468 451,0.7870712876319885
data\raw\val\09855_Plantae_Tracheophyta_Pinopsida_Pinales_Podocarpaceae_Prumnopitys_taxifolia\53e35a39-f772-4c70-a259-43aefffded87.jpg,490,451,451 313 435 406 394,0.1474420726299286
data\raw\val\09855_Plantae_Tracheophyta_Pinopsida_Pinales_Podocarpaceae_Prumnopitys_taxifolia\9d182a42-5005-47b3-9077-ded031afd72c.jpg,490,438,438 406 468 313 401,0.11001695692539215
data\raw\val\09855_Plantae_Tracheophyta_Pinopsida_Pinales_Podocarpaceae_Prumnopitys_taxifolia\4e608a7e-d2c4-45d2-bcb6-058f2e4c7ee3.jpg,490,281,281 354 490 353 273,0.10230007767677307
data\raw\val\09870_Plantae_Tracheophyta_Polypodiopsida_Equisetales_Equisetaceae_Equisetum_pratense\da42300e-d51f-40b8-bfe8-ca2412ebde24.jpg,491,491,491 322 432 495 479,0.4273828864097595
data\raw\val\09870_Plantae_Tracheophyta_Polypodiopsida_Equisetales_Equisetaceae_Equisetum_pratense\77443d01-a7a1-44ad-8d96-53e35fb7a4fd.jpg,491,491,491 302 296 305 304,0.9323645830154419
data\raw\val\09870_Plantae_Tracheophyta_Polypodiopsida_Equisetales_Equisetaceae_Equisetum_pratense\53468692-5e0d-4ab4-89a4-937b68447748.jpg,491,491,491 302 305 296 281,0.9878981709480286
data\raw\val\09870_Plantae_Tracheophyta_Polypodiopsida_Equisetales_Equisetaceae_Equisetum_pratense\0c479a8b-1ec9-4de3-b2fe-4401acf820b0.jpg,491,273,273 347 490 496 275,0.20397277176380157
data\raw\val\09870_Plantae_Tracheophyta_Polypodiopsida_Equisetales_Equisetaceae_Equisetum_pratense\3706f61e-4459-4c83-961c-4bfc5b6717b7.jpg,491,299,299 451 418 321 394,0.24578504264354706
data\raw\val\09870_Plantae_Tracheophyta_Polypodiopsida_Equisetales_Equisetaceae_Equisetum_pratense\52f9f4ee-ad0d-42f1-a0b3-568b6118f3fe.jpg,491,491,491 495 499 381 304,0.2761830985546112
data\raw\val\09870_Plantae_Tracheophyta_Polypodiopsida_Equisetales_Equisetaceae_Equisetum_pratense\f05aa3b4-454d-4d19-b1a5-bcb124ca9f0d.jpg,491,188,188 302 184 192 196,0.2731494605541229
data\raw\val\09870_Plantae_Tracheophyta_Polypodiopsida_Equisetales_Equisetaceae_Equisetum_pratense\bacdcafa-e05b-4dae-9645-58e5877a6f24.jpg,491,491,491 466 305 302 322,0.9817036986351013
data\raw\val\09870_Plantae_Tracheophyta_Polypodiopsida_Equisetales_Equisetaceae_Equisetum_pratense\0e0fbf7c-0292-45f2-9245-0d962b090fd4.jpg,491,302,302 491 298 299 305,0.3465448021888733
data\raw\val\09870_Plantae_Tracheophyta_Polypodiopsida_Equisetales_Equisetaceae_Equisetum_pratense\04c69973-6789-4002-ac17-0a8d285f4dae.jpg,491,322,322 491 325 295 305,0.13803741335868835
data\raw\val\09907_Plantae_Tracheophyta_Polypodiopsida_Polypodiales_Aspleniaceae_Asplenium_viride\5d5a0b6f-91f9-4675-91cf-e4abc4437430.jpg,492,366,366 370 257 471 315,0.14507266879081726
data\raw\val\09907_Plantae_Tracheophyta_Polypodiopsida_Polypodiales_Aspleniaceae_Asplenium_viride\4d45baee-0995-4dcc-adb3-54c82577d0df.jpg,492,246,246 350 240 242 302,0.13091237843036652
data\raw\val\09907_Plantae_Tracheophyta_Polypodiopsida_Polypodiales_Aspleniaceae_Asplenium_viride\d0c3f690-ff36-45b2-be8d-350b38239aa0.jpg,492,492,492 246 493 274 275,0.9725068807601929
data\raw\val\09907_Plantae_Tracheophyta_Polypodiopsida_Polypodiales_Aspleniaceae_Asplenium_viride\6ed8b1f6-c1e2-4694-9f7e-467364e610a8.jpg,492,492,492 493 246 85 497,0.832029402256012
data\raw\val\09907_Plantae_Tracheophyta_Polypodiopsida_Polypodiales_Aspleniaceae_Asplenium_viride\8fb9023b-c0e0-4d8c-841c-117ba0d5dd67.jpg,492,492,492 246 493 256 497,0.6712815761566162
data\raw\val\09907_Plantae_Tracheophyta_Polypodiopsida_Polypodiales_Aspleniaceae_Asplenium_viride\d77b9d31-c0ff-4d57-8fa0-bf90fcfa3761.jpg,492,492,492 493 246 497 85,0.9586349725723267
data\raw\val\09907_Plantae_Tracheophyta_Polypodiopsida_Polypodiales_Aspleniaceae_Asplenium_viride\191baff8-0c06-47e6-98c9-e8473f81e98b.jpg,492,493,493 492 366 497 488,0.2775900065898895
data\raw\val\09907_Plantae_Tracheophyta_Polypodiopsida_Polypodiales_Aspleniaceae_Asplenium_viride\33fa487e-6b8c-4918-9514-5b7db7ca0076.jpg,492,246,246 366 256 312 492,0.17607511579990387
data\raw\val\09907_Plantae_Tracheophyta_Polypodiopsida_Polypodiales_Aspleniaceae_Asplenium_viride\7973e5a6-2d61-41c4-87f1-2b547e21712f.jpg,492,492,492 493 246 471 460,0.779508113861084
data\raw\val\09907_Plantae_Tracheophyta_Polypodiopsida_Polypodiales_Aspleniaceae_Asplenium_viride\d1b521b2-939d-448c-85bd-5db6d686fe99.jpg,492,366,366 274 489 492 365,0.26184186339378357
data\raw\val\09912_Plantae_Tracheophyta_Polypodiopsida_Polypodiales_Blechnaceae_Blechnum_filiforme\9a662301-b7b3-402e-bb5c-65c6d84b2069.jpg,493,274,274 451 354 435 246,0.11750370264053345
data\raw\val\09912_Plantae_Tracheophyta_Polypodiopsida_Polypodiales_Blechnaceae_Blechnum_filiforme\0c55551e-b4ce-4d18-a656-0c202170fba4.jpg,493,489,489 347 486 354 490,0.11305495351552963
data\raw\val\09912_Plantae_Tracheophyta_Polypodiopsida_Polypodiales_Blechnaceae_Blechnum_filiforme\2543345b-a1e8-4727-9c3f-6fc309fb8338.jpg,493,366,366 315 370 274 471,0.4204924702644348
data\raw\val\09912_Plantae_Tracheophyta_Polypodiopsida_Polypodiales_Blechnaceae_Blechnum_filiforme\7fb4e617-9194-4510-bda9-3b89108a38c9.jpg,493,451,451 394 313 366 487,0.3325022757053375
data\raw\val\09912_Plantae_Tracheophyta_Polypodiopsida_Polypodiales_Blechnaceae_Blechnum_filiforme\f892dd5b-571b-4d06-8a82-556c6880f27a.jpg,493,493,493 492 246 497 498,0.48182305693626404
data\raw\val\09912_Plantae_Tracheophyta_Polypodiopsida_Polypodiales_Blechnaceae_Blechnum_filiforme\911637ac-fcc0-490d-9c16-6f33c2bba9b7.jpg,493,492,492 493 246 495 366,0.41944265365600586
data\raw\val\09912_Plantae_Tracheophyta_Polypodiopsida_Polypodiales_Blechnaceae_Blechnum_filiforme\1b250507-999a-47d9-a23f-f2025aec8b2c.jpg,493,492,492 493 497 246 495,0.566436231136322
data\raw\val\09912_Plantae_Tracheophyta_Polypodiopsida_Polypodiales_Blechnaceae_Blechnum_filiforme\4c5e7566-6252-486e-bbc2-6777c9c9d2a3.jpg,493,366,366 275 492 246 489,0.26502469182014465
data\raw\val\09912_Plantae_Tracheophyta_Polypodiopsida_Polypodiales_Blechnaceae_Blechnum_filiforme\85f68c9b-fda1-4506-9f1b-2631d75487e3.jpg,493,275,275 366 492 493 257,0.36749330163002014
data\raw\val\09912_Plantae_Tracheophyta_Polypodiopsida_Polypodiales_Blechnaceae_Blechnum_filiforme\73d3d051-e56a-4c82-baf1-42e9de36ccca.jpg,493,493,493 492 498 497 496,0.8893130421638489
data\raw\val\09920_Plantae_Tracheophyta_Polypodiopsida_Polypodiales_Blechnaceae_Telmatoblechnum_serrulatum\7065a90b-00e5-4a15-8864-d7f9f6f460b1.jpg,494,491,491 381 495 302 494,0.4150780439376831
data\raw\val\09920_Plantae_Tracheophyta_Polypodiopsida_Polypodiales_Blechnaceae_Telmatoblechnum_serrulatum\0f33d69e-c36e-4f5b-972e-b1d55eaf901f.jpg,494,498,498 494 493 495 479,0.406368225812912
data\raw\val\09920_Plantae_Tracheophyta_Polypodiopsida_Polypodiales_Blechnaceae_Telmatoblechnum_serrulatum\628295d0-8fef-4977-b78e-d4e16531dfe5.jpg,494,492,492 274 489 497 486,0.13039612770080566
data\raw\val\09920_Plantae_Tracheophyta_Polypodiopsida_Polypodiales_Blechnaceae_Telmatoblechnum_serrulatum\7e4fa682-3947-4326-a7f4-813302948d4d.jpg,494,311,311 493 312 492 460,0.12653015553951263
data\raw\val\09920_Plantae_Tracheophyta_Polypodiopsida_Polypodiales_Blechnaceae_Telmatoblechnum_serrulatum\71572310-253f-43ed-9b8c-cf00bd30f960.jpg,494,498,498 406 345 362 495,0.1254541277885437
data\raw\val\09920_Plantae_Tracheophyta_Polypodiopsida_Polypodiales_Blechnaceae_Telmatoblechnum_serrulatum\d1062d65-dace-4885-b2ee-7a78f5e63476.jpg,494,496,496 497 397 131 136,0.18482431769371033
data\raw\val\09920_Plantae_Tracheophyta_Polypodiopsida_Polypodiales_Blechnaceae_Telmatoblechnum_serrulatum\2463330f-f8e3-4226-8bd4-41e2873cce05.jpg,494,498,498 494 479 278 493,0.5027138590812683
data\raw\val\09920_Plantae_Tracheophyta_Polypodiopsida_Polypodiales_Blechnaceae_Telmatoblechnum_serrulatum\e4843d71-1bce-4c88-babc-a964efc98cb7.jpg,494,498,498 492 493 494 497,0.1179707869887352
data\raw\val\09920_Plantae_Tracheophyta_Polypodiopsida_Polypodiales_Blechnaceae_Telmatoblechnum_serrulatum\b5405f28-512c-49ab-85bd-642b434b0c18.jpg,494,275,275 345 362 498 491,0.1817724108695984
data\raw\val\09920_Plantae_Tracheophyta_Polypodiopsida_Polypodiales_Blechnaceae_Telmatoblechnum_serrulatum\880a0c92-801b-446c-b56e-f50869bf4c10.jpg,494,498,498 494 493 495 492,0.3764823079109192
data\raw\val\09932_Plantae_Tracheophyta_Polypodiopsida_Polypodiales_Dennstaedtiaceae_Pteridium_aquilinum\4d42813d-ac4b-409c-a26d-6a351454f5ce.jpg,495,495,495 479 497 493 381,0.9580277800559998
data\raw\val\09932_Plantae_Tracheophyta_Polypodiopsida_Polypodiales_Dennstaedtiaceae_Pteridium_aquilinum\c7463265-4d88-433f-8dd6-741c9028006a.jpg,495,274,274 487 246 492 283,0.8891357183456421
data\raw\val\09932_Plantae_Tracheophyta_Polypodiopsida_Polypodiales_Dennstaedtiaceae_Pteridium_aquilinum\f5a83683-9b6a-43df-b940-2fffc8d47fc0.jpg,495,495,495 492 493 311 497,0.39709997177124023
data\raw\val\09932_Plantae_Tracheophyta_Polypodiopsida_Polypodiales_Dennstaedtiaceae_Pteridium_aquilinum\1d2cca59-e149-4b81-8b02-10bd760b7e5a.jpg,495,495,495 493 494 498 479,0.9376471638679504
data\raw\val\09932_Plantae_Tracheophyta_Polypodiopsida_Polypodiales_Dennstaedtiaceae_Pteridium_aquilinum\dd5abe94-59de-4fb0-9a28-93257c46ed82.jpg,495,495,495 497 494 479 493,0.413820743560791
data\raw\val\09932_Plantae_Tracheophyta_Polypodiopsida_Polypodiales_Dennstaedtiaceae_Pteridium_aquilinum\3d2d5289-b333-45bc-aae9-1eb8bd7b409b.jpg,495,495,495 497 499 381 479,0.9840601682662964
data\raw\val\09932_Plantae_Tracheophyta_Polypodiopsida_Polypodiales_Dennstaedtiaceae_Pteridium_aquilinum\20775e58-90f9-493d-bdac-1a740d40cfb7.jpg,495,438,438 364 437 471 313,0.21803316473960876
data\raw\val\09932_Plantae_Tracheophyta_Polypodiopsida_Polypodiales_Dennstaedtiaceae_Pteridium_aquilinum\267f9691-a789-47d5-b40d-ffe1e47a7201.jpg,495,499,499 491 366 471 394,0.1303291767835617
data\raw\val\09932_Plantae_Tracheophyta_Polypodiopsida_Polypodiales_Dennstaedtiaceae_Pteridium_aquilinum\4655c4cf-0350-45fe-8a84-6475d37e82ff.jpg,495,495,495 494 498 493 499,0.5585781335830688
data\raw\val\09932_Plantae_Tracheophyta_Polypodiopsida_Polypodiales_Dennstaedtiaceae_Pteridium_aquilinum\f4bdc98a-9ba6-43b5-8230-bcd3db8e104e.jpg,495,495,495 493 498 494 479,0.9273908138275146
data\raw\val\09955_Plantae_Tracheophyta_Polypodiopsida_Polypodiales_Polypodiaceae_Microsorum_scandens\ce403fb6-aa9f-4687-ac2a-1ce4f3f1b83b.jpg,496,496,496 493 495 492 491,0.5612601637840271
data\raw\val\09955_Plantae_Tracheophyta_Polypodiopsida_Polypodiales_Polypodiaceae_Microsorum_scandens\37638f0d-aa93-4a21-aae1-af7946d76617.jpg,496,496,496 498 490 493 492,0.5336455702781677
data\raw\val\09955_Plantae_Tracheophyta_Polypodiopsida_Polypodiales_Polypodiaceae_Microsorum_scandens\a2895fb5-ec27-494e-98da-5b0629c2b37a.jpg,496,492,492 246 136 496 493,0.14289182424545288
data\raw\val\09955_Plantae_Tracheophyta_Polypodiopsida_Polypodiales_Polypodiaceae_Microsorum_scandens\40dcb29a-bfbe-4ed3-a0fa-66ee989e9be5.jpg,496,391,391 376 305 479 497,0.27329593896865845
data\raw\val\09955_Plantae_Tracheophyta_Polypodiopsida_Polypodiales_Polypodiaceae_Microsorum_scandens\e0952fcf-3005-496e-b3e9-c1ade8e72302.jpg,496,496,496 492 275 493 495,0.3533160090446472
data\raw\val\09955_Plantae_Tracheophyta_Polypodiopsida_Polypodiales_Polypodiaceae_Microsorum_scandens\11c8c820-56dc-4542-9d9c-8a1543ba33dc.jpg,496,492,492 275 365 354 366,0.13785308599472046
data\raw\val\09955_Plantae_Tracheophyta_Polypodiopsida_Polypodiales_Polypodiaceae_Microsorum_scandens\df7c5c82-8167-45f7-ba9e-149ab06e3e7c.jpg,496,496,496 493 492 275 497,0.7093223333358765
data\raw\val\09955_Plantae_Tracheophyta_Polypodiopsida_Polypodiales_Polypodiaceae_Microsorum_scandens\56e0e4cb-982a-4cc4-9028-dc72450c054a.jpg,496,496,496 493 492 498 497,0.9505134224891663
data\raw\val\09955_Plantae_Tracheophyta_Polypodiopsida_Polypodiales_Polypodiaceae_Microsorum_scandens\798e268d-9654-4df1-8819-235f387570e2.jpg,496,492,492 493 496 305 498,0.4038362205028534
data\raw\val\09955_Plantae_Tracheophyta_Polypodiopsida_Polypodiales_Polypodiaceae_Microsorum_scandens\25ceaff3-fc26-4cdc-aaea-3b060da58045.jpg,496,496,496 489 73 302 491,0.14227072894573212
data\raw\val\09958_Plantae_Tracheophyta_Polypodiopsida_Polypodiales_Polypodiaceae_Pleopeltis_michauxiana\28c6f146-70f1-47e2-83ab-53733014d552.jpg,497,492,492 497 311 493 495,0.28515923023223877
data\raw\val\09958_Plantae_Tracheophyta_Polypodiopsida_Polypodiales_Polypodiaceae_Pleopeltis_michauxiana\b2bd729c-4e2a-4682-b8e5-90283a1ce4d5.jpg,497,493,493 492 495 497 499,0.3308410048484802
data\raw\val\09958_Plantae_Tracheophyta_Polypodiopsida_Polypodiales_Polypodiaceae_Pleopeltis_michauxiana\0e49b5a9-1788-4b44-bd74-94f9aa2cbc5a.jpg,497,451,451 308 394 362 460,0.22299282252788544
data\raw\val\09958_Plantae_Tracheophyta_Polypodiopsida_Polypodiales_Polypodiaceae_Pleopeltis_michauxiana\4097be7a-74ee-485d-bb3e-7e4fa4457f70.jpg,497,492,492 275 486 246 274,0.5601541996002197
data\raw\val\09958_Plantae_Tracheophyta_Polypodiopsida_Polypodiales_Polypodiaceae_Pleopeltis_michauxiana\0ec38ede-edb5-4426-992e-103f4e19ce9c.jpg,497,468,468 366 471 356 438,0.20888209342956543
data\raw\val\09958_Plantae_Tracheophyta_Polypodiopsida_Polypodiales_Polypodiaceae_Pleopeltis_michauxiana\c572ac77-0bf1-477b-9a75-60241af62a96.jpg,497,495,495 497 493 499 492,0.6500177979469299
data\raw\val\09958_Plantae_Tracheophyta_Polypodiopsida_Polypodiales_Polypodiaceae_Pleopeltis_michauxiana\86a5b4c4-30aa-4c80-9290-7ceac16bca9f.jpg,497,495,495 493 497 492 494,0.46162647008895874
data\raw\val\09958_Plantae_Tracheophyta_Polypodiopsida_Polypodiales_Polypodiaceae_Pleopeltis_michauxiana\1dd37e8b-b23d-4424-b704-d724421a792f.jpg,497,468,468 315 313 356 246,0.09063469618558884
data\raw\val\09958_Plantae_Tracheophyta_Polypodiopsida_Polypodiales_Polypodiaceae_Pleopeltis_michauxiana\ac1cc78f-2d69-48b7-97b5-21acbb0fb38b.jpg,497,468,468 356 366 259 482,0.23091664910316467
data\raw\val\09958_Plantae_Tracheophyta_Polypodiopsida_Polypodiales_Polypodiaceae_Pleopeltis_michauxiana\7336835f-2ce6-4d88-8818-9c831b711ef2.jpg,497,495,495 479 494 498 311,0.35935476422309875
data\raw\val\09965_Plantae_Tracheophyta_Polypodiopsida_Polypodiales_Pteridaceae_Acrostichum_danaeifolium\c2be6d16-72fa-47b0-96cf-86266ce979d2.jpg,498,498,498 308 494 479 394,0.6405603289604187
data\raw\val\09965_Plantae_Tracheophyta_Polypodiopsida_Polypodiales_Pteridaceae_Acrostichum_danaeifolium\b1bcf430-6712-4bb5-9838-ac8ad41092f5.jpg,498,498,498 494 491 479 495,0.34925970435142517
data\raw\val\09965_Plantae_Tracheophyta_Polypodiopsida_Polypodiales_Pteridaceae_Acrostichum_danaeifolium\bd7ac085-3c80-44e6-a209-4bec74f8f74d.jpg,498,498,498 494 489 459 496,0.5834032297134399
data\raw\val\09965_Plantae_Tracheophyta_Polypodiopsida_Polypodiales_Pteridaceae_Acrostichum_danaeifolium\2db90bd3-d8e3-4b9a-b267-ef656272272b.jpg,498,498,498 494 495 479 305,0.5993582606315613
data\raw\val\09965_Plantae_Tracheophyta_Polypodiopsida_Polypodiales_Pteridaceae_Acrostichum_danaeifolium\dd481bcd-6660-4bf9-a27f-2c246f8c1a37.jpg,498,302,302 304 492 345 305,0.06528757512569427
data\raw\val\09965_Plantae_Tracheophyta_Polypodiopsida_Polypodiales_Pteridaceae_Acrostichum_danaeifolium\7d226142-bfce-46b0-9ab1-54a5c5b02943.jpg,498,493,493 498 492 496 495,0.3296552002429962
data\raw\val\09965_Plantae_Tracheophyta_Polypodiopsida_Polypodiales_Pteridaceae_Acrostichum_danaeifolium\500d3a70-e619-4701-9ca8-9e6f821e379f.jpg,498,246,246 366 492 495 305,0.16252858936786652
data\raw\val\09965_Plantae_Tracheophyta_Polypodiopsida_Polypodiales_Pteridaceae_Acrostichum_danaeifolium\0365b971-e9ef-41d6-a3ed-fb57788927a2.jpg,498,498,498 494 479 496 308,0.4167526662349701
data\raw\val\09965_Plantae_Tracheophyta_Polypodiopsida_Polypodiales_Pteridaceae_Acrostichum_danaeifolium\3b32d2f4-8aca-4fbf-9441-ee441aa61609.jpg,498,498,498 494 495 479 493,0.39035046100616455
data\raw\val\09965_Plantae_Tracheophyta_Polypodiopsida_Polypodiales_Pteridaceae_Acrostichum_danaeifolium\6380aea8-bcd1-4f6e-b4ba-fd7e1aba229d.jpg,498,498,498 366 494 394 362,0.12615877389907837
data\raw\val\09985_Plantae_Tracheophyta_Polypodiopsida_Polypodiales_Pteridaceae_Pteris_macilenta\a9fb2048-755e-4876-afdf-44e13c57cf6a.jpg,499,499,499 489 493 498 495,0.2901553511619568
data\raw\val\09985_Plantae_Tracheophyta_Polypodiopsida_Polypodiales_Pteridaceae_Pteris_macilenta\f5742ce7-2d87-420b-88ed-062f5a0d9634.jpg,499,499,499 495 497 491 493,0.41645124554634094
data\raw\val\09985_Plantae_Tracheophyta_Polypodiopsida_Polypodiales_Pteridaceae_Pteris_macilenta\c10bf765-8aa7-4295-9183-fc27d763e0bf.jpg,499,275,275 246 135 366 136,0.16268706321716309
data\raw\val\09985_Plantae_Tracheophyta_Polypodiopsida_Polypodiales_Pteridaceae_Pteris_macilenta\4a2068a2-eba4-43cc-904b-2971c6d8e343.jpg,499,492,492 493 499 497 495,0.4417491555213928
data\raw\val\09985_Plantae_Tracheophyta_Polypodiopsida_Polypodiales_Pteridaceae_Pteris_macilenta\322022ba-634a-4f8f-b63f-02227f08c6bc.jpg,499,495,495 499 493 378 497,0.4898175299167633
data\raw\val\09985_Plantae_Tracheophyta_Polypodiopsida_Polypodiales_Pteridaceae_Pteris_macilenta\69b3671a-9439-4906-af38-b3b064bb4dbe.jpg,499,497,497 492 274 495 256,0.20365962386131287
data\raw\val\09985_Plantae_Tracheophyta_Polypodiopsida_Polypodiales_Pteridaceae_Pteris_macilenta\44e236dd-6eb9-4a0d-bb97-b2b96e7941c0.jpg,499,493,493 492 497 495 499,0.5700125694274902
data\raw\val\09985_Plantae_Tracheophyta_Polypodiopsida_Polypodiales_Pteridaceae_Pteris_macilenta\61610822-8e23-491c-83d7-115ca8960411.jpg,499,364,364 366 438 471 362,0.5263715982437134
data\raw\val\09985_Plantae_Tracheophyta_Polypodiopsida_Polypodiales_Pteridaceae_Pteris_macilenta\96f3572c-23e2-46b7-ab00-0b5ac0a9b111.jpg,499,499,499 495 493 378 497,0.4072244465351105
data\raw\val\09985_Plantae_Tracheophyta_Polypodiopsida_Polypodiales_Pteridaceae_Pteris_macilenta\e7f91b13-03c4-492b-a4fe-6edcc4735869.jpg,499,499,499 275 493 489 495,0.47892889380455017
