image_path,true_idx,pred_idx,top5_idx
data\raw\val\00044_Animalia_Arthropoda_Arachnida_Araneae_Araneidae_Trichonephila_clavata\b118ce80-030d-4215-8655-a1e737a8ea09.jpg,0,493,493 468 312 431 434
data\raw\val\00044_Animalia_Arthropoda_Arachnida_Araneae_Araneidae_Trichonephila_clavata\0d598c0c-9440-4943-901f-8b3aabe9927a.jpg,0,451,451 362 441 397 367
data\raw\val\00044_Animalia_Arthropoda_Arachnida_Araneae_Araneidae_Trichonephila_clavata\4138bcc1-935e-4238-ab10-88cb57e3867f.jpg,0,111,111 0 115 436 71
data\raw\val\00044_Animalia_Arthropoda_Arachnida_Araneae_Araneidae_Trichonephila_clavata\f17bd6bd-5808-424b-861f-beae97458134.jpg,0,119,119 0 122 117 116
data\raw\val\00044_Animalia_Arthropoda_Arachnida_Araneae_Araneidae_Trichonephila_clavata\9e3aaa09-75b3-4056-a786-237faeb1937f.jpg,0,175,175 206 186 0 167
data\raw\val\00044_Animalia_Arthropoda_Arachnida_Araneae_Araneidae_Trichonephila_clavata\74a0fcae-4617-45c0-b41e-0c5bf950c63d.jpg,0,0,0 131 393 132 4
data\raw\val\00044_Animalia_Arthropoda_Arachnida_Araneae_Araneidae_Trichonephila_clavata\6033a916-8e8a-4c4d-9822-f199464cf19c.jpg,0,498,498 496 293 494 425
data\raw\val\00044_Animalia_Arthropoda_Arachnida_Araneae_Araneidae_Trichonephila_clavata\db3425a1-2bb3-41da-b3c9-91134ef619ad.jpg,0,487,487 375 391 355 280
data\raw\val\00044_Animalia_Arthropoda_Arachnida_Araneae_Araneidae_Trichonephila_clavata\07ed32d8-c4a7-44e5-9bbe-b6985a943b6e.jpg,0,369,369 364 289 452 375
data\raw\val\00044_Animalia_Arthropoda_Arachnida_Araneae_Araneidae_Trichonephila_clavata\a25891c0-0c5e-4560-bc19-a5611644732e.jpg,0,106,106 1 109 115 113
data\raw\val\00046_Animalia_Arthropoda_Arachnida_Araneae_Araneidae_Trichonephila_edulis\c4e363c0-eb3f-44e5-b17f-46811eaff409.jpg,1,259,259 1 3 234 40
data\raw\val\00046_Animalia_Arthropoda_Arachnida_Araneae_Araneidae_Trichonephila_edulis\87d8ff7d-7253-438d-a87d-fadefc765bc6.jpg,1,447,447 29 278 476 212
data\raw\val\00046_Animalia_Arthropoda_Arachnida_Araneae_Araneidae_Trichonephila_edulis\d230be55-97c7-4714-99d4-de832b4bca3f.jpg,1,75,75 25 1 77 236
data\raw\val\00046_Animalia_Arthropoda_Arachnida_Araneae_Araneidae_Trichonephila_edulis\5555c2ac-ac70-4e35-9f84-ea6294cd3c87.jpg,1,1,1 0 300 346 108
data\raw\val\00046_Animalia_Arthropoda_Arachnida_Araneae_Araneidae_Trichonephila_edulis\039419d2-5fdd-4319-ab1a-64229cf9e196.jpg,1,1,1 112 108 106 107
data\raw\val\00046_Animalia_Arthropoda_Arachnida_Araneae_Araneidae_Trichonephila_edulis\c17d21ae-360f-4bd3-a609-6467ebf16091.jpg,1,1,1 108 29 40 0
data\raw\val\00046_Animalia_Arthropoda_Arachnida_Araneae_Araneidae_Trichonephila_edulis\69a76f56-a769-4f58-8714-aed3cf66d1e9.jpg,1,210,210 191 487 467 192
data\raw\val\00046_Animalia_Arthropoda_Arachnida_Araneae_Araneidae_Trichonephila_edulis\33b13f02-a693-4275-9b83-99448ba63b12.jpg,1,1,1 231 287 259 75
data\raw\val\00046_Animalia_Arthropoda_Arachnida_Araneae_Araneidae_Trichonephila_edulis\17f7b836-50c2-434f-8cac-e4f38f4502ce.jpg,1,1,1 75 25 102 46
data\raw\val\00046_Animalia_Arthropoda_Arachnida_Araneae_Araneidae_Trichonephila_edulis\974d6f23-7c9c-4695-936b-7ca2439624a2.jpg,1,288,288 482 476 354 425
data\raw\val\00053_Animalia_Arthropoda_Arachnida_Araneae_Desidae_Badumna_longinqua\c0a3ca21-21e3-4a45-b016-6e269d8eb6ac.jpg,2,77,77 25 45 80 1
data\raw\val\00053_Animalia_Arthropoda_Arachnida_Araneae_Desidae_Badumna_longinqua\6aa9d32e-740a-4242-81b1-997b6478a075.jpg,2,74,74 77 98 78 72
data\raw\val\00053_Animalia_Arthropoda_Arachnida_Araneae_Desidae_Badumna_longinqua\8a62626f-beed-42bb-b433-74c8d19a0cfe.jpg,2,5,5 35 34 27 74
data\raw\val\00053_Animalia_Arthropoda_Arachnida_Araneae_Desidae_Badumna_longinqua\1a1d9ef5-9b00-4fdf-ae45-1762cde838e3.jpg,2,122,122 193 109 115 27
data\raw\val\00053_Animalia_Arthropoda_Arachnida_Araneae_Desidae_Badumna_longinqua\d9eb1b08-311d-4de4-b84a-5747c13b73a0.jpg,2,25,25 92 39 118 119
data\raw\val\00053_Animalia_Arthropoda_Arachnida_Araneae_Desidae_Badumna_longinqua\21b53644-8d79-42ff-b4b1-53da096ed5c5.jpg,2,243,243 83 242 238 221
data\raw\val\00053_Animalia_Arthropoda_Arachnida_Araneae_Desidae_Badumna_longinqua\bf9e4e99-0c9c-412f-aafe-aca60ba07918.jpg,2,5,5 237 230 7 8
data\raw\val\00053_Animalia_Arthropoda_Arachnida_Araneae_Desidae_Badumna_longinqua\54ae8f5e-f4e7-44b2-9dce-bccfa290aee5.jpg,2,2,2 75 5 46 1
data\raw\val\00053_Animalia_Arthropoda_Arachnida_Araneae_Desidae_Badumna_longinqua\9da6dc82-54e5-40f6-90ed-1e3505492751.jpg,2,49,49 6 79 77 48
data\raw\val\00053_Animalia_Arthropoda_Arachnida_Araneae_Desidae_Badumna_longinqua\3cc53f78-9e13-4bcd-8716-721fa0db235f.jpg,2,388,388 449 23 290 445
data\raw\val\00070_Animalia_Arthropoda_Arachnida_Araneae_Pisauridae_Dolomedes_triton\88ac662c-11f2-4768-8ef5-88df221ee457.jpg,3,269,269 140 496 284 210
data\raw\val\00070_Animalia_Arthropoda_Arachnida_Araneae_Pisauridae_Dolomedes_triton\9ac5f25e-29a4-484a-95ee-56c24caf659b.jpg,3,256,256 191 175 209 9
data\raw\val\00070_Animalia_Arthropoda_Arachnida_Araneae_Pisauridae_Dolomedes_triton\eac6cfcc-125f-4483-a19c-7b0ec971787d.jpg,3,102,102 42 75 229 54
data\raw\val\00070_Animalia_Arthropoda_Arachnida_Araneae_Pisauridae_Dolomedes_triton\4e4a3e12-1339-49d9-b74b-d92453c48ba4.jpg,3,95,95 443 470 61 424
data\raw\val\00070_Animalia_Arthropoda_Arachnida_Araneae_Pisauridae_Dolomedes_triton\1d74a0bb-db5a-42ad-b800-aec6f6135cea.jpg,3,111,111 115 30 13 25
data\raw\val\00070_Animalia_Arthropoda_Arachnida_Araneae_Pisauridae_Dolomedes_triton\482d7e58-4759-46ea-9580-bc54a0879e41.jpg,3,86,86 434 460 244 394
data\raw\val\00070_Animalia_Arthropoda_Arachnida_Araneae_Pisauridae_Dolomedes_triton\bec70d74-99f4-4775-ad24-2524e8f94461.jpg,3,75,75 239 230 112 235
data\raw\val\00070_Animalia_Arthropoda_Arachnida_Araneae_Pisauridae_Dolomedes_triton\ebcf9263-7502-4073-84bc-dd59fff66528.jpg,3,141,141 253 210 75 79
data\raw\val\00070_Animalia_Arthropoda_Arachnida_Araneae_Pisauridae_Dolomedes_triton\4601b594-90e2-4cc9-bdaa-dce8931ac1c0.jpg,3,58,58 53 78 6 251
data\raw\val\00070_Animalia_Arthropoda_Arachnida_Araneae_Pisauridae_Dolomedes_triton\dea5f67e-b137-429c-9ca6-8251bfa26772.jpg,3,119,119 3 197 0 40
data\raw\val\00083_Animalia_Arthropoda_Arachnida_Araneae_Salticidae_Lyssomanes_viridis\2e0cbf09-71f7-4732-a1cf-f907a927e24d.jpg,4,308,308 432 307 31 4
data\raw\val\00083_Animalia_Arthropoda_Arachnida_Araneae_Salticidae_Lyssomanes_viridis\6ecbe7a9-2384-4f91-b075-dda3ed528eaf.jpg,4,121,121 297 296 345 4
data\raw\val\00083_Animalia_Arthropoda_Arachnida_Araneae_Salticidae_Lyssomanes_viridis\e92c4529-e52b-4613-8c99-48abe688ca5f.jpg,4,223,223 156 216 234 213
data\raw\val\00083_Animalia_Arthropoda_Arachnida_Araneae_Salticidae_Lyssomanes_viridis\e0263b7d-2331-47c8-a1c0-440d7b0adbe0.jpg,4,4,4 46 298 297 345
data\raw\val\00083_Animalia_Arthropoda_Arachnida_Araneae_Salticidae_Lyssomanes_viridis\eb10c42b-d42f-4b9b-999a-4719ec17fb45.jpg,4,75,75 121 46 4 40
data\raw\val\00083_Animalia_Arthropoda_Arachnida_Araneae_Salticidae_Lyssomanes_viridis\b1b2d776-d061-46c1-886c-2537df234bcd.jpg,4,251,251 128 133 58 61
data\raw\val\00083_Animalia_Arthropoda_Arachnida_Araneae_Salticidae_Lyssomanes_viridis\68c7a318-a092-4d34-a501-44d8144e667f.jpg,4,183,183 55 219 158 176
data\raw\val\00083_Animalia_Arthropoda_Arachnida_Araneae_Salticidae_Lyssomanes_viridis\0def710e-07ce-453c-99c6-3ab1fbe0a6f5.jpg,4,136,136 4 20 132 387
data\raw\val\00083_Animalia_Arthropoda_Arachnida_Araneae_Salticidae_Lyssomanes_viridis\c2c5f382-cdce-4615-a46f-62947f1d4821.jpg,4,17,17 495 310 475 4
data\raw\val\00083_Animalia_Arthropoda_Arachnida_Araneae_Salticidae_Lyssomanes_viridis\dc8fad61-1ea9-4f8a-a6f8-c680a858cbc1.jpg,4,232,232 437 302 240 20
data\raw\val\00089_Animalia_Arthropoda_Arachnida_Araneae_Salticidae_Naphrys_pulex\f2884746-52ea-4bd6-9df9-227d2bd17ed9.jpg,5,241,241 240 237 216 235
data\raw\val\00089_Animalia_Arthropoda_Arachnida_Araneae_Salticidae_Naphrys_pulex\d9d5ec0c-ab39-4b05-8209-0e78cc7d44f5.jpg,5,24,24 35 5 13 6
data\raw\val\00089_Animalia_Arthropoda_Arachnida_Araneae_Salticidae_Naphrys_pulex\45734776-4bc6-4ee8-8150-e177163384de.jpg,5,21,21 46 51 79 6
data\raw\val\00089_Animalia_Arthropoda_Arachnida_Araneae_Salticidae_Naphrys_pulex\afef46ba-3cb6-4087-bbe4-d6facf060822.jpg,5,2,2 100 21 46 269
data\raw\val\00089_Animalia_Arthropoda_Arachnida_Araneae_Salticidae_Naphrys_pulex\042aff0b-8809-4b45-aedc-cbbf65c666f2.jpg,5,145,145 109 106 108 234
data\raw\val\00089_Animalia_Arthropoda_Arachnida_Araneae_Salticidae_Naphrys_pulex\b2e5acbf-714b-4866-9f7d-433806b3a84b.jpg,5,5,5 80 45 72 32
data\raw\val\00089_Animalia_Arthropoda_Arachnida_Araneae_Salticidae_Naphrys_pulex\8feff5b8-7d4b-489c-b36e-d87aabe9d033.jpg,5,257,257 5 24 6 264
data\raw\val\00089_Animalia_Arthropoda_Arachnida_Araneae_Salticidae_Naphrys_pulex\3a7e188b-147b-4a98-996e-7079f5dfb448.jpg,5,72,72 2 81 77 5
data\raw\val\00089_Animalia_Arthropoda_Arachnida_Araneae_Salticidae_Naphrys_pulex\9b790795-0562-4fd0-b365-1e9ecf236799.jpg,5,9,9 7 6 276 5
data\raw\val\00089_Animalia_Arthropoda_Arachnida_Araneae_Salticidae_Naphrys_pulex\87b84bde-cf59-42c8-bb6a-a1dafa8722d6.jpg,5,237,237 238 230 242 7
data\raw\val\00109_Animalia_Arthropoda_Arachnida_Araneae_Theraphosidae_Aphonopelma_chalcodes\467ece33-4521-4319-bd63-738aa4da837c.jpg,6,227,227 6 258 36 261
data\raw\val\00109_Animalia_Arthropoda_Arachnida_Araneae_Theraphosidae_Aphonopelma_chalcodes\cdc667cd-53c3-43ee-b163-13aba88ba998.jpg,6,42,42 79 101 218 74
data\raw\val\00109_Animalia_Arthropoda_Arachnida_Araneae_Theraphosidae_Aphonopelma_chalcodes\3bb5f5e3-6b38-4470-a1bb-991dc37e4046.jpg,6,74,74 6 218 262 269
data\raw\val\00109_Animalia_Arthropoda_Arachnida_Araneae_Theraphosidae_Aphonopelma_chalcodes\37984741-21a9-4dd4-bcd0-6e0522c70496.jpg,6,6,6 7 9 249 480
data\raw\val\00109_Animalia_Arthropoda_Arachnida_Araneae_Theraphosidae_Aphonopelma_chalcodes\9f389f98-946a-4e3b-8f50-55dc0e1bfd06.jpg,6,242,242 347 404 224 351
data\raw\val\00109_Animalia_Arthropoda_Arachnida_Araneae_Theraphosidae_Aphonopelma_chalcodes\efce0e04-d81a-4908-a31d-dc277c7f787d.jpg,6,36,36 90 145 228 7
data\raw\val\00109_Animalia_Arthropoda_Arachnida_Araneae_Theraphosidae_Aphonopelma_chalcodes\44fa9794-ddcf-43cf-9634-f61c1dd98a03.jpg,6,6,6 5 44 35 87
data\raw\val\00109_Animalia_Arthropoda_Arachnida_Araneae_Theraphosidae_Aphonopelma_chalcodes\917938e2-883f-473c-b090-bdf56368a620.jpg,6,7,7 9 242 228 6
data\raw\val\00109_Animalia_Arthropoda_Arachnida_Araneae_Theraphosidae_Aphonopelma_chalcodes\ee26707c-0cc9-43b4-851a-6d8f6fafc027.jpg,6,5,5 35 19 78 79
data\raw\val\00109_Animalia_Arthropoda_Arachnida_Araneae_Theraphosidae_Aphonopelma_chalcodes\73ed6d5b-e934-404d-a46b-dcff195b9d76.jpg,6,7,7 6 257 10 9
data\raw\val\00110_Animalia_Arthropoda_Arachnida_Araneae_Theraphosidae_Aphonopelma_eutylenum\4e37dbe0-32e6-45fa-a49c-3ebbad4ac620.jpg,7,6,6 7 22 5 11
data\raw\val\00110_Animalia_Arthropoda_Arachnida_Araneae_Theraphosidae_Aphonopelma_eutylenum\10690161-57ee-4f2e-8067-9b03a7868f78.jpg,7,6,6 145 142 228 72
data\raw\val\00110_Animalia_Arthropoda_Arachnida_Araneae_Theraphosidae_Aphonopelma_eutylenum\038e429f-cded-4d8a-811e-09d6a2b7821b.jpg,7,140,140 266 492 499 493
data\raw\val\00110_Animalia_Arthropoda_Arachnida_Araneae_Theraphosidae_Aphonopelma_eutylenum\e5402a1d-e6de-4718-8742-f2035447646b.jpg,7,137,137 134 136 246 135
data\raw\val\00110_Animalia_Arthropoda_Arachnida_Araneae_Theraphosidae_Aphonopelma_eutylenum\67f451bc-acc8-4817-a556-c4670e1fe244.jpg,7,6,6 7 242 83 254
data\raw\val\00110_Animalia_Arthropoda_Arachnida_Araneae_Theraphosidae_Aphonopelma_eutylenum\ed7a1f2f-c487-42ea-942e-3bd8a82ce004.jpg,7,36,36 7 6 48 100
data\raw\val\00110_Animalia_Arthropoda_Arachnida_Araneae_Theraphosidae_Aphonopelma_eutylenum\82ceeaf4-acb3-4e08-b0ad-69e4633468e6.jpg,7,9,9 144 241 139 22
data\raw\val\00110_Animalia_Arthropoda_Arachnida_Araneae_Theraphosidae_Aphonopelma_eutylenum\11abc728-e12c-4dad-96c0-142d79bfd0a0.jpg,7,7,7 6 216 24 242
data\raw\val\00110_Animalia_Arthropoda_Arachnida_Araneae_Theraphosidae_Aphonopelma_eutylenum\06bac472-87af-4f08-8d06-588a4c31c355.jpg,7,6,6 7 13 258 48
data\raw\val\00110_Animalia_Arthropoda_Arachnida_Araneae_Theraphosidae_Aphonopelma_eutylenum\91484465-b9c2-4256-bd82-deb3bb00d83c.jpg,7,10,10 60 83 13 229
data\raw\val\00147_Animalia_Arthropoda_Arachnida_Opiliones_Sclerosomatidae_Leiobunum_townsendi\b8fee04a-5c56-49d8-806b-f768f653fd4a.jpg,8,74,74 59 57 52 5
data\raw\val\00147_Animalia_Arthropoda_Arachnida_Opiliones_Sclerosomatidae_Leiobunum_townsendi\cfbeaf48-7e16-4dac-84f8-8b2b14876cef.jpg,8,59,59 238 8 237 98
data\raw\val\00147_Animalia_Arthropoda_Arachnida_Opiliones_Sclerosomatidae_Leiobunum_townsendi\de13ac06-6b81-4780-b77d-65b1f22f6f7c.jpg,8,331,331 112 0 187 189
data\raw\val\00147_Animalia_Arthropoda_Arachnida_Opiliones_Sclerosomatidae_Leiobunum_townsendi\e74efdf1-509d-4c70-9983-6ba3e474cc42.jpg,8,218,218 49 79 81 47
data\raw\val\00147_Animalia_Arthropoda_Arachnida_Opiliones_Sclerosomatidae_Leiobunum_townsendi\2f02b0bd-1420-4857-bc16-6eaafd4e6098.jpg,8,78,78 51 72 52 98
data\raw\val\00147_Animalia_Arthropoda_Arachnida_Opiliones_Sclerosomatidae_Leiobunum_townsendi\fadf707b-0e58-4332-8fa9-c751bdfb4f89.jpg,8,77,77 191 8 270 78
data\raw\val\00147_Animalia_Arthropoda_Arachnida_Opiliones_Sclerosomatidae_Leiobunum_townsendi\790f6deb-311c-4360-b7fe-81b08ec84d97.jpg,8,125,125 129 248 244 246
data\raw\val\00147_Animalia_Arthropoda_Arachnida_Opiliones_Sclerosomatidae_Leiobunum_townsendi\684ecb88-6111-4d19-a723-5bd9f8d36ee7.jpg,8,414,414 366 171 210 255
data\raw\val\00147_Animalia_Arthropoda_Arachnida_Opiliones_Sclerosomatidae_Leiobunum_townsendi\188d2b5d-c0dc-4505-8498-078cb9650764.jpg,8,128,128 245 123 19 251
data\raw\val\00147_Animalia_Arthropoda_Arachnida_Opiliones_Sclerosomatidae_Leiobunum_townsendi\d8d766aa-ea41-419c-95b9-13c8a831bcc3.jpg,8,24,24 257 272 5 246
data\raw\val\00170_Animalia_Arthropoda_Hexanauplia_Scalpelliformes_Pollicipedidae_Pollicipes_polymerus\7a78ba0d-f6be-452f-800f-8f0bbfeef9eb.jpg,9,124,124 276 1 259 12
data\raw\val\00170_Animalia_Arthropoda_Hexanauplia_Scalpelliformes_Pollicipedidae_Pollicipes_polymerus\b5976321-fede-4d40-8c9f-4e06bb1158dc.jpg,9,24,24 9 264 191 398
data\raw\val\00170_Animalia_Arthropoda_Hexanauplia_Scalpelliformes_Pollicipedidae_Pollicipes_polymerus\622e8cdf-dd5c-4c48-92d9-12c49d8bd2b2.jpg,9,9,9 125 144 132 250
data\raw\val\00170_Animalia_Arthropoda_Hexanauplia_Scalpelliformes_Pollicipedidae_Pollicipes_polymerus\fc9c1d1d-70df-4488-83da-67361feb4b8a.jpg,9,24,24 9 264 272 13
data\raw\val\00170_Animalia_Arthropoda_Hexanauplia_Scalpelliformes_Pollicipedidae_Pollicipes_polymerus\f87883e0-fff2-48f7-9807-44b60bb027ac.jpg,9,257,257 246 124 344 5
data\raw\val\00170_Animalia_Arthropoda_Hexanauplia_Scalpelliformes_Pollicipedidae_Pollicipes_polymerus\60d92487-d0eb-430c-bc8b-a34edb0ea894.jpg,9,9,9 237 7 316 228
data\raw\val\00170_Animalia_Arthropoda_Hexanauplia_Scalpelliformes_Pollicipedidae_Pollicipes_polymerus\9a7df238-ebd5-4c00-a811-641d98381e60.jpg,9,272,272 6 7 9 230
data\raw\val\00170_Animalia_Arthropoda_Hexanauplia_Scalpelliformes_Pollicipedidae_Pollicipes_polymerus\8c6badbb-24b6-48ea-9820-074e6f3d96fb.jpg,9,9,9 24 74 144 272
data\raw\val\00170_Animalia_Arthropoda_Hexanauplia_Scalpelliformes_Pollicipedidae_Pollicipes_polymerus\06cf0a18-a71f-479f-bf1c-b871998fef53.jpg,9,9,9 7 24 272 264
data\raw\val\00170_Animalia_Arthropoda_Hexanauplia_Scalpelliformes_Pollicipedidae_Pollicipes_polymerus\1839f430-ec29-4ede-be47-eb5835ef3294.jpg,9,9,9 191 398 486 396
data\raw\val\00200_Animalia_Arthropoda_Insecta_Coleoptera_Carabidae_Cicindela_campestris\6218495c-a1ab-4c7e-87ff-90e3e22608dc.jpg,10,240,240 10 343 491 438
data\raw\val\00200_Animalia_Arthropoda_Insecta_Coleoptera_Carabidae_Cicindela_campestris\1a35e94d-c739-4657-8908-77def2a3b837.jpg,10,10,10 111 206 0 29
data\raw\val\00200_Animalia_Arthropoda_Insecta_Coleoptera_Carabidae_Cicindela_campestris\c7e33fde-17ca-44b2-b79e-26fe30855e1b.jpg,10,424,424 10 453 15 11
data\raw\val\00200_Animalia_Arthropoda_Insecta_Coleoptera_Carabidae_Cicindela_campestris\4543aa80-0527-40cf-8630-966e9af476c2.jpg,10,10,10 438 11 351 409
data\raw\val\00200_Animalia_Arthropoda_Insecta_Coleoptera_Carabidae_Cicindela_campestris\e2725f62-e095-4f43-8332-b2a7793e78e0.jpg,10,20,20 11 10 329 342
data\raw\val\00200_Animalia_Arthropoda_Insecta_Coleoptera_Carabidae_Cicindela_campestris\fea2434c-08eb-43ca-8999-5b2a30be8455.jpg,10,10,10 11 438 424 400
data\raw\val\00200_Animalia_Arthropoda_Insecta_Coleoptera_Carabidae_Cicindela_campestris\453acd5b-f333-488b-ad7e-afb69353a727.jpg,10,11,11 10 13 424 406
data\raw\val\00200_Animalia_Arthropoda_Insecta_Coleoptera_Carabidae_Cicindela_campestris\e4405228-fc65-4642-8c96-7490b76cc29b.jpg,10,10,10 110 438 232 143
data\raw\val\00200_Animalia_Arthropoda_Insecta_Coleoptera_Carabidae_Cicindela_campestris\56acc807-c650-49cb-b9b9-ea318f319940.jpg,10,294,294 285 364 331 407
data\raw\val\00200_Animalia_Arthropoda_Insecta_Coleoptera_Carabidae_Cicindela_campestris\64228b6e-da82-4d16-95d3-63d3af96c63b.jpg,10,10,10 110 119 11 115
data\raw\val\00211_Animalia_Arthropoda_Insecta_Coleoptera_Carabidae_Cicindela_scutellaris\aeb25f52-b5c7-49c6-b504-216f260b95af.jpg,11,122,122 12 115 36 30
data\raw\val\00211_Animalia_Arthropoda_Insecta_Coleoptera_Carabidae_Cicindela_scutellaris\f7700b95-0795-45ba-b721-cf3160dd7f2b.jpg,11,11,11 5 52 6 35
data\raw\val\00211_Animalia_Arthropoda_Insecta_Coleoptera_Carabidae_Cicindela_scutellaris\76417e09-d0c6-4521-8996-37b84e23170d.jpg,11,238,238 7 11 6 242
data\raw\val\00211_Animalia_Arthropoda_Insecta_Coleoptera_Carabidae_Cicindela_scutellaris\a0521a4f-e020-42e1-ae88-852071868bf3.jpg,11,7,7 242 240 234 229
data\raw\val\00211_Animalia_Arthropoda_Insecta_Coleoptera_Carabidae_Cicindela_scutellaris\ad70362e-7327-4b17-a8d5-024307e23df3.jpg,11,11,11 30 424 110 10
data\raw\val\00211_Animalia_Arthropoda_Insecta_Coleoptera_Carabidae_Cicindela_scutellaris\e4f05168-2e4a-4803-84fc-8bc3d93b29c7.jpg,11,11,11 177 13 134 140
data\raw\val\00211_Animalia_Arthropoda_Insecta_Coleoptera_Carabidae_Cicindela_scutellaris\71fc10bf-b9ba-4f2e-8eb3-fb5d5f85a6a3.jpg,11,11,11 145 6 10 409
data\raw\val\00211_Animalia_Arthropoda_Insecta_Coleoptera_Carabidae_Cicindela_scutellaris\00203e9b-67db-43e4-baa2-dd8170d36b22.jpg,11,11,11 10 110 13 111
data\raw\val\00211_Animalia_Arthropoda_Insecta_Coleoptera_Carabidae_Cicindela_scutellaris\9765044e-f37e-4dfd-9551-0af7dad4ed28.jpg,11,100,100 72 77 79 45
data\raw\val\00211_Animalia_Arthropoda_Insecta_Coleoptera_Carabidae_Cicindela_scutellaris\83e7c783-972d-466d-8fa0-a84166339df4.jpg,11,140,140 11 30 13 22
data\raw\val\00215_Animalia_Arthropoda_Insecta_Coleoptera_Carabidae_Harpalus_rufipes\d1d2b13b-3e4a-440b-b7bf-40bbcfd8a484.jpg,12,3,3 248 129 133 241
data\raw\val\00215_Animalia_Arthropoda_Insecta_Coleoptera_Carabidae_Harpalus_rufipes\3846d0b6-38ba-4172-96c1-7ce3fe10a2b8.jpg,12,12,12 10 13 38 2
data\raw\val\00215_Animalia_Arthropoda_Insecta_Coleoptera_Carabidae_Harpalus_rufipes\912817b6-ac18-4ccd-bc64-ecf62758829e.jpg,12,12,12 15 122 21 2
data\raw\val\00215_Animalia_Arthropoda_Insecta_Coleoptera_Carabidae_Harpalus_rufipes\07e08377-cfb6-473f-8d15-c5bb04a9d313.jpg,12,13,13 77 6 254 72
data\raw\val\00215_Animalia_Arthropoda_Insecta_Coleoptera_Carabidae_Harpalus_rufipes\d20632ec-fd61-4b9b-956e-355f0015639b.jpg,12,12,12 13 48 2 21
data\raw\val\00215_Animalia_Arthropoda_Insecta_Coleoptera_Carabidae_Harpalus_rufipes\da37c57e-f2b1-44fe-b9d7-d2b21701c600.jpg,12,12,12 122 30 40 13
data\raw\val\00215_Animalia_Arthropoda_Insecta_Coleoptera_Carabidae_Harpalus_rufipes\9a12f89f-a333-4914-88ad-1dc6c684de00.jpg,12,438,438 10 437 345 235
data\raw\val\00215_Animalia_Arthropoda_Insecta_Coleoptera_Carabidae_Harpalus_rufipes\4a4ab597-1b1a-42a9-856b-ac14b6872bca.jpg,12,7,7 125 228 230 234
data\raw\val\00215_Animalia_Arthropoda_Insecta_Coleoptera_Carabidae_Harpalus_rufipes\bf29de0e-9698-446e-a39e-1120b56d2191.jpg,12,365,365 427 29 450 392
data\raw\val\00215_Animalia_Arthropoda_Insecta_Coleoptera_Carabidae_Harpalus_rufipes\86c4dfd9-7bbf-4857-b55d-a6d0178410e5.jpg,12,12,12 13 7 2 124
data\raw\val\00246_Animalia_Arthropoda_Insecta_Coleoptera_Cerambycidae_Prionus_laticollis\25213209-f96c-4ac8-8002-9556549b0b1e.jpg,13,24,24 109 106 339 15
data\raw\val\00246_Animalia_Arthropoda_Insecta_Coleoptera_Cerambycidae_Prionus_laticollis\6d62bea6-1c18-484c-b0cb-968eb9606e7e.jpg,13,13,13 166 22 12 7
data\raw\val\00246_Animalia_Arthropoda_Insecta_Coleoptera_Cerambycidae_Prionus_laticollis\5b8f5529-8e14-44a7-86af-9a07908f2959.jpg,13,350,350 379 223 67 240
data\raw\val\00246_Animalia_Arthropoda_Insecta_Coleoptera_Cerambycidae_Prionus_laticollis\94f93d93-e622-4cfc-bfd7-499f8704172b.jpg,13,182,182 69 67 197 167
data\raw\val\00246_Animalia_Arthropoda_Insecta_Coleoptera_Cerambycidae_Prionus_laticollis\e9b8ed03-4082-4c00-85d3-328d2bb13ca8.jpg,13,255,255 13 187 153 176
data\raw\val\00246_Animalia_Arthropoda_Insecta_Coleoptera_Cerambycidae_Prionus_laticollis\01aba1f8-1ee6-4e9c-84b9-c71315791a4c.jpg,13,13,13 25 111 115 2
data\raw\val\00246_Animalia_Arthropoda_Insecta_Coleoptera_Cerambycidae_Prionus_laticollis\cf5d5c63-cc6c-49a1-b6eb-0fc497bfd8e1.jpg,13,191,191 24 210 475 395
data\raw\val\00246_Animalia_Arthropoda_Insecta_Coleoptera_Cerambycidae_Prionus_laticollis\58a540a6-20d9-4b4b-9828-d40f2fac7174.jpg,13,24,24 30 22 250 13
data\raw\val\00246_Animalia_Arthropoda_Insecta_Coleoptera_Cerambycidae_Prionus_laticollis\85bfea06-f130-4251-adf8-859369c393c0.jpg,13,13,13 25 21 22 2
data\raw\val\00246_Animalia_Arthropoda_Insecta_Coleoptera_Cerambycidae_Prionus_laticollis\b0ba39ed-646f-432e-9888-44f0c1687a0f.jpg,13,182,182 190 406 222 232
data\raw\val\00261_Animalia_Arthropoda_Insecta_Coleoptera_Cerambycidae_Typocerus_velutinus\b61c5273-2d6c-4d09-89e9-711f262c7419.jpg,14,14,14 37 21 17 93
data\raw\val\00261_Animalia_Arthropoda_Insecta_Coleoptera_Cerambycidae_Typocerus_velutinus\2bd78cbe-637d-4f18-92c4-e72882e4ea4a.jpg,14,14,14 68 37 31 17
data\raw\val\00261_Animalia_Arthropoda_Insecta_Coleoptera_Cerambycidae_Typocerus_velutinus\3c912a44-8913-4d34-88e7-ba406cea68c5.jpg,14,14,14 37 17 15 35
data\raw\val\00261_Animalia_Arthropoda_Insecta_Coleoptera_Cerambycidae_Typocerus_velutinus\ade0589b-8f3f-4601-b6b4-c62c0c5317c9.jpg,14,93,93 37 21 17 20
data\raw\val\00261_Animalia_Arthropoda_Insecta_Coleoptera_Cerambycidae_Typocerus_velutinus\278aa898-f960-4576-a173-46a915eed645.jpg,14,483,483 28 14 39 40
data\raw\val\00261_Animalia_Arthropoda_Insecta_Coleoptera_Cerambycidae_Typocerus_velutinus\84e7adf1-da0c-411c-8f61-f03fe4010a0e.jpg,14,71,71 14 91 69 70
data\raw\val\00261_Animalia_Arthropoda_Insecta_Coleoptera_Cerambycidae_Typocerus_velutinus\be05cfc6-ad1d-49cd-8eff-b96519e5f6f2.jpg,14,37,37 91 93 39 33
data\raw\val\00261_Animalia_Arthropoda_Insecta_Coleoptera_Cerambycidae_Typocerus_velutinus\f0b9ee40-7e15-4882-938d-2edc853254dc.jpg,14,357,357 373 14 321 38
data\raw\val\00261_Animalia_Arthropoda_Insecta_Coleoptera_Cerambycidae_Typocerus_velutinus\09425c2d-9728-4e77-bfb8-ca30ca2a8940.jpg,14,46,46 468 483 288 438
data\raw\val\00261_Animalia_Arthropoda_Insecta_Coleoptera_Cerambycidae_Typocerus_velutinus\e1e6ef9b-612c-4ee8-ab9a-f5b3e5e342e8.jpg,14,31,31 14 38 257 357
data\raw\val\00273_Animalia_Arthropoda_Insecta_Coleoptera_Chrysomelidae_Chrysolina_americana\06102dae-94ef-4354-9e60-1a2d1212b7b6.jpg,15,296,296 304 305 277 392
data\raw\val\00273_Animalia_Arthropoda_Insecta_Coleoptera_Chrysomelidae_Chrysolina_americana\e8c8d077-b257-411c-a1e3-bfaf5744a700.jpg,15,170,170 15 318 26 162
data\raw\val\00273_Animalia_Arthropoda_Insecta_Coleoptera_Chrysomelidae_Chrysolina_americana\2642c3cc-a812-4dbe-badd-eec3c9ad1b0c.jpg,15,15,15 34 29 452 433
data\raw\val\00273_Animalia_Arthropoda_Insecta_Coleoptera_Chrysomelidae_Chrysolina_americana\44c0d5fb-88ff-46f5-8d1d-d2b32edc5e64.jpg,15,426,426 290 423 63 378
data\raw\val\00273_Animalia_Arthropoda_Insecta_Coleoptera_Chrysomelidae_Chrysolina_americana\f3c5982f-0544-4d30-a177-378808905fdb.jpg,15,26,26 286 15 116 29
data\raw\val\00273_Animalia_Arthropoda_Insecta_Coleoptera_Chrysomelidae_Chrysolina_americana\59ba76bb-a91e-4dd4-b260-b2cdc51f5ae0.jpg,15,485,485 80 447 464 405
data\raw\val\00273_Animalia_Arthropoda_Insecta_Coleoptera_Chrysomelidae_Chrysolina_americana\f8854ced-7b88-475a-ae48-234114e712ea.jpg,15,120,120 15 22 39 29
data\raw\val\00273_Animalia_Arthropoda_Insecta_Coleoptera_Chrysomelidae_Chrysolina_americana\6b08adda-8d40-479a-937a-5d4c01fd261e.jpg,15,360,360 28 483 440 470
data\raw\val\00273_Animalia_Arthropoda_Insecta_Coleoptera_Chrysomelidae_Chrysolina_americana\15c6c447-c346-46c9-8d99-3f8a0301214a.jpg,15,58,58 164 251 250 247
data\raw\val\00273_Animalia_Arthropoda_Insecta_Coleoptera_Chrysomelidae_Chrysolina_americana\4dc91854-15a5-462b-b08e-c9874181b50c.jpg,15,6,6 7 5 9 2
data\raw\val\00279_Animalia_Arthropoda_Insecta_Coleoptera_Chrysomelidae_Clytra_laeviuscula\4bfa4997-d6fa-4601-b2d3-cde8d130d7f6.jpg,16,16,16 66 31 18 19
data\raw\val\00279_Animalia_Arthropoda_Insecta_Coleoptera_Chrysomelidae_Clytra_laeviuscula\6fae0df3-552d-426f-ba31-ac72c703752a.jpg,16,250,250 128 133 251 252
data\raw\val\00279_Animalia_Arthropoda_Insecta_Coleoptera_Chrysomelidae_Clytra_laeviuscula\56bf21e7-c7ef-474a-ac84-db4e5637a30b.jpg,16,16,16 26 36 18 19
data\raw\val\00279_Animalia_Arthropoda_Insecta_Coleoptera_Chrysomelidae_Clytra_laeviuscula\9d0bda55-dd03-4e80-9cf3-8e8c69543882.jpg,16,101,101 18 50 82 21
data\raw\val\00279_Animalia_Arthropoda_Insecta_Coleoptera_Chrysomelidae_Clytra_laeviuscula\7550cd09-c65f-4eb2-b3d2-af3f276ea176.jpg,16,26,26 16 84 36 30
data\raw\val\00279_Animalia_Arthropoda_Insecta_Coleoptera_Chrysomelidae_Clytra_laeviuscula\8515a4eb-85bc-4472-9547-af7b3bf01318.jpg,16,26,26 84 16 19 18
data\raw\val\00279_Animalia_Arthropoda_Insecta_Coleoptera_Chrysomelidae_Clytra_laeviuscula\35abf81d-6125-4c03-8b72-ff3dc959cbb1.jpg,16,245,245 133 251 101 130
data\raw\val\00279_Animalia_Arthropoda_Insecta_Coleoptera_Chrysomelidae_Clytra_laeviuscula\3a4c723a-ce43-4b06-bac9-5059fa21db60.jpg,16,26,26 15 16 30 122
data\raw\val\00279_Animalia_Arthropoda_Insecta_Coleoptera_Chrysomelidae_Clytra_laeviuscula\c9d889eb-74d9-49d0-9b57-ea7b083ca5ff.jpg,16,16,16 26 420 36 209
data\raw\val\00279_Animalia_Arthropoda_Insecta_Coleoptera_Chrysomelidae_Clytra_laeviuscula\7fe421d5-ecce-462f-948b-566875f6fcb1.jpg,16,16,16 18 118 36 26
data\raw\val\00286_Animalia_Arthropoda_Insecta_Coleoptera_Chrysomelidae_Helocassis_clavata\362c7826-a911-4665-bb30-24fa88a4b6bb.jpg,17,17,17 37 23 28 64
data\raw\val\00286_Animalia_Arthropoda_Insecta_Coleoptera_Chrysomelidae_Helocassis_clavata\0cbdea95-4b7f-439c-92a8-041708b45332.jpg,17,17,17 43 23 5 35
data\raw\val\00286_Animalia_Arthropoda_Insecta_Coleoptera_Chrysomelidae_Helocassis_clavata\fb49404f-efb9-42c4-bf38-110343abdf50.jpg,17,17,17 357 241 138 246
data\raw\val\00286_Animalia_Arthropoda_Insecta_Coleoptera_Chrysomelidae_Helocassis_clavata\97dc0ac6-4ffc-44a6-b2a3-88b9cf9529fe.jpg,17,17,17 32 37 43 23
data\raw\val\00286_Animalia_Arthropoda_Insecta_Coleoptera_Chrysomelidae_Helocassis_clavata\79195922-adc1-4099-b336-fc10640e0fb4.jpg,17,343,343 482 443 396 407
data\raw\val\00286_Animalia_Arthropoda_Insecta_Coleoptera_Chrysomelidae_Helocassis_clavata\c3f680f9-902d-4fc9-b8c0-d1646127fe48.jpg,17,17,17 483 27 482 475
data\raw\val\00286_Animalia_Arthropoda_Insecta_Coleoptera_Chrysomelidae_Helocassis_clavata\955e44f9-73da-4ecb-83bb-dfcc0679d432.jpg,17,17,17 274 22 37 23
data\raw\val\00286_Animalia_Arthropoda_Insecta_Coleoptera_Chrysomelidae_Helocassis_clavata\bca4ec8f-abfe-4f39-89ad-abc61b34585c.jpg,17,17,17 43 32 5 122
data\raw\val\00286_Animalia_Arthropoda_Insecta_Coleoptera_Chrysomelidae_Helocassis_clavata\4d3d68b5-20c6-4d6c-90d9-8dd3f52a5030.jpg,17,101,101 17 31 19 90
data\raw\val\00286_Animalia_Arthropoda_Insecta_Coleoptera_Chrysomelidae_Helocassis_clavata\c586995f-9ff1-4b9e-9d1e-ab24e075a6c8.jpg,17,17,17 23 35 19 94
data\raw\val\00303_Animalia_Arthropoda_Insecta_Coleoptera_Coccinellidae_Adalia_decempunctata\36571d90-3163-44b3-9405-45a80a7eddb9.jpg,18,23,23 33 16 18 19
data\raw\val\00303_Animalia_Arthropoda_Insecta_Coleoptera_Coccinellidae_Adalia_decempunctata\3425fe24-54bd-41f8-b33e-3d25a8477d61.jpg,18,18,18 19 66 31 122
data\raw\val\00303_Animalia_Arthropoda_Insecta_Coleoptera_Coccinellidae_Adalia_decempunctata\095ecc8f-ddc9-4e01-8131-c1616b75297e.jpg,18,11,11 15 30 12 44
data\raw\val\00303_Animalia_Arthropoda_Insecta_Coleoptera_Coccinellidae_Adalia_decempunctata\b447378f-f453-48ee-b59a-0fac5b6d7648.jpg,18,128,128 133 125 251 259
data\raw\val\00303_Animalia_Arthropoda_Insecta_Coleoptera_Coccinellidae_Adalia_decempunctata\eddbbe18-f0f6-42c5-9e79-263ee80e9bbb.jpg,18,342,342 374 339 320 275
data\raw\val\00303_Animalia_Arthropoda_Insecta_Coleoptera_Coccinellidae_Adalia_decempunctata\1e21e4ba-39a9-4795-bb99-8708b3e78806.jpg,18,18,18 31 19 208 23
data\raw\val\00303_Animalia_Arthropoda_Insecta_Coleoptera_Coccinellidae_Adalia_decempunctata\714ff414-dec1-4c05-b059-50450e209c4f.jpg,18,101,101 133 75 251 125
data\raw\val\00303_Animalia_Arthropoda_Insecta_Coleoptera_Coccinellidae_Adalia_decempunctata\0af59a61-f62d-4679-855e-71060eb09c85.jpg,18,115,115 119 106 26 103
data\raw\val\00303_Animalia_Arthropoda_Insecta_Coleoptera_Coccinellidae_Adalia_decempunctata\2996d07a-413f-4b57-9c56-1a94fa11f47c.jpg,18,20,20 18 17 50 16
data\raw\val\00303_Animalia_Arthropoda_Insecta_Coleoptera_Coccinellidae_Adalia_decempunctata\f344f900-9e54-4e32-b2ed-8c341c4b1752.jpg,18,43,43 24 11 44 93
data\raw\val\00304_Animalia_Arthropoda_Insecta_Coleoptera_Coccinellidae_Anatis_ocellata\eb72369b-26d6-492e-a6bc-a7334f2165d3.jpg,19,91,91 92 391 35 246
data\raw\val\00304_Animalia_Arthropoda_Insecta_Coleoptera_Coccinellidae_Anatis_ocellata\62380546-c773-43d9-b677-0c10543bacf9.jpg,19,26,26 18 16 19 36
data\raw\val\00304_Animalia_Arthropoda_Insecta_Coleoptera_Coccinellidae_Anatis_ocellata\1feadb67-6fd8-4702-9740-7a65d320c92c.jpg,19,407,407 453 317 324 263
data\raw\val\00304_Animalia_Arthropoda_Insecta_Coleoptera_Coccinellidae_Anatis_ocellata\788ab094-8344-43dc-aaa2-48303003184a.jpg,19,80,80 407 88 111 296
data\raw\val\00304_Animalia_Arthropoda_Insecta_Coleoptera_Coccinellidae_Anatis_ocellata\ac49656d-a52f-4f18-829b-6cf5d3908d23.jpg,19,100,100 21 79 101 46
data\raw\val\00304_Animalia_Arthropoda_Insecta_Coleoptera_Coccinellidae_Anatis_ocellata\9bfb41fe-cade-4690-8615-1b4c74d9744f.jpg,19,130,130 249 133 250 124
data\raw\val\00304_Animalia_Arthropoda_Insecta_Coleoptera_Coccinellidae_Anatis_ocellata\ea4df21a-69d6-426e-84bd-833a2743bc38.jpg,19,19,19 31 18 91 102
data\raw\val\00304_Animalia_Arthropoda_Insecta_Coleoptera_Coccinellidae_Anatis_ocellata\75ffcc2d-e93c-4173-9a43-0636b1ed0770.jpg,19,194,194 171 184 186 120
data\raw\val\00304_Animalia_Arthropoda_Insecta_Coleoptera_Coccinellidae_Anatis_ocellata\67fcf8c6-d6de-41cd-983a-bb56bb4a051d.jpg,19,19,19 16 90 89 31
data\raw\val\00304_Animalia_Arthropoda_Insecta_Coleoptera_Coccinellidae_Anatis_ocellata\a5ce5d8a-8e5f-4f05-ad36-508a469160ba.jpg,19,30,30 11 92 19 16
data\raw\val\00332_Animalia_Arthropoda_Insecta_Coleoptera_Coccinellidae_Psyllobora_vigintiduopunctata\421288b6-e3c4-48d8-abde-4381c5311e7e.jpg,20,411,411 453 310 390 96
data\raw\val\00332_Animalia_Arthropoda_Insecta_Coleoptera_Coccinellidae_Psyllobora_vigintiduopunctata\d2892e34-9019-422d-962e-9614c470dbc5.jpg,20,61,61 4 20 50 56
data\raw\val\00332_Animalia_Arthropoda_Insecta_Coleoptera_Coccinellidae_Psyllobora_vigintiduopunctata\aa5cd3ef-d5d3-4d52-862a-dd995f705001.jpg,20,20,20 31 4 17 56
data\raw\val\00332_Animalia_Arthropoda_Insecta_Coleoptera_Coccinellidae_Psyllobora_vigintiduopunctata\2f8e8f2a-f1ef-4977-a30c-909a6e9d8262.jpg,20,20,20 232 21 313 19
data\raw\val\00332_Animalia_Arthropoda_Insecta_Coleoptera_Coccinellidae_Psyllobora_vigintiduopunctata\8533274c-740e-44de-9188-cd4254066c9a.jpg,20,46,46 298 20 4 64
data\raw\val\00332_Animalia_Arthropoda_Insecta_Coleoptera_Coccinellidae_Psyllobora_vigintiduopunctata\c7e5cd75-cded-420c-bf62-ad0123548d83.jpg,20,20,20 31 64 19 23
data\raw\val\00332_Animalia_Arthropoda_Insecta_Coleoptera_Coccinellidae_Psyllobora_vigintiduopunctata\f76cff9c-9e76-4be8-906e-e73e1e9d4064.jpg,20,20,20 253 23 43 64
data\raw\val\00332_Animalia_Arthropoda_Insecta_Coleoptera_Coccinellidae_Psyllobora_vigintiduopunctata\d3be320e-855c-4488-abbc-7308e2397e84.jpg,20,20,20 282 256 35 333
data\raw\val\00332_Animalia_Arthropoda_Insecta_Coleoptera_Coccinellidae_Psyllobora_vigintiduopunctata\8ab5d7f9-a879-43b6-978b-78d224dfaa1f.jpg,20,20,20 432 23 39 253
data\raw\val\00332_Animalia_Arthropoda_Insecta_Coleoptera_Coccinellidae_Psyllobora_vigintiduopunctata\80f0408e-3068-40ac-8795-d62cdcba91f8.jpg,20,17,17 20 18 31 335
data\raw\val\00376_Animalia_Arthropoda_Insecta_Coleoptera_Scarabaeidae_Callistethus_marginatus\4e49188c-f14e-4395-8de7-b1e5c1fa19b7.jpg,21,102,102 21 79 75 101
data\raw\val\00376_Animalia_Arthropoda_Insecta_Coleoptera_Scarabaeidae_Callistethus_marginatus\6e22c88d-4d95-49a8-9792-7beb8db04f2b.jpg,21,21,21 15 46 122 12
data\raw\val\00376_Animalia_Arthropoda_Insecta_Coleoptera_Scarabaeidae_Callistethus_marginatus\48f25212-46ad-41c0-8bd5-989a00dc1aea.jpg,21,14,14 68 71 102 85
data\raw\val\00376_Animalia_Arthropoda_Insecta_Coleoptera_Scarabaeidae_Callistethus_marginatus\6ea73c5a-999b-4b8c-a1ae-7b95ec38506f.jpg,21,15,15 122 21 11 87
data\raw\val\00376_Animalia_Arthropoda_Insecta_Coleoptera_Scarabaeidae_Callistethus_marginatus\1688210f-1f40-4625-95c4-5ec4a789d54f.jpg,21,258,258 422 36 116 48
data\raw\val\00376_Animalia_Arthropoda_Insecta_Coleoptera_Scarabaeidae_Callistethus_marginatus\8dd36fed-d944-475c-a79a-9012cea2bde5.jpg,21,102,102 17 75 21 45
data\raw\val\00376_Animalia_Arthropoda_Insecta_Coleoptera_Scarabaeidae_Callistethus_marginatus\56be0ac7-8b81-48f7-af12-5c6bee736dd2.jpg,21,116,116 21 48 19 63
data\raw\val\00376_Animalia_Arthropoda_Insecta_Coleoptera_Scarabaeidae_Callistethus_marginatus\c9cefde9-a88f-4708-80ef-fe3320785148.jpg,21,15,15 19 17 23 21
data\raw\val\00376_Animalia_Arthropoda_Insecta_Coleoptera_Scarabaeidae_Callistethus_marginatus\b5302d25-7674-41b4-b3ba-e1f2000430b0.jpg,21,48,48 101 21 117 118
data\raw\val\00376_Animalia_Arthropoda_Insecta_Coleoptera_Scarabaeidae_Callistethus_marginatus\325bf35f-caf7-4686-81b6-cf10cac2a874.jpg,21,9,9 233 262 269 256
data\raw\val\00381_Animalia_Arthropoda_Insecta_Coleoptera_Scarabaeidae_Dynastes_tityus\d91e2250-6cfd-41b6-8124-3ffe57fa8593.jpg,22,79,79 22 21 100 2
data\raw\val\00381_Animalia_Arthropoda_Insecta_Coleoptera_Scarabaeidae_Dynastes_tityus\c2f1b59c-7461-42ee-8415-279324087eb6.jpg,22,85,85 12 48 209 188
data\raw\val\00381_Animalia_Arthropoda_Insecta_Coleoptera_Scarabaeidae_Dynastes_tityus\532489df-fbcb-4f64-9b3b-be71d2817192.jpg,22,22,22 20 64 17 23
data\raw\val\00381_Animalia_Arthropoda_Insecta_Coleoptera_Scarabaeidae_Dynastes_tityus\98894e68-d6ce-4fa8-a4b9-8aa72e9c05ee.jpg,22,22,22 196 188 48 17
data\raw\val\00381_Animalia_Arthropoda_Insecta_Coleoptera_Scarabaeidae_Dynastes_tityus\64e48d59-ad36-4db8-94dd-a8219a38ec9b.jpg,22,131,131 137 135 136 140
data\raw\val\00381_Animalia_Arthropoda_Insecta_Coleoptera_Scarabaeidae_Dynastes_tityus\0c6059ce-03d1-4d65-a9c9-830735e879f4.jpg,22,22,22 130 13 176 249
data\raw\val\00381_Animalia_Arthropoda_Insecta_Coleoptera_Scarabaeidae_Dynastes_tityus\e1bd58bd-2a02-43f9-9538-c4ad65aaea53.jpg,22,256,256 19 23 120 22
data\raw\val\00381_Animalia_Arthropoda_Insecta_Coleoptera_Scarabaeidae_Dynastes_tityus\0a37d04d-07d5-466e-982d-001982c453ba.jpg,22,87,87 86 210 153 67
data\raw\val\00381_Animalia_Arthropoda_Insecta_Coleoptera_Scarabaeidae_Dynastes_tityus\e5920bea-7e25-4bba-8912-42a016bdd3a6.jpg,22,129,129 250 24 255 13
data\raw\val\00381_Animalia_Arthropoda_Insecta_Coleoptera_Scarabaeidae_Dynastes_tityus\c1d06126-e723-47b1-861e-026f2042e484.jpg,22,196,196 20 23 93 22
data\raw\val\00382_Animalia_Arthropoda_Insecta_Coleoptera_Scarabaeidae_Euphoria_basalis\56551279-457d-4e10-a3bd-43c70c1cd8e5.jpg,23,328,328 471 329 370 315
data\raw\val\00382_Animalia_Arthropoda_Insecta_Coleoptera_Scarabaeidae_Euphoria_basalis\449724e5-84b4-4de1-a608-d85012858e41.jpg,23,332,332 334 326 333 23
data\raw\val\00382_Animalia_Arthropoda_Insecta_Coleoptera_Scarabaeidae_Euphoria_basalis\70ca0d51-e921-41f7-9abb-94c9ede07d7e.jpg,23,24,24 250 30 22 339
data\raw\val\00382_Animalia_Arthropoda_Insecta_Coleoptera_Scarabaeidae_Euphoria_basalis\8bb2e3a1-03b8-4750-a91e-f59a055ee4c5.jpg,23,122,122 18 16 26 116
data\raw\val\00382_Animalia_Arthropoda_Insecta_Coleoptera_Scarabaeidae_Euphoria_basalis\180992c3-e880-44b3-875d-4ec905836b4c.jpg,23,329,329 328 448 457 181
data\raw\val\00382_Animalia_Arthropoda_Insecta_Coleoptera_Scarabaeidae_Euphoria_basalis\91534e95-65cb-4cac-b58f-f3c2db060b32.jpg,23,332,332 386 385 337 454
data\raw\val\00382_Animalia_Arthropoda_Insecta_Coleoptera_Scarabaeidae_Euphoria_basalis\f018147a-d311-493a-b833-e81449569add.jpg,23,329,329 317 462 387 412
data\raw\val\00382_Animalia_Arthropoda_Insecta_Coleoptera_Scarabaeidae_Euphoria_basalis\3d21916a-83c9-4b41-b847-0a004f258100.jpg,23,403,403 93 107 37 438
data\raw\val\00382_Animalia_Arthropoda_Insecta_Coleoptera_Scarabaeidae_Euphoria_basalis\16516bd6-0d2e-45a6-ae53-b63cb3dd9c8f.jpg,23,6,6 22 254 232 133
data\raw\val\00382_Animalia_Arthropoda_Insecta_Coleoptera_Scarabaeidae_Euphoria_basalis\7cb950af-b93b-46c1-94d5-cd6a080720fb.jpg,23,448,448 292 480 291 90
data\raw\val\00418_Animalia_Arthropoda_Insecta_Coleoptera_Zopheridae_Zopherus_nodulosus\139cd667-34e5-4192-82a8-4770867c3336.jpg,24,24,24 44 43 140 210
data\raw\val\00418_Animalia_Arthropoda_Insecta_Coleoptera_Zopheridae_Zopherus_nodulosus\445e1c70-ac79-4066-8f9b-65b4a292b65a.jpg,24,22,22 23 109 111 228
data\raw\val\00418_Animalia_Arthropoda_Insecta_Coleoptera_Zopheridae_Zopherus_nodulosus\444ff3c7-92da-4493-ba03-eb0ca7c6effb.jpg,24,24,24 43 30 13 5
data\raw\val\00418_Animalia_Arthropoda_Insecta_Coleoptera_Zopheridae_Zopherus_nodulosus\49b7b702-800d-44be-b3fe-9f1449a03897.jpg,24,140,140 24 191 210 153
data\raw\val\00418_Animalia_Arthropoda_Insecta_Coleoptera_Zopheridae_Zopherus_nodulosus\c75c787c-3ed6-41fc-af30-30de7962fee3.jpg,24,52,52 44 486 5 216
data\raw\val\00418_Animalia_Arthropoda_Insecta_Coleoptera_Zopheridae_Zopherus_nodulosus\39f8d495-4e6b-40b7-b055-d4a195b37e55.jpg,24,191,191 24 25 210 192
data\raw\val\00418_Animalia_Arthropoda_Insecta_Coleoptera_Zopheridae_Zopherus_nodulosus\ce9a6f40-49a8-4703-b565-dbc8dda66d09.jpg,24,24,24 191 218 22 192
data\raw\val\00418_Animalia_Arthropoda_Insecta_Coleoptera_Zopheridae_Zopherus_nodulosus\577f1a06-d0cf-414b-83a8-b695e4e7e374.jpg,24,24,24 67 7 242 11
data\raw\val\00418_Animalia_Arthropoda_Insecta_Coleoptera_Zopheridae_Zopherus_nodulosus\8fdf18c1-835b-4262-a97c-7ea43869290e.jpg,24,269,269 29 496 2 5
data\raw\val\00418_Animalia_Arthropoda_Insecta_Coleoptera_Zopheridae_Zopherus_nodulosus\d55e1b08-dfdf-456e-b180-99e908c122f3.jpg,24,24,24 44 157 43 151
data\raw\val\00504_Animalia_Arthropoda_Insecta_Diptera_Tipulidae_Tipula_abdominalis\08bc2639-8f4b-4708-8195-d99399be74fb.jpg,25,25,25 77 47 45 39
data\raw\val\00504_Animalia_Arthropoda_Insecta_Diptera_Tipulidae_Tipula_abdominalis\4ba845c2-2f30-4eb0-88a9-f381e4879fdb.jpg,25,7,7 25 21 74 5
data\raw\val\00504_Animalia_Arthropoda_Insecta_Diptera_Tipulidae_Tipula_abdominalis\78f06e04-5e90-4f91-91a8-dc2b95c89b44.jpg,25,1,1 25 0 300 112
data\raw\val\00504_Animalia_Arthropoda_Insecta_Diptera_Tipulidae_Tipula_abdominalis\63bcc15a-4603-4f16-9319-3d24eee92b13.jpg,25,25,25 0 236 77 109
data\raw\val\00504_Animalia_Arthropoda_Insecta_Diptera_Tipulidae_Tipula_abdominalis\b6b2644d-fa0d-4537-a49f-51a931b41a23.jpg,25,25,25 77 42 239 79
data\raw\val\00504_Animalia_Arthropoda_Insecta_Diptera_Tipulidae_Tipula_abdominalis\954ab91f-a31a-4281-aaa1-5325b6039307.jpg,25,77,77 25 45 74 79
data\raw\val\00504_Animalia_Arthropoda_Insecta_Diptera_Tipulidae_Tipula_abdominalis\f303079b-b08e-4540-984e-054ed3b00459.jpg,25,25,25 216 45 173 110
data\raw\val\00504_Animalia_Arthropoda_Insecta_Diptera_Tipulidae_Tipula_abdominalis\34d6affb-cf13-477c-ac86-45788f8083af.jpg,25,78,78 25 77 42 239
data\raw\val\00504_Animalia_Arthropoda_Insecta_Diptera_Tipulidae_Tipula_abdominalis\96999a5b-e336-4905-8f52-bd397f5e53e5.jpg,25,25,25 77 45 102 42
data\raw\val\00504_Animalia_Arthropoda_Insecta_Diptera_Tipulidae_Tipula_abdominalis\804b4415-f6ee-41c3-a947-6074f29d1e78.jpg,25,239,239 236 42 4 225
data\raw\val\00525_Animalia_Arthropoda_Insecta_Hemiptera_Cercopidae_Cercopis_vulnerata\d1116899-3614-4ee5-8901-a5e7b01c04cf.jpg,26,26,26 30 122 66 18
data\raw\val\00525_Animalia_Arthropoda_Insecta_Hemiptera_Cercopidae_Cercopis_vulnerata\1be2a4cc-671e-46d7-a3ac-ccb2123521d1.jpg,26,459,459 289 375 446 458
data\raw\val\00525_Animalia_Arthropoda_Insecta_Hemiptera_Cercopidae_Cercopis_vulnerata\974187d9-c369-4d4f-8e84-7136dd5febfc.jpg,26,26,26 122 16 119 30
data\raw\val\00525_Animalia_Arthropoda_Insecta_Hemiptera_Cercopidae_Cercopis_vulnerata\04487df5-dfcd-4f5b-b71d-f0c6c3e4ed20.jpg,26,26,26 36 116 16 29
data\raw\val\00525_Animalia_Arthropoda_Insecta_Hemiptera_Cercopidae_Cercopis_vulnerata\703efcc5-460b-445e-9d35-31385470dc91.jpg,26,26,26 16 30 15 122
data\raw\val\00525_Animalia_Arthropoda_Insecta_Hemiptera_Cercopidae_Cercopis_vulnerata\5c0e1f23-b208-4547-9a9e-d551fb15100f.jpg,26,26,26 16 19 18 84
data\raw\val\00525_Animalia_Arthropoda_Insecta_Hemiptera_Cercopidae_Cercopis_vulnerata\afc1a085-6d7b-4bff-b605-34f6b0b08e6d.jpg,26,26,26 16 18 122 66
data\raw\val\00525_Animalia_Arthropoda_Insecta_Hemiptera_Cercopidae_Cercopis_vulnerata\1f60e67d-b3b2-4a96-93cf-aa201ea916a8.jpg,26,26,26 30 16 15 115
data\raw\val\00525_Animalia_Arthropoda_Insecta_Hemiptera_Cercopidae_Cercopis_vulnerata\d2b5b087-8827-41eb-9330-f771add59521.jpg,26,16,16 26 66 30 18
data\raw\val\00525_Animalia_Arthropoda_Insecta_Hemiptera_Cercopidae_Cercopis_vulnerata\3198a557-53b9-4cfb-97ee-44ef6072942b.jpg,26,113,113 106 109 304 296
data\raw\val\00529_Animalia_Arthropoda_Insecta_Hemiptera_Cicadellidae_Cuerna_costalis\b1af1ab9-42c7-4606-938b-7ca5d9ec73f0.jpg,27,109,109 115 24 5 35
data\raw\val\00529_Animalia_Arthropoda_Insecta_Hemiptera_Cicadellidae_Cuerna_costalis\13489a8f-de93-4649-a264-b92bf5854bfd.jpg,27,115,115 113 114 109 105
data\raw\val\00529_Animalia_Arthropoda_Insecta_Hemiptera_Cicadellidae_Cuerna_costalis\d8de6b18-851d-4360-8647-d7d6829c3735.jpg,27,27,27 2 115 32 29
data\raw\val\00529_Animalia_Arthropoda_Insecta_Hemiptera_Cicadellidae_Cuerna_costalis\fc9f27a9-79cb-4901-bfb9-e3a7eef781d3.jpg,27,112,112 103 113 105 95
data\raw\val\00529_Animalia_Arthropoda_Insecta_Hemiptera_Cicadellidae_Cuerna_costalis\f7a9153d-6643-4962-83b6-47db226a8f07.jpg,27,109,109 106 113 107 19
data\raw\val\00529_Animalia_Arthropoda_Insecta_Hemiptera_Cicadellidae_Cuerna_costalis\080113f4-8ed9-4d76-9556-1a5e2bc58d84.jpg,27,172,172 183 158 174 187
data\raw\val\00529_Animalia_Arthropoda_Insecta_Hemiptera_Cicadellidae_Cuerna_costalis\a5b0d546-0d7a-48f3-b3b1-d54954b285fe.jpg,27,112,112 105 114 427 63
data\raw\val\00529_Animalia_Arthropoda_Insecta_Hemiptera_Cicadellidae_Cuerna_costalis\47851b1d-cf57-48ed-8d2c-772106271836.jpg,27,284,284 75 459 432 298
data\raw\val\00529_Animalia_Arthropoda_Insecta_Hemiptera_Cicadellidae_Cuerna_costalis\d1e18f6e-fabb-42d9-a608-2a79a62b3496.jpg,27,310,310 436 479 311 495
data\raw\val\00529_Animalia_Arthropoda_Insecta_Hemiptera_Cicadellidae_Cuerna_costalis\e2ccfbeb-fd70-4b5e-9279-79b379ff9b0b.jpg,27,231,231 218 239 10 233
data\raw\val\00562_Animalia_Arthropoda_Insecta_Hemiptera_Coreidae_Coreus_marginatus\63129198-2dd1-441f-8821-daea5a7fb0af.jpg,28,28,28 82 41 62 76
data\raw\val\00562_Animalia_Arthropoda_Insecta_Hemiptera_Coreidae_Coreus_marginatus\3e0ff8d5-c620-416b-b05d-9da8049f811e.jpg,28,245,245 146 58 101 212
data\raw\val\00562_Animalia_Arthropoda_Insecta_Hemiptera_Coreidae_Coreus_marginatus\709672d0-2f97-4a9f-a1a4-3ccaa1946f88.jpg,28,28,28 82 54 51 53
data\raw\val\00562_Animalia_Arthropoda_Insecta_Hemiptera_Coreidae_Coreus_marginatus\6b74b3a3-2f6e-4f21-8b69-9ef53c4b19ca.jpg,28,28,28 17 82 62 51
data\raw\val\00562_Animalia_Arthropoda_Insecta_Hemiptera_Coreidae_Coreus_marginatus\647dec76-329f-4da9-9d7f-b84d84b05774.jpg,28,37,37 32 107 143 3
data\raw\val\00562_Animalia_Arthropoda_Insecta_Hemiptera_Coreidae_Coreus_marginatus\065df732-ed6c-4b4a-ab9c-268fde735c2f.jpg,28,32,32 28 17 82 477
data\raw\val\00562_Animalia_Arthropoda_Insecta_Hemiptera_Coreidae_Coreus_marginatus\0f01b27e-fe92-4078-9ee3-5c27d23ed5fd.jpg,28,344,344 478 317 473 387
data\raw\val\00562_Animalia_Arthropoda_Insecta_Hemiptera_Coreidae_Coreus_marginatus\a5dd58f1-401e-41c7-8131-1f7399ae97c5.jpg,28,28,28 41 17 32 82
data\raw\val\00562_Animalia_Arthropoda_Insecta_Hemiptera_Coreidae_Coreus_marginatus\f2b0c648-df79-43a3-8ca6-48c35ac02a75.jpg,28,126,126 125 229 240 414
data\raw\val\00562_Animalia_Arthropoda_Insecta_Hemiptera_Coreidae_Coreus_marginatus\849dbaba-42ee-4c6a-a57e-5000b2502526.jpg,28,6,6 75 265 28 270
data\raw\val\00573_Animalia_Arthropoda_Insecta_Hemiptera_Coreidae_Thasus_neocalifornicus\97765775-ab66-4d01-8b11-bb5d83a48d3a.jpg,29,472,472 438 453 29 311
data\raw\val\00573_Animalia_Arthropoda_Insecta_Hemiptera_Coreidae_Thasus_neocalifornicus\fcf222de-3587-4799-b930-37d8bd82eee8.jpg,29,7,7 13 24 11 22
data\raw\val\00573_Animalia_Arthropoda_Insecta_Hemiptera_Coreidae_Thasus_neocalifornicus\a7dda64d-d660-4044-b86d-995d3a50a12b.jpg,29,29,29 459 476 308 451
data\raw\val\00573_Animalia_Arthropoda_Insecta_Hemiptera_Coreidae_Thasus_neocalifornicus\3ffa20f0-5cd8-4540-b977-74235957b707.jpg,29,146,146 193 198 169 167
data\raw\val\00573_Animalia_Arthropoda_Insecta_Hemiptera_Coreidae_Thasus_neocalifornicus\9802b080-5a43-46cb-9145-caf0059704c5.jpg,29,5,5 7 13 25 2
data\raw\val\00573_Animalia_Arthropoda_Insecta_Hemiptera_Coreidae_Thasus_neocalifornicus\d537f138-ef2f-4f7b-a962-107707d7a617.jpg,29,29,29 15 2 17 37
data\raw\val\00573_Animalia_Arthropoda_Insecta_Hemiptera_Coreidae_Thasus_neocalifornicus\99fddfde-1882-451a-ae61-990a8554b2c6.jpg,29,29,29 369 15 106 115
data\raw\val\00573_Animalia_Arthropoda_Insecta_Hemiptera_Coreidae_Thasus_neocalifornicus\9b6f2082-be4e-410a-b72a-f3509fa78df1.jpg,29,77,77 72 100 79 269
data\raw\val\00573_Animalia_Arthropoda_Insecta_Hemiptera_Coreidae_Thasus_neocalifornicus\04af60c9-26eb-4a8d-8534-233efe1852d7.jpg,29,37,37 85 40 106 27
data\raw\val\00573_Animalia_Arthropoda_Insecta_Hemiptera_Coreidae_Thasus_neocalifornicus\dbf9f3b2-d541-496c-b7da-b5a1621f52b8.jpg,29,362,362 29 40 28 367
data\raw\val\00623_Animalia_Arthropoda_Insecta_Hemiptera_Pentatomidae_Euthyrhynchus_floridanus\06e00ca2-e343-421d-b99e-b06813b707eb.jpg,30,122,122 30 18 36 12
data\raw\val\00623_Animalia_Arthropoda_Insecta_Hemiptera_Pentatomidae_Euthyrhynchus_floridanus\6b5148ea-bdc8-49fa-a5d9-6e8d9b4c3ac8.jpg,30,30,30 26 94 16 88
data\raw\val\00623_Animalia_Arthropoda_Insecta_Hemiptera_Pentatomidae_Euthyrhynchus_floridanus\3badb91d-ecd7-4e50-85e7-a406c2c18e02.jpg,30,154,154 122 158 155 151
data\raw\val\00623_Animalia_Arthropoda_Insecta_Hemiptera_Pentatomidae_Euthyrhynchus_floridanus\fde34f72-f732-41f6-a25a-26a803d6c368.jpg,30,18,18 30 19 122 36
data\raw\val\00623_Animalia_Arthropoda_Insecta_Hemiptera_Pentatomidae_Euthyrhynchus_floridanus\bc0fa491-e9a3-414b-8328-a81b7fdd340a.jpg,30,30,30 36 11 12 13
data\raw\val\00623_Animalia_Arthropoda_Insecta_Hemiptera_Pentatomidae_Euthyrhynchus_floridanus\1d9c5fa3-cffd-4138-a0b2-9ef14c4a854b.jpg,30,30,30 11 135 136 134
data\raw\val\00623_Animalia_Arthropoda_Insecta_Hemiptera_Pentatomidae_Euthyrhynchus_floridanus\9045eb05-0ee7-4cf7-b25f-025c712a3853.jpg,30,130,130 132 122 172 207
data\raw\val\00623_Animalia_Arthropoda_Insecta_Hemiptera_Pentatomidae_Euthyrhynchus_floridanus\57ed8a5b-a439-4a07-93c3-2b79ecbfd188.jpg,30,119,119 5 120 38 29
data\raw\val\00623_Animalia_Arthropoda_Insecta_Hemiptera_Pentatomidae_Euthyrhynchus_floridanus\c5d9996d-2167-453c-b6d0-34445ad6fd64.jpg,30,481,481 469 307 367 408
data\raw\val\00623_Animalia_Arthropoda_Insecta_Hemiptera_Pentatomidae_Euthyrhynchus_floridanus\6908256a-d9a9-4a4d-80ad-a751ed4bfabc.jpg,30,11,11 140 24 120 94
data\raw\val\00652_Animalia_Arthropoda_Insecta_Hemiptera_Reduviidae_Pselliopus_barberi\f2cf0e1a-7377-4ddd-b115-136b0dd14973.jpg,31,23,23 35 37 20 14
data\raw\val\00652_Animalia_Arthropoda_Insecta_Hemiptera_Reduviidae_Pselliopus_barberi\73379341-4fc3-41bd-8390-cf6605dc28e6.jpg,31,253,253 35 3 138 5
data\raw\val\00652_Animalia_Arthropoda_Insecta_Hemiptera_Reduviidae_Pselliopus_barberi\c55e0588-6737-4f47-b85f-39d8da520348.jpg,31,17,17 28 18 32 31
data\raw\val\00652_Animalia_Arthropoda_Insecta_Hemiptera_Reduviidae_Pselliopus_barberi\f2598e14-b8c2-469a-a4b8-b71229990f08.jpg,31,102,102 90 39 38 48
data\raw\val\00652_Animalia_Arthropoda_Insecta_Hemiptera_Reduviidae_Pselliopus_barberi\a83d4d0f-0d63-42f8-b6b5-5a7ae108ac8c.jpg,31,31,31 279 89 56 20
data\raw\val\00652_Animalia_Arthropoda_Insecta_Hemiptera_Reduviidae_Pselliopus_barberi\08db2fd5-68b2-48a7-8a85-07aea2bd10d3.jpg,31,31,31 19 18 92 90
data\raw\val\00652_Animalia_Arthropoda_Insecta_Hemiptera_Reduviidae_Pselliopus_barberi\96a06429-b887-4595-b2ba-b06c870ed0ef.jpg,31,263,263 279 471 412 41
data\raw\val\00652_Animalia_Arthropoda_Insecta_Hemiptera_Reduviidae_Pselliopus_barberi\105b02f8-c09d-42fc-b079-bcf27d0c4a83.jpg,31,101,101 31 89 90 19
data\raw\val\00652_Animalia_Arthropoda_Insecta_Hemiptera_Reduviidae_Pselliopus_barberi\7b5fe607-1e23-4527-8033-e449e03ff5dd.jpg,31,31,31 253 37 38 64
data\raw\val\00652_Animalia_Arthropoda_Insecta_Hemiptera_Reduviidae_Pselliopus_barberi\0fb4b2de-e83a-4b77-a766-2747e2dbc8f5.jpg,31,31,31 68 89 18 101
data\raw\val\00666_Animalia_Arthropoda_Insecta_Hemiptera_Ricaniidae_Scolypopa_australis\a8aa0a72-6e1d-4d6a-ae81-f01ae4e1e372.jpg,32,49,49 44 52 81 72
data\raw\val\00666_Animalia_Arthropoda_Insecta_Hemiptera_Ricaniidae_Scolypopa_australis\ec233c72-d4c5-4c17-8001-43e67baea482.jpg,32,95,95 96 61 477 4
data\raw\val\00666_Animalia_Arthropoda_Insecta_Hemiptera_Ricaniidae_Scolypopa_australis\765918ae-416a-4c45-b966-170fc1efe47a.jpg,32,393,393 401 477 95 357
data\raw\val\00666_Animalia_Arthropoda_Insecta_Hemiptera_Ricaniidae_Scolypopa_australis\7e5a215b-b4e4-433a-8b4d-2173dba38836.jpg,32,470,470 434 399 360 129
data\raw\val\00666_Animalia_Arthropoda_Insecta_Hemiptera_Ricaniidae_Scolypopa_australis\a3fec29a-6760-4ace-a79d-fded24e977fa.jpg,32,100,100 72 77 81 52
data\raw\val\00666_Animalia_Arthropoda_Insecta_Hemiptera_Ricaniidae_Scolypopa_australis\6312f3dc-ea0a-4f38-a466-c652830e80dc.jpg,32,472,472 96 411 415 357
data\raw\val\00666_Animalia_Arthropoda_Insecta_Hemiptera_Ricaniidae_Scolypopa_australis\63ed0dad-61fc-4c61-9fcd-d4c6e5587d3f.jpg,32,32,32 28 47 63 27
data\raw\val\00666_Animalia_Arthropoda_Insecta_Hemiptera_Ricaniidae_Scolypopa_australis\ca8cba86-21d4-4e0a-98b5-4f2612e3bcdb.jpg,32,141,141 70 32 88 47
data\raw\val\00666_Animalia_Arthropoda_Insecta_Hemiptera_Ricaniidae_Scolypopa_australis\8da5af2c-66b1-4b19-99b1-c5d7fab53b75.jpg,32,45,45 49 75 47 72
data\raw\val\00666_Animalia_Arthropoda_Insecta_Hemiptera_Ricaniidae_Scolypopa_australis\0e88b725-817f-4bea-b33f-b6d9cd3be0fc.jpg,32,28,28 169 2 107 236
data\raw\val\00712_Animalia_Arthropoda_Insecta_Hymenoptera_Apidae_Xylocopa_sonorina\ebbce709-2f4d-4c5e-b50b-df3930cd0f55.jpg,33,122,122 21 51 22 32
data\raw\val\00712_Animalia_Arthropoda_Insecta_Hymenoptera_Apidae_Xylocopa_sonorina\5bcfadd2-6d3e-4a85-a3ba-ab1f310862dc.jpg,33,244,244 395 137 130 126
data\raw\val\00712_Animalia_Arthropoda_Insecta_Hymenoptera_Apidae_Xylocopa_sonorina\b84df638-5258-481f-825c-6a8de5f6ce5d.jpg,33,56,56 76 248 64 101
data\raw\val\00712_Animalia_Arthropoda_Insecta_Hymenoptera_Apidae_Xylocopa_sonorina\c90c4dde-d72b-49b0-9bad-b33be584baf8.jpg,33,34,34 423 15 291 426
data\raw\val\00712_Animalia_Arthropoda_Insecta_Hymenoptera_Apidae_Xylocopa_sonorina\1d4f3e8d-8be5-48b9-a37a-2a1e7ca1b121.jpg,33,34,34 94 15 23 27
data\raw\val\00712_Animalia_Arthropoda_Insecta_Hymenoptera_Apidae_Xylocopa_sonorina\ce93cd0c-74ed-46f6-8e34-1e9d7908744a.jpg,33,413,413 397 476 488 293
data\raw\val\00712_Animalia_Arthropoda_Insecta_Hymenoptera_Apidae_Xylocopa_sonorina\d99f9d1c-d474-4737-b590-a156c47f9ea8.jpg,33,389,389 326 97 376 483
data\raw\val\00712_Animalia_Arthropoda_Insecta_Hymenoptera_Apidae_Xylocopa_sonorina\3b71dfe2-522c-4746-bbc7-afea5dd99452.jpg,33,43,43 23 30 34 94
data\raw\val\00712_Animalia_Arthropoda_Insecta_Hymenoptera_Apidae_Xylocopa_sonorina\e64e6876-1f8c-4bba-b916-8054164ecf19.jpg,33,480,480 285 268 90 271
data\raw\val\00712_Animalia_Arthropoda_Insecta_Hymenoptera_Apidae_Xylocopa_sonorina\8c409673-d225-4c4f-9b9b-ff472ab04053.jpg,33,370,370 340 336 418 429
data\raw\val\00713_Animalia_Arthropoda_Insecta_Hymenoptera_Apidae_Xylocopa_tabaniformis\11e940b3-d3c6-4934-99ab-cd241b8efce3.jpg,34,68,68 463 64 97 37
data\raw\val\00713_Animalia_Arthropoda_Insecta_Hymenoptera_Apidae_Xylocopa_tabaniformis\bf325f01-66a2-4486-895c-4e02cb7c360b.jpg,34,129,129 276 288 15 245
data\raw\val\00713_Animalia_Arthropoda_Insecta_Hymenoptera_Apidae_Xylocopa_tabaniformis\a6ff8315-d82c-418a-b2d3-3677655c7e66.jpg,34,186,186 34 33 198 196
data\raw\val\00713_Animalia_Arthropoda_Insecta_Hymenoptera_Apidae_Xylocopa_tabaniformis\7143dd14-ac71-4ecc-b80e-dc1907f5fecc.jpg,34,425,425 461 420 307 348
data\raw\val\00713_Animalia_Arthropoda_Insecta_Hymenoptera_Apidae_Xylocopa_tabaniformis\a6354310-9a1b-46e5-ad48-54c155362be1.jpg,34,32,32 63 34 232 143
data\raw\val\00713_Animalia_Arthropoda_Insecta_Hymenoptera_Apidae_Xylocopa_tabaniformis\94f9b97c-7b6f-438e-9219-9b14b93acae5.jpg,34,23,23 34 94 93 35
data\raw\val\00713_Animalia_Arthropoda_Insecta_Hymenoptera_Apidae_Xylocopa_tabaniformis\68a94714-d9f8-49f2-b16f-7a3a4cc8503e.jpg,34,363,363 481 474 307 356
data\raw\val\00713_Animalia_Arthropoda_Insecta_Hymenoptera_Apidae_Xylocopa_tabaniformis\3b798074-f937-4e76-8a7c-23a81e81d074.jpg,34,43,43 416 17 34 85
data\raw\val\00713_Animalia_Arthropoda_Insecta_Hymenoptera_Apidae_Xylocopa_tabaniformis\c04ada87-f56e-45ed-b98c-71c3aa8a3d8c.jpg,34,329,329 483 418 97 325
data\raw\val\00713_Animalia_Arthropoda_Insecta_Hymenoptera_Apidae_Xylocopa_tabaniformis\b59da8d8-40bd-4097-b2c2-7c77d7a4c734.jpg,34,94,94 30 88 93 34
data\raw\val\00778_Animalia_Arthropoda_Insecta_Hymenoptera_Halictidae_Halictus_rubicundus\83e0e87d-2f96-46bd-9b0e-c87313c780f8.jpg,35,23,23 35 14 37 70
data\raw\val\00778_Animalia_Arthropoda_Insecta_Hymenoptera_Halictidae_Halictus_rubicundus\72cf5f31-595c-4131-974a-8f4adf868f70.jpg,35,253,253 91 35 23 37
data\raw\val\00778_Animalia_Arthropoda_Insecta_Hymenoptera_Halictidae_Halictus_rubicundus\b9421dca-67ff-49a9-ac73-93aa8dbacae6.jpg,35,15,15 33 276 426 34
data\raw\val\00778_Animalia_Arthropoda_Insecta_Hymenoptera_Halictidae_Halictus_rubicundus\3a0b51da-338b-4413-9b5f-22159f1af472.jpg,35,157,157 119 158 155 1
data\raw\val\00778_Animalia_Arthropoda_Insecta_Hymenoptera_Halictidae_Halictus_rubicundus\363717f6-3f16-42e4-a3eb-e37033100b8c.jpg,35,128,128 109 250 22 106
data\raw\val\00778_Animalia_Arthropoda_Insecta_Hymenoptera_Halictidae_Halictus_rubicundus\2eaf72c7-a6f9-442d-8287-aa35c798ed70.jpg,35,35,35 23 37 256 14
data\raw\val\00778_Animalia_Arthropoda_Insecta_Hymenoptera_Halictidae_Halictus_rubicundus\0c5d7354-8431-43fb-a88d-8d26e96249ed.jpg,35,107,107 110 111 20 27
data\raw\val\00778_Animalia_Arthropoda_Insecta_Hymenoptera_Halictidae_Halictus_rubicundus\0fdddaa8-59c1-4e9b-a6ff-55bd9dc6ead4.jpg,35,488,488 146 192 148 174
data\raw\val\00778_Animalia_Arthropoda_Insecta_Hymenoptera_Halictidae_Halictus_rubicundus\a74c2480-de50-4b83-b5a8-98e761be52e2.jpg,35,24,24 105 250 113 104
data\raw\val\00778_Animalia_Arthropoda_Insecta_Hymenoptera_Halictidae_Halictus_rubicundus\bbf3505c-30a7-4ecc-a2b2-2c2e2ff3f766.jpg,35,126,126 5 80 2 45
data\raw\val\00791_Animalia_Arthropoda_Insecta_Hymenoptera_Mutillidae_Dasymutilla_occidentalis\6fa4bc7f-0db1-4375-8830-a02d50da251e.jpg,36,258,258 36 261 252 461
data\raw\val\00791_Animalia_Arthropoda_Insecta_Hymenoptera_Mutillidae_Dasymutilla_occidentalis\cb7cda7d-46d7-4ad5-b699-22c8300a631a.jpg,36,36,36 26 16 461 258
data\raw\val\00791_Animalia_Arthropoda_Insecta_Hymenoptera_Mutillidae_Dasymutilla_occidentalis\45217603-488c-4012-98dc-672c0df69e6b.jpg,36,36,36 118 26 425 30
data\raw\val\00791_Animalia_Arthropoda_Insecta_Hymenoptera_Mutillidae_Dasymutilla_occidentalis\939fe35c-a083-4192-9f25-3b3aa183770b.jpg,36,243,243 6 9 269 7
data\raw\val\00791_Animalia_Arthropoda_Insecta_Hymenoptera_Mutillidae_Dasymutilla_occidentalis\e7af10db-fc25-4ca3-98cb-372b71cf1a73.jpg,36,36,36 30 48 18 19
data\raw\val\00791_Animalia_Arthropoda_Insecta_Hymenoptera_Mutillidae_Dasymutilla_occidentalis\39411949-0258-44d2-8c0e-3115aacd229c.jpg,36,258,258 36 261 252 16
data\raw\val\00791_Animalia_Arthropoda_Insecta_Hymenoptera_Mutillidae_Dasymutilla_occidentalis\e356f70e-9856-4068-b200-eaa7f86143d6.jpg,36,26,26 36 16 461 48
data\raw\val\00791_Animalia_Arthropoda_Insecta_Hymenoptera_Mutillidae_Dasymutilla_occidentalis\6a4cd875-5602-41d6-9ea9-9af9f71d28ca.jpg,36,117,117 26 118 122 119
data\raw\val\00791_Animalia_Arthropoda_Insecta_Hymenoptera_Mutillidae_Dasymutilla_occidentalis\787bf283-081c-44ff-9b61-f4104f0da34f.jpg,36,258,258 261 409 240 268
data\raw\val\00791_Animalia_Arthropoda_Insecta_Hymenoptera_Mutillidae_Dasymutilla_occidentalis\830d1b68-a88a-430d-ad13-f0262d22e06c.jpg,36,36,36 258 116 118 422
data\raw\val\00809_Animalia_Arthropoda_Insecta_Hymenoptera_Thynnidae_Myzinum_quinquecinctum\0dd9a01d-30e0-4291-82ba-e97068adc2b3.jpg,37,38,38 253 131 40 3
data\raw\val\00809_Animalia_Arthropoda_Insecta_Hymenoptera_Thynnidae_Myzinum_quinquecinctum\fb354467-84d6-41be-8e77-5b8079176c22.jpg,37,106,106 93 111 114 109
data\raw\val\00809_Animalia_Arthropoda_Insecta_Hymenoptera_Thynnidae_Myzinum_quinquecinctum\2e5bc1d8-937c-4699-b990-0e01b7660a47.jpg,37,38,38 37 64 14 253
data\raw\val\00809_Animalia_Arthropoda_Insecta_Hymenoptera_Thynnidae_Myzinum_quinquecinctum\6c2aa26f-445c-4ecf-9f89-83a7baebccd2.jpg,37,133,133 128 121 142 235
data\raw\val\00809_Animalia_Arthropoda_Insecta_Hymenoptera_Thynnidae_Myzinum_quinquecinctum\620ac107-4891-4541-afd9-a5df0fd3e31a.jpg,37,37,37 23 35 39 432
data\raw\val\00809_Animalia_Arthropoda_Insecta_Hymenoptera_Thynnidae_Myzinum_quinquecinctum\0332668b-cb12-4cf0-926a-cd4051e87ff2.jpg,37,37,37 35 70 23 14
data\raw\val\00809_Animalia_Arthropoda_Insecta_Hymenoptera_Thynnidae_Myzinum_quinquecinctum\6e50aad1-fe27-4fd2-9731-61a4fa510b40.jpg,37,38,38 37 93 119 39
data\raw\val\00809_Animalia_Arthropoda_Insecta_Hymenoptera_Thynnidae_Myzinum_quinquecinctum\d87abbb1-20f2-48c4-bd37-5c54b1bdf5b0.jpg,37,38,38 39 37 91 14
data\raw\val\00809_Animalia_Arthropoda_Insecta_Hymenoptera_Thynnidae_Myzinum_quinquecinctum\daedfdc4-79b3-4680-93a6-a6b8903e7d01.jpg,37,35,35 23 34 37 20
data\raw\val\00809_Animalia_Arthropoda_Insecta_Hymenoptera_Thynnidae_Myzinum_quinquecinctum\02fc11d8-11e3-4919-b7ae-3a4e643615bb.jpg,37,37,37 23 35 34 70
data\raw\val\00830_Animalia_Arthropoda_Insecta_Hymenoptera_Vespidae_Polistes_dominula\16140327-f411-49a5-adeb-ea72718c58f4.jpg,38,119,119 75 45 116 39
data\raw\val\00830_Animalia_Arthropoda_Insecta_Hymenoptera_Vespidae_Polistes_dominula\04df973f-985f-4de2-b402-5d7c7eb9b9a6.jpg,38,218,218 79 130 49 76
data\raw\val\00830_Animalia_Arthropoda_Insecta_Hymenoptera_Vespidae_Polistes_dominula\5f743808-216d-42a8-80d8-5b247f81cb41.jpg,38,395,395 218 191 130 488
data\raw\val\00830_Animalia_Arthropoda_Insecta_Hymenoptera_Vespidae_Polistes_dominula\0c951474-56ad-40bd-8703-a9a970e5914a.jpg,38,334,334 386 333 374 387
data\raw\val\00830_Animalia_Arthropoda_Insecta_Hymenoptera_Vespidae_Polistes_dominula\3a161c24-518e-4b46-8c5b-69b80c5f56fd.jpg,38,110,110 105 109 107 180
data\raw\val\00830_Animalia_Arthropoda_Insecta_Hymenoptera_Vespidae_Polistes_dominula\1e016b81-33b6-4b03-a9ea-6e21cf54cf19.jpg,38,93,93 106 311 231 38
data\raw\val\00830_Animalia_Arthropoda_Insecta_Hymenoptera_Vespidae_Polistes_dominula\2df6fde8-7e19-4e35-becc-cf4f29ba15ef.jpg,38,75,75 102 40 38 45
data\raw\val\00830_Animalia_Arthropoda_Insecta_Hymenoptera_Vespidae_Polistes_dominula\f93e6289-26a9-4d9e-bb66-cc49ef9336cb.jpg,38,38,38 278 201 428 143
data\raw\val\00830_Animalia_Arthropoda_Insecta_Hymenoptera_Vespidae_Polistes_dominula\cb2a0667-cf1b-477d-bcfb-f31001ca88e7.jpg,38,45,45 39 75 253 5
data\raw\val\00830_Animalia_Arthropoda_Insecta_Hymenoptera_Vespidae_Polistes_dominula\c56c4e28-f40d-493e-a280-768d6d2754e8.jpg,38,262,262 331 452 28 41
data\raw\val\00832_Animalia_Arthropoda_Insecta_Hymenoptera_Vespidae_Polistes_exclamans\f3939c2a-67ef-44b9-b770-a763563b9ee6.jpg,39,133,133 128 108 151 235
data\raw\val\00832_Animalia_Arthropoda_Insecta_Hymenoptera_Vespidae_Polistes_exclamans\b6d0a084-df24-4ca3-bb9e-74ce5a9eb012.jpg,39,73,73 49 144 52 75
data\raw\val\00832_Animalia_Arthropoda_Insecta_Hymenoptera_Vespidae_Polistes_exclamans\ccdb3150-cd9f-4cd5-9265-1f20e2b2952b.jpg,39,481,481 451 311 344 367
data\raw\val\00832_Animalia_Arthropoda_Insecta_Hymenoptera_Vespidae_Polistes_exclamans\6e95f9e0-c09e-4344-ad79-dc6745777e33.jpg,39,308,308 478 357 483 403
data\raw\val\00832_Animalia_Arthropoda_Insecta_Hymenoptera_Vespidae_Polistes_exclamans\ef07ada2-9120-4795-95e1-8dddb8187519.jpg,39,88,88 233 86 80 240
data\raw\val\00832_Animalia_Arthropoda_Insecta_Hymenoptera_Vespidae_Polistes_exclamans\86b35091-7dfa-4c36-9b78-8583ceac3421.jpg,39,25,25 173 0 174 77
data\raw\val\00832_Animalia_Arthropoda_Insecta_Hymenoptera_Vespidae_Polistes_exclamans\7d08233f-8289-4f47-a15f-fc1d4ee79725.jpg,39,179,179 68 91 69 170
data\raw\val\00832_Animalia_Arthropoda_Insecta_Hymenoptera_Vespidae_Polistes_exclamans\27bc9f58-c1e1-4667-bb62-d0a6f2f73ca0.jpg,39,40,40 75 93 66 28
data\raw\val\00832_Animalia_Arthropoda_Insecta_Hymenoptera_Vespidae_Polistes_exclamans\83ca4f9e-e550-4cbc-895c-95d8b3807336.jpg,39,110,110 214 178 221 241
data\raw\val\00832_Animalia_Arthropoda_Insecta_Hymenoptera_Vespidae_Polistes_exclamans\82fa4564-9e27-4089-864b-668485c1c6cf.jpg,39,25,25 0 77 236 239
data\raw\val\00834_Animalia_Arthropoda_Insecta_Hymenoptera_Vespidae_Polistes_humilis\376442f7-dfc9-4313-96c8-50fb643aecbf.jpg,40,74,74 5 73 35 253
data\raw\val\00834_Animalia_Arthropoda_Insecta_Hymenoptera_Vespidae_Polistes_humilis\35777452-cd09-4c43-84a6-ff8bde6d5b79.jpg,40,40,40 107 28 75 108
data\raw\val\00834_Animalia_Arthropoda_Insecta_Hymenoptera_Vespidae_Polistes_humilis\9285f203-06ce-4399-bbf9-c956f71f65d7.jpg,40,363,363 422 476 307 361
data\raw\val\00834_Animalia_Arthropoda_Insecta_Hymenoptera_Vespidae_Polistes_humilis\e999ef8d-fc21-49ab-b3c0-e93ed4c03373.jpg,40,131,131 40 292 37 14
data\raw\val\00834_Animalia_Arthropoda_Insecta_Hymenoptera_Vespidae_Polistes_humilis\fb60fbd8-01a7-4816-920a-5ae22a9eaf27.jpg,40,46,46 12 2 124 259
data\raw\val\00834_Animalia_Arthropoda_Insecta_Hymenoptera_Vespidae_Polistes_humilis\7654c4e4-10f7-4186-a7d8-6271a90dba0c.jpg,40,231,231 106 111 32 115
data\raw\val\00834_Animalia_Arthropoda_Insecta_Hymenoptera_Vespidae_Polistes_humilis\33548b3c-f2b2-442f-a2bc-45221faa3382.jpg,40,233,233 357 80 64 218
data\raw\val\00834_Animalia_Arthropoda_Insecta_Hymenoptera_Vespidae_Polistes_humilis\2406b2e1-9716-48d1-b729-626548e6ba45.jpg,40,40,40 37 28 39 14
data\raw\val\00834_Animalia_Arthropoda_Insecta_Hymenoptera_Vespidae_Polistes_humilis\6066763f-8f45-464d-88b5-142b21267a46.jpg,40,28,28 453 14 415 419
data\raw\val\00834_Animalia_Arthropoda_Insecta_Hymenoptera_Vespidae_Polistes_humilis\189518f9-dc35-4ed0-b524-f49336128092.jpg,40,28,28 40 107 86 32
data\raw\val\00858_Animalia_Arthropoda_Insecta_Lepidoptera_Crambidae_Achyra_rantalis\da494676-e941-4380-b815-0e74e648a39e.jpg,41,41,41 53 99 76 50
data\raw\val\00858_Animalia_Arthropoda_Insecta_Lepidoptera_Crambidae_Achyra_rantalis\8f3edaf9-ed10-4f6b-bf04-9f480f105274.jpg,41,50,50 99 56 55 41
data\raw\val\00858_Animalia_Arthropoda_Insecta_Lepidoptera_Crambidae_Achyra_rantalis\710df14e-0481-4969-84c4-0c934dc6145b.jpg,41,41,41 263 331 324 296
data\raw\val\00858_Animalia_Arthropoda_Insecta_Lepidoptera_Crambidae_Achyra_rantalis\da16eb56-6093-41e9-afc2-858e8a8b0db4.jpg,41,76,76 68 41 82 62
data\raw\val\00858_Animalia_Arthropoda_Insecta_Lepidoptera_Crambidae_Achyra_rantalis\130748c9-e8cc-4130-a829-d9b1353c8c32.jpg,41,41,41 76 53 99 56
data\raw\val\00858_Animalia_Arthropoda_Insecta_Lepidoptera_Crambidae_Achyra_rantalis\4012e4ce-e78c-4671-a306-3f53f6927f86.jpg,41,41,41 47 77 79 81
data\raw\val\00858_Animalia_Arthropoda_Insecta_Lepidoptera_Crambidae_Achyra_rantalis\4c0b3462-01be-43a4-b596-e4cc36bba57a.jpg,41,54,54 58 251 55 56
data\raw\val\00858_Animalia_Arthropoda_Insecta_Lepidoptera_Crambidae_Achyra_rantalis\36dd226c-d330-4024-9110-95dacc0377e0.jpg,41,141,141 63 47 76 28
data\raw\val\00858_Animalia_Arthropoda_Insecta_Lepidoptera_Crambidae_Achyra_rantalis\08cf7ccf-5ac7-42f9-a18b-33d6156e5f0f.jpg,41,56,56 41 55 54 76
data\raw\val\00858_Animalia_Arthropoda_Insecta_Lepidoptera_Crambidae_Achyra_rantalis\8d144640-d98a-40fd-a231-d51ff89f724e.jpg,41,231,231 153 141 210 75
data\raw\val\00860_Animalia_Arthropoda_Insecta_Lepidoptera_Crambidae_Agriphila_tristella\4a345b7d-c9ab-4302-bd9f-0b24dbc642ba.jpg,42,42,42 101 133 54 58
data\raw\val\00860_Animalia_Arthropoda_Insecta_Lepidoptera_Crambidae_Agriphila_tristella\a062e27b-2a6e-4186-b138-f620edb93b6e.jpg,42,42,42 133 102 57 54
data\raw\val\00860_Animalia_Arthropoda_Insecta_Lepidoptera_Crambidae_Agriphila_tristella\78ad78e9-c679-44c1-86b0-1a710d480e1c.jpg,42,402,402 303 466 438 294
data\raw\val\00860_Animalia_Arthropoda_Insecta_Lepidoptera_Crambidae_Agriphila_tristella\9903fbc7-8e28-4b89-bbd6-0758a3f9e706.jpg,42,248,248 136 133 131 254
data\raw\val\00860_Animalia_Arthropoda_Insecta_Lepidoptera_Crambidae_Agriphila_tristella\e8aa79e6-50ed-4d7e-a3e1-e423217af9c8.jpg,42,378,378 429 430 410 69
data\raw\val\00860_Animalia_Arthropoda_Insecta_Lepidoptera_Crambidae_Agriphila_tristella\aa265c5d-adc9-4bc3-82d7-df55765a2f57.jpg,42,42,42 54 133 128 55
data\raw\val\00860_Animalia_Arthropoda_Insecta_Lepidoptera_Crambidae_Agriphila_tristella\0e10bded-5c3b-40da-b6a0-1c8cac117abb.jpg,42,25,25 110 239 77 8
data\raw\val\00860_Animalia_Arthropoda_Insecta_Lepidoptera_Crambidae_Agriphila_tristella\5dfd11e2-c883-4380-aa02-30608c7d9a5b.jpg,42,298,298 42 263 68 31
data\raw\val\00860_Animalia_Arthropoda_Insecta_Lepidoptera_Crambidae_Agriphila_tristella\9a4c5ae7-13c0-41c9-9a6c-6b8b85c96546.jpg,42,159,159 42 150 45 102
data\raw\val\00860_Animalia_Arthropoda_Insecta_Lepidoptera_Crambidae_Agriphila_tristella\416a5071-f5a3-481f-8c56-34fa6030af42.jpg,42,42,42 121 107 41 105
data\raw\val\00863_Animalia_Arthropoda_Insecta_Lepidoptera_Crambidae_Anania_funebris\6143de3c-40bc-4369-b69e-6a26fa1af56e.jpg,43,484,484 65 453 336 383
data\raw\val\00863_Animalia_Arthropoda_Insecta_Lepidoptera_Crambidae_Anania_funebris\0cc8c6d3-66e7-4b9b-bec1-519afd5e0c37.jpg,43,43,43 85 34 44 35
data\raw\val\00863_Animalia_Arthropoda_Insecta_Lepidoptera_Crambidae_Anania_funebris\ab363048-befa-4b27-a704-4a275d4cf082.jpg,43,43,43 85 44 93 34
data\raw\val\00863_Animalia_Arthropoda_Insecta_Lepidoptera_Crambidae_Anania_funebris\d617f8b4-dfb4-42bc-aa75-5a3836122b53.jpg,43,432,432 289 419 384 0
data\raw\val\00863_Animalia_Arthropoda_Insecta_Lepidoptera_Crambidae_Anania_funebris\9f697384-f30a-4f6d-af2c-d47f1eae3b44.jpg,43,43,43 85 44 34 69
data\raw\val\00863_Animalia_Arthropoda_Insecta_Lepidoptera_Crambidae_Anania_funebris\0d59a590-13f1-4f51-b569-46ee571c87d6.jpg,43,44,44 45 5 43 108
data\raw\val\00863_Animalia_Arthropoda_Insecta_Lepidoptera_Crambidae_Anania_funebris\453d54cd-6fc0-4566-b243-a8d299e904ef.jpg,43,43,43 44 88 85 34
data\raw\val\00863_Animalia_Arthropoda_Insecta_Lepidoptera_Crambidae_Anania_funebris\51251427-a1c0-43a3-b529-411b256407dd.jpg,43,43,43 93 85 44 34
data\raw\val\00863_Animalia_Arthropoda_Insecta_Lepidoptera_Crambidae_Anania_funebris\ce0a3250-0e2a-4c6c-bb6d-e1347b667206.jpg,43,43,43 44 85 93 94
data\raw\val\00863_Animalia_Arthropoda_Insecta_Lepidoptera_Crambidae_Anania_funebris\afb2bb9a-0360-4e22-b14d-291d71b43125.jpg,43,290,290 423 416 88 63
data\raw\val\00878_Animalia_Arthropoda_Insecta_Lepidoptera_Crambidae_Desmia_funeralis\3906c228-b6bb-4fa1-8e5c-ac1b99a1a6c3.jpg,44,44,44 43 80 5 45
data\raw\val\00878_Animalia_Arthropoda_Insecta_Lepidoptera_Crambidae_Desmia_funeralis\b8e23b94-00f5-4835-8a1e-d35259672140.jpg,44,44,44 43 80 24 12
data\raw\val\00878_Animalia_Arthropoda_Insecta_Lepidoptera_Crambidae_Desmia_funeralis\e2169dfc-b52e-4b04-ab26-031a9e5cbcd9.jpg,44,45,45 44 108 5 80
data\raw\val\00878_Animalia_Arthropoda_Insecta_Lepidoptera_Crambidae_Desmia_funeralis\eab78aba-abe9-4a88-9516-0421ea1709f4.jpg,44,44,44 5 2 45 49
data\raw\val\00878_Animalia_Arthropoda_Insecta_Lepidoptera_Crambidae_Desmia_funeralis\c4004aaa-3eed-4508-82fd-9f0cd55c8dbd.jpg,44,44,44 43 80 12 24
data\raw\val\00878_Animalia_Arthropoda_Insecta_Lepidoptera_Crambidae_Desmia_funeralis\2b94bb14-2d11-498d-bb66-4d4020df59a0.jpg,44,44,44 80 43 45 75
data\raw\val\00878_Animalia_Arthropoda_Insecta_Lepidoptera_Crambidae_Desmia_funeralis\151b8049-b9f7-4805-b87e-e6f274927297.jpg,44,44,44 43 80 88 63
data\raw\val\00878_Animalia_Arthropoda_Insecta_Lepidoptera_Crambidae_Desmia_funeralis\d0b3f350-0d1c-46fe-a611-865689ce132b.jpg,44,44,44 80 48 52 276
data\raw\val\00878_Animalia_Arthropoda_Insecta_Lepidoptera_Crambidae_Desmia_funeralis\a50602c6-7873-4456-ad67-97acfe75ab7a.jpg,44,24,24 247 126 250 13
data\raw\val\00878_Animalia_Arthropoda_Insecta_Lepidoptera_Crambidae_Desmia_funeralis\aff50c52-01d0-4930-8c06-77aa4ffc53ae.jpg,44,100,100 101 48 81 79
data\raw\val\00901_Animalia_Arthropoda_Insecta_Lepidoptera_Crambidae_Lineodes_integra\49f650d9-741b-4f83-a6dc-d4f18f180fdc.jpg,45,45,45 79 72 81 102
data\raw\val\00901_Animalia_Arthropoda_Insecta_Lepidoptera_Crambidae_Lineodes_integra\bee8d6c5-932c-4648-ae57-4a66c6ad9b9c.jpg,45,47,47 39 77 38 72
data\raw\val\00901_Animalia_Arthropoda_Insecta_Lepidoptera_Crambidae_Lineodes_integra\060b252e-a52b-4d5e-80bc-1f1d70eff914.jpg,45,315,315 262 443 338 9
data\raw\val\00901_Animalia_Arthropoda_Insecta_Lepidoptera_Crambidae_Lineodes_integra\0d96a21a-0627-4aa6-add6-4979ed7cf44a.jpg,45,283,283 428 301 72 404
data\raw\val\00901_Animalia_Arthropoda_Insecta_Lepidoptera_Crambidae_Lineodes_integra\1b9b523a-4494-495a-a724-aa07727301e3.jpg,45,231,231 45 75 1 39
data\raw\val\00901_Animalia_Arthropoda_Insecta_Lepidoptera_Crambidae_Lineodes_integra\d90fe8b5-e40f-4b7e-bf2c-4de8c68e7a53.jpg,45,45,45 178 169 77 234
data\raw\val\00901_Animalia_Arthropoda_Insecta_Lepidoptera_Crambidae_Lineodes_integra\1b9af913-f937-4615-9f24-cca83c0a9efe.jpg,45,5,5 45 101 57 253
data\raw\val\00901_Animalia_Arthropoda_Insecta_Lepidoptera_Crambidae_Lineodes_integra\a1bc7874-50fc-47a1-9188-af4a648c610b.jpg,45,45,45 77 75 178 47
data\raw\val\00901_Animalia_Arthropoda_Insecta_Lepidoptera_Crambidae_Lineodes_integra\caaf88f1-ec62-4388-830a-6322e1051bad.jpg,45,45,45 102 72 77 47
data\raw\val\00901_Animalia_Arthropoda_Insecta_Lepidoptera_Crambidae_Lineodes_integra\bff6c446-902b-4dd9-abd3-0cc863472ec4.jpg,45,100,100 25 2 46 154
data\raw\val\00907_Animalia_Arthropoda_Insecta_Lepidoptera_Crambidae_Microtheoris_vibicalis\3e84d402-a945-496a-84fe-3c2e55958a5f.jpg,46,55,55 54 126 60 251
data\raw\val\00907_Animalia_Arthropoda_Insecta_Lepidoptera_Crambidae_Microtheoris_vibicalis\2861092e-7d08-454b-acd2-2904cb26669a.jpg,46,42,42 98 73 20 64
data\raw\val\00907_Animalia_Arthropoda_Insecta_Lepidoptera_Crambidae_Microtheoris_vibicalis\35725f0a-2c58-4298-ae04-bdd1f77c1d88.jpg,46,61,61 46 64 4 21
data\raw\val\00907_Animalia_Arthropoda_Insecta_Lepidoptera_Crambidae_Microtheoris_vibicalis\688e94a2-ab3b-4d5c-9e29-a5309afe89bb.jpg,46,46,46 100 21 81 79
data\raw\val\00907_Animalia_Arthropoda_Insecta_Lepidoptera_Crambidae_Microtheoris_vibicalis\185bb643-c572-4c6f-895d-010f9f1d5223.jpg,46,46,46 21 100 48 15
data\raw\val\00907_Animalia_Arthropoda_Insecta_Lepidoptera_Crambidae_Microtheoris_vibicalis\1f8ae662-adf9-4f8a-a443-79c70d81cf7c.jpg,46,46,46 100 21 15 39
data\raw\val\00907_Animalia_Arthropoda_Insecta_Lepidoptera_Crambidae_Microtheoris_vibicalis\1e605fc0-b2cc-4c5c-adee-9c7a960b5020.jpg,46,125,125 126 245 122 51
data\raw\val\00907_Animalia_Arthropoda_Insecta_Lepidoptera_Crambidae_Microtheoris_vibicalis\201b8ea2-9176-4082-b6c8-42c513b52c12.jpg,46,118,118 46 251 117 123
data\raw\val\00907_Animalia_Arthropoda_Insecta_Lepidoptera_Crambidae_Microtheoris_vibicalis\a63f38f9-8ab1-428e-b283-44fd323fb05f.jpg,46,46,46 21 39 75 102
data\raw\val\00907_Animalia_Arthropoda_Insecta_Lepidoptera_Crambidae_Microtheoris_vibicalis\3c28fcb5-4f28-4c52-9ee2-7766d11936dd.jpg,46,45,45 5 108 216 25
data\raw\val\00950_Animalia_Arthropoda_Insecta_Lepidoptera_Depressariidae_Agonopterix_alstroemeriana\52e67731-a316-4a07-97df-c4e23f73dbab.jpg,47,130,130 47 77 49 141
data\raw\val\00950_Animalia_Arthropoda_Insecta_Lepidoptera_Depressariidae_Agonopterix_alstroemeriana\223ec076-ba60-4c3a-8ea1-3e9bedeafb0b.jpg,47,46,46 47 81 60 54
data\raw\val\00950_Animalia_Arthropoda_Insecta_Lepidoptera_Depressariidae_Agonopterix_alstroemeriana\77148abc-f6cf-4fa9-9ec8-1f53737449b4.jpg,47,99,99 53 268 47 55
data\raw\val\00950_Animalia_Arthropoda_Insecta_Lepidoptera_Depressariidae_Agonopterix_alstroemeriana\a94f3af0-7588-446d-9ac1-c5211644934f.jpg,47,141,141 55 60 99 56
data\raw\val\00950_Animalia_Arthropoda_Insecta_Lepidoptera_Depressariidae_Agonopterix_alstroemeriana\83ff409a-068f-41ef-a5ca-18328763584f.jpg,47,46,46 79 21 42 74
data\raw\val\00950_Animalia_Arthropoda_Insecta_Lepidoptera_Depressariidae_Agonopterix_alstroemeriana\c91d1623-5325-4399-a375-26292d6028af.jpg,47,59,59 83 238 47 6
data\raw\val\00950_Animalia_Arthropoda_Insecta_Lepidoptera_Depressariidae_Agonopterix_alstroemeriana\9f73c7a4-a3a8-4fa9-a3bd-2b39bd577f12.jpg,47,46,46 45 47 102 39
data\raw\val\00950_Animalia_Arthropoda_Insecta_Lepidoptera_Depressariidae_Agonopterix_alstroemeriana\9b3717ef-a361-4041-99e5-735b303f9765.jpg,47,41,41 28 64 80 32
data\raw\val\00950_Animalia_Arthropoda_Insecta_Lepidoptera_Depressariidae_Agonopterix_alstroemeriana\543399c0-56f8-4686-8e18-057bf8a3a7f9.jpg,47,47,47 102 77 45 72
data\raw\val\00950_Animalia_Arthropoda_Insecta_Lepidoptera_Depressariidae_Agonopterix_alstroemeriana\0d51c187-2a56-43ee-a777-888100c7c176.jpg,47,141,141 251 271 57 47
data\raw\val\00976_Animalia_Arthropoda_Insecta_Lepidoptera_Erebidae_Arctia_caja\f728d736-447c-4fa4-b42d-ec5d5c3b52ad.jpg,48,17,17 19 48 34 87
data\raw\val\00976_Animalia_Arthropoda_Insecta_Lepidoptera_Erebidae_Arctia_caja\370c3e80-b437-48ef-b6b8-1787c5e2b973.jpg,48,48,48 245 118 101 252
data\raw\val\00976_Animalia_Arthropoda_Insecta_Lepidoptera_Erebidae_Arctia_caja\b2d22c3a-eb13-4827-b5e3-e4c23f68937c.jpg,48,23,23 241 220 142 215
data\raw\val\00976_Animalia_Arthropoda_Insecta_Lepidoptera_Erebidae_Arctia_caja\621cc907-c42a-4ecc-9699-d6017c66934c.jpg,48,44,44 22 5 19 6
data\raw\val\00976_Animalia_Arthropoda_Insecta_Lepidoptera_Erebidae_Arctia_caja\e952798d-87bc-4903-8a22-4e54ccead2db.jpg,48,275,275 17 381 19 35
data\raw\val\00976_Animalia_Arthropoda_Insecta_Lepidoptera_Erebidae_Arctia_caja\1aced19e-adb5-44ef-aaf3-6fb8721cfc70.jpg,48,118,118 117 12 122 126
data\raw\val\00976_Animalia_Arthropoda_Insecta_Lepidoptera_Erebidae_Arctia_caja\223038df-1911-44cf-942f-00fe8080c8ec.jpg,48,496,496 498 236 295 269
data\raw\val\00976_Animalia_Arthropoda_Insecta_Lepidoptera_Erebidae_Arctia_caja\4c3389f6-1f7f-465b-9ae4-230b78c2b910.jpg,48,9,9 12 13 255 351
data\raw\val\00976_Animalia_Arthropoda_Insecta_Lepidoptera_Erebidae_Arctia_caja\433c9c0d-d653-4dbc-b45b-cb19247ab7f0.jpg,48,84,84 37 206 198 87
data\raw\val\00976_Animalia_Arthropoda_Insecta_Lepidoptera_Erebidae_Arctia_caja\4ce1d716-0e04-4499-9b90-a43768c4e805.jpg,48,36,36 90 6 238 7
data\raw\val\01062_Animalia_Arthropoda_Insecta_Lepidoptera_Erebidae_Idia_lubricalis\b6fb1e83-3536-45c3-bc35-15704ead2c27.jpg,49,98,98 49 52 57 78
data\raw\val\01062_Animalia_Arthropoda_Insecta_Lepidoptera_Erebidae_Idia_lubricalis\60b0bbd6-acb1-41ce-84ff-3108916d0fdb.jpg,49,45,45 72 5 74 253
data\raw\val\01062_Animalia_Arthropoda_Insecta_Lepidoptera_Erebidae_Idia_lubricalis\5ffc8784-ea88-4406-a7b0-0fadd0295659.jpg,49,98,98 49 51 52 59
data\raw\val\01062_Animalia_Arthropoda_Insecta_Lepidoptera_Erebidae_Idia_lubricalis\5f9e3af4-a6d0-4fce-a71b-e4b319d33f4f.jpg,49,100,100 48 79 101 90
data\raw\val\01062_Animalia_Arthropoda_Insecta_Lepidoptera_Erebidae_Idia_lubricalis\9e9caab1-6d01-4ebc-b239-27426412a283.jpg,49,73,73 74 49 72 52
data\raw\val\01062_Animalia_Arthropoda_Insecta_Lepidoptera_Erebidae_Idia_lubricalis\62312878-a157-49b3-8a01-7f9414806ab5.jpg,49,268,268 98 351 272 254
data\raw\val\01062_Animalia_Arthropoda_Insecta_Lepidoptera_Erebidae_Idia_lubricalis\c4b2f52e-fce5-4b25-b790-70fb4de0d914.jpg,49,49,49 78 35 74 73
data\raw\val\01062_Animalia_Arthropoda_Insecta_Lepidoptera_Erebidae_Idia_lubricalis\376e69a7-6983-4af0-b87d-4d5ae92204fb.jpg,49,218,218 270 467 493 213
data\raw\val\01062_Animalia_Arthropoda_Insecta_Lepidoptera_Erebidae_Idia_lubricalis\ffaa812c-9e1e-43ab-9103-bb5a2274af15.jpg,49,6,6 140 13 87 48
data\raw\val\01062_Animalia_Arthropoda_Insecta_Lepidoptera_Erebidae_Idia_lubricalis\61bb3b94-d439-4b2a-9e1d-0a7837c27665.jpg,49,49,49 98 78 52 51
data\raw\val\01068_Animalia_Arthropoda_Insecta_Lepidoptera_Erebidae_Lithosia_quadra\a821c3d8-cea8-4d4a-9f01-b7605f2352d1.jpg,50,50,50 248 18 250 61
data\raw\val\01068_Animalia_Arthropoda_Insecta_Lepidoptera_Erebidae_Lithosia_quadra\b5a23eb2-d5af-4284-af4c-3280861fbd61.jpg,50,30,30 19 27 122 26
data\raw\val\01068_Animalia_Arthropoda_Insecta_Lepidoptera_Erebidae_Lithosia_quadra\be606cfc-6b85-4f01-94ae-5a10ba6d34ba.jpg,50,41,41 50 99 42 101
data\raw\val\01068_Animalia_Arthropoda_Insecta_Lepidoptera_Erebidae_Lithosia_quadra\4e7bd300-875b-4b0b-b819-df632d9b1cf1.jpg,50,50,50 261 412 337 31
data\raw\val\01068_Animalia_Arthropoda_Insecta_Lepidoptera_Erebidae_Lithosia_quadra\572c9c62-b4e8-4bb1-b686-c3a54614938d.jpg,50,268,268 265 272 266 261
data\raw\val\01068_Animalia_Arthropoda_Insecta_Lepidoptera_Erebidae_Lithosia_quadra\7d232a6c-3716-4efd-bc85-f58935d7dd84.jpg,50,50,50 31 18 102 101
data\raw\val\01068_Animalia_Arthropoda_Insecta_Lepidoptera_Erebidae_Lithosia_quadra\1a5e983d-42fe-411a-aa8e-b5edfed95be5.jpg,50,50,50 41 76 42 56
data\raw\val\01068_Animalia_Arthropoda_Insecta_Lepidoptera_Erebidae_Lithosia_quadra\a8a3f8a6-d5cc-45f7-9f11-f57ae0e19c91.jpg,50,50,50 56 41 101 18
data\raw\val\01068_Animalia_Arthropoda_Insecta_Lepidoptera_Erebidae_Lithosia_quadra\a988fc43-439d-4a24-978f-5bd08f154202.jpg,50,188,188 181 152 180 208
data\raw\val\01068_Animalia_Arthropoda_Insecta_Lepidoptera_Erebidae_Lithosia_quadra\3c35a11f-e5cf-426e-bdc3-c9480779839f.jpg,50,50,50 61 457 56 261
data\raw\val\01074_Animalia_Arthropoda_Insecta_Lepidoptera_Erebidae_Lymantria_dispar\adaeec56-23e5-4531-8192-c4fc5ad017d9.jpg,51,0,0 109 30 114 113
data\raw\val\01074_Animalia_Arthropoda_Insecta_Lepidoptera_Erebidae_Lymantria_dispar\77cb9387-b177-4da8-b199-c0f26390d352.jpg,51,212,212 215 227 233 267
data\raw\val\01074_Animalia_Arthropoda_Insecta_Lepidoptera_Erebidae_Lymantria_dispar\fb522e9e-d6bf-4aec-b6dc-1c837e101837.jpg,51,42,42 100 46 81 47
data\raw\val\01074_Animalia_Arthropoda_Insecta_Lepidoptera_Erebidae_Lymantria_dispar\916729a6-6c43-405f-96c3-aa0c23618103.jpg,51,254,254 98 247 78 238
data\raw\val\01074_Animalia_Arthropoda_Insecta_Lepidoptera_Erebidae_Lymantria_dispar\c1ce9f90-8a0d-46d1-8cd3-eee10fe0d286.jpg,51,25,25 30 74 109 22
data\raw\val\01074_Animalia_Arthropoda_Insecta_Lepidoptera_Erebidae_Lymantria_dispar\397ed57f-1dd9-4216-87b2-c063a7bd44c3.jpg,51,60,60 47 141 51 55
data\raw\val\01074_Animalia_Arthropoda_Insecta_Lepidoptera_Erebidae_Lymantria_dispar\eec95350-ef6a-49c4-bb58-9267d670ce31.jpg,51,49,49 78 81 51 98
data\raw\val\01074_Animalia_Arthropoda_Insecta_Lepidoptera_Erebidae_Lymantria_dispar\92b72394-b5db-42ed-ae69-2989a0d70a13.jpg,51,393,393 207 14 15 73
data\raw\val\01074_Animalia_Arthropoda_Insecta_Lepidoptera_Erebidae_Lymantria_dispar\c4073b55-85d3-4787-b96e-6ae54b1bde61.jpg,51,98,98 78 51 238 52
data\raw\val\01074_Animalia_Arthropoda_Insecta_Lepidoptera_Erebidae_Lymantria_dispar\392955de-81a1-409b-8347-f4bcfa7c66fb.jpg,51,246,246 248 123 126 276
data\raw\val\01152_Animalia_Arthropoda_Insecta_Lepidoptera_Geometridae_Anticlea_vasiliata\af45e74b-62ad-4a5b-9337-a15464095ae0.jpg,52,62,62 52 57 78 82
data\raw\val\01152_Animalia_Arthropoda_Insecta_Lepidoptera_Geometridae_Anticlea_vasiliata\5255dd21-fbcd-46f1-a09f-e287e487d9b2.jpg,52,49,49 52 98 78 100
data\raw\val\01152_Animalia_Arthropoda_Insecta_Lepidoptera_Geometridae_Anticlea_vasiliata\41984617-b116-4d23-91ec-03f74a39bbf7.jpg,52,52,52 98 49 72 57
data\raw\val\01152_Animalia_Arthropoda_Insecta_Lepidoptera_Geometridae_Anticlea_vasiliata\59341057-d50e-4e45-9109-f5c62481bece.jpg,52,245,245 137 54 246 126
data\raw\val\01152_Animalia_Arthropoda_Insecta_Lepidoptera_Geometridae_Anticlea_vasiliata\3e325e32-d476-4bac-bb55-bf3f764d375e.jpg,52,52,52 98 72 237 59
data\raw\val\01152_Animalia_Arthropoda_Insecta_Lepidoptera_Geometridae_Anticlea_vasiliata\3e6dc85e-10d7-4d39-9863-30eebdf3a6b8.jpg,52,237,237 350 8 238 7
data\raw\val\01152_Animalia_Arthropoda_Insecta_Lepidoptera_Geometridae_Anticlea_vasiliata\f01e142e-a4d3-4f5b-acc6-d821d35def56.jpg,52,72,72 52 75 5 79
data\raw\val\01152_Animalia_Arthropoda_Insecta_Lepidoptera_Geometridae_Anticlea_vasiliata\8be4a38e-b1b8-426d-9cd3-8edb93fd2eec.jpg,52,244,244 141 210 65 88
data\raw\val\01152_Animalia_Arthropoda_Insecta_Lepidoptera_Geometridae_Anticlea_vasiliata\f1a22dfb-308b-44bd-a85a-e5ee73b79294.jpg,52,52,52 57 72 98 49
data\raw\val\01152_Animalia_Arthropoda_Insecta_Lepidoptera_Geometridae_Anticlea_vasiliata\ee0b0120-79c8-4853-a4cc-7ecb1b73eaf8.jpg,52,98,98 54 57 52 72
data\raw\val\01154_Animalia_Arthropoda_Insecta_Lepidoptera_Geometridae_Arhodia_lasiocamparia\b69bc75e-ae7d-4d54-80aa-a80b0a58fd37.jpg,53,56,56 41 55 61 60
data\raw\val\01154_Animalia_Arthropoda_Insecta_Lepidoptera_Geometridae_Arhodia_lasiocamparia\a5329ef5-4332-45bd-91e0-6ec94305bbca.jpg,53,53,53 62 123 54 268
data\raw\val\01154_Animalia_Arthropoda_Insecta_Lepidoptera_Geometridae_Arhodia_lasiocamparia\8e49768f-66c0-461b-ae1c-e26cfa27d5b5.jpg,53,41,41 53 99 82 62
data\raw\val\01154_Animalia_Arthropoda_Insecta_Lepidoptera_Geometridae_Arhodia_lasiocamparia\916cbc1f-4de1-457e-9d84-b1a3ae5cce22.jpg,53,28,28 116 482 296 96
data\raw\val\01154_Animalia_Arthropoda_Insecta_Lepidoptera_Geometridae_Arhodia_lasiocamparia\3aee9743-52dd-476d-a78a-8a2d4ebfc91a.jpg,53,55,55 60 53 56 41
data\raw\val\01154_Animalia_Arthropoda_Insecta_Lepidoptera_Geometridae_Arhodia_lasiocamparia\fba3dd10-84b0-4bf2-9199-c7f85c3fac0b.jpg,53,53,53 270 272 265 62
data\raw\val\01154_Animalia_Arthropoda_Insecta_Lepidoptera_Geometridae_Arhodia_lasiocamparia\74daa468-0445-4693-bd70-642c37286650.jpg,53,81,81 59 53 72 218
data\raw\val\01154_Animalia_Arthropoda_Insecta_Lepidoptera_Geometridae_Arhodia_lasiocamparia\fe83b510-58a0-4fa5-9fad-6adc534708ce.jpg,53,53,53 99 62 54 268
data\raw\val\01154_Animalia_Arthropoda_Insecta_Lepidoptera_Geometridae_Arhodia_lasiocamparia\216b22ab-66e4-4534-8cd5-c22cfd5214ab.jpg,53,53,53 99 62 58 54
data\raw\val\01154_Animalia_Arthropoda_Insecta_Lepidoptera_Geometridae_Arhodia_lasiocamparia\78b53d20-9709-4411-b6f0-d82f3c8a9ca8.jpg,53,53,53 271 41 76 254
data\raw\val\01155_Animalia_Arthropoda_Insecta_Lepidoptera_Geometridae_Besma_quercivoraria\ad36a5ef-2dbe-453c-8495-78100d5a61a5.jpg,54,62,62 75 271 141 99
data\raw\val\01155_Animalia_Arthropoda_Insecta_Lepidoptera_Geometridae_Besma_quercivoraria\8f59211b-8847-4c58-9b63-56ed694bead6.jpg,54,55,55 56 76 54 60
data\raw\val\01155_Animalia_Arthropoda_Insecta_Lepidoptera_Geometridae_Besma_quercivoraria\26b71fc0-d625-4ec8-a205-1c6d2ca406f1.jpg,54,247,247 60 248 67 351
data\raw\val\01155_Animalia_Arthropoda_Insecta_Lepidoptera_Geometridae_Besma_quercivoraria\0ee72326-9456-4e9d-acdd-5276b56afc29.jpg,54,55,55 54 56 60 247
data\raw\val\01155_Animalia_Arthropoda_Insecta_Lepidoptera_Geometridae_Besma_quercivoraria\58b18f18-73c1-4c40-8615-d749d58a48bd.jpg,54,54,54 62 272 57 60
data\raw\val\01155_Animalia_Arthropoda_Insecta_Lepidoptera_Geometridae_Besma_quercivoraria\acdc0506-d040-4b5d-8d1c-f9810c61bbe0.jpg,54,58,58 54 62 56 101
data\raw\val\01155_Animalia_Arthropoda_Insecta_Lepidoptera_Geometridae_Besma_quercivoraria\00ee60a7-c83e-4fbd-8999-6e90452e1850.jpg,54,54,54 57 59 60 55
data\raw\val\01155_Animalia_Arthropoda_Insecta_Lepidoptera_Geometridae_Besma_quercivoraria\9f1919a9-c089-4b24-adc9-882f47c5a47f.jpg,54,58,58 54 62 82 57
data\raw\val\01155_Animalia_Arthropoda_Insecta_Lepidoptera_Geometridae_Besma_quercivoraria\24b8b0b7-ed25-47c4-a97e-8468844c0d57.jpg,54,268,268 55 272 53 54
data\raw\val\01155_Animalia_Arthropoda_Insecta_Lepidoptera_Geometridae_Besma_quercivoraria\e6ae920c-435b-4bff-a365-6fb2faea2e91.jpg,54,41,41 76 244 62 56
data\raw\val\01157_Animalia_Arthropoda_Insecta_Lepidoptera_Geometridae_Cabera_erythemaria\07074171-83b2-462a-ae5b-4a8a92414839.jpg,55,247,247 264 260 62 60
data\raw\val\01157_Animalia_Arthropoda_Insecta_Lepidoptera_Geometridae_Cabera_erythemaria\8a3aa1b9-3281-4609-a3db-91b13cffdedc.jpg,55,485,485 260 447 262 205
data\raw\val\01157_Animalia_Arthropoda_Insecta_Lepidoptera_Geometridae_Cabera_erythemaria\8e7fadc5-6dc1-4b32-b46c-7ddb809bfacf.jpg,55,28,28 32 122 108 107
data\raw\val\01157_Animalia_Arthropoda_Insecta_Lepidoptera_Geometridae_Cabera_erythemaria\880b2914-31df-4eae-94a1-222ad2944eb4.jpg,55,55,55 60 54 247 56
data\raw\val\01157_Animalia_Arthropoda_Insecta_Lepidoptera_Geometridae_Cabera_erythemaria\076a550d-c186-46ba-ba95-033d6bd9fd1a.jpg,55,55,55 56 132 404 241
data\raw\val\01157_Animalia_Arthropoda_Insecta_Lepidoptera_Geometridae_Cabera_erythemaria\773de095-6b2a-4901-ab11-28b6030b894c.jpg,55,55,55 132 56 59 137
data\raw\val\01157_Animalia_Arthropoda_Insecta_Lepidoptera_Geometridae_Cabera_erythemaria\2ba538b3-d2d9-4bc8-9597-954422e9d312.jpg,55,55,55 56 60 54 57
data\raw\val\01157_Animalia_Arthropoda_Insecta_Lepidoptera_Geometridae_Cabera_erythemaria\fcf6ae18-af9e-4322-a17a-bc6f5dfa3af3.jpg,55,356,356 485 475 103 373
data\raw\val\01157_Animalia_Arthropoda_Insecta_Lepidoptera_Geometridae_Cabera_erythemaria\f6544a6b-20e2-41e7-9b4f-4e25626b9d9a.jpg,55,55,55 56 54 61 4
data\raw\val\01157_Animalia_Arthropoda_Insecta_Lepidoptera_Geometridae_Cabera_erythemaria\4b970c03-8982-48dc-a7d8-608aa1260af1.jpg,55,54,54 76 55 60 47
data\raw\val\01210_Animalia_Arthropoda_Insecta_Lepidoptera_Geometridae_Eubaphe_mendica\9735a1db-146c-4881-a381-37ef07578b7c.jpg,56,56,56 20 55 64 47
data\raw\val\01210_Animalia_Arthropoda_Insecta_Lepidoptera_Geometridae_Eubaphe_mendica\5474f422-dbff-46e4-82c8-21eb129887c4.jpg,56,32,32 103 108 37 27
data\raw\val\01210_Animalia_Arthropoda_Insecta_Lepidoptera_Geometridae_Eubaphe_mendica\54b61854-87eb-4e88-a7bf-568edaee5081.jpg,56,56,56 54 55 60 58
data\raw\val\01210_Animalia_Arthropoda_Insecta_Lepidoptera_Geometridae_Eubaphe_mendica\35925cda-a19f-4f26-ad12-27e7ae845407.jpg,56,55,55 53 60 54 61
data\raw\val\01210_Animalia_Arthropoda_Insecta_Lepidoptera_Geometridae_Eubaphe_mendica\a2437e6b-6de6-443f-a5ed-f4694dff9ea9.jpg,56,50,50 56 265 61 261
data\raw\val\01210_Animalia_Arthropoda_Insecta_Lepidoptera_Geometridae_Eubaphe_mendica\7c582860-726d-48a1-b6e3-2eca0a8a9900.jpg,56,56,56 64 20 61 4
data\raw\val\01210_Animalia_Arthropoda_Insecta_Lepidoptera_Geometridae_Eubaphe_mendica\8dd63982-07c9-4da2-a2cf-3613a6a4cf80.jpg,56,56,56 55 60 54 61
data\raw\val\01210_Animalia_Arthropoda_Insecta_Lepidoptera_Geometridae_Eubaphe_mendica\6b681f33-d955-4ad2-a122-cf9b947f5bee.jpg,56,56,56 55 46 41 61
data\raw\val\01210_Animalia_Arthropoda_Insecta_Lepidoptera_Geometridae_Eubaphe_mendica\461e0e93-a4c3-4a49-b934-f42b60cf2830.jpg,56,28,28 32 17 40 63
data\raw\val\01210_Animalia_Arthropoda_Insecta_Lepidoptera_Geometridae_Eubaphe_mendica\c3907681-515c-4cdd-8121-853bd710ef9b.jpg,56,101,101 56 41 50 55
data\raw\val\01230_Animalia_Arthropoda_Insecta_Lepidoptera_Geometridae_Hypagyrtis_unipunctata\3fa39d52-a203-4c6c-9da8-b53d2f28fccc.jpg,57,54,54 58 62 60 76
data\raw\val\01230_Animalia_Arthropoda_Insecta_Lepidoptera_Geometridae_Hypagyrtis_unipunctata\c1ef877e-fa0f-4b30-882f-cf54873cbd4f.jpg,57,492,492 312 496 358 497
data\raw\val\01230_Animalia_Arthropoda_Insecta_Lepidoptera_Geometridae_Hypagyrtis_unipunctata\a298fb01-c667-4f6d-9347-6cee500046af.jpg,57,25,25 77 81 78 59
data\raw\val\01230_Animalia_Arthropoda_Insecta_Lepidoptera_Geometridae_Hypagyrtis_unipunctata\e60213d7-d1b7-4e48-b036-870ae0cc6dd3.jpg,57,54,54 57 59 58 150
data\raw\val\01230_Animalia_Arthropoda_Insecta_Lepidoptera_Geometridae_Hypagyrtis_unipunctata\a2a3d71d-3e54-4840-a949-1864e007e01f.jpg,57,495,495 137 52 51 59
data\raw\val\01230_Animalia_Arthropoda_Insecta_Lepidoptera_Geometridae_Hypagyrtis_unipunctata\882cd075-97da-4b6e-b8b4-0ba8b9cce1e1.jpg,57,58,58 62 101 99 41
data\raw\val\01230_Animalia_Arthropoda_Insecta_Lepidoptera_Geometridae_Hypagyrtis_unipunctata\e7c4b7a6-cbc8-437e-915d-df1bbf806c30.jpg,57,54,54 58 53 60 62
data\raw\val\01230_Animalia_Arthropoda_Insecta_Lepidoptera_Geometridae_Hypagyrtis_unipunctata\5ccd23eb-652a-4bc7-b261-1c324094c89c.jpg,57,54,54 57 60 62 42
data\raw\val\01230_Animalia_Arthropoda_Insecta_Lepidoptera_Geometridae_Hypagyrtis_unipunctata\055c6022-0e21-406a-8577-5d7af35a55a7.jpg,57,54,54 59 60 11 55
data\raw\val\01230_Animalia_Arthropoda_Insecta_Lepidoptera_Geometridae_Hypagyrtis_unipunctata\86c47c95-caef-4527-a4dd-3485e332f90a.jpg,57,272,272 47 144 264 249
data\raw\val\01242_Animalia_Arthropoda_Insecta_Lepidoptera_Geometridae_Ilexia_intractata\998c002f-5024-4873-bcf2-dd66434bc0a1.jpg,58,224,224 211 215 54 214
data\raw\val\01242_Animalia_Arthropoda_Insecta_Lepidoptera_Geometridae_Ilexia_intractata\fdc2dee7-aa4f-4eba-8a5c-e22b866b76b8.jpg,58,58,58 251 54 62 101
data\raw\val\01242_Animalia_Arthropoda_Insecta_Lepidoptera_Geometridae_Ilexia_intractata\6e6969eb-22c6-435a-9c79-35e2b73dc70c.jpg,58,101,101 42 99 79 41
data\raw\val\01242_Animalia_Arthropoda_Insecta_Lepidoptera_Geometridae_Ilexia_intractata\80bf9cb5-946c-4040-abad-402a5019a499.jpg,58,53,53 58 102 47 81
data\raw\val\01242_Animalia_Arthropoda_Insecta_Lepidoptera_Geometridae_Ilexia_intractata\fb8bf6d0-f80f-422a-814b-94654145eed4.jpg,58,58,58 62 53 54 99
data\raw\val\01242_Animalia_Arthropoda_Insecta_Lepidoptera_Geometridae_Ilexia_intractata\d309d1bc-6e4b-4e62-b1f2-81cd71ccb33e.jpg,58,58,58 62 54 53 99
data\raw\val\01242_Animalia_Arthropoda_Insecta_Lepidoptera_Geometridae_Ilexia_intractata\1e5cdc8a-3759-4d38-b02d-2c9cc2595752.jpg,58,130,130 53 244 245 247
data\raw\val\01242_Animalia_Arthropoda_Insecta_Lepidoptera_Geometridae_Ilexia_intractata\248e5858-2790-4bb2-b370-b5a6cbc383be.jpg,58,58,58 54 62 57 99
data\raw\val\01242_Animalia_Arthropoda_Insecta_Lepidoptera_Geometridae_Ilexia_intractata\0592d060-2807-401b-8cde-594960004eeb.jpg,58,58,58 54 62 53 82
data\raw\val\01242_Animalia_Arthropoda_Insecta_Lepidoptera_Geometridae_Ilexia_intractata\7692f69c-6f06-408c-8a2f-125d73a0827d.jpg,58,60,60 247 260 102 41
data\raw\val\01244_Animalia_Arthropoda_Insecta_Lepidoptera_Geometridae_Iridopsis_larvaria\f2f0587c-73f2-43fc-a02c-37f1de5cb5f9.jpg,59,72,72 81 98 77 57
data\raw\val\01244_Animalia_Arthropoda_Insecta_Lepidoptera_Geometridae_Iridopsis_larvaria\9320e3e6-862f-4987-9a92-068e794f0d0c.jpg,59,60,60 59 76 47 54
data\raw\val\01244_Animalia_Arthropoda_Insecta_Lepidoptera_Geometridae_Iridopsis_larvaria\7162e391-8da4-433c-8c53-30d5ab118fe5.jpg,59,110,110 59 241 157 126
data\raw\val\01244_Animalia_Arthropoda_Insecta_Lepidoptera_Geometridae_Iridopsis_larvaria\71ca386d-3ebc-4a30-80cd-5c65fb1ca16e.jpg,59,77,77 74 98 72 81
data\raw\val\01244_Animalia_Arthropoda_Insecta_Lepidoptera_Geometridae_Iridopsis_larvaria\81696f51-14f6-4ce8-8646-9ea67b29abd5.jpg,59,216,216 74 241 5 7
data\raw\val\01244_Animalia_Arthropoda_Insecta_Lepidoptera_Geometridae_Iridopsis_larvaria\79a5f7df-c6b8-4cad-a037-a87be6b30306.jpg,59,59,59 57 74 237 52
data\raw\val\01244_Animalia_Arthropoda_Insecta_Lepidoptera_Geometridae_Iridopsis_larvaria\9f05f657-b858-4a77-b68c-5cd6af2fe35d.jpg,59,59,59 216 217 57 247
data\raw\val\01244_Animalia_Arthropoda_Insecta_Lepidoptera_Geometridae_Iridopsis_larvaria\fc65cac8-5cb3-4c61-ad56-59c367cef5c6.jpg,59,217,217 242 161 157 159
data\raw\val\01244_Animalia_Arthropoda_Insecta_Lepidoptera_Geometridae_Iridopsis_larvaria\6351a183-ca6a-4825-a52b-70297975d828.jpg,59,57,57 141 59 60 47
data\raw\val\01244_Animalia_Arthropoda_Insecta_Lepidoptera_Geometridae_Iridopsis_larvaria\c5bae25b-020b-4e94-bdc1-97c741de6141.jpg,59,141,141 153 47 55 81
data\raw\val\01255_Animalia_Arthropoda_Insecta_Lepidoptera_Geometridae_Macaria_aemulataria\2f8a3687-91cb-4a4d-b9a5-885c22607bd0.jpg,60,101,101 47 102 99 42
data\raw\val\01255_Animalia_Arthropoda_Insecta_Lepidoptera_Geometridae_Macaria_aemulataria\ba52a042-1bd2-4f55-81c2-7ba9333b1922.jpg,60,47,47 59 126 57 238
data\raw\val\01255_Animalia_Arthropoda_Insecta_Lepidoptera_Geometridae_Macaria_aemulataria\7dd74a23-38af-4e55-8ac1-4c11eb86d9f8.jpg,60,260,260 484 331 341 485
data\raw\val\01255_Animalia_Arthropoda_Insecta_Lepidoptera_Geometridae_Macaria_aemulataria\1d8549de-33fc-4bf6-9d03-d6fa12316898.jpg,60,56,56 55 76 60 271
data\raw\val\01255_Animalia_Arthropoda_Insecta_Lepidoptera_Geometridae_Macaria_aemulataria\44081d70-5f43-45e7-b191-390a3ce8977a.jpg,60,83,83 238 70 237 230
data\raw\val\01255_Animalia_Arthropoda_Insecta_Lepidoptera_Geometridae_Macaria_aemulataria\2f501224-2f12-4261-acdd-efdd3824c112.jpg,60,141,141 57 231 153 47
data\raw\val\01255_Animalia_Arthropoda_Insecta_Lepidoptera_Geometridae_Macaria_aemulataria\76144c3f-8007-4c5d-984e-282e8dea7982.jpg,60,59,59 60 47 102 80
data\raw\val\01255_Animalia_Arthropoda_Insecta_Lepidoptera_Geometridae_Macaria_aemulataria\7f3e4dd1-634d-4a64-94d3-ec41f229f151.jpg,60,59,59 264 237 238 230
data\raw\val\01255_Animalia_Arthropoda_Insecta_Lepidoptera_Geometridae_Macaria_aemulataria\67d44691-e443-460e-a247-985f51848cde.jpg,60,60,60 55 56 47 76
data\raw\val\01255_Animalia_Arthropoda_Insecta_Lepidoptera_Geometridae_Macaria_aemulataria\f3e4895d-edc4-4ba7-936b-a7eb554f89e0.jpg,60,28,28 60 260 263 262
data\raw\val\01278_Animalia_Arthropoda_Insecta_Lepidoptera_Geometridae_Opisthograptis_luteolata\d679110a-3ac2-4b96-a4f7-0983e3978552.jpg,61,61,61 53 56 54 76
data\raw\val\01278_Animalia_Arthropoda_Insecta_Lepidoptera_Geometridae_Opisthograptis_luteolata\2c59300c-be2b-4e50-be88-15c32292cfe0.jpg,61,61,61 56 265 50 454
data\raw\val\01278_Animalia_Arthropoda_Insecta_Lepidoptera_Geometridae_Opisthograptis_luteolata\863e7fac-6b29-4aec-a823-5d1b1e784b0c.jpg,61,61,61 56 95 457 50
data\raw\val\01278_Animalia_Arthropoda_Insecta_Lepidoptera_Geometridae_Opisthograptis_luteolata\d2aebf87-7a60-4148-a20c-a7424c5534fb.jpg,61,61,61 457 439 95 448
data\raw\val\01278_Animalia_Arthropoda_Insecta_Lepidoptera_Geometridae_Opisthograptis_luteolata\07ab4746-d8f9-440e-a9fa-b3ddb8c8beaf.jpg,61,61,61 4 56 181 50
data\raw\val\01278_Animalia_Arthropoda_Insecta_Lepidoptera_Geometridae_Opisthograptis_luteolata\311adaf5-fcd7-4cd8-ba2a-f41b4b6307e6.jpg,61,61,61 55 96 95 56
data\raw\val\01278_Animalia_Arthropoda_Insecta_Lepidoptera_Geometridae_Opisthograptis_luteolata\6db5ea3e-5f61-402e-aebe-f53c36978bea.jpg,61,61,61 75 46 4 76
data\raw\val\01278_Animalia_Arthropoda_Insecta_Lepidoptera_Geometridae_Opisthograptis_luteolata\b4e4b360-a06e-447e-8806-647089bc68f3.jpg,61,61,61 20 4 279 64
data\raw\val\01278_Animalia_Arthropoda_Insecta_Lepidoptera_Geometridae_Opisthograptis_luteolata\4ff75e89-1a7b-4427-99e2-6935c75f911a.jpg,61,61,61 448 292 95 56
data\raw\val\01278_Animalia_Arthropoda_Insecta_Lepidoptera_Geometridae_Opisthograptis_luteolata\5dda263a-d087-482f-925d-776a5e9137d6.jpg,61,61,61 56 55 60 76
data\raw\val\01293_Animalia_Arthropoda_Insecta_Lepidoptera_Geometridae_Plagodis_pulveraria\3c66e2ea-6d82-4790-96cc-5dbeae5977db.jpg,62,62,62 99 101 58 54
data\raw\val\01293_Animalia_Arthropoda_Insecta_Lepidoptera_Geometridae_Plagodis_pulveraria\251a9680-a9a1-4c70-a690-b5a5fdd8a70f.jpg,62,82,82 252 58 62 101
data\raw\val\01293_Animalia_Arthropoda_Insecta_Lepidoptera_Geometridae_Plagodis_pulveraria\c4428168-46b7-4ad4-9a55-d6b888cd7ffe.jpg,62,60,60 41 271 262 272
data\raw\val\01293_Animalia_Arthropoda_Insecta_Lepidoptera_Geometridae_Plagodis_pulveraria\bb15dd71-7885-4180-98d3-0a82a4c2a29c.jpg,62,62,62 58 98 52 78
data\raw\val\01293_Animalia_Arthropoda_Insecta_Lepidoptera_Geometridae_Plagodis_pulveraria\220842a9-85f5-4a95-878d-fd1c196f0064.jpg,62,72,72 77 79 100 81
data\raw\val\01293_Animalia_Arthropoda_Insecta_Lepidoptera_Geometridae_Plagodis_pulveraria\7bbc25b1-c208-4e60-a838-4c86b5c0b087.jpg,62,17,17 21 28 4 64
data\raw\val\01293_Animalia_Arthropoda_Insecta_Lepidoptera_Geometridae_Plagodis_pulveraria\7c28bbf2-5777-4bd9-8fbd-e8bd1ba7b4a5.jpg,62,58,58 62 54 82 99
data\raw\val\01293_Animalia_Arthropoda_Insecta_Lepidoptera_Geometridae_Plagodis_pulveraria\0e82101f-c1a3-46c3-92aa-1f85900bcd8a.jpg,62,267,267 261 266 412 82
data\raw\val\01293_Animalia_Arthropoda_Insecta_Lepidoptera_Geometridae_Plagodis_pulveraria\5a724996-4629-44f6-a9e5-6d107c9552d9.jpg,62,62,62 58 54 99 53
data\raw\val\01293_Animalia_Arthropoda_Insecta_Lepidoptera_Geometridae_Plagodis_pulveraria\d2dcab2b-aee2-45aa-bea1-c3e0e9d760fb.jpg,62,62,62 58 99 54 82
data\raw\val\01387_Animalia_Arthropoda_Insecta_Lepidoptera_Hesperiidae_Oligoria_maculata\7fb8205f-f573-40f8-b34a-ff11a1cc5259.jpg,63,63,63 231 413 32 424
data\raw\val\01387_Animalia_Arthropoda_Insecta_Lepidoptera_Hesperiidae_Oligoria_maculata\2fbf1e20-6670-4666-9e44-818da7add22f.jpg,63,63,63 76 32 80 28
data\raw\val\01387_Animalia_Arthropoda_Insecta_Lepidoptera_Hesperiidae_Oligoria_maculata\2450c41d-79f0-42d6-8850-6dbe751d63ae.jpg,63,63,63 32 34 35 80
data\raw\val\01387_Animalia_Arthropoda_Insecta_Lepidoptera_Hesperiidae_Oligoria_maculata\a3811c90-7968-4541-834f-c468454edd03.jpg,63,63,63 42 91 76 68
data\raw\val\01387_Animalia_Arthropoda_Insecta_Lepidoptera_Hesperiidae_Oligoria_maculata\f458f0d1-85cb-407e-9389-07c9130e5fd8.jpg,63,450,450 291 419 15 34
data\raw\val\01387_Animalia_Arthropoda_Insecta_Lepidoptera_Hesperiidae_Oligoria_maculata\2741dc61-e5fb-4d34-8c4b-c326b5212d02.jpg,63,63,63 68 91 37 35
data\raw\val\01387_Animalia_Arthropoda_Insecta_Lepidoptera_Hesperiidae_Oligoria_maculata\7542bbd1-50e9-4549-a24a-a0fb6b15e971.jpg,63,378,378 69 426 464 410
data\raw\val\01387_Animalia_Arthropoda_Insecta_Lepidoptera_Hesperiidae_Oligoria_maculata\54452fdd-9c66-4b94-b8bd-8900b22a2430.jpg,63,34,34 35 114 32 23
data\raw\val\01387_Animalia_Arthropoda_Insecta_Lepidoptera_Hesperiidae_Oligoria_maculata\73916af4-e744-4e51-924f-1e58ca2d7e66.jpg,63,97,97 484 336 421 315
data\raw\val\01387_Animalia_Arthropoda_Insecta_Lepidoptera_Hesperiidae_Oligoria_maculata\a57b8b3a-336b-4fd6-a9e5-28fe92821512.jpg,63,66,66 68 97 35 65
data\raw\val\01425_Animalia_Arthropoda_Insecta_Lepidoptera_Lasiocampidae_Trabala_vishnou\8517ed22-814c-47ff-b613-be5d1bbce1ff.jpg,64,88,88 111 43 35 38
data\raw\val\01425_Animalia_Arthropoda_Insecta_Lepidoptera_Lasiocampidae_Trabala_vishnou\e9c73773-fde1-4a1d-8d95-5840d838df0b.jpg,64,360,360 116 434 470 478
data\raw\val\01425_Animalia_Arthropoda_Insecta_Lepidoptera_Lasiocampidae_Trabala_vishnou\aebca0db-c708-41f4-8091-e2b8cd6d1448.jpg,64,393,393 46 288 0 64
data\raw\val\01425_Animalia_Arthropoda_Insecta_Lepidoptera_Lasiocampidae_Trabala_vishnou\2d128af7-0e3a-47aa-a4a2-8b6dbd180001.jpg,64,49,49 78 326 41 35
data\raw\val\01425_Animalia_Arthropoda_Insecta_Lepidoptera_Lasiocampidae_Trabala_vishnou\942ee7ef-1ca5-43e8-8512-527d60475a1b.jpg,64,357,357 64 483 38 14
data\raw\val\01425_Animalia_Arthropoda_Insecta_Lepidoptera_Lasiocampidae_Trabala_vishnou\571f7171-13b5-4970-8856-c724389e8b77.jpg,64,85,85 210 198 188 3
data\raw\val\01425_Animalia_Arthropoda_Insecta_Lepidoptera_Lasiocampidae_Trabala_vishnou\03e280ad-41df-42fb-a432-f8c4edc60333.jpg,64,92,92 90 89 33 48
data\raw\val\01425_Animalia_Arthropoda_Insecta_Lepidoptera_Lasiocampidae_Trabala_vishnou\0590125b-474f-42ae-96fc-e3a5d1129f63.jpg,64,20,20 64 483 0 4
data\raw\val\01425_Animalia_Arthropoda_Insecta_Lepidoptera_Lasiocampidae_Trabala_vishnou\f0b3cc91-ab9d-42fc-9d53-245b75cb7aeb.jpg,64,432,432 64 256 349 46
data\raw\val\01425_Animalia_Arthropoda_Insecta_Lepidoptera_Lasiocampidae_Trabala_vishnou\3ce57bbb-f133-467c-be93-439b124216e9.jpg,64,20,20 107 0 483 17
data\raw\val\01471_Animalia_Arthropoda_Insecta_Lepidoptera_Lycaenidae_Eooxylides_tharis\888bd086-b261-46ae-8e8f-28d420f8ad57.jpg,65,65,65 209 208 155 152
data\raw\val\01471_Animalia_Arthropoda_Insecta_Lepidoptera_Lycaenidae_Eooxylides_tharis\3ff94bd0-f84a-4281-9c5c-e1fea988e4ea.jpg,65,66,66 65 16 18 412
data\raw\val\01471_Animalia_Arthropoda_Insecta_Lepidoptera_Lycaenidae_Eooxylides_tharis\51d50573-9890-4ff3-90be-7fc67dd5f9dd.jpg,65,65,65 16 66 82 88
data\raw\val\01471_Animalia_Arthropoda_Insecta_Lepidoptera_Lycaenidae_Eooxylides_tharis\658ed261-8943-4ee9-9da0-46133d4f514d.jpg,65,65,65 82 66 16 68
data\raw\val\01471_Animalia_Arthropoda_Insecta_Lepidoptera_Lycaenidae_Eooxylides_tharis\24b7c35a-3a06-4fa2-a93b-51c5d7aa8e52.jpg,65,65,65 66 412 16 82
data\raw\val\01471_Animalia_Arthropoda_Insecta_Lepidoptera_Lycaenidae_Eooxylides_tharis\54ce9a29-2c21-449c-883b-c97169e7fac4.jpg,65,16,16 252 461 258 209
data\raw\val\01471_Animalia_Arthropoda_Insecta_Lepidoptera_Lycaenidae_Eooxylides_tharis\030b7508-c670-48f1-ae1c-a37a91aa1a63.jpg,65,65,65 66 68 71 50
data\raw\val\01471_Animalia_Arthropoda_Insecta_Lepidoptera_Lycaenidae_Eooxylides_tharis\370a86a3-3640-454e-81b6-04847caf1c9e.jpg,65,433,433 103 4 95 64
data\raw\val\01471_Animalia_Arthropoda_Insecta_Lepidoptera_Lycaenidae_Eooxylides_tharis\47f12701-f32a-4ce6-ab3e-5dc8fed63195.jpg,65,65,65 66 196 16 412
data\raw\val\01471_Animalia_Arthropoda_Insecta_Lepidoptera_Lycaenidae_Eooxylides_tharis\ad955173-c0b5-4160-8564-610bd0a27fcc.jpg,65,65,65 66 412 16 252
data\raw\val\01481_Animalia_Arthropoda_Insecta_Lepidoptera_Lycaenidae_Heliophorus_ila\6e4c6328-4d94-4977-84a3-63329e794df6.jpg,66,68,68 141 56 66 64
data\raw\val\01481_Animalia_Arthropoda_Insecta_Lepidoptera_Lycaenidae_Heliophorus_ila\c97c2108-4a04-4fbe-90f7-69d72c73eaaa.jpg,66,66,66 448 65 30 261
data\raw\val\01481_Animalia_Arthropoda_Insecta_Lepidoptera_Lycaenidae_Heliophorus_ila\66ddd0eb-987e-4566-8f18-dee8fac328ae.jpg,66,30,30 16 94 66 122
data\raw\val\01481_Animalia_Arthropoda_Insecta_Lepidoptera_Lycaenidae_Heliophorus_ila\0ad2e29e-2456-42e0-9c88-6deafe5d8f2a.jpg,66,34,34 406 94 456 33
data\raw\val\01481_Animalia_Arthropoda_Insecta_Lepidoptera_Lycaenidae_Heliophorus_ila\5cea2f37-80d6-403d-9a9a-67ed45dd9908.jpg,66,66,66 65 61 18 99
data\raw\val\01481_Animalia_Arthropoda_Insecta_Lepidoptera_Lycaenidae_Heliophorus_ila\8c75b832-daa1-48bc-ad6a-7e55f1bbf733.jpg,66,66,66 82 16 84 65
data\raw\val\01481_Animalia_Arthropoda_Insecta_Lepidoptera_Lycaenidae_Heliophorus_ila\6c10f83c-d8b1-4b13-863f-001b78e84951.jpg,66,26,26 122 16 111 15
data\raw\val\01481_Animalia_Arthropoda_Insecta_Lepidoptera_Lycaenidae_Heliophorus_ila\65a836f3-abcb-4814-9836-5400a60b6abc.jpg,66,31,31 66 68 89 71
data\raw\val\01481_Animalia_Arthropoda_Insecta_Lepidoptera_Lycaenidae_Heliophorus_ila\d03ba603-e2ba-4c35-b0e3-dd05a045c363.jpg,66,66,66 412 16 65 448
data\raw\val\01481_Animalia_Arthropoda_Insecta_Lepidoptera_Lycaenidae_Heliophorus_ila\e0847287-c8a1-41ab-8bc7-250dd96a8554.jpg,66,33,33 19 48 16 89
data\raw\val\01485_Animalia_Arthropoda_Insecta_Lepidoptera_Lycaenidae_Icaricia_icarioides\365e6a00-1d8e-4eba-aa73-1d30ec78c394.jpg,67,399,399 453 187 421 401
data\raw\val\01485_Animalia_Arthropoda_Insecta_Lepidoptera_Lycaenidae_Icaricia_icarioides\353fd226-1c04-4432-8e63-97eb63380054.jpg,67,267,267 266 271 265 249
data\raw\val\01485_Animalia_Arthropoda_Insecta_Lepidoptera_Lycaenidae_Icaricia_icarioides\d9525058-9b2c-4905-a2d8-2473570f9caa.jpg,67,89,89 90 68 92 84
data\raw\val\01485_Animalia_Arthropoda_Insecta_Lepidoptera_Lycaenidae_Icaricia_icarioides\d501bd7e-7892-46db-a7a6-6c831f538903.jpg,67,70,70 67 69 97 112
data\raw\val\01485_Animalia_Arthropoda_Insecta_Lepidoptera_Lycaenidae_Icaricia_icarioides\31c99e09-514e-4440-b0d8-3cb92e9296cd.jpg,67,238,238 110 239 67 225
data\raw\val\01485_Animalia_Arthropoda_Insecta_Lepidoptera_Lycaenidae_Icaricia_icarioides\b23f1443-2724-47ac-9733-5ff7caa53402.jpg,67,67,67 69 97 80 205
data\raw\val\01485_Animalia_Arthropoda_Insecta_Lepidoptera_Lycaenidae_Icaricia_icarioides\a75a6013-9c52-4f75-8d5e-9c7f356749c9.jpg,67,264,264 247 67 204 192
data\raw\val\01485_Animalia_Arthropoda_Insecta_Lepidoptera_Lycaenidae_Icaricia_icarioides\68da8e9d-10fb-4d22-b02f-56e8cb34f759.jpg,67,97,97 452 70 463 67
data\raw\val\01485_Animalia_Arthropoda_Insecta_Lepidoptera_Lycaenidae_Icaricia_icarioides\4ff15c91-3644-4014-8178-920ed77736fd.jpg,67,151,151 42 158 239 183
data\raw\val\01485_Animalia_Arthropoda_Insecta_Lepidoptera_Lycaenidae_Icaricia_icarioides\618648e3-2e4d-4078-ae97-4ead69ebb532.jpg,67,443,443 95 403 96 434
data\raw\val\01501_Animalia_Arthropoda_Insecta_Lepidoptera_Lycaenidae_Lycaena_helloides\593d964c-a521-4e8a-b387-3324b06c8a71.jpg,68,267,267 249 99 266 268
data\raw\val\01501_Animalia_Arthropoda_Insecta_Lepidoptera_Lycaenidae_Lycaena_helloides\8f5c6e7a-f452-4fbf-90d8-b30c703a3e5e.jpg,68,90,90 92 68 89 14
data\raw\val\01501_Animalia_Arthropoda_Insecta_Lepidoptera_Lycaenidae_Lycaena_helloides\1eff7b37-95c5-466b-b426-770ba777def4.jpg,68,89,89 90 68 92 91
data\raw\val\01501_Animalia_Arthropoda_Insecta_Lepidoptera_Lycaenidae_Lycaena_helloides\ee9ab2b8-faad-430e-b0a2-4aed8fc4d2ce.jpg,68,91,91 84 31 92 90
data\raw\val\01501_Animalia_Arthropoda_Insecta_Lepidoptera_Lycaenidae_Lycaena_helloides\fda93d90-f686-4f75-8add-12a220d3c04a.jpg,68,68,68 71 66 69 89
data\raw\val\01501_Animalia_Arthropoda_Insecta_Lepidoptera_Lycaenidae_Lycaena_helloides\646ba884-8b74-4d84-85b1-221397616b90.jpg,68,68,68 70 92 41 327
data\raw\val\01501_Animalia_Arthropoda_Insecta_Lepidoptera_Lycaenidae_Lycaena_helloides\99d81d7b-4adb-4300-b91f-144dbe357d46.jpg,68,70,70 69 68 35 83
data\raw\val\01501_Animalia_Arthropoda_Insecta_Lepidoptera_Lycaenidae_Lycaena_helloides\e4b3f6d4-d52d-4857-a0b7-c31e4b97bdae.jpg,68,41,41 76 331 96 68
data\raw\val\01501_Animalia_Arthropoda_Insecta_Lepidoptera_Lycaenidae_Lycaena_helloides\5e1ede9a-7714-4f00-9454-f1c15aff83ee.jpg,68,68,68 89 82 31 91
data\raw\val\01501_Animalia_Arthropoda_Insecta_Lepidoptera_Lycaenidae_Lycaena_helloides\2224f1dd-f2c0-4c66-be76-91e210f68915.jpg,68,68,68 427 170 70 69
data\raw\val\01516_Animalia_Arthropoda_Insecta_Lepidoptera_Lycaenidae_Plebejus_samuelis\722e1567-e290-43d3-a4a9-d19df8f276ec.jpg,69,69,69 170 151 87 67
data\raw\val\01516_Animalia_Arthropoda_Insecta_Lepidoptera_Lycaenidae_Plebejus_samuelis\4ed15331-fdd0-452e-b156-a7cb697fb046.jpg,69,69,69 71 84 88 111
data\raw\val\01516_Animalia_Arthropoda_Insecta_Lepidoptera_Lycaenidae_Plebejus_samuelis\33f5a440-83eb-4ca4-a9db-d0daa6ae1297.jpg,69,70,70 69 97 71 35
data\raw\val\01516_Animalia_Arthropoda_Insecta_Lepidoptera_Lycaenidae_Plebejus_samuelis\2b419e55-6566-4b48-ae0c-131c1eb18d76.jpg,69,69,69 67 114 68 86
data\raw\val\01516_Animalia_Arthropoda_Insecta_Lepidoptera_Lycaenidae_Plebejus_samuelis\6405fd9a-76a8-4786-87d2-0ce980cb3cbf.jpg,69,69,69 67 80 70 373
data\raw\val\01516_Animalia_Arthropoda_Insecta_Lepidoptera_Lycaenidae_Plebejus_samuelis\b03d47c6-21b5-4a01-a810-ce6504de7004.jpg,69,357,357 321 358 373 60
data\raw\val\01516_Animalia_Arthropoda_Insecta_Lepidoptera_Lycaenidae_Plebejus_samuelis\155fc520-c0b1-46b9-ac0a-5a2faae8b036.jpg,69,45,45 69 27 25 1
data\raw\val\01516_Animalia_Arthropoda_Insecta_Lepidoptera_Lycaenidae_Plebejus_samuelis\0902668a-69ab-4e14-8ffa-e764d2c38411.jpg,69,69,69 229 200 94 243
data\raw\val\01516_Animalia_Arthropoda_Insecta_Lepidoptera_Lycaenidae_Plebejus_samuelis\aec035f0-d1cb-4fd0-a3b6-216b78ec7792.jpg,69,69,69 430 429 378 339
data\raw\val\01516_Animalia_Arthropoda_Insecta_Lepidoptera_Lycaenidae_Plebejus_samuelis\70583d39-4152-4246-aa63-ce0b6d7888e6.jpg,69,69,69 331 67 80 373
data\raw\val\01525_Animalia_Arthropoda_Insecta_Lepidoptera_Lycaenidae_Satyrium_behrii\0dd39e37-f7fe-42a0-a7c7-38f3f7ba5ee9.jpg,70,70,70 69 68 97 195
data\raw\val\01525_Animalia_Arthropoda_Insecta_Lepidoptera_Lycaenidae_Satyrium_behrii\4b844776-1cd8-4ca2-beda-8d44ff86a916.jpg,70,170,170 278 68 84 37
data\raw\val\01525_Animalia_Arthropoda_Insecta_Lepidoptera_Lycaenidae_Satyrium_behrii\6576f5a9-f406-4d38-95a4-13bfced3bfe4.jpg,70,83,83 265 67 248 370
data\raw\val\01525_Animalia_Arthropoda_Insecta_Lepidoptera_Lycaenidae_Satyrium_behrii\3bac6f2e-c58c-4b14-9ac9-0c4f3bb9df66.jpg,70,70,70 97 69 67 35
data\raw\val\01525_Animalia_Arthropoda_Insecta_Lepidoptera_Lycaenidae_Satyrium_behrii\d19d8a74-8be5-44f2-9b40-c623ba1fbacf.jpg,70,87,87 6 11 182 225
data\raw\val\01525_Animalia_Arthropoda_Insecta_Lepidoptera_Lycaenidae_Satyrium_behrii\ed6dfb02-1033-4298-828c-dc980d3c78de.jpg,70,70,70 69 178 138 112
data\raw\val\01525_Animalia_Arthropoda_Insecta_Lepidoptera_Lycaenidae_Satyrium_behrii\a8bb3246-fd83-416d-8036-3924e15c7800.jpg,70,339,339 97 277 70 392
data\raw\val\01525_Animalia_Arthropoda_Insecta_Lepidoptera_Lycaenidae_Satyrium_behrii\71f7dd67-b860-4050-befc-3291dfb58f20.jpg,70,342,342 282 299 333 273
data\raw\val\01525_Animalia_Arthropoda_Insecta_Lepidoptera_Lycaenidae_Satyrium_behrii\a2243dc2-a851-4a32-82f7-9236319468dc.jpg,70,87,87 37 222 218 35
data\raw\val\01525_Animalia_Arthropoda_Insecta_Lepidoptera_Lycaenidae_Satyrium_behrii\394f323a-f3e5-4c17-8317-ef248b49928f.jpg,70,70,70 69 68 35 92
data\raw\val\01536_Animalia_Arthropoda_Insecta_Lepidoptera_Lycaenidae_Strymon_melinus\db36c6a1-5e85-44fd-ae8a-eb76f37fe026.jpg,71,337,337 457 386 462 382
data\raw\val\01536_Animalia_Arthropoda_Insecta_Lepidoptera_Lycaenidae_Strymon_melinus\23f6d0a9-c580-4cd5-bbba-43713758ecc3.jpg,71,71,71 66 69 16 185
data\raw\val\01536_Animalia_Arthropoda_Insecta_Lepidoptera_Lycaenidae_Strymon_melinus\12cff107-f72d-4659-8c1b-50e98669595d.jpg,71,71,71 69 34 37 15
data\raw\val\01536_Animalia_Arthropoda_Insecta_Lepidoptera_Lycaenidae_Strymon_melinus\98a940be-0f14-4fba-ab2e-c3da10700400.jpg,71,31,31 91 19 71 66
data\raw\val\01536_Animalia_Arthropoda_Insecta_Lepidoptera_Lycaenidae_Strymon_melinus\74f8c2d5-cc17-4544-aaff-096977407030.jpg,71,71,71 23 35 37 70
data\raw\val\01536_Animalia_Arthropoda_Insecta_Lepidoptera_Lycaenidae_Strymon_melinus\2235e6ad-b804-4b6d-b681-8d21d8c396a0.jpg,71,84,84 66 111 71 85
data\raw\val\01536_Animalia_Arthropoda_Insecta_Lepidoptera_Lycaenidae_Strymon_melinus\7d3cebf6-ccf9-49dc-8278-3d41ec34078f.jpg,71,367,367 369 469 116 364
data\raw\val\01536_Animalia_Arthropoda_Insecta_Lepidoptera_Lycaenidae_Strymon_melinus\5600e3fe-08c2-47c6-a3b1-74f1b9d3e373.jpg,71,336,336 71 321 329 370
data\raw\val\01536_Animalia_Arthropoda_Insecta_Lepidoptera_Lycaenidae_Strymon_melinus\5c72b23e-b7e8-42b5-91d7-64a46d90cd1d.jpg,71,69,69 71 67 411 443
data\raw\val\01536_Animalia_Arthropoda_Insecta_Lepidoptera_Lycaenidae_Strymon_melinus\ba0fec75-1f38-4f38-802b-4fe6cce05a69.jpg,71,71,71 16 277 119 116
data\raw\val\01566_Animalia_Arthropoda_Insecta_Lepidoptera_Noctuidae_Agrotis_munda\68337033-9e7e-4e7d-8020-fe6d5062868b.jpg,72,25,25 77 8 236 400
data\raw\val\01566_Animalia_Arthropoda_Insecta_Lepidoptera_Noctuidae_Agrotis_munda\a8cea33c-90f4-41bb-b2b0-885e6cd0311a.jpg,72,74,74 218 72 49 78
data\raw\val\01566_Animalia_Arthropoda_Insecta_Lepidoptera_Noctuidae_Agrotis_munda\320ca4eb-a4e3-41c9-879d-b5d3919348ed.jpg,72,63,63 27 116 28 179
data\raw\val\01566_Animalia_Arthropoda_Insecta_Lepidoptera_Noctuidae_Agrotis_munda\27f05c33-ecf7-4a56-9589-d1816cf6e490.jpg,72,74,74 77 100 46 72
data\raw\val\01566_Animalia_Arthropoda_Insecta_Lepidoptera_Noctuidae_Agrotis_munda\c47ea777-a0a5-4670-a9e1-d27d62283307.jpg,72,72,72 98 78 74 77
data\raw\val\01566_Animalia_Arthropoda_Insecta_Lepidoptera_Noctuidae_Agrotis_munda\b2ffd5b3-624d-4adc-8004-c6e7ec248101.jpg,72,72,72 78 100 98 49
data\raw\val\01566_Animalia_Arthropoda_Insecta_Lepidoptera_Noctuidae_Agrotis_munda\07d843b7-928e-4d33-a5a6-32f30c9fde3e.jpg,72,78,78 72 98 77 81
data\raw\val\01566_Animalia_Arthropoda_Insecta_Lepidoptera_Noctuidae_Agrotis_munda\57c3f15a-f9e1-459e-a95f-6f182ebf8e54.jpg,72,77,77 269 78 25 74
data\raw\val\01566_Animalia_Arthropoda_Insecta_Lepidoptera_Noctuidae_Agrotis_munda\5b6e827e-f41d-41fb-9f0e-c3c251ceabe2.jpg,72,77,77 72 100 78 79
data\raw\val\01566_Animalia_Arthropoda_Insecta_Lepidoptera_Noctuidae_Agrotis_munda\a5816eae-9fc3-4135-a9c6-c23fd3e68de2.jpg,72,72,72 52 238 230 239
data\raw\val\01576_Animalia_Arthropoda_Insecta_Lepidoptera_Noctuidae_Anaplectoides_prasina\c4dbeff3-4f72-41f8-a3c0-1404550c038b.jpg,73,73,73 74 38 45 39
data\raw\val\01576_Animalia_Arthropoda_Insecta_Lepidoptera_Noctuidae_Anaplectoides_prasina\e4ce6249-e637-43de-b213-0915dcb10b10.jpg,73,73,73 298 294 498 322
data\raw\val\01576_Animalia_Arthropoda_Insecta_Lepidoptera_Noctuidae_Anaplectoides_prasina\387d30fb-ffff-4016-acf5-90cbdd720ec0.jpg,73,137,137 135 131 136 246
data\raw\val\01576_Animalia_Arthropoda_Insecta_Lepidoptera_Noctuidae_Anaplectoides_prasina\512db68c-3248-44ec-9dc6-3e1dec05d920.jpg,73,24,24 74 73 140 5
data\raw\val\01576_Animalia_Arthropoda_Insecta_Lepidoptera_Noctuidae_Anaplectoides_prasina\d5cf1139-ce4e-4da8-b817-7123353ade3f.jpg,73,305,305 392 322 304 294
data\raw\val\01576_Animalia_Arthropoda_Insecta_Lepidoptera_Noctuidae_Anaplectoides_prasina\d1768f52-f20e-4925-a8fa-685c25f5d8fa.jpg,73,73,73 74 98 45 79
data\raw\val\01576_Animalia_Arthropoda_Insecta_Lepidoptera_Noctuidae_Anaplectoides_prasina\3e2588cd-cd8d-4e9d-ad02-8a5e854141c7.jpg,73,73,73 283 78 49 98
data\raw\val\01576_Animalia_Arthropoda_Insecta_Lepidoptera_Noctuidae_Anaplectoides_prasina\dad4a04e-cc3b-4248-80ba-9adea8fa4f5a.jpg,73,73,73 322 492 299 428
data\raw\val\01576_Animalia_Arthropoda_Insecta_Lepidoptera_Noctuidae_Anaplectoides_prasina\f48095b9-aa0e-4e9a-91e3-09ce60612205.jpg,73,73,73 49 78 72 45
data\raw\val\01576_Animalia_Arthropoda_Insecta_Lepidoptera_Noctuidae_Anaplectoides_prasina\81d5cdcb-07c9-4b5e-9ba1-9d687d000e4d.jpg,73,73,73 75 72 45 39
data\raw\val\01603_Animalia_Arthropoda_Insecta_Lepidoptera_Noctuidae_Copivaleria_grotei\d13f95b2-ce2f-4721-8458-b6135d0ca611.jpg,74,488,488 216 133 154 148
data\raw\val\01603_Animalia_Arthropoda_Insecta_Lepidoptera_Noctuidae_Copivaleria_grotei\3a48e3ef-234c-46dc-8b4b-767b9a041db1.jpg,74,74,74 77 269 72 8
data\raw\val\01603_Animalia_Arthropoda_Insecta_Lepidoptera_Noctuidae_Copivaleria_grotei\a059a2aa-b20e-429b-8b69-b2f7a5765161.jpg,74,74,74 72 77 73 98
data\raw\val\01603_Animalia_Arthropoda_Insecta_Lepidoptera_Noctuidae_Copivaleria_grotei\5b55520e-4bee-4132-90ae-5c008abb4d07.jpg,74,57,57 230 74 52 237
data\raw\val\01603_Animalia_Arthropoda_Insecta_Lepidoptera_Noctuidae_Copivaleria_grotei\1dec0cfb-5efd-4f29-85fa-8f6d62fff01c.jpg,74,74,74 73 77 72 100
data\raw\val\01603_Animalia_Arthropoda_Insecta_Lepidoptera_Noctuidae_Copivaleria_grotei\ad334124-9369-4945-a155-bb55fa3a5386.jpg,74,11,11 24 250 7 414
data\raw\val\01603_Animalia_Arthropoda_Insecta_Lepidoptera_Noctuidae_Copivaleria_grotei\210e2c4b-322a-49d5-9430-df1926b34982.jpg,74,74,74 73 98 256 25
data\raw\val\01603_Animalia_Arthropoda_Insecta_Lepidoptera_Noctuidae_Copivaleria_grotei\0d2b0ca3-19fc-4d1e-99a2-0cc4b8b51014.jpg,74,74,74 24 490 395 488
data\raw\val\01603_Animalia_Arthropoda_Insecta_Lepidoptera_Noctuidae_Copivaleria_grotei\65caeaf0-8cad-4c5b-ab9d-b431a857dae1.jpg,74,153,153 9 74 24 210
data\raw\val\01603_Animalia_Arthropoda_Insecta_Lepidoptera_Noctuidae_Copivaleria_grotei\df256263-3bfb-498e-8de8-48cd17f64ee4.jpg,74,74,74 78 77 72 49
data\raw\val\01606_Animalia_Arthropoda_Insecta_Lepidoptera_Noctuidae_Cosmodes_elegans\f2141180-0552-47e8-97c4-ab6a145af6b3.jpg,75,75,75 21 40 38 39
data\raw\val\01606_Animalia_Arthropoda_Insecta_Lepidoptera_Noctuidae_Cosmodes_elegans\8e2819dc-a0ce-486e-9858-94ee15f8b73d.jpg,75,75,75 40 3 117 231
data\raw\val\01606_Animalia_Arthropoda_Insecta_Lepidoptera_Noctuidae_Cosmodes_elegans\24a5d3f9-3a79-4c28-9ca1-d1e51d227156.jpg,75,75,75 231 270 271 62
data\raw\val\01606_Animalia_Arthropoda_Insecta_Lepidoptera_Noctuidae_Cosmodes_elegans\033a7f7d-4f90-487e-b1a4-ff623e22da6a.jpg,75,75,75 21 101 62 102
data\raw\val\01606_Animalia_Arthropoda_Insecta_Lepidoptera_Noctuidae_Cosmodes_elegans\c85bd7d5-b265-47b6-9adf-8fc9a74003d0.jpg,75,2,2 27 28 107 17
data\raw\val\01606_Animalia_Arthropoda_Insecta_Lepidoptera_Noctuidae_Cosmodes_elegans\57c114bb-c183-4d3a-b865-7c7df554e8ab.jpg,75,75,75 102 42 4 46
data\raw\val\01606_Animalia_Arthropoda_Insecta_Lepidoptera_Noctuidae_Cosmodes_elegans\e3f77577-c60b-4445-bd3f-74478e809e01.jpg,75,75,75 40 102 39 81
data\raw\val\01606_Animalia_Arthropoda_Insecta_Lepidoptera_Noctuidae_Cosmodes_elegans\7dc333ec-f7dc-4e90-ab61-aadd4f081f26.jpg,75,75,75 21 48 62 28
data\raw\val\01606_Animalia_Arthropoda_Insecta_Lepidoptera_Noctuidae_Cosmodes_elegans\31c32e7f-6422-459d-a728-2b181e6e1fac.jpg,75,42,42 75 102 54 108
data\raw\val\01606_Animalia_Arthropoda_Insecta_Lepidoptera_Noctuidae_Cosmodes_elegans\1c7fb993-4c94-4133-a670-ef1cc8618d31.jpg,75,75,75 21 28 40 46
data\raw\val\01632_Animalia_Arthropoda_Insecta_Lepidoptera_Noctuidae_Helicoverpa_armigera\c775b55a-03e8-4d0e-a470-85c2b2655fa1.jpg,76,37,37 14 35 28 85
data\raw\val\01632_Animalia_Arthropoda_Insecta_Lepidoptera_Noctuidae_Helicoverpa_armigera\1c353793-d798-40b0-97c0-ebdf708975c9.jpg,76,140,140 73 24 104 109
data\raw\val\01632_Animalia_Arthropoda_Insecta_Lepidoptera_Noctuidae_Helicoverpa_armigera\02dcd53d-4321-4f0c-bb99-57e20c2ca921.jpg,76,99,99 41 101 76 58
data\raw\val\01632_Animalia_Arthropoda_Insecta_Lepidoptera_Noctuidae_Helicoverpa_armigera\344dc398-4c95-4a7a-81ab-e8c0f43886b6.jpg,76,54,54 62 60 244 58
data\raw\val\01632_Animalia_Arthropoda_Insecta_Lepidoptera_Noctuidae_Helicoverpa_armigera\50d64004-b69e-4b32-b4be-6a67844dc001.jpg,76,64,64 394 93 131 20
data\raw\val\01632_Animalia_Arthropoda_Insecta_Lepidoptera_Noctuidae_Helicoverpa_armigera\89effc3a-4575-4d9f-bc81-3c565a310fc8.jpg,76,62,62 47 54 81 101
data\raw\val\01632_Animalia_Arthropoda_Insecta_Lepidoptera_Noctuidae_Helicoverpa_armigera\38100991-d862-4e8c-bd50-3b37bd487cf6.jpg,76,47,47 404 54 98 76
data\raw\val\01632_Animalia_Arthropoda_Insecta_Lepidoptera_Noctuidae_Helicoverpa_armigera\39d6261d-bb5a-43ca-b42e-c2f511b7c6a0.jpg,76,68,68 71 33 89 66
data\raw\val\01632_Animalia_Arthropoda_Insecta_Lepidoptera_Noctuidae_Helicoverpa_armigera\e56cc8b3-7cdf-4541-82bc-0025a78373fc.jpg,76,53,53 268 265 99 56
data\raw\val\01632_Animalia_Arthropoda_Insecta_Lepidoptera_Noctuidae_Helicoverpa_armigera\49393fc3-3c08-43fa-99e2-7628b29bdcca.jpg,76,107,107 39 28 338 40
data\raw\val\01634_Animalia_Arthropoda_Insecta_Lepidoptera_Noctuidae_Hemieuxoa_rudens\ceed69be-cac9-4e9d-be0d-494e1cae408b.jpg,77,45,45 5 80 44 2
data\raw\val\01634_Animalia_Arthropoda_Insecta_Lepidoptera_Noctuidae_Hemieuxoa_rudens\6057e12c-d609-4e4c-bb5a-da0d53ee7e76.jpg,77,22,22 45 133 80 21
data\raw\val\01634_Animalia_Arthropoda_Insecta_Lepidoptera_Noctuidae_Hemieuxoa_rudens\5bf99075-abc4-4d51-a9b6-4940d1be87d8.jpg,77,79,79 21 100 15 81
data\raw\val\01634_Animalia_Arthropoda_Insecta_Lepidoptera_Noctuidae_Hemieuxoa_rudens\fdf9509c-84f1-4510-be7c-9e46da4a4b4d.jpg,77,79,79 100 77 81 72
data\raw\val\01634_Animalia_Arthropoda_Insecta_Lepidoptera_Noctuidae_Hemieuxoa_rudens\363cb6a4-dcb7-4bdf-80f2-bae764c2c0ed.jpg,77,98,98 72 52 77 78
data\raw\val\01634_Animalia_Arthropoda_Insecta_Lepidoptera_Noctuidae_Hemieuxoa_rudens\8304fb11-3208-4a90-8334-cb0cf847c921.jpg,77,77,77 81 72 47 98
data\raw\val\01634_Animalia_Arthropoda_Insecta_Lepidoptera_Noctuidae_Hemieuxoa_rudens\378018e8-dbc2-4ece-b0c0-0b815a9e47bb.jpg,77,52,52 9 145 5 83
data\raw\val\01634_Animalia_Arthropoda_Insecta_Lepidoptera_Noctuidae_Hemieuxoa_rudens\010a6644-3c01-454c-a5ea-d92e54ac9b77.jpg,77,77,77 75 25 42 239
data\raw\val\01634_Animalia_Arthropoda_Insecta_Lepidoptera_Noctuidae_Hemieuxoa_rudens\cda917a3-2a06-497e-bc17-cf5d7cec88c1.jpg,77,77,77 47 72 79 81
data\raw\val\01634_Animalia_Arthropoda_Insecta_Lepidoptera_Noctuidae_Hemieuxoa_rudens\c5c87086-38e7-49e8-9079-044c420b76a8.jpg,77,77,77 47 42 72 79
data\raw\val\01658_Animalia_Arthropoda_Insecta_Lepidoptera_Noctuidae_Morrisonia_confusa\b0a0009b-8952-4184-bf32-da2ef354b87e.jpg,78,49,49 32 98 79 45
data\raw\val\01658_Animalia_Arthropoda_Insecta_Lepidoptera_Noctuidae_Morrisonia_confusa\068ec8eb-7702-4707-a5da-7494b24c6c75.jpg,78,119,119 4 32 117 107
data\raw\val\01658_Animalia_Arthropoda_Insecta_Lepidoptera_Noctuidae_Morrisonia_confusa\307da033-862f-493b-aa0e-dadb5d355cbf.jpg,78,98,98 52 57 78 49
data\raw\val\01658_Animalia_Arthropoda_Insecta_Lepidoptera_Noctuidae_Morrisonia_confusa\63f7e654-50b2-4850-a499-30e8bc7f6819.jpg,78,77,77 78 123 234 72
data\raw\val\01658_Animalia_Arthropoda_Insecta_Lepidoptera_Noctuidae_Morrisonia_confusa\38138b45-f545-490a-8a50-7be335f12832.jpg,78,52,52 57 81 98 72
data\raw\val\01658_Animalia_Arthropoda_Insecta_Lepidoptera_Noctuidae_Morrisonia_confusa\c6f667fd-2971-48f7-b531-800f412df70d.jpg,78,238,238 237 7 239 8
data\raw\val\01658_Animalia_Arthropoda_Insecta_Lepidoptera_Noctuidae_Morrisonia_confusa\5983981f-35fc-4d46-bdeb-0af87713d48c.jpg,78,32,32 47 101 81 102
data\raw\val\01658_Animalia_Arthropoda_Insecta_Lepidoptera_Noctuidae_Morrisonia_confusa\cc93b0f7-df18-421a-91e4-66e20172b4c8.jpg,78,78,78 73 72 49 98
data\raw\val\01658_Animalia_Arthropoda_Insecta_Lepidoptera_Noctuidae_Morrisonia_confusa\fd6296dc-fe92-4cab-bb91-7abc875ffe7d.jpg,78,78,78 72 98 79 74
data\raw\val\01658_Animalia_Arthropoda_Insecta_Lepidoptera_Noctuidae_Morrisonia_confusa\9b08c7e6-144a-4a13-a5aa-fc1ecf809622.jpg,78,78,78 77 395 72 25
data\raw\val\01669_Animalia_Arthropoda_Insecta_Lepidoptera_Noctuidae_Ochropleura_implecta\9e87c393-fb8b-486f-aa3d-580d0ef8547b.jpg,79,79,79 100 81 72 77
data\raw\val\01669_Animalia_Arthropoda_Insecta_Lepidoptera_Noctuidae_Ochropleura_implecta\ed21a00b-91ed-45b7-b2e5-d4b822ba83fe.jpg,79,79,79 101 100 42 81
data\raw\val\01669_Animalia_Arthropoda_Insecta_Lepidoptera_Noctuidae_Ochropleura_implecta\67e197fa-8a8f-4ad4-8284-b4932b05abdb.jpg,79,79,79 87 100 49 130
data\raw\val\01669_Animalia_Arthropoda_Insecta_Lepidoptera_Noctuidae_Ochropleura_implecta\7097a994-cc26-40c5-bdb4-56718a73756b.jpg,79,100,100 72 81 78 79
data\raw\val\01669_Animalia_Arthropoda_Insecta_Lepidoptera_Noctuidae_Ochropleura_implecta\96a3cffd-4293-4c44-840b-cacbd8332f3a.jpg,79,79,79 78 72 100 81
data\raw\val\01669_Animalia_Arthropoda_Insecta_Lepidoptera_Noctuidae_Ochropleura_implecta\2c5bf5fa-b8d4-4c47-93cb-ab7f4977eaa2.jpg,79,47,47 102 45 81 46
data\raw\val\01669_Animalia_Arthropoda_Insecta_Lepidoptera_Noctuidae_Ochropleura_implecta\0fe86fd9-b08a-4690-be13-30d10380fdd4.jpg,79,78,78 77 98 99 49
data\raw\val\01669_Animalia_Arthropoda_Insecta_Lepidoptera_Noctuidae_Ochropleura_implecta\0c96b147-3102-447b-a72f-198c4c94614d.jpg,79,57,57 81 47 45 253
data\raw\val\01669_Animalia_Arthropoda_Insecta_Lepidoptera_Noctuidae_Ochropleura_implecta\500a2c7e-95fc-40d4-a973-e1d4a2148cc6.jpg,79,100,100 79 81 21 51
data\raw\val\01669_Animalia_Arthropoda_Insecta_Lepidoptera_Noctuidae_Ochropleura_implecta\49101951-23bb-4aad-9682-fb41655c15bc.jpg,79,79,79 46 73 21 100
data\raw\val\01713_Animalia_Arthropoda_Insecta_Lepidoptera_Noctuidae_Tarache_aprica\bca47fa6-eb38-4fb6-94f5-d6ec8125a48c.jpg,80,79,79 77 100 72 81
data\raw\val\01713_Animalia_Arthropoda_Insecta_Lepidoptera_Noctuidae_Tarache_aprica\8bdf13d2-1188-4d53-8aba-763303ee7e6f.jpg,80,77,77 100 72 81 45
data\raw\val\01713_Animalia_Arthropoda_Insecta_Lepidoptera_Noctuidae_Tarache_aprica\7e260aba-0b82-4af1-bf91-1baa0fe8a05f.jpg,80,75,75 108 44 49 32
data\raw\val\01713_Animalia_Arthropoda_Insecta_Lepidoptera_Noctuidae_Tarache_aprica\c07d3e93-0c6b-4e23-b0dc-51a3cff2f9f7.jpg,80,45,45 72 81 47 102
data\raw\val\01713_Animalia_Arthropoda_Insecta_Lepidoptera_Noctuidae_Tarache_aprica\f1ddcefb-34c4-4b7f-aa31-037b6431601f.jpg,80,80,80 373 67 69 88
data\raw\val\01713_Animalia_Arthropoda_Insecta_Lepidoptera_Noctuidae_Tarache_aprica\116d0928-f9e3-43aa-9b92-664b0d343970.jpg,80,70,70 80 67 1 331
data\raw\val\01713_Animalia_Arthropoda_Insecta_Lepidoptera_Noctuidae_Tarache_aprica\7586a35e-6a95-43cd-ac75-af1a7e8bb11d.jpg,80,63,63 80 37 28 108
data\raw\val\01713_Animalia_Arthropoda_Insecta_Lepidoptera_Noctuidae_Tarache_aprica\792188ef-cb74-473d-9cfc-466b466bf63f.jpg,80,141,141 57 45 253 75
data\raw\val\01713_Animalia_Arthropoda_Insecta_Lepidoptera_Noctuidae_Tarache_aprica\c0e48e06-9844-481b-884b-3d64b871da10.jpg,80,218,218 100 79 45 77
data\raw\val\01713_Animalia_Arthropoda_Insecta_Lepidoptera_Noctuidae_Tarache_aprica\34e4b387-2892-4b24-8ad4-3d4dd7de13ff.jpg,80,311,311 73 64 483 93
data\raw\val\01732_Animalia_Arthropoda_Insecta_Lepidoptera_Notodontidae_Clostera_apicalis\dbfca335-324d-402c-936e-19eb381ddf2b.jpg,81,81,81 52 62 72 78
data\raw\val\01732_Animalia_Arthropoda_Insecta_Lepidoptera_Notodontidae_Clostera_apicalis\2d6c0dcc-1d8a-4706-badc-8bf33938c94a.jpg,81,72,72 77 81 79 100
data\raw\val\01732_Animalia_Arthropoda_Insecta_Lepidoptera_Notodontidae_Clostera_apicalis\cc109036-713d-4802-b9f4-398fe20df06e.jpg,81,126,126 57 139 47 51
data\raw\val\01732_Animalia_Arthropoda_Insecta_Lepidoptera_Notodontidae_Clostera_apicalis\76f3c222-76d4-4f57-b454-e72e092b9e1f.jpg,81,47,47 77 79 81 72
data\raw\val\01732_Animalia_Arthropoda_Insecta_Lepidoptera_Notodontidae_Clostera_apicalis\b485717a-c536-4c74-b66f-0cf3370ebb43.jpg,81,77,77 72 79 81 100
data\raw\val\01732_Animalia_Arthropoda_Insecta_Lepidoptera_Notodontidae_Clostera_apicalis\4baefc2f-9fc8-4ee2-9a7d-978f91e038f3.jpg,81,27,27 141 57 239 42
data\raw\val\01732_Animalia_Arthropoda_Insecta_Lepidoptera_Notodontidae_Clostera_apicalis\0cb06177-0b51-4bfc-8e52-859c698e3f56.jpg,81,153,153 231 223 210 141
data\raw\val\01732_Animalia_Arthropoda_Insecta_Lepidoptera_Notodontidae_Clostera_apicalis\d8e5217a-ea1d-422c-b2ca-22a02d57ce5c.jpg,81,62,62 54 99 76 41
data\raw\val\01732_Animalia_Arthropoda_Insecta_Lepidoptera_Notodontidae_Clostera_apicalis\50573fc4-6cf6-495c-8c63-ccbf58215973.jpg,81,225,225 213 351 83 243
data\raw\val\01732_Animalia_Arthropoda_Insecta_Lepidoptera_Notodontidae_Clostera_apicalis\06a4f889-4c21-443a-a384-b4b516aec19f.jpg,81,81,81 100 126 48 118
data\raw\val\01788_Animalia_Arthropoda_Insecta_Lepidoptera_Nymphalidae_Ariadne_ariadne\936d1541-04d5-486c-aedf-20998994265a.jpg,82,82,82 103 65 28 66
data\raw\val\01788_Animalia_Arthropoda_Insecta_Lepidoptera_Nymphalidae_Ariadne_ariadne\9a1ca48d-9ee9-4127-9c96-419c16dbe586.jpg,82,82,82 62 58 99 89
data\raw\val\01788_Animalia_Arthropoda_Insecta_Lepidoptera_Nymphalidae_Ariadne_ariadne\a4805696-c678-4cdd-8ffb-de3112804297.jpg,82,68,68 89 90 184 82
data\raw\val\01788_Animalia_Arthropoda_Insecta_Lepidoptera_Nymphalidae_Ariadne_ariadne\5659536c-aec6-452d-a7db-a0baf547e68b.jpg,82,82,82 89 16 461 36
data\raw\val\01788_Animalia_Arthropoda_Insecta_Lepidoptera_Nymphalidae_Ariadne_ariadne\22ac8ee2-27c8-451f-a126-f4b801becc00.jpg,82,261,261 82 90 89 92
data\raw\val\01788_Animalia_Arthropoda_Insecta_Lepidoptera_Nymphalidae_Ariadne_ariadne\833d4e61-14e5-4fc1-85dc-5c6151e83dfe.jpg,82,82,82 58 62 89 252
data\raw\val\01788_Animalia_Arthropoda_Insecta_Lepidoptera_Nymphalidae_Ariadne_ariadne\1c132d26-0dac-4339-a3d0-338ef6eac743.jpg,82,82,82 16 66 31 89
data\raw\val\01788_Animalia_Arthropoda_Insecta_Lepidoptera_Nymphalidae_Ariadne_ariadne\1cfd9b56-a4f1-4fe4-af36-05582f927f42.jpg,82,82,82 66 89 16 28
data\raw\val\01788_Animalia_Arthropoda_Insecta_Lepidoptera_Nymphalidae_Ariadne_ariadne\1c146c89-6e02-4ede-b1f8-6249ff3410df.jpg,82,50,50 261 82 412 65
data\raw\val\01788_Animalia_Arthropoda_Insecta_Lepidoptera_Nymphalidae_Ariadne_ariadne\f671be40-153f-412e-bea1-ffab27cf626b.jpg,82,15,15 0 29 453 30
data\raw\val\01875_Animalia_Arthropoda_Insecta_Lepidoptera_Nymphalidae_Hipparchia_statilinus\5f39a522-a89b-4067-aa2e-3aae2c2a25f4.jpg,83,98,98 238 237 51 240
data\raw\val\01875_Animalia_Arthropoda_Insecta_Lepidoptera_Nymphalidae_Hipparchia_statilinus\e45561e3-767c-4517-bb2f-1c6df0da9931.jpg,83,59,59 83 237 272 264
data\raw\val\01875_Animalia_Arthropoda_Insecta_Lepidoptera_Nymphalidae_Hipparchia_statilinus\72d879aa-f329-42c2-8490-07f61fb0bd0f.jpg,83,70,70 83 67 192 189
data\raw\val\01875_Animalia_Arthropoda_Insecta_Lepidoptera_Nymphalidae_Hipparchia_statilinus\ebab871b-4a03-4a32-8633-e4a8df1c9ba2.jpg,83,268,268 272 271 262 62
data\raw\val\01875_Animalia_Arthropoda_Insecta_Lepidoptera_Nymphalidae_Hipparchia_statilinus\122e973f-0efb-43e4-a6a6-3e620f855a43.jpg,83,83,83 6 7 243 238
data\raw\val\01875_Animalia_Arthropoda_Insecta_Lepidoptera_Nymphalidae_Hipparchia_statilinus\ff7e1a92-1d3d-415f-b3e9-65b741c666a2.jpg,83,214,214 163 243 227 215
data\raw\val\01875_Animalia_Arthropoda_Insecta_Lepidoptera_Nymphalidae_Hipparchia_statilinus\60f0e082-0b0a-4856-8446-df1047260872.jpg,83,237,237 238 144 126 230
data\raw\val\01875_Animalia_Arthropoda_Insecta_Lepidoptera_Nymphalidae_Hipparchia_statilinus\638e8f0e-3dad-43cb-9120-d69e0ec3d713.jpg,83,438,438 345 364 344 367
data\raw\val\01875_Animalia_Arthropoda_Insecta_Lepidoptera_Nymphalidae_Hipparchia_statilinus\4cd8f417-1523-4d2a-a656-cd15cde8a0d9.jpg,83,59,59 83 238 237 67
data\raw\val\01875_Animalia_Arthropoda_Insecta_Lepidoptera_Nymphalidae_Hipparchia_statilinus\44a765f7-494b-432d-8c7c-7db64e8c9e11.jpg,83,238,238 83 237 229 242
data\raw\val\01907_Animalia_Arthropoda_Insecta_Lepidoptera_Nymphalidae_Limenitis_archippus\bf8fe559-5c39-4cf4-9c5f-ec52e345cb94.jpg,84,84,84 91 92 90 89
data\raw\val\01907_Animalia_Arthropoda_Insecta_Lepidoptera_Nymphalidae_Limenitis_archippus\dc1d0a16-5502-4bcd-b343-57fa531831a5.jpg,84,84,84 92 88 91 90
data\raw\val\01907_Animalia_Arthropoda_Insecta_Lepidoptera_Nymphalidae_Limenitis_archippus\602d8df9-fe28-4155-b4e8-5ba9e8734a21.jpg,84,92,92 89 90 461 327
data\raw\val\01907_Animalia_Arthropoda_Insecta_Lepidoptera_Nymphalidae_Limenitis_archippus\1d30943f-abbf-4b93-ab32-d25bc28195c6.jpg,84,36,36 26 474 461 16
data\raw\val\01907_Animalia_Arthropoda_Insecta_Lepidoptera_Nymphalidae_Limenitis_archippus\25a069f1-61e9-4e17-8989-8b5209a81b10.jpg,84,84,84 23 85 71 69
data\raw\val\01907_Animalia_Arthropoda_Insecta_Lepidoptera_Nymphalidae_Limenitis_archippus\92a9ff32-902a-4d29-a893-239cdeea644f.jpg,84,263,263 48 84 68 89
data\raw\val\01907_Animalia_Arthropoda_Insecta_Lepidoptera_Nymphalidae_Limenitis_archippus\43bb1388-f57a-4024-9254-eb390b30647e.jpg,84,66,66 82 208 90 184
data\raw\val\01907_Animalia_Arthropoda_Insecta_Lepidoptera_Nymphalidae_Limenitis_archippus\acb54314-86d5-4ba5-a14c-a7e1e6203b8e.jpg,84,92,92 90 84 118 19
data\raw\val\01907_Animalia_Arthropoda_Insecta_Lepidoptera_Nymphalidae_Limenitis_archippus\affcabe4-5bb6-410d-8891-2aadfd277674.jpg,84,91,91 84 92 69 68
data\raw\val\01907_Animalia_Arthropoda_Insecta_Lepidoptera_Nymphalidae_Limenitis_archippus\67f04685-a2c0-4b3a-8a49-1d5594d578fd.jpg,84,84,84 91 119 93 111
data\raw\val\01910_Animalia_Arthropoda_Insecta_Lepidoptera_Nymphalidae_Limenitis_lorquini\1c0fee61-f5e0-472e-bef0-cefd23f005c3.jpg,85,126,126 237 234 74 238
data\raw\val\01910_Animalia_Arthropoda_Insecta_Lepidoptera_Nymphalidae_Limenitis_lorquini\d665463a-95a7-46ac-afba-7b521ceb2ada.jpg,85,85,85 275 273 274 37
data\raw\val\01910_Animalia_Arthropoda_Insecta_Lepidoptera_Nymphalidae_Limenitis_lorquini\14999efc-acec-4753-acc6-d20085caa6cd.jpg,85,85,85 29 48 12 40
data\raw\val\01910_Animalia_Arthropoda_Insecta_Lepidoptera_Nymphalidae_Limenitis_lorquini\2fe75d15-2983-42d4-a5db-b14377c1bfe1.jpg,85,85,85 43 17 94 87
data\raw\val\01910_Animalia_Arthropoda_Insecta_Lepidoptera_Nymphalidae_Limenitis_lorquini\54a3508e-23fa-42de-8839-1f7808a0d31a.jpg,85,44,44 85 24 13 12
data\raw\val\01910_Animalia_Arthropoda_Insecta_Lepidoptera_Nymphalidae_Limenitis_lorquini\56a06f67-0105-42a7-9a23-06d68c0dc7b8.jpg,85,85,85 48 19 90 84
data\raw\val\01910_Animalia_Arthropoda_Insecta_Lepidoptera_Nymphalidae_Limenitis_lorquini\40f8b590-020e-4ad8-bb83-561a2a515087.jpg,85,469,469 394 435 85 184
data\raw\val\01910_Animalia_Arthropoda_Insecta_Lepidoptera_Nymphalidae_Limenitis_lorquini\f6d39b70-fa05-460f-a735-ae29f8fade16.jpg,85,85,85 48 87 19 43
data\raw\val\01910_Animalia_Arthropoda_Insecta_Lepidoptera_Nymphalidae_Limenitis_lorquini\260157cd-4c66-4f70-ad00-dcdb11e1becd.jpg,85,85,85 37 48 2 29
data\raw\val\01910_Animalia_Arthropoda_Insecta_Lepidoptera_Nymphalidae_Limenitis_lorquini\91d74da8-408b-48af-b7b3-4ad37a8b1683.jpg,85,226,226 48 107 169 85
data\raw\val\01932_Animalia_Arthropoda_Insecta_Lepidoptera_Nymphalidae_Morpho_helenor\c8941c2f-ac21-44eb-84ac-e2030a7c69ed.jpg,86,246,246 5 40 27 88
data\raw\val\01932_Animalia_Arthropoda_Insecta_Lepidoptera_Nymphalidae_Morpho_helenor\8394b68d-7358-40d0-9ade-6ee84e5ade6c.jpg,86,86,86 75 267 244 406
data\raw\val\01932_Animalia_Arthropoda_Insecta_Lepidoptera_Nymphalidae_Morpho_helenor\ea40cad0-0ed0-41c8-89ce-3237db768610.jpg,86,48,48 90 101 87 245
data\raw\val\01932_Animalia_Arthropoda_Insecta_Lepidoptera_Nymphalidae_Morpho_helenor\2319f6ee-7773-4e41-bf61-bb41bc2a77cc.jpg,86,135,135 140 134 86 104
data\raw\val\01932_Animalia_Arthropoda_Insecta_Lepidoptera_Nymphalidae_Morpho_helenor\5b752485-d652-4de7-98c9-8662c9df359c.jpg,86,259,259 29 78 79 234
data\raw\val\01932_Animalia_Arthropoda_Insecta_Lepidoptera_Nymphalidae_Morpho_helenor\677e524c-51aa-4782-b76d-4b7a2bb09f73.jpg,86,86,86 456 231 88 44
data\raw\val\01932_Animalia_Arthropoda_Insecta_Lepidoptera_Nymphalidae_Morpho_helenor\7f052e5e-1807-4c02-961f-7c79a5c4b24c.jpg,86,104,104 177 112 339 174
data\raw\val\01932_Animalia_Arthropoda_Insecta_Lepidoptera_Nymphalidae_Morpho_helenor\aeecd6d4-7e13-42a6-ab7b-a5e9e35bc04c.jpg,86,86,86 63 78 28 21
data\raw\val\01932_Animalia_Arthropoda_Insecta_Lepidoptera_Nymphalidae_Morpho_helenor\927c740d-ab7e-4b16-a8b3-e0215eda11a4.jpg,86,11,11 24 140 13 261
data\raw\val\01932_Animalia_Arthropoda_Insecta_Lepidoptera_Nymphalidae_Morpho_helenor\8067ea27-96b1-4d9b-af71-43db16f18c13.jpg,86,64,64 75 91 93 38
data\raw\val\01938_Animalia_Arthropoda_Insecta_Lepidoptera_Nymphalidae_Nymphalis_antiopa\4da9be94-a236-43a8-8dc6-a177bf6a7437.jpg,87,12,12 126 118 27 115
data\raw\val\01938_Animalia_Arthropoda_Insecta_Lepidoptera_Nymphalidae_Nymphalis_antiopa\4acff1b8-02ef-41a8-879b-30d7323ae7cb.jpg,87,18,18 15 122 16 26
data\raw\val\01938_Animalia_Arthropoda_Insecta_Lepidoptera_Nymphalidae_Nymphalis_antiopa\d72602b6-350b-48d7-ae3b-34da8ca75a0d.jpg,87,13,13 22 127 11 254
data\raw\val\01938_Animalia_Arthropoda_Insecta_Lepidoptera_Nymphalidae_Nymphalis_antiopa\55faf620-6e37-45a2-b8c8-8740b7eda92f.jpg,87,24,24 216 270 264 77
data\raw\val\01938_Animalia_Arthropoda_Insecta_Lepidoptera_Nymphalidae_Nymphalis_antiopa\966b93ad-64f6-44eb-b843-2a850cccf9b9.jpg,87,263,263 268 267 262 229
data\raw\val\01938_Animalia_Arthropoda_Insecta_Lepidoptera_Nymphalidae_Nymphalis_antiopa\1f36558f-7636-4e75-b265-72f68ec64c09.jpg,87,100,100 21 7 6 232
data\raw\val\01938_Animalia_Arthropoda_Insecta_Lepidoptera_Nymphalidae_Nymphalis_antiopa\37894d48-5883-48ca-bfdd-6f109c8aa003.jpg,87,435,435 440 399 393 398
data\raw\val\01938_Animalia_Arthropoda_Insecta_Lepidoptera_Nymphalidae_Nymphalis_antiopa\6288ddb3-6dea-4f9f-bf03-28f85c3fbd31.jpg,87,87,87 16 172 30 170
data\raw\val\01938_Animalia_Arthropoda_Insecta_Lepidoptera_Nymphalidae_Nymphalis_antiopa\e5d76bf6-4b9f-4f83-ac3a-08977c3d2875.jpg,87,269,269 233 489 222 497
data\raw\val\01938_Animalia_Arthropoda_Insecta_Lepidoptera_Nymphalidae_Nymphalis_antiopa\8c64ab13-2e6a-4d34-8311-761536370015.jpg,87,87,87 48 213 6 211
data\raw\val\01944_Animalia_Arthropoda_Insecta_Lepidoptera_Nymphalidae_Parantica_aglea\353a66de-bcce-4c45-97ce-3603538b3151.jpg,88,88,88 69 70 97 71
data\raw\val\01944_Animalia_Arthropoda_Insecta_Lepidoptera_Nymphalidae_Parantica_aglea\1b10c4ac-67dd-404c-9741-2c72e38e9a69.jpg,88,373,373 80 419 69 94
data\raw\val\01944_Animalia_Arthropoda_Insecta_Lepidoptera_Nymphalidae_Parantica_aglea\300aa391-1cb0-4480-ba8e-3ee4dd562fab.jpg,88,130,130 248 47 141 129
data\raw\val\01944_Animalia_Arthropoda_Insecta_Lepidoptera_Nymphalidae_Parantica_aglea\bd5c5161-7b9d-46ed-ac6d-2e3ca5915ef4.jpg,88,88,88 80 69 416 24
data\raw\val\01944_Animalia_Arthropoda_Insecta_Lepidoptera_Nymphalidae_Parantica_aglea\de425e53-7ae3-4943-8d55-650bb2d06d8a.jpg,88,88,88 208 85 188 65
data\raw\val\01944_Animalia_Arthropoda_Insecta_Lepidoptera_Nymphalidae_Parantica_aglea\d552d56c-f42f-4318-a880-242800ec07c1.jpg,88,88,88 69 111 91 35
data\raw\val\01944_Animalia_Arthropoda_Insecta_Lepidoptera_Nymphalidae_Parantica_aglea\72f9d6c7-4180-4adc-acd4-29be29f2bcb0.jpg,88,88,88 69 221 70 373
data\raw\val\01944_Animalia_Arthropoda_Insecta_Lepidoptera_Nymphalidae_Parantica_aglea\cb469963-e32b-4141-aaee-d9ffc0495b99.jpg,88,308,308 317 386 387 382
data\raw\val\01944_Animalia_Arthropoda_Insecta_Lepidoptera_Nymphalidae_Parantica_aglea\e87894d3-e71f-421d-82d5-7fba67f6ca65.jpg,88,88,88 35 70 91 94
data\raw\val\01944_Animalia_Arthropoda_Insecta_Lepidoptera_Nymphalidae_Parantica_aglea\2f2e9336-514c-41e3-a5bd-ff8f886b514a.jpg,88,88,88 111 27 69 35
data\raw\val\01955_Animalia_Arthropoda_Insecta_Lepidoptera_Nymphalidae_Polygonia_c-album\0743c2de-2f3e-48d0-bc78-de14f887532f.jpg,89,26,26 16 19 90 48
data\raw\val\01955_Animalia_Arthropoda_Insecta_Lepidoptera_Nymphalidae_Polygonia_c-album\cde61b7a-4e53-4ef3-83cb-d1fa21f1b33d.jpg,89,90,90 91 89 118 68
data\raw\val\01955_Animalia_Arthropoda_Insecta_Lepidoptera_Nymphalidae_Polygonia_c-album\f3867819-8203-4f0e-bf05-f26774e29caa.jpg,89,89,89 31 66 33 82
data\raw\val\01955_Animalia_Arthropoda_Insecta_Lepidoptera_Nymphalidae_Polygonia_c-album\18ad499d-1ab9-4dc2-88b8-ff09e4390cba.jpg,89,90,90 92 89 31 68
data\raw\val\01955_Animalia_Arthropoda_Insecta_Lepidoptera_Nymphalidae_Polygonia_c-album\cd579e91-5230-481f-a504-7f3644c785fc.jpg,89,100,100 46 79 81 2
data\raw\val\01955_Animalia_Arthropoda_Insecta_Lepidoptera_Nymphalidae_Polygonia_c-album\79407c6e-7e6b-4f6a-8178-3389dfe70404.jpg,89,89,89 78 63 68 91
data\raw\val\01955_Animalia_Arthropoda_Insecta_Lepidoptera_Nymphalidae_Polygonia_c-album\ccb8bc61-1632-4b7d-8430-7a53032e5741.jpg,89,92,92 36 90 118 87
data\raw\val\01955_Animalia_Arthropoda_Insecta_Lepidoptera_Nymphalidae_Polygonia_c-album\46af63c3-459c-41ae-b463-635a013e85d7.jpg,89,381,381 89 92 82 28
data\raw\val\01955_Animalia_Arthropoda_Insecta_Lepidoptera_Nymphalidae_Polygonia_c-album\66acf202-242a-42a7-8c89-4e9b8dcece5e.jpg,89,89,89 84 90 91 31
data\raw\val\01955_Animalia_Arthropoda_Insecta_Lepidoptera_Nymphalidae_Polygonia_c-album\cc72866f-bdff-49fc-a22f-4e22910778f7.jpg,89,89,89 91 31 68 90
data\raw\val\01958_Animalia_Arthropoda_Insecta_Lepidoptera_Nymphalidae_Polygonia_faunus\7b41995f-4563-4b84-9f76-67d3d987dfbe.jpg,90,92,92 31 90 89 91
data\raw\val\01958_Animalia_Arthropoda_Insecta_Lepidoptera_Nymphalidae_Polygonia_faunus\0599d372-3a95-4fb3-b429-5760b496ab92.jpg,90,90,90 92 89 31 68
data\raw\val\01958_Animalia_Arthropoda_Insecta_Lepidoptera_Nymphalidae_Polygonia_faunus\e776d0e2-82de-48b5-9091-2571319ef07d.jpg,90,89,89 90 68 84 92
data\raw\val\01958_Animalia_Arthropoda_Insecta_Lepidoptera_Nymphalidae_Polygonia_faunus\c9652c0f-9a87-41c6-9abc-8d2f33e903ea.jpg,90,89,89 90 92 68 84
data\raw\val\01958_Animalia_Arthropoda_Insecta_Lepidoptera_Nymphalidae_Polygonia_faunus\415737be-15ab-42a3-86f1-6b5197c37b57.jpg,90,150,150 151 217 159 179
data\raw\val\01958_Animalia_Arthropoda_Insecta_Lepidoptera_Nymphalidae_Polygonia_faunus\1d489b24-0087-4002-b243-1ef4e2dbd1fc.jpg,90,36,36 85 87 48 90
data\raw\val\01958_Animalia_Arthropoda_Insecta_Lepidoptera_Nymphalidae_Polygonia_faunus\9c899fc8-703c-4b5f-a383-5f7aac2b40ab.jpg,90,90,90 12 258 48 85
data\raw\val\01958_Animalia_Arthropoda_Insecta_Lepidoptera_Nymphalidae_Polygonia_faunus\9fe17899-14aa-4699-af97-5c261cff8a34.jpg,90,90,90 92 91 89 31
data\raw\val\01958_Animalia_Arthropoda_Insecta_Lepidoptera_Nymphalidae_Polygonia_faunus\5c6c9a80-9ce0-40c1-a5ad-0153aec9cae8.jpg,90,89,89 90 92 31 68
data\raw\val\01958_Animalia_Arthropoda_Insecta_Lepidoptera_Nymphalidae_Polygonia_faunus\6b2338fc-0bd3-4c65-b4e3-ed71d729f994.jpg,90,90,90 89 68 92 87
data\raw\val\01979_Animalia_Arthropoda_Insecta_Lepidoptera_Nymphalidae_Texola_elada\2f35598f-f830-42c0-bb51-fb85921d8997.jpg,91,91,91 92 93 88 89
data\raw\val\01979_Animalia_Arthropoda_Insecta_Lepidoptera_Nymphalidae_Texola_elada\6117a963-4ead-4ecc-8dbf-4800ee99a8a6.jpg,91,317,317 324 471 275 445
data\raw\val\01979_Animalia_Arthropoda_Insecta_Lepidoptera_Nymphalidae_Texola_elada\23045f36-d8c0-4e20-a2ed-f735679f2128.jpg,91,91,91 69 92 70 37
data\raw\val\01979_Animalia_Arthropoda_Insecta_Lepidoptera_Nymphalidae_Texola_elada\f0576f40-b58b-49d5-9e7e-f19ddeaa4808.jpg,91,91,91 253 93 88 84
data\raw\val\01979_Animalia_Arthropoda_Insecta_Lepidoptera_Nymphalidae_Texola_elada\35505dfc-ff1e-416b-ada4-f1f49df51b4e.jpg,91,91,91 253 68 70 14
data\raw\val\01979_Animalia_Arthropoda_Insecta_Lepidoptera_Nymphalidae_Texola_elada\5291665e-6416-4199-8fbc-24dd4ea60b4e.jpg,91,91,91 92 68 89 31
data\raw\val\01979_Animalia_Arthropoda_Insecta_Lepidoptera_Nymphalidae_Texola_elada\56923aa3-9c56-441d-a9cd-469f2761fa7e.jpg,91,91,91 45 19 35 253
data\raw\val\01979_Animalia_Arthropoda_Insecta_Lepidoptera_Nymphalidae_Texola_elada\c734de41-a01d-40a6-84d0-53238d95578a.jpg,91,92,92 89 90 91 84
data\raw\val\01979_Animalia_Arthropoda_Insecta_Lepidoptera_Nymphalidae_Texola_elada\c36e4b64-48a2-48cc-b8c1-13b40cbda8ba.jpg,91,91,91 394 89 92 253
data\raw\val\01979_Animalia_Arthropoda_Insecta_Lepidoptera_Nymphalidae_Texola_elada\35e597c2-a1af-42f0-b1d5-7a9d4b80ae85.jpg,91,91,91 253 394 89 64
data\raw\val\01983_Animalia_Arthropoda_Insecta_Lepidoptera_Nymphalidae_Vanessa_annabella\41de4879-23cb-4f66-ba3d-0c7bd60bd352.jpg,92,92,92 90 89 91 31
data\raw\val\01983_Animalia_Arthropoda_Insecta_Lepidoptera_Nymphalidae_Vanessa_annabella\07ebe8bd-df1f-43bf-8a96-467483df0b70.jpg,92,71,71 85 66 91 119
data\raw\val\01983_Animalia_Arthropoda_Insecta_Lepidoptera_Nymphalidae_Vanessa_annabella\16419cd3-ef65-4afe-b413-e670666ab8b5.jpg,92,91,91 92 90 89 84
data\raw\val\01983_Animalia_Arthropoda_Insecta_Lepidoptera_Nymphalidae_Vanessa_annabella\817e9fc1-b98f-444a-b28c-e091fb98aa1a.jpg,92,92,92 90 89 31 91
data\raw\val\01983_Animalia_Arthropoda_Insecta_Lepidoptera_Nymphalidae_Vanessa_annabella\6b00d835-fd45-4b1c-9288-16a440bdf7ce.jpg,92,275,275 394 89 493 324
data\raw\val\01983_Animalia_Arthropoda_Insecta_Lepidoptera_Nymphalidae_Vanessa_annabella\14d8df15-f650-4600-a1ec-9f0f8c74e013.jpg,92,92,92 33 91 89 23
data\raw\val\01983_Animalia_Arthropoda_Insecta_Lepidoptera_Nymphalidae_Vanessa_annabella\4293046a-3bdb-469a-9b2b-ac2ccdb73195.jpg,92,92,92 91 90 89 68
data\raw\val\01983_Animalia_Arthropoda_Insecta_Lepidoptera_Nymphalidae_Vanessa_annabella\14beb766-c7d8-424d-8f36-4762891803c6.jpg,92,90,90 89 92 91 84
data\raw\val\01983_Animalia_Arthropoda_Insecta_Lepidoptera_Nymphalidae_Vanessa_annabella\848abb66-db2d-4f7e-b6f9-97256f63dd1c.jpg,92,92,92 90 89 31 84
data\raw\val\01983_Animalia_Arthropoda_Insecta_Lepidoptera_Nymphalidae_Vanessa_annabella\2fad2deb-8ea0-4f1d-971a-26a4cf9046ad.jpg,92,92,92 90 87 85 118
data\raw\val\02034_Animalia_Arthropoda_Insecta_Lepidoptera_Papilionidae_Papilio_thoas\5daad53c-875f-4075-be54-58d429f3bef6.jpg,93,120,120 93 313 312 38
data\raw\val\02034_Animalia_Arthropoda_Insecta_Lepidoptera_Papilionidae_Papilio_thoas\cf333c0e-b66f-4e1f-9fcb-bc62a6db3328.jpg,93,93,93 231 43 38 22
data\raw\val\02034_Animalia_Arthropoda_Insecta_Lepidoptera_Papilionidae_Papilio_thoas\564918d9-41c1-419e-808e-e536483e8e45.jpg,93,43,43 93 44 85 22
data\raw\val\02034_Animalia_Arthropoda_Insecta_Lepidoptera_Papilionidae_Papilio_thoas\bd7acf5f-70d9-4364-8486-eecdfea0287e.jpg,93,36,36 259 31 38 469
data\raw\val\02034_Animalia_Arthropoda_Insecta_Lepidoptera_Papilionidae_Papilio_thoas\0966817c-9f63-4967-8b1e-c165fbac77e7.jpg,93,93,93 120 348 91 29
data\raw\val\02034_Animalia_Arthropoda_Insecta_Lepidoptera_Papilionidae_Papilio_thoas\5619ef61-fe9b-42a0-847a-8a41f7c56c80.jpg,93,93,93 43 140 312 13
data\raw\val\02034_Animalia_Arthropoda_Insecta_Lepidoptera_Papilionidae_Papilio_thoas\e268f2d7-4a87-419c-a453-40bf363b35d0.jpg,93,85,85 381 84 332 476
data\raw\val\02034_Animalia_Arthropoda_Insecta_Lepidoptera_Papilionidae_Papilio_thoas\da425ca8-1323-46fe-8bd0-3a9c1bd190c6.jpg,93,310,310 343 407 497 373
data\raw\val\02034_Animalia_Arthropoda_Insecta_Lepidoptera_Papilionidae_Papilio_thoas\04e89d0a-6dee-4d0f-9943-a51af1126bf7.jpg,93,93,93 43 85 175 38
data\raw\val\02034_Animalia_Arthropoda_Insecta_Lepidoptera_Papilionidae_Papilio_thoas\e5c97831-4fbc-48f2-a3e3-3b212be1cf24.jpg,93,38,38 107 75 37 45
data\raw\val\02035_Animalia_Arthropoda_Insecta_Lepidoptera_Papilionidae_Papilio_troilus\c4bdda49-e037-4332-a451-e15a38d62304.jpg,94,13,13 11 24 140 254
data\raw\val\02035_Animalia_Arthropoda_Insecta_Lepidoptera_Papilionidae_Papilio_troilus\70a7c16e-64e7-45ff-8ccc-476357c1c621.jpg,94,56,56 50 42 101 128
data\raw\val\02035_Animalia_Arthropoda_Insecta_Lepidoptera_Papilionidae_Papilio_troilus\3dcd85b9-c9e6-4bcd-b81e-f7f0209e8025.jpg,94,352,352 390 361 34 405
data\raw\val\02035_Animalia_Arthropoda_Insecta_Lepidoptera_Papilionidae_Papilio_troilus\8cc0f1e2-91ce-48ed-8e9a-0b81076deadd.jpg,94,281,281 415 155 498 361
data\raw\val\02035_Animalia_Arthropoda_Insecta_Lepidoptera_Papilionidae_Papilio_troilus\90ed3d87-f956-4bb4-8f59-8354d5946b6e.jpg,94,20,20 232 21 22 19
data\raw\val\02035_Animalia_Arthropoda_Insecta_Lepidoptera_Papilionidae_Papilio_troilus\38bc0bb4-fefc-467e-a39a-f0cdfd778c1d.jpg,94,15,15 28 17 63 122
data\raw\val\02035_Animalia_Arthropoda_Insecta_Lepidoptera_Papilionidae_Papilio_troilus\1e2416a4-568b-4af9-bb70-abf31f7a48a2.jpg,94,412,412 103 65 356 434
data\raw\val\02035_Animalia_Arthropoda_Insecta_Lepidoptera_Papilionidae_Papilio_troilus\11d9f70c-31db-48e1-85ea-5df4a9916b63.jpg,94,63,63 44 85 87 48
data\raw\val\02035_Animalia_Arthropoda_Insecta_Lepidoptera_Papilionidae_Papilio_troilus\22d38943-6087-423d-bbff-61f3552fdc50.jpg,94,63,63 189 34 86 169
data\raw\val\02035_Animalia_Arthropoda_Insecta_Lepidoptera_Papilionidae_Papilio_troilus\3945f8d9-412f-449f-9521-ee7eecd09035.jpg,94,103,103 37 453 14 63
data\raw\val\02047_Animalia_Arthropoda_Insecta_Lepidoptera_Pieridae_Anteos_maerula\bae8a25b-5faf-4e72-96e5-cdfd69d283c7.jpg,95,363,363 448 451 476 354
data\raw\val\02047_Animalia_Arthropoda_Insecta_Lepidoptera_Pieridae_Anteos_maerula\e4546ad8-202a-4ef3-8384-83b06f25772c.jpg,95,95,95 403 443 457 406
data\raw\val\02047_Animalia_Arthropoda_Insecta_Lepidoptera_Pieridae_Anteos_maerula\dd02833f-c80d-4522-9cb5-69238061921d.jpg,95,95,95 474 448 61 96
data\raw\val\02047_Animalia_Arthropoda_Insecta_Lepidoptera_Pieridae_Anteos_maerula\38d30094-0014-4203-b5b7-613185ef04b9.jpg,95,433,433 367 397 396 469
data\raw\val\02047_Animalia_Arthropoda_Insecta_Lepidoptera_Pieridae_Anteos_maerula\f25c3c09-c2e1-4f28-9642-813b26d6a251.jpg,95,453,453 96 95 408 401
data\raw\val\02047_Animalia_Arthropoda_Insecta_Lepidoptera_Pieridae_Anteos_maerula\63627e80-7a8b-4da1-ba03-8b04b0c0c734.jpg,95,95,95 4 61 345 342
data\raw\val\02047_Animalia_Arthropoda_Insecta_Lepidoptera_Pieridae_Anteos_maerula\b9ad0187-0749-4caf-b2f9-50a4c2f5ea2c.jpg,95,95,95 96 403 482 443
data\raw\val\02047_Animalia_Arthropoda_Insecta_Lepidoptera_Pieridae_Anteos_maerula\4a992975-89cc-4072-9eaa-cc1615dfbab1.jpg,95,352,352 318 34 417 342
data\raw\val\02047_Animalia_Arthropoda_Insecta_Lepidoptera_Pieridae_Anteos_maerula\1ccfaf08-ee25-4567-8072-4013811fcf4c.jpg,95,320,320 329 224 326 335
data\raw\val\02047_Animalia_Arthropoda_Insecta_Lepidoptera_Pieridae_Anteos_maerula\ae010f5c-2103-4229-bcc5-ccb6b7891beb.jpg,95,483,483 4 400 64 477
data\raw\val\02061_Animalia_Arthropoda_Insecta_Lepidoptera_Pieridae_Catopsilia_pyranthe\5e3152fa-f701-439a-bbe7-0988e96aea33.jpg,96,357,357 485 96 443 447
data\raw\val\02061_Animalia_Arthropoda_Insecta_Lepidoptera_Pieridae_Catopsilia_pyranthe\86cf6c2d-5193-4b12-9179-6def83a56c27.jpg,96,96,96 411 60 443 485
data\raw\val\02061_Animalia_Arthropoda_Insecta_Lepidoptera_Pieridae_Catopsilia_pyranthe\451d39df-ce7c-48f8-b05c-c96af2d3e5e3.jpg,96,10,10 64 21 4 424
data\raw\val\02061_Animalia_Arthropoda_Insecta_Lepidoptera_Pieridae_Catopsilia_pyranthe\233d58fb-8720-47b9-8aa0-e87ba8368762.jpg,96,55,55 60 96 61 4
data\raw\val\02061_Animalia_Arthropoda_Insecta_Lepidoptera_Pieridae_Catopsilia_pyranthe\b6d924c2-5b5d-408b-9165-59c7ba0fbb7e.jpg,96,95,95 445 96 344 342
data\raw\val\02061_Animalia_Arthropoda_Insecta_Lepidoptera_Pieridae_Catopsilia_pyranthe\75bf63a1-bdec-49b9-97bb-8af013f2a335.jpg,96,386,386 31 56 20 412
data\raw\val\02061_Animalia_Arthropoda_Insecta_Lepidoptera_Pieridae_Catopsilia_pyranthe\95252e63-2962-4ad6-bdf3-039b8214c226.jpg,96,272,272 268 53 271 137
data\raw\val\02061_Animalia_Arthropoda_Insecta_Lepidoptera_Pieridae_Catopsilia_pyranthe\ff1607d9-5db0-4bc1-a2e2-82c715ec0b45.jpg,96,417,417 378 429 419 346
data\raw\val\02061_Animalia_Arthropoda_Insecta_Lepidoptera_Pieridae_Catopsilia_pyranthe\95c120d8-d946-40ba-9315-82fe001a24d5.jpg,96,96,96 141 60 55 436
data\raw\val\02061_Animalia_Arthropoda_Insecta_Lepidoptera_Pieridae_Catopsilia_pyranthe\665bbca1-3121-4107-b75f-fa773353048d.jpg,96,95,95 403 431 96 342
data\raw\val\02100_Animalia_Arthropoda_Insecta_Lepidoptera_Pieridae_Pontia_edusa\5a92d73f-7d85-4e18-b964-f6bfff1bb24b.jpg,97,249,249 140 132 137 131
data\raw\val\02100_Animalia_Arthropoda_Insecta_Lepidoptera_Pieridae_Pontia_edusa\9e0a7d6f-92e4-471f-b6c4-40732f618bbc.jpg,97,294,294 112 304 105 277
data\raw\val\02100_Animalia_Arthropoda_Insecta_Lepidoptera_Pieridae_Pontia_edusa\00d7cdd1-59eb-4aae-adf9-b4fbe1419381.jpg,97,290,290 419 330 69 97
data\raw\val\02100_Animalia_Arthropoda_Insecta_Lepidoptera_Pieridae_Pontia_edusa\4ba3aa89-2cc3-40d3-a974-8ae9fc9d8e56.jpg,97,97,97 70 463 387 380
data\raw\val\02100_Animalia_Arthropoda_Insecta_Lepidoptera_Pieridae_Pontia_edusa\b26d8fe4-52a4-4e89-a071-cdbd9abd0783.jpg,97,358,358 357 309 373 336
data\raw\val\02100_Animalia_Arthropoda_Insecta_Lepidoptera_Pieridae_Pontia_edusa\3989127d-00dc-4d91-a235-d2875d0220bd.jpg,97,141,141 97 264 153 80
data\raw\val\02100_Animalia_Arthropoda_Insecta_Lepidoptera_Pieridae_Pontia_edusa\942f94b5-9455-4294-8def-21517cd167b0.jpg,97,370,370 336 321 358 421
data\raw\val\02100_Animalia_Arthropoda_Insecta_Lepidoptera_Pieridae_Pontia_edusa\635dd566-df1c-4221-9617-c6721dbd0c2c.jpg,97,77,77 47 80 108 45
data\raw\val\02100_Animalia_Arthropoda_Insecta_Lepidoptera_Pieridae_Pontia_edusa\82db2d47-c9ae-4eef-95ac-82e82ecaae4f.jpg,97,455,455 277 419 402 418
data\raw\val\02100_Animalia_Arthropoda_Insecta_Lepidoptera_Pieridae_Pontia_edusa\f42082f8-3c85-4059-8f97-a8a151fc1542.jpg,97,240,240 350 302 349 331
data\raw\val\02114_Animalia_Arthropoda_Insecta_Lepidoptera_Pyralidae_Aglossa_pinguinalis\8ff53dbe-3ba5-47b0-8282-ae17f3530dd0.jpg,98,422,422 461 51 351 247
data\raw\val\02114_Animalia_Arthropoda_Insecta_Lepidoptera_Pyralidae_Aglossa_pinguinalis\4a18f1c4-8c9e-414e-9124-acc6f602641e.jpg,98,231,231 75 81 122 45
data\raw\val\02114_Animalia_Arthropoda_Insecta_Lepidoptera_Pyralidae_Aglossa_pinguinalis\dc87cb15-dc07-45b9-b51a-a8861d40398d.jpg,98,125,125 250 128 109 133
data\raw\val\02114_Animalia_Arthropoda_Insecta_Lepidoptera_Pyralidae_Aglossa_pinguinalis\f45fc3de-ccef-42b3-8d5a-9c55bb178767.jpg,98,323,323 414 287 346 342
data\raw\val\02114_Animalia_Arthropoda_Insecta_Lepidoptera_Pyralidae_Aglossa_pinguinalis\82cfeb06-4eb2-4672-b055-5af6962f8414.jpg,98,49,49 79 77 218 41
data\raw\val\02114_Animalia_Arthropoda_Insecta_Lepidoptera_Pyralidae_Aglossa_pinguinalis\193fc2bf-4a7b-46c1-8e4c-b241f837c9f2.jpg,98,98,98 49 77 72 47
data\raw\val\02114_Animalia_Arthropoda_Insecta_Lepidoptera_Pyralidae_Aglossa_pinguinalis\2a55c8c7-967d-44b8-bc2c-18acfc5204ab.jpg,98,98,98 72 49 78 73
data\raw\val\02114_Animalia_Arthropoda_Insecta_Lepidoptera_Pyralidae_Aglossa_pinguinalis\30d8e52a-3ec9-4515-b9d6-57f5762bea87.jpg,98,49,49 98 78 52 72
data\raw\val\02114_Animalia_Arthropoda_Insecta_Lepidoptera_Pyralidae_Aglossa_pinguinalis\3deb43af-2b2d-471f-9965-145af062ae1b.jpg,98,57,57 98 54 47 81
data\raw\val\02114_Animalia_Arthropoda_Insecta_Lepidoptera_Pyralidae_Aglossa_pinguinalis\d6df1e47-cadc-46e6-bfab-6c615046f298.jpg,98,74,74 79 51 77 49
data\raw\val\02121_Animalia_Arthropoda_Insecta_Lepidoptera_Pyralidae_Endotricha_pyrosalis\80e7bfc5-3cf9-4470-9bda-05ded80774d8.jpg,99,99,99 53 58 101 62
data\raw\val\02121_Animalia_Arthropoda_Insecta_Lepidoptera_Pyralidae_Endotricha_pyrosalis\b3ac9326-06c2-4342-b169-03e1ae733f32.jpg,99,99,99 62 53 58 101
data\raw\val\02121_Animalia_Arthropoda_Insecta_Lepidoptera_Pyralidae_Endotricha_pyrosalis\d588d118-243b-4b1a-8311-692774c6e490.jpg,99,99,99 62 123 244 28
data\raw\val\02121_Animalia_Arthropoda_Insecta_Lepidoptera_Pyralidae_Endotricha_pyrosalis\a2519749-d2d4-4446-9338-8246bf3d67fe.jpg,99,28,28 130 53 99 244
data\raw\val\02121_Animalia_Arthropoda_Insecta_Lepidoptera_Pyralidae_Endotricha_pyrosalis\c556efca-3bfe-4ad9-b0c6-596da5b8cb84.jpg,99,99,99 123 351 81 51
data\raw\val\02121_Animalia_Arthropoda_Insecta_Lepidoptera_Pyralidae_Endotricha_pyrosalis\d077fc4d-e3eb-4ee5-990f-7f185d3b2592.jpg,99,27,27 115 114 107 106
data\raw\val\02121_Animalia_Arthropoda_Insecta_Lepidoptera_Pyralidae_Endotricha_pyrosalis\650e9218-8f89-4ad6-a395-ff6ab4bd93a6.jpg,99,99,99 62 82 101 54
data\raw\val\02121_Animalia_Arthropoda_Insecta_Lepidoptera_Pyralidae_Endotricha_pyrosalis\bcc9dec6-1808-4508-9bde-d2293db8e600.jpg,99,268,268 99 81 62 54
data\raw\val\02121_Animalia_Arthropoda_Insecta_Lepidoptera_Pyralidae_Endotricha_pyrosalis\67cf7fe7-0f9d-45de-aca1-d7b0fd58ccba.jpg,99,101,101 99 62 82 41
data\raw\val\02121_Animalia_Arthropoda_Insecta_Lepidoptera_Pyralidae_Endotricha_pyrosalis\263022db-d77a-4a84-b9dc-62078081c32f.jpg,99,58,58 54 62 101 53
data\raw\val\02129_Animalia_Arthropoda_Insecta_Lepidoptera_Pyralidae_Moodna_ostrinella\781d03f2-afa3-43a9-a70e-d1fcb0123496.jpg,100,154,154 100 216 79 137
data\raw\val\02129_Animalia_Arthropoda_Insecta_Lepidoptera_Pyralidae_Moodna_ostrinella\45f04a11-13ab-43d3-906c-87988cde5d5c.jpg,100,100,100 79 51 21 46
data\raw\val\02129_Animalia_Arthropoda_Insecta_Lepidoptera_Pyralidae_Moodna_ostrinella\59f39252-741c-43fb-bfa6-721301ae9904.jpg,100,230,230 259 118 12 81
data\raw\val\02129_Animalia_Arthropoda_Insecta_Lepidoptera_Pyralidae_Moodna_ostrinella\b6c18135-f30a-4e37-b84b-1e4aa678550b.jpg,100,45,45 21 39 46 19
data\raw\val\02129_Animalia_Arthropoda_Insecta_Lepidoptera_Pyralidae_Moodna_ostrinella\3c539566-e870-4956-9e9b-5a3fed7a12b3.jpg,100,100,100 122 15 46 21
data\raw\val\02129_Animalia_Arthropoda_Insecta_Lepidoptera_Pyralidae_Moodna_ostrinella\d008c144-633b-4389-bda3-31530f769f41.jpg,100,100,100 79 81 72 21
data\raw\val\02129_Animalia_Arthropoda_Insecta_Lepidoptera_Pyralidae_Moodna_ostrinella\5eca3ba6-4a26-4d57-ac82-959f52939d0a.jpg,100,100,100 79 48 21 252
data\raw\val\02129_Animalia_Arthropoda_Insecta_Lepidoptera_Pyralidae_Moodna_ostrinella\986c1358-e0b2-4d19-b097-00587ceb576c.jpg,100,100,100 79 21 72 81
data\raw\val\02129_Animalia_Arthropoda_Insecta_Lepidoptera_Pyralidae_Moodna_ostrinella\ab6476e0-fb6c-4960-8d43-b5d9020ec240.jpg,100,21,21 100 2 79 46
data\raw\val\02129_Animalia_Arthropoda_Insecta_Lepidoptera_Pyralidae_Moodna_ostrinella\b29724c4-103c-48ef-8e88-e59732aa4f94.jpg,100,100,100 79 101 21 245
data\raw\val\02242_Animalia_Arthropoda_Insecta_Lepidoptera_Tortricidae_Clepsis_persicana\672b2e1a-8119-4909-93d6-9f29f448d6eb.jpg,101,102,102 81 75 100 101
data\raw\val\02242_Animalia_Arthropoda_Insecta_Lepidoptera_Tortricidae_Clepsis_persicana\090674f0-c4d6-4b47-995a-7710d963ae6a.jpg,101,75,75 259 3 102 201
data\raw\val\02242_Animalia_Arthropoda_Insecta_Lepidoptera_Tortricidae_Clepsis_persicana\b039638f-6de8-4a24-bc90-395ae9c838b1.jpg,101,141,141 57 231 52 62
data\raw\val\02242_Animalia_Arthropoda_Insecta_Lepidoptera_Tortricidae_Clepsis_persicana\a7f4f6b4-4349-4d90-8be1-eed8fff24ece.jpg,101,31,31 18 28 82 19
data\raw\val\02242_Animalia_Arthropoda_Insecta_Lepidoptera_Tortricidae_Clepsis_persicana\67fb649f-8dc2-4128-a6cc-b7b432a1a454.jpg,101,41,41 101 98 99 49
data\raw\val\02242_Animalia_Arthropoda_Insecta_Lepidoptera_Tortricidae_Clepsis_persicana\24293088-547f-454b-80d2-7fa6ebf2adef.jpg,101,252,252 125 101 251 56
data\raw\val\02242_Animalia_Arthropoda_Insecta_Lepidoptera_Tortricidae_Clepsis_persicana\55d36430-ba72-4251-9503-bb4498960efc.jpg,101,50,50 79 49 18 21
data\raw\val\02242_Animalia_Arthropoda_Insecta_Lepidoptera_Tortricidae_Clepsis_persicana\2e41d644-c829-40b7-a7cb-a5e7f191b806.jpg,101,62,62 58 123 101 48
data\raw\val\02242_Animalia_Arthropoda_Insecta_Lepidoptera_Tortricidae_Clepsis_persicana\81590bbd-74e8-434d-ba01-18d63c657cd1.jpg,101,62,62 58 101 211 81
data\raw\val\02242_Animalia_Arthropoda_Insecta_Lepidoptera_Tortricidae_Clepsis_persicana\45d5dd08-e44f-41e2-8c7b-fde07b2e2767.jpg,101,101,101 99 102 41 56
data\raw\val\02300_Animalia_Arthropoda_Insecta_Neuroptera_Mantispidae_Dicromantispa_interrupta\776567b0-dbbd-4620-b3d0-28c9cba4524a.jpg,102,102,102 123 118 101 62
data\raw\val\02300_Animalia_Arthropoda_Insecta_Neuroptera_Mantispidae_Dicromantispa_interrupta\d866f151-216f-4b42-a497-90787d46ab70.jpg,102,231,231 79 62 75 81
data\raw\val\02300_Animalia_Arthropoda_Insecta_Neuroptera_Mantispidae_Dicromantispa_interrupta\df07bd00-2c60-4e9c-b15b-4f6ba9077058.jpg,102,107,107 110 42 143 105
data\raw\val\02300_Animalia_Arthropoda_Insecta_Neuroptera_Mantispidae_Dicromantispa_interrupta\52cffb49-d6ba-4996-942c-d88af60e08e8.jpg,102,476,476 488 236 354 284
data\raw\val\02300_Animalia_Arthropoda_Insecta_Neuroptera_Mantispidae_Dicromantispa_interrupta\78fd514d-0055-4623-85e9-6cc606798466.jpg,102,300,300 15 29 19 21
data\raw\val\02300_Animalia_Arthropoda_Insecta_Neuroptera_Mantispidae_Dicromantispa_interrupta\002624f2-7659-4adb-a49d-a0aadcd760a1.jpg,102,46,46 102 100 81 45
data\raw\val\02300_Animalia_Arthropoda_Insecta_Neuroptera_Mantispidae_Dicromantispa_interrupta\35d4e88e-f9cd-4a60-8592-1e93dbbdea0e.jpg,102,45,45 81 102 47 77
data\raw\val\02300_Animalia_Arthropoda_Insecta_Neuroptera_Mantispidae_Dicromantispa_interrupta\d19757a7-480c-45cd-af7f-bef937024705.jpg,102,48,48 90 19 68 89
data\raw\val\02300_Animalia_Arthropoda_Insecta_Neuroptera_Mantispidae_Dicromantispa_interrupta\04f418ce-a79d-4a0d-9959-6ff539f3df49.jpg,102,46,46 64 404 4 248
data\raw\val\02300_Animalia_Arthropoda_Insecta_Neuroptera_Mantispidae_Dicromantispa_interrupta\5a705ec4-3b3b-4a1d-ab51-eef852b2e16d.jpg,102,128,128 129 133 468 230
data\raw\val\02340_Animalia_Arthropoda_Insecta_Odonata_Coenagrionidae_Agriocnemis_femina\e46b2c15-d031-4113-9f6e-52a71f31f3da.jpg,103,103,103 112 113 453 105
data\raw\val\02340_Animalia_Arthropoda_Insecta_Odonata_Coenagrionidae_Agriocnemis_femina\ae294336-1d8c-4062-85ff-418d5e0dc97b.jpg,103,103,103 113 105 112 106
data\raw\val\02340_Animalia_Arthropoda_Insecta_Odonata_Coenagrionidae_Agriocnemis_femina\f0bb629d-a18f-420b-8cfa-ae8764adac4a.jpg,103,103,103 437 469 119 468
data\raw\val\02340_Animalia_Arthropoda_Insecta_Odonata_Coenagrionidae_Agriocnemis_femina\2c0cf081-5417-4e1f-afae-57653336e954.jpg,103,104,104 113 112 105 103
data\raw\val\02340_Animalia_Arthropoda_Insecta_Odonata_Coenagrionidae_Agriocnemis_femina\76505eb5-8218-443b-baf1-2e38818760e5.jpg,103,103,103 104 113 30 122
data\raw\val\02340_Animalia_Arthropoda_Insecta_Odonata_Coenagrionidae_Agriocnemis_femina\c5952133-4393-43eb-9090-d17e396a5463.jpg,103,103,103 113 105 119 104
data\raw\val\02340_Animalia_Arthropoda_Insecta_Odonata_Coenagrionidae_Agriocnemis_femina\1f180615-04f5-450a-83ce-7aba3159a9cf.jpg,103,393,393 302 121 4 297
data\raw\val\02340_Animalia_Arthropoda_Insecta_Odonata_Coenagrionidae_Agriocnemis_femina\df9fc7dc-e72f-4699-b187-1df8b1fdf656.jpg,103,103,103 113 112 106 115
data\raw\val\02340_Animalia_Arthropoda_Insecta_Odonata_Coenagrionidae_Agriocnemis_femina\6d6556c6-1e01-4b00-a4bb-c12ceac66d91.jpg,103,103,103 116 26 117 113
data\raw\val\02340_Animalia_Arthropoda_Insecta_Odonata_Coenagrionidae_Agriocnemis_femina\1478eae5-b542-4b98-87ab-4b591226310d.jpg,103,113,113 103 105 109 112
data\raw\val\02375_Animalia_Arthropoda_Insecta_Odonata_Coenagrionidae_Enallagma_geminatum\dfee5123-16c4-4628-9bcb-8afd98e61c94.jpg,104,104,104 110 105 11 111
data\raw\val\02375_Animalia_Arthropoda_Insecta_Odonata_Coenagrionidae_Enallagma_geminatum\c7483ed7-d1f2-4ade-a844-b936bc05aa49.jpg,104,25,25 73 0 234 236
data\raw\val\02375_Animalia_Arthropoda_Insecta_Odonata_Coenagrionidae_Enallagma_geminatum\87b47c12-efc4-4709-8e98-e41c1510ecbf.jpg,104,139,139 22 218 143 233
data\raw\val\02375_Animalia_Arthropoda_Insecta_Odonata_Coenagrionidae_Enallagma_geminatum\8b8c5941-eba7-41dd-96d8-832891bb019c.jpg,104,104,104 105 112 177 110
data\raw\val\02375_Animalia_Arthropoda_Insecta_Odonata_Coenagrionidae_Enallagma_geminatum\60ed2ed8-08a2-41cd-8648-dc02a547f9ec.jpg,104,104,104 105 106 113 109
data\raw\val\02375_Animalia_Arthropoda_Insecta_Odonata_Coenagrionidae_Enallagma_geminatum\e492b971-d305-4485-b7cf-3db7c288f61a.jpg,104,104,104 113 103 105 197
data\raw\val\02375_Animalia_Arthropoda_Insecta_Odonata_Coenagrionidae_Enallagma_geminatum\8b499312-0ff9-41f6-91ce-a2aa997a2716.jpg,104,104,104 110 30 11 111
data\raw\val\02375_Animalia_Arthropoda_Insecta_Odonata_Coenagrionidae_Enallagma_geminatum\0e423724-7913-4c4a-9882-2f10c946bcb3.jpg,104,104,104 177 11 168 30
data\raw\val\02375_Animalia_Arthropoda_Insecta_Odonata_Coenagrionidae_Enallagma_geminatum\92b0c3de-b5d0-46a5-befa-d7cbe014c0ec.jpg,104,104,104 105 113 103 110
data\raw\val\02375_Animalia_Arthropoda_Insecta_Odonata_Coenagrionidae_Enallagma_geminatum\334b250d-00f5-47c0-a4e6-25826c16bac5.jpg,104,400,400 436 104 310 103
data\raw\val\02385_Animalia_Arthropoda_Insecta_Odonata_Coenagrionidae_Ischnura_denticollis\ca6b7d61-7e2e-4bc0-81b5-f6e4bd9afa7f.jpg,105,105,105 119 110 104 112
data\raw\val\02385_Animalia_Arthropoda_Insecta_Odonata_Coenagrionidae_Ischnura_denticollis\440e1d60-1c49-4461-afdb-d16d53689ab2.jpg,105,113,113 103 112 105 106
data\raw\val\02385_Animalia_Arthropoda_Insecta_Odonata_Coenagrionidae_Ischnura_denticollis\ea01ab0d-0882-4fa6-b2fa-8fb01d6e8036.jpg,105,110,110 11 10 119 111
data\raw\val\02385_Animalia_Arthropoda_Insecta_Odonata_Coenagrionidae_Ischnura_denticollis\e296f6a5-9f61-4072-ae70-787f1241fe12.jpg,105,112,112 277 105 298 304
data\raw\val\02385_Animalia_Arthropoda_Insecta_Odonata_Coenagrionidae_Ischnura_denticollis\090d2346-7214-47d2-ba11-e1ac58f6fd16.jpg,105,112,112 103 113 289 105
data\raw\val\02385_Animalia_Arthropoda_Insecta_Odonata_Coenagrionidae_Ischnura_denticollis\8c35d9a8-306d-41b3-868b-671a47fb77c7.jpg,105,105,105 141 75 64 42
data\raw\val\02385_Animalia_Arthropoda_Insecta_Odonata_Coenagrionidae_Ischnura_denticollis\62b826f1-d567-4b0b-9001-ac47f360f90e.jpg,105,490,490 222 489 393 435
data\raw\val\02385_Animalia_Arthropoda_Insecta_Odonata_Coenagrionidae_Ischnura_denticollis\122b2265-1d24-4066-9865-8c8ca98ab797.jpg,105,105,105 110 104 95 111
data\raw\val\02385_Animalia_Arthropoda_Insecta_Odonata_Coenagrionidae_Ischnura_denticollis\505bef79-3bf2-4175-9007-4310c6f194f3.jpg,105,113,113 104 114 111 105
data\raw\val\02385_Animalia_Arthropoda_Insecta_Odonata_Coenagrionidae_Ischnura_denticollis\2ba9b2dc-3ce0-4423-8701-96a68aeee8f1.jpg,105,104,104 105 339 113 177
data\raw\val\02404_Animalia_Arthropoda_Insecta_Odonata_Cordulegastridae_Cordulegaster_diastatops\42c5439c-9b30-493c-b778-2105b7fd381c.jpg,106,106,106 109 107 115 114
data\raw\val\02404_Animalia_Arthropoda_Insecta_Odonata_Cordulegastridae_Cordulegaster_diastatops\c585ed3d-a7e9-429f-907f-56d6c04ecec3.jpg,106,93,93 106 111 109 43
data\raw\val\02404_Animalia_Arthropoda_Insecta_Odonata_Cordulegastridae_Cordulegaster_diastatops\1b4d76e9-9731-45fb-9bdf-3e3bd402a1e9.jpg,106,106,106 111 109 115 108
data\raw\val\02404_Animalia_Arthropoda_Insecta_Odonata_Cordulegastridae_Cordulegaster_diastatops\a1d82812-a2b6-49ba-bbd5-23f2f242e631.jpg,106,106,106 109 110 115 114
data\raw\val\02404_Animalia_Arthropoda_Insecta_Odonata_Cordulegastridae_Cordulegaster_diastatops\671d10e8-dd3b-43bc-80eb-6d320e7be881.jpg,106,106,106 115 109 114 111
data\raw\val\02404_Animalia_Arthropoda_Insecta_Odonata_Cordulegastridae_Cordulegaster_diastatops\708b90fe-18df-49dd-b098-49774b747d27.jpg,106,106,106 109 107 115 114
data\raw\val\02404_Animalia_Arthropoda_Insecta_Odonata_Cordulegastridae_Cordulegaster_diastatops\3ebbee56-b0e1-4cfe-9571-5f8742c1a75d.jpg,106,109,109 106 110 111 105
data\raw\val\02404_Animalia_Arthropoda_Insecta_Odonata_Cordulegastridae_Cordulegaster_diastatops\0ec3295f-1666-4f86-8bd3-2d4a821841ec.jpg,106,108,108 109 107 29 106
data\raw\val\02404_Animalia_Arthropoda_Insecta_Odonata_Cordulegastridae_Cordulegaster_diastatops\77decaa3-e96d-457a-87db-a421f4b409f0.jpg,106,106,106 109 111 108 93
data\raw\val\02404_Animalia_Arthropoda_Insecta_Odonata_Cordulegastridae_Cordulegaster_diastatops\e2360e6c-cb2e-4f95-87db-11a695696d9e.jpg,106,111,111 106 109 113 115
data\raw\val\02408_Animalia_Arthropoda_Insecta_Odonata_Corduliidae_Cordulia_aenea\632b4451-2a29-4f37-b578-c0d305cb1672.jpg,107,107,107 111 37 115 114
data\raw\val\02408_Animalia_Arthropoda_Insecta_Odonata_Corduliidae_Cordulia_aenea\1852c581-125f-4638-ac90-00d4892c3ec9.jpg,107,109,109 110 189 111 169
data\raw\val\02408_Animalia_Arthropoda_Insecta_Odonata_Corduliidae_Cordulia_aenea\e789b29c-7fb5-49e7-91d3-141bcf439082.jpg,107,119,119 4 117 20 39
data\raw\val\02408_Animalia_Arthropoda_Insecta_Odonata_Corduliidae_Cordulia_aenea\63b7d80d-e6e4-44da-b3fd-2e096714e47c.jpg,107,93,93 37 107 38 91
data\raw\val\02408_Animalia_Arthropoda_Insecta_Odonata_Corduliidae_Cordulia_aenea\2de13d1c-05de-4cc9-bc60-c3080e6262f2.jpg,107,26,26 415 114 15 111
data\raw\val\02408_Animalia_Arthropoda_Insecta_Odonata_Corduliidae_Cordulia_aenea\59a0da51-fa85-4e88-9eaf-2ffe81357e09.jpg,107,107,107 37 40 1 114
data\raw\val\02408_Animalia_Arthropoda_Insecta_Odonata_Corduliidae_Cordulia_aenea\bd5b6aee-3dfb-43fc-b904-baf7048a993c.jpg,107,106,106 107 114 108 86
data\raw\val\02408_Animalia_Arthropoda_Insecta_Odonata_Corduliidae_Cordulia_aenea\237e7422-b106-49b8-8a24-f9e6d7746030.jpg,107,106,106 107 0 40 108
data\raw\val\02408_Animalia_Arthropoda_Insecta_Odonata_Corduliidae_Cordulia_aenea\6f1c0326-f084-4d8c-9901-6c300b3522ca.jpg,107,45,45 23 0 107 22
data\raw\val\02408_Animalia_Arthropoda_Insecta_Odonata_Corduliidae_Cordulia_aenea\8a03cad4-31de-464d-856d-951fa514220c.jpg,107,111,111 27 32 107 106
data\raw\val\02414_Animalia_Arthropoda_Insecta_Odonata_Corduliidae_Epitheca_princeps\54c483da-9648-4353-8d49-00732bee70f8.jpg,108,117,117 119 91 39 40
data\raw\val\02414_Animalia_Arthropoda_Insecta_Odonata_Corduliidae_Epitheca_princeps\1c433518-6f62-4bd3-8b2d-71eb987e1ad4.jpg,108,453,453 499 345 275 362
data\raw\val\02414_Animalia_Arthropoda_Insecta_Odonata_Corduliidae_Epitheca_princeps\a0814a47-836e-4617-9a6c-252d2784afc1.jpg,108,216,216 151 154 158 150
data\raw\val\02414_Animalia_Arthropoda_Insecta_Odonata_Corduliidae_Epitheca_princeps\46b96460-f0ed-4d67-a006-39e15711ef46.jpg,108,45,45 102 80 77 47
data\raw\val\02414_Animalia_Arthropoda_Insecta_Odonata_Corduliidae_Epitheca_princeps\d28e0ce1-65c5-4eb0-8332-f5ef4c08ac6b.jpg,108,29,29 106 0 115 437
data\raw\val\02414_Animalia_Arthropoda_Insecta_Odonata_Corduliidae_Epitheca_princeps\08c71ff6-3b13-4010-804c-2f4e9a73d97b.jpg,108,269,269 130 488 245 78
data\raw\val\02414_Animalia_Arthropoda_Insecta_Odonata_Corduliidae_Epitheca_princeps\231bc20b-0a1d-4326-9745-c3f1a6850656.jpg,108,109,109 106 113 128 250
data\raw\val\02414_Animalia_Arthropoda_Insecta_Odonata_Corduliidae_Epitheca_princeps\ce0ec328-981e-4ccb-9234-98003a091c00.jpg,108,119,119 117 339 104 122
data\raw\val\02414_Animalia_Arthropoda_Insecta_Odonata_Corduliidae_Epitheca_princeps\36b1a0fe-0535-4ff0-97c2-48ca47a5f703.jpg,108,219,219 112 108 158 105
data\raw\val\02414_Animalia_Arthropoda_Insecta_Odonata_Corduliidae_Epitheca_princeps\c3e5d728-e9a2-431f-8937-5e024d97c3ea.jpg,108,38,38 37 169 206 1
data\raw\val\02418_Animalia_Arthropoda_Insecta_Odonata_Corduliidae_Somatochlora_tenebrosa\e0e60ff9-60e5-484b-824b-f50c5b37964a.jpg,109,110,110 105 143 239 241
data\raw\val\02418_Animalia_Arthropoda_Insecta_Odonata_Corduliidae_Somatochlora_tenebrosa\464fbbe5-f187-44d0-a60a-a7e8e0332dae.jpg,109,109,109 106 104 111 108
data\raw\val\02418_Animalia_Arthropoda_Insecta_Odonata_Corduliidae_Somatochlora_tenebrosa\2336bb3f-63c6-417d-9b34-a4e3ac3aa9ac.jpg,109,1,1 149 300 146 0
data\raw\val\02418_Animalia_Arthropoda_Insecta_Odonata_Corduliidae_Somatochlora_tenebrosa\1019f607-cdd5-41f5-b419-4e000e96ebd2.jpg,109,109,109 106 93 111 304
data\raw\val\02418_Animalia_Arthropoda_Insecta_Odonata_Corduliidae_Somatochlora_tenebrosa\dc0b37cc-2584-45fa-9834-1de0943c5dfb.jpg,109,29,29 107 109 179 170
data\raw\val\02418_Animalia_Arthropoda_Insecta_Odonata_Corduliidae_Somatochlora_tenebrosa\1007cfe9-989b-407c-b6d4-7e1c4f8cc3f1.jpg,109,113,113 106 116 109 108
data\raw\val\02418_Animalia_Arthropoda_Insecta_Odonata_Corduliidae_Somatochlora_tenebrosa\a0817104-0b7f-4799-86a4-b9b7b005cbbf.jpg,109,111,111 110 115 109 106
data\raw\val\02418_Animalia_Arthropoda_Insecta_Odonata_Corduliidae_Somatochlora_tenebrosa\6722eddf-9a74-4b04-853d-2de8349c510c.jpg,109,106,106 109 22 104 111
data\raw\val\02418_Animalia_Arthropoda_Insecta_Odonata_Corduliidae_Somatochlora_tenebrosa\63a76834-e501-4864-bbb0-759c11aa6786.jpg,109,109,109 115 111 106 29
data\raw\val\02418_Animalia_Arthropoda_Insecta_Odonata_Corduliidae_Somatochlora_tenebrosa\7e51b5ef-a630-442e-84ca-2434d928d3e1.jpg,109,109,109 106 108 111 115
data\raw\val\02424_Animalia_Arthropoda_Insecta_Odonata_Gomphidae_Arigomphus_villosipes\704bdc8d-ccf7-4038-b942-0578b55e054c.jpg,110,110,110 111 22 120 115
data\raw\val\02424_Animalia_Arthropoda_Insecta_Odonata_Gomphidae_Arigomphus_villosipes\29551f19-9278-4ba8-9bbf-124c1e9c3097.jpg,110,113,113 105 112 103 119
data\raw\val\02424_Animalia_Arthropoda_Insecta_Odonata_Gomphidae_Arigomphus_villosipes\85b2ac6b-7a5b-4941-890d-6b3538120871.jpg,110,306,306 339 309 114 165
data\raw\val\02424_Animalia_Arthropoda_Insecta_Odonata_Gomphidae_Arigomphus_villosipes\874e9c67-498d-4239-8139-7b463af045c2.jpg,110,10,10 11 438 110 144
data\raw\val\02424_Animalia_Arthropoda_Insecta_Odonata_Gomphidae_Arigomphus_villosipes\eed1ef8e-2b6a-4f7c-8b57-774832302567.jpg,110,105,105 110 111 187 106
data\raw\val\02424_Animalia_Arthropoda_Insecta_Odonata_Gomphidae_Arigomphus_villosipes\9bac8bb2-206a-496c-894e-2edda5f9ca84.jpg,110,110,110 5 115 24 111
data\raw\val\02424_Animalia_Arthropoda_Insecta_Odonata_Gomphidae_Arigomphus_villosipes\491ef147-1893-43af-80f4-0642562eaafd.jpg,110,110,110 143 107 178 179
data\raw\val\02424_Animalia_Arthropoda_Insecta_Odonata_Gomphidae_Arigomphus_villosipes\964db432-dad3-495c-9c6c-539428955aa7.jpg,110,110,110 105 119 104 111
data\raw\val\02424_Animalia_Arthropoda_Insecta_Odonata_Gomphidae_Arigomphus_villosipes\956b0416-54e0-4ab2-be8d-cd5920c6304f.jpg,110,111,111 27 2 109 32
data\raw\val\02424_Animalia_Arthropoda_Insecta_Odonata_Gomphidae_Arigomphus_villosipes\08e3c49f-d6b0-436d-8eca-a447686a6f74.jpg,110,109,109 106 115 111 108
data\raw\val\02430_Animalia_Arthropoda_Insecta_Odonata_Gomphidae_Gomphurus_vastus\eb39fc61-0924-4d8e-8ec3-7bec73b1f26a.jpg,111,111,111 67 187 0 115
data\raw\val\02430_Animalia_Arthropoda_Insecta_Odonata_Gomphidae_Gomphurus_vastus\d6e06856-1b1e-4b4f-a893-d10d8345fe91.jpg,111,25,25 111 115 107 110
data\raw\val\02430_Animalia_Arthropoda_Insecta_Odonata_Gomphidae_Gomphurus_vastus\2acd2d94-7ad3-49ec-a186-d4171dae113f.jpg,111,107,107 111 109 115 106
data\raw\val\02430_Animalia_Arthropoda_Insecta_Odonata_Gomphidae_Gomphurus_vastus\e7e43d45-1a1a-4490-96c7-8e8ff3e3fe87.jpg,111,111,111 107 108 110 106
data\raw\val\02430_Animalia_Arthropoda_Insecta_Odonata_Gomphidae_Gomphurus_vastus\bc386362-7c9f-4288-b310-edb02b428b9d.jpg,111,111,111 106 110 105 109
data\raw\val\02430_Animalia_Arthropoda_Insecta_Odonata_Gomphidae_Gomphurus_vastus\e655f179-46b0-4f22-8375-187400a7fc08.jpg,111,111,111 106 27 109 115
data\raw\val\02430_Animalia_Arthropoda_Insecta_Odonata_Gomphidae_Gomphurus_vastus\5b323b4b-c1db-4477-b196-9d1952abb2ea.jpg,111,120,120 0 110 20 111
data\raw\val\02430_Animalia_Arthropoda_Insecta_Odonata_Gomphidae_Gomphurus_vastus\6481602c-7d11-4d08-a4bb-0f0cda03603f.jpg,111,111,111 110 107 27 109
data\raw\val\02430_Animalia_Arthropoda_Insecta_Odonata_Gomphidae_Gomphurus_vastus\cf27ad91-01ab-42de-889b-092c4875dbf9.jpg,111,20,20 64 110 22 111
data\raw\val\02430_Animalia_Arthropoda_Insecta_Odonata_Gomphidae_Gomphurus_vastus\9fa2c0bc-b67d-4b93-988b-bacdcc3cffce.jpg,111,120,120 180 0 110 93
data\raw\val\02450_Animalia_Arthropoda_Insecta_Odonata_Lestidae_Lestes_alacer\6c43f4d3-629f-471b-9790-66504fa9b215.jpg,112,117,117 300 1 108 112
data\raw\val\02450_Animalia_Arthropoda_Insecta_Odonata_Lestidae_Lestes_alacer\77319206-671f-42d8-a707-3a418bab9cd5.jpg,112,112,112 113 103 197 106
data\raw\val\02450_Animalia_Arthropoda_Insecta_Odonata_Lestidae_Lestes_alacer\d16c02e7-e021-449e-ae67-6b65b23ae717.jpg,112,115,115 106 112 27 231
data\raw\val\02450_Animalia_Arthropoda_Insecta_Odonata_Lestidae_Lestes_alacer\b754f8ae-2881-44f5-ae99-988436548f0c.jpg,112,1,1 189 3 40 75
data\raw\val\02450_Animalia_Arthropoda_Insecta_Odonata_Lestidae_Lestes_alacer\e311a0cd-857d-4521-87c9-96b6ccec1b17.jpg,112,112,112 113 105 110 109
data\raw\val\02450_Animalia_Arthropoda_Insecta_Odonata_Lestidae_Lestes_alacer\f28693cb-b3d5-4ef4-81d5-fe87f3317e42.jpg,112,294,294 112 4 121 302
data\raw\val\02450_Animalia_Arthropoda_Insecta_Odonata_Lestidae_Lestes_alacer\38dc0e54-1247-4c5f-9ebf-25431bc34805.jpg,112,112,112 113 339 103 105
data\raw\val\02450_Animalia_Arthropoda_Insecta_Odonata_Lestidae_Lestes_alacer\be544a72-5514-4636-a3cb-4a8a9f00238d.jpg,112,112,112 113 339 105 69
data\raw\val\02450_Animalia_Arthropoda_Insecta_Odonata_Lestidae_Lestes_alacer\065d0131-6ac3-4d34-8587-cb8ae2a161d2.jpg,112,106,106 115 108 111 408
data\raw\val\02450_Animalia_Arthropoda_Insecta_Odonata_Lestidae_Lestes_alacer\83d9d0e5-d085-45bd-8e07-826c4f41ef42.jpg,112,104,104 112 110 113 109
data\raw\val\02458_Animalia_Arthropoda_Insecta_Odonata_Lestidae_Lestes_inaequalis\ad2701f5-9ce0-441f-ba1a-868ebbd0d74a.jpg,113,295,295 304 305 392 374
data\raw\val\02458_Animalia_Arthropoda_Insecta_Odonata_Lestidae_Lestes_inaequalis\ed115567-115f-4612-83e2-f2514e2cacea.jpg,113,103,103 106 113 111 105
data\raw\val\02458_Animalia_Arthropoda_Insecta_Odonata_Lestidae_Lestes_inaequalis\02f244a9-3861-4c62-873e-edfd128cfb48.jpg,113,103,103 113 112 105 289
data\raw\val\02458_Animalia_Arthropoda_Insecta_Odonata_Lestidae_Lestes_inaequalis\e79e1397-8d88-493f-b71a-7ae2dac6dbc6.jpg,113,113,113 103 112 105 106
data\raw\val\02458_Animalia_Arthropoda_Insecta_Odonata_Lestidae_Lestes_inaequalis\0cbede0b-5f38-47ef-9df8-955a3a0d4e4b.jpg,113,298,298 296 297 294 289
data\raw\val\02458_Animalia_Arthropoda_Insecta_Odonata_Lestidae_Lestes_inaequalis\d3023ac3-bd7b-4313-95d2-5e0363b66cbd.jpg,113,113,113 121 103 304 4
data\raw\val\02458_Animalia_Arthropoda_Insecta_Odonata_Lestidae_Lestes_inaequalis\3e0a1423-e105-46d5-9839-6348255017f3.jpg,113,304,304 297 289 113 450
data\raw\val\02458_Animalia_Arthropoda_Insecta_Odonata_Lestidae_Lestes_inaequalis\71d6cd53-4a7a-42b7-b5d6-43ac054463e8.jpg,113,289,289 418 293 339 309
data\raw\val\02458_Animalia_Arthropoda_Insecta_Odonata_Lestidae_Lestes_inaequalis\73a5489a-a7d5-4ca0-8b2f-bc38321b8a89.jpg,113,103,103 113 289 453 112
data\raw\val\02458_Animalia_Arthropoda_Insecta_Odonata_Lestidae_Lestes_inaequalis\f19b7b32-da94-45b8-80b6-0705e22fb0ab.jpg,113,103,103 113 105 112 4
data\raw\val\02501_Animalia_Arthropoda_Insecta_Odonata_Libellulidae_Leucorrhinia_intacta\568dceba-70e0-46ca-8b4b-97897d25c3e0.jpg,114,32,32 106 111 109 114
data\raw\val\02501_Animalia_Arthropoda_Insecta_Odonata_Libellulidae_Leucorrhinia_intacta\dc9b722b-585b-4cf2-9425-1dafb994b2cd.jpg,114,150,150 214 157 219 151
data\raw\val\02501_Animalia_Arthropoda_Insecta_Odonata_Libellulidae_Leucorrhinia_intacta\f1b754af-f5b4-44e9-8740-06c81b99b958.jpg,114,107,107 106 114 428 304
data\raw\val\02501_Animalia_Arthropoda_Insecta_Odonata_Libellulidae_Leucorrhinia_intacta\d90a4af5-639d-49c2-8beb-9648cfdd8f2a.jpg,114,10,10 236 231 338 86
data\raw\val\02501_Animalia_Arthropoda_Insecta_Odonata_Libellulidae_Leucorrhinia_intacta\c664c0c5-e298-4044-a863-6f6c7a9ff858.jpg,114,122,122 27 108 32 40
data\raw\val\02501_Animalia_Arthropoda_Insecta_Odonata_Libellulidae_Leucorrhinia_intacta\dab24015-3e90-47d1-ab0f-61fef1bfc815.jpg,114,112,112 69 88 114 115
data\raw\val\02501_Animalia_Arthropoda_Insecta_Odonata_Libellulidae_Leucorrhinia_intacta\2a05b7ba-8660-41bc-a638-a7dd0272b30d.jpg,114,113,113 112 4 103 121
data\raw\val\02501_Animalia_Arthropoda_Insecta_Odonata_Libellulidae_Leucorrhinia_intacta\60db4e1b-4831-49df-9def-3e019b509108.jpg,114,232,232 242 235 240 7
data\raw\val\02501_Animalia_Arthropoda_Insecta_Odonata_Libellulidae_Leucorrhinia_intacta\05e0e207-9e2e-4793-b872-1f1dc3e77a69.jpg,114,27,27 88 69 115 114
data\raw\val\02501_Animalia_Arthropoda_Insecta_Odonata_Libellulidae_Leucorrhinia_intacta\973f35dc-ae08-4666-b67e-fac76b180f93.jpg,114,107,107 15 109 115 27
data\raw\val\02502_Animalia_Arthropoda_Insecta_Odonata_Libellulidae_Leucorrhinia_proxima\6aaffaab-d0ce-4e4f-a0d0-dd206f39a268.jpg,115,67,67 69 225 169 110
data\raw\val\02502_Animalia_Arthropoda_Insecta_Odonata_Libellulidae_Leucorrhinia_proxima\ee6821f3-38b8-415f-8f35-989bbbe5d5b7.jpg,115,115,115 117 109 27 29
data\raw\val\02502_Animalia_Arthropoda_Insecta_Odonata_Libellulidae_Leucorrhinia_proxima\f05c61f8-07ca-41d9-8053-60d8c28346df.jpg,115,109,109 106 115 116 258
data\raw\val\02502_Animalia_Arthropoda_Insecta_Odonata_Libellulidae_Leucorrhinia_proxima\84622f3c-b90f-4c06-9985-2e0411b5f496.jpg,115,128,128 109 106 133 145
data\raw\val\02502_Animalia_Arthropoda_Insecta_Odonata_Libellulidae_Leucorrhinia_proxima\86e71c95-5e0b-4bc9-be37-7e7f9074d608.jpg,115,107,107 114 111 115 143
data\raw\val\02502_Animalia_Arthropoda_Insecta_Odonata_Libellulidae_Leucorrhinia_proxima\cb78f124-87b4-43cc-9089-37f46279f236.jpg,115,115,115 118 119 122 117
data\raw\val\02502_Animalia_Arthropoda_Insecta_Odonata_Libellulidae_Leucorrhinia_proxima\45260d49-5d06-43c0-ae37-4bc30a7b78b8.jpg,115,206,206 209 119 117 184
data\raw\val\02502_Animalia_Arthropoda_Insecta_Odonata_Libellulidae_Leucorrhinia_proxima\01f15cb8-c814-4f97-9888-fc28bb4f36a8.jpg,115,115,115 26 30 122 43
data\raw\val\02502_Animalia_Arthropoda_Insecta_Odonata_Libellulidae_Leucorrhinia_proxima\cdd39647-deac-4177-827e-d79dcbe534bf.jpg,115,230,230 127 87 129 254
data\raw\val\02502_Animalia_Arthropoda_Insecta_Odonata_Libellulidae_Leucorrhinia_proxima\1a169942-bd47-400b-8155-362721b68069.jpg,115,127,127 231 210 87 12
data\raw\val\02569_Animalia_Arthropoda_Insecta_Odonata_Libellulidae_Sympetrum_obtrusum\8ae04bb3-b13d-4559-b677-6ddd2a52ff84.jpg,116,119,119 116 16 117 118
data\raw\val\02569_Animalia_Arthropoda_Insecta_Odonata_Libellulidae_Sympetrum_obtrusum\24e93d1a-991c-4b9f-91a4-2c27e566eb28.jpg,116,37,37 26 107 106 111
data\raw\val\02569_Animalia_Arthropoda_Insecta_Odonata_Libellulidae_Sympetrum_obtrusum\e173d6aa-adf5-442c-bacf-3e9a950eb5cd.jpg,116,116,116 103 26 113 27
data\raw\val\02569_Animalia_Arthropoda_Insecta_Odonata_Libellulidae_Sympetrum_obtrusum\343acf73-2654-4e8b-8ad7-2e5bb44ca4f2.jpg,116,116,116 26 103 16 109
data\raw\val\02569_Animalia_Arthropoda_Insecta_Odonata_Libellulidae_Sympetrum_obtrusum\d45e8b43-d327-42e5-9825-5fb84acf99a9.jpg,116,116,116 474 118 207 122
data\raw\val\02569_Animalia_Arthropoda_Insecta_Odonata_Libellulidae_Sympetrum_obtrusum\ae67c081-e519-4dc0-8a6b-239835fa1e28.jpg,116,117,117 116 118 109 119
data\raw\val\02569_Animalia_Arthropoda_Insecta_Odonata_Libellulidae_Sympetrum_obtrusum\069e9e82-6ee7-4e8f-947f-4dc725dc9f99.jpg,116,206,206 364 207 452 362
data\raw\val\02569_Animalia_Arthropoda_Insecta_Odonata_Libellulidae_Sympetrum_obtrusum\6f0fec64-57f9-4364-ae65-72acb6ac3e25.jpg,116,28,28 40 107 2 116
data\raw\val\02569_Animalia_Arthropoda_Insecta_Odonata_Libellulidae_Sympetrum_obtrusum\430de389-cd54-4def-b903-258898e4542a.jpg,116,109,109 108 106 107 111
data\raw\val\02569_Animalia_Arthropoda_Insecta_Odonata_Libellulidae_Sympetrum_obtrusum\ff57da09-ea58-47a4-8cf2-e31ffbd9044a.jpg,116,103,103 28 40 116 32
data\raw\val\02581_Animalia_Arthropoda_Insecta_Odonata_Libellulidae_Trithemis_annulata\eb6ff453-b764-4bbc-8c43-3919b3ce863d.jpg,117,231,231 119 103 105 39
data\raw\val\02581_Animalia_Arthropoda_Insecta_Odonata_Libellulidae_Trithemis_annulata\47c3ff9a-58d2-47ff-9f53-bbc39dec0917.jpg,117,117,117 118 122 11 30
data\raw\val\02581_Animalia_Arthropoda_Insecta_Odonata_Libellulidae_Trithemis_annulata\1a000089-eabb-4da9-83c5-fd860f826e7b.jpg,117,116,116 117 118 368 63
data\raw\val\02581_Animalia_Arthropoda_Insecta_Odonata_Libellulidae_Trithemis_annulata\ae1cf67c-347a-4c0b-ac51-69dd1ea69414.jpg,117,117,117 368 286 27 423
data\raw\val\02581_Animalia_Arthropoda_Insecta_Odonata_Libellulidae_Trithemis_annulata\bb729f4e-2647-47a5-9d82-a38525445067.jpg,117,1,1 185 119 0 117
data\raw\val\02581_Animalia_Arthropoda_Insecta_Odonata_Libellulidae_Trithemis_annulata\a48c92e4-5ae3-4263-a6d8-359d625742b9.jpg,117,118,118 11 36 351 117
data\raw\val\02581_Animalia_Arthropoda_Insecta_Odonata_Libellulidae_Trithemis_annulata\51b5ad46-76a5-450b-95f9-d20eac551ed2.jpg,117,117,117 116 122 12 118
data\raw\val\02581_Animalia_Arthropoda_Insecta_Odonata_Libellulidae_Trithemis_annulata\ca27b29e-ca3b-4806-86b0-20e5b4002910.jpg,117,117,117 116 286 346 367
data\raw\val\02581_Animalia_Arthropoda_Insecta_Odonata_Libellulidae_Trithemis_annulata\6250cae2-7adb-4011-9aed-4a10044eb17e.jpg,117,12,12 122 21 48 115
data\raw\val\02581_Animalia_Arthropoda_Insecta_Odonata_Libellulidae_Trithemis_annulata\5ee591ad-be8f-4108-9f0f-903e9d383a0c.jpg,117,369,369 346 307 287 288
data\raw\val\02585_Animalia_Arthropoda_Insecta_Odonata_Libellulidae_Trithemis_kirbyi\9e9c3c3e-b2d5-41a2-a669-9883cea70877.jpg,118,118,118 117 116 82 66
data\raw\val\02585_Animalia_Arthropoda_Insecta_Odonata_Libellulidae_Trithemis_kirbyi\e4e5a8bd-557e-4dbf-a302-7bba6bc65859.jpg,118,101,101 31 118 19 18
data\raw\val\02585_Animalia_Arthropoda_Insecta_Odonata_Libellulidae_Trithemis_kirbyi\b469251e-fd6c-461e-ba56-186d2c718607.jpg,118,118,118 117 36 211 116
data\raw\val\02585_Animalia_Arthropoda_Insecta_Odonata_Libellulidae_Trithemis_kirbyi\5a87fe20-54e8-4a83-9420-c40a15b65621.jpg,118,117,117 118 206 209 437
data\raw\val\02585_Animalia_Arthropoda_Insecta_Odonata_Libellulidae_Trithemis_kirbyi\3d7ab930-f5d8-48c4-a4de-5a06ab4cbe6c.jpg,118,258,258 207 155 36 217
data\raw\val\02585_Animalia_Arthropoda_Insecta_Odonata_Libellulidae_Trithemis_kirbyi\22349f7f-1bb2-45ce-b9ea-a6155b7cd264.jpg,118,118,118 117 116 18 122
data\raw\val\02585_Animalia_Arthropoda_Insecta_Odonata_Libellulidae_Trithemis_kirbyi\363d4b77-ffd7-4697-9a28-80bb23e7bea8.jpg,118,185,185 184 170 172 117
data\raw\val\02585_Animalia_Arthropoda_Insecta_Odonata_Libellulidae_Trithemis_kirbyi\b1e99f2b-222c-4fb6-a8d5-a1b1dd48456e.jpg,118,118,118 116 36 119 229
data\raw\val\02585_Animalia_Arthropoda_Insecta_Odonata_Libellulidae_Trithemis_kirbyi\4a45399e-069d-4bae-a22f-ecbeb3544538.jpg,118,118,118 116 117 363 198
data\raw\val\02585_Animalia_Arthropoda_Insecta_Odonata_Libellulidae_Trithemis_kirbyi\7ec00fdf-da2e-4e9d-8084-55ab732f3a7b.jpg,118,118,118 117 18 82 116
data\raw\val\02593_Animalia_Arthropoda_Insecta_Odonata_Platycnemididae_Nososticta_solida\2e43db93-5ee4-43d0-8f91-693f99355da1.jpg,119,120,120 34 93 37 39
data\raw\val\02593_Animalia_Arthropoda_Insecta_Odonata_Platycnemididae_Nososticta_solida\6dd86bd0-36d0-4835-92ec-0e0e45b12784.jpg,119,106,106 109 119 105 103
data\raw\val\02593_Animalia_Arthropoda_Insecta_Odonata_Platycnemididae_Nososticta_solida\748fef49-5d65-401e-baa3-8ffd60a3ead9.jpg,119,456,456 104 113 3 95
data\raw\val\02593_Animalia_Arthropoda_Insecta_Odonata_Platycnemididae_Nososticta_solida\482faedb-9994-43fa-80a1-0a858ffa78cc.jpg,119,119,119 116 107 184 196
data\raw\val\02593_Animalia_Arthropoda_Insecta_Odonata_Platycnemididae_Nososticta_solida\aca8a76a-eb98-4534-96b4-8513b5bf7226.jpg,119,119,119 38 66 71 0
data\raw\val\02593_Animalia_Arthropoda_Insecta_Odonata_Platycnemididae_Nososticta_solida\5ee476d8-890d-4eae-a1f9-2b9b1733cd5f.jpg,119,119,119 115 0 116 16
data\raw\val\02593_Animalia_Arthropoda_Insecta_Odonata_Platycnemididae_Nososticta_solida\68962017-04cd-473a-a91a-33b938a952e5.jpg,119,119,119 103 105 113 107
data\raw\val\02593_Animalia_Arthropoda_Insecta_Odonata_Platycnemididae_Nososticta_solida\c2eafab1-d8ba-41bc-84bd-9567594ead88.jpg,119,119,119 26 30 0 16
data\raw\val\02593_Animalia_Arthropoda_Insecta_Odonata_Platycnemididae_Nososticta_solida\d14de661-f16a-48dc-a72e-c452c4825554.jpg,119,112,112 142 63 42 128
data\raw\val\02593_Animalia_Arthropoda_Insecta_Odonata_Platycnemididae_Nososticta_solida\8018db98-d390-40c6-8bce-6982741353bd.jpg,119,238,238 223 237 239 230
data\raw\val\02661_Animalia_Arthropoda_Insecta_Orthoptera_Romaleidae_Taeniopoda_eques\5ec6d57f-09ea-4d95-9e03-999b21754f74.jpg,120,20,20 30 18 4 21
data\raw\val\02661_Animalia_Arthropoda_Insecta_Orthoptera_Romaleidae_Taeniopoda_eques\96f6ecba-2db5-4113-a5bf-af9230aa34da.jpg,120,0,0 120 30 15 175
data\raw\val\02661_Animalia_Arthropoda_Insecta_Orthoptera_Romaleidae_Taeniopoda_eques\df865107-ebbd-48e4-bcb1-f08180e3845f.jpg,120,120,120 93 38 0 39
data\raw\val\02661_Animalia_Arthropoda_Insecta_Orthoptera_Romaleidae_Taeniopoda_eques\32096599-2f33-408d-819c-1508d6c11680.jpg,120,120,120 20 22 11 93
data\raw\val\02661_Animalia_Arthropoda_Insecta_Orthoptera_Romaleidae_Taeniopoda_eques\31edbe08-167a-4b3d-99b8-e0ff6d0009d4.jpg,120,120,120 0 93 30 22
data\raw\val\02661_Animalia_Arthropoda_Insecta_Orthoptera_Romaleidae_Taeniopoda_eques\a5d6b1ed-c2ec-40dd-95d9-32d70ee0a4c1.jpg,120,235,235 157 229 111 10
data\raw\val\02661_Animalia_Arthropoda_Insecta_Orthoptera_Romaleidae_Taeniopoda_eques\a72ae6c6-c7fb-4fb5-86ff-f5cc4f7248f8.jpg,120,39,39 38 259 120 10
data\raw\val\02661_Animalia_Arthropoda_Insecta_Orthoptera_Romaleidae_Taeniopoda_eques\d4223e51-2d30-45b0-bbe5-444226b39dd5.jpg,120,120,120 20 93 317 92
data\raw\val\02661_Animalia_Arthropoda_Insecta_Orthoptera_Romaleidae_Taeniopoda_eques\bda1a717-51e0-495d-bdd7-6f214d08ff42.jpg,120,110,110 120 119 107 93
data\raw\val\02661_Animalia_Arthropoda_Insecta_Orthoptera_Romaleidae_Taeniopoda_eques\957928cf-2a8c-40ac-8d29-b40e479b7e6d.jpg,120,120,120 0 22 115 30
data\raw\val\02691_Animalia_Arthropoda_Insecta_Orthoptera_Tettigoniidae_Tettigonia_viridissima\4ce7981f-c95b-436b-8087-f49af9b45a0d.jpg,121,260,260 485 435 263 297
data\raw\val\02691_Animalia_Arthropoda_Insecta_Orthoptera_Tettigoniidae_Tettigonia_viridissima\36ca0cd6-43e3-4e15-92cd-34f2acaf4b1f.jpg,121,479,479 278 293 435 441
data\raw\val\02691_Animalia_Arthropoda_Insecta_Orthoptera_Tettigoniidae_Tettigonia_viridissima\093cf266-5fd2-4fe4-8760-a94a1b7ab203.jpg,121,121,121 206 456 4 143
data\raw\val\02691_Animalia_Arthropoda_Insecta_Orthoptera_Tettigoniidae_Tettigonia_viridissima\68468ed1-f11b-4471-93db-7933678f2f7e.jpg,121,121,121 294 305 303 322
data\raw\val\02691_Animalia_Arthropoda_Insecta_Orthoptera_Tettigoniidae_Tettigonia_viridissima\7c5394eb-63aa-4c69-badb-8ea717c714df.jpg,121,206,206 165 195 4 181
data\raw\val\02691_Animalia_Arthropoda_Insecta_Orthoptera_Tettigoniidae_Tettigonia_viridissima\a4722ba3-9a29-4f19-bba8-23abc10db919.jpg,121,116,116 122 258 235 115
data\raw\val\02691_Animalia_Arthropoda_Insecta_Orthoptera_Tettigoniidae_Tettigonia_viridissima\d6d87d5d-38a0-4c18-a2c2-b93053713172.jpg,121,309,309 312 494 343 317
data\raw\val\02691_Animalia_Arthropoda_Insecta_Orthoptera_Tettigoniidae_Tettigonia_viridissima\c252c6dc-378e-49a9-a4ce-d12e40c49ca6.jpg,121,311,311 436 357 481 393
data\raw\val\02691_Animalia_Arthropoda_Insecta_Orthoptera_Tettigoniidae_Tettigonia_viridissima\ea3d41d3-c5f6-4cfe-8f0b-bb1da828055c.jpg,121,64,64 121 4 304 302
data\raw\val\02691_Animalia_Arthropoda_Insecta_Orthoptera_Tettigoniidae_Tettigonia_viridissima\48b707e1-151b-41f9-ac2d-95aacadbc7f6.jpg,121,356,356 475 121 297 373
data\raw\val\02692_Animalia_Arthropoda_Insecta_Orthoptera_Trigonidiidae_Phyllopalpus_pulchellus\bb4fa2de-85da-40d4-9e53-9925e81f59e2.jpg,122,115,115 122 36 7 12
data\raw\val\02692_Animalia_Arthropoda_Insecta_Orthoptera_Trigonidiidae_Phyllopalpus_pulchellus\1dc6b7f8-b472-4193-b1c6-dd182d44310a.jpg,122,155,155 152 0 151 157
data\raw\val\02692_Animalia_Arthropoda_Insecta_Orthoptera_Trigonidiidae_Phyllopalpus_pulchellus\e646be90-c101-4b01-8587-ad9948b55ebe.jpg,122,0,0 15 46 122 30
data\raw\val\02692_Animalia_Arthropoda_Insecta_Orthoptera_Trigonidiidae_Phyllopalpus_pulchellus\f0559410-292a-4837-91a9-9c58f3485df0.jpg,122,86,86 37 40 3 231
data\raw\val\02692_Animalia_Arthropoda_Insecta_Orthoptera_Trigonidiidae_Phyllopalpus_pulchellus\00084f8a-182d-49e6-a80d-3a47fed0087b.jpg,122,122,122 26 18 16 66
data\raw\val\02692_Animalia_Arthropoda_Insecta_Orthoptera_Trigonidiidae_Phyllopalpus_pulchellus\79389a19-194e-47ef-abfc-4543c28fa9f0.jpg,122,19,19 18 118 48 21
data\raw\val\02692_Animalia_Arthropoda_Insecta_Orthoptera_Trigonidiidae_Phyllopalpus_pulchellus\eaa18346-541c-47af-9283-af353329c36e.jpg,122,130,130 18 248 79 122
data\raw\val\02692_Animalia_Arthropoda_Insecta_Orthoptera_Trigonidiidae_Phyllopalpus_pulchellus\23fab94b-635a-40ca-8b92-156194654db2.jpg,122,122,122 307 16 4 30
data\raw\val\02692_Animalia_Arthropoda_Insecta_Orthoptera_Trigonidiidae_Phyllopalpus_pulchellus\10bdbc59-d2c4-416c-8a13-9099e1995814.jpg,122,103,103 122 231 27 311
data\raw\val\02692_Animalia_Arthropoda_Insecta_Orthoptera_Trigonidiidae_Phyllopalpus_pulchellus\bfa16417-e426-4a4e-8018-3d3d92d146c3.jpg,122,122,122 21 46 30 26
data\raw\val\02704_Animalia_Arthropoda_Malacostraca_Decapoda_Cancridae_Cancer_borealis\1b8a862e-6e5e-4764-b0ae-8c21b35deb0c.jpg,123,46,46 126 248 123 276
data\raw\val\02704_Animalia_Arthropoda_Malacostraca_Decapoda_Cancridae_Cancer_borealis\2b1e98fd-1d46-4973-83f9-92c6aee33706.jpg,123,492,492 493 496 275 489
data\raw\val\02704_Animalia_Arthropoda_Malacostraca_Decapoda_Cancridae_Cancer_borealis\710a6423-2079-4011-ab0f-9f217bcc66a3.jpg,123,123,123 257 126 276 5
data\raw\val\02704_Animalia_Arthropoda_Malacostraca_Decapoda_Cancridae_Cancer_borealis\ee3a99bf-2c77-4b2a-a98e-e0efff4d9ced.jpg,123,245,245 123 276 124 252
data\raw\val\02704_Animalia_Arthropoda_Malacostraca_Decapoda_Cancridae_Cancer_borealis\e77270f5-afeb-46c0-ab4f-a5be4b02d4eb.jpg,123,90,90 351 92 83 248
data\raw\val\02704_Animalia_Arthropoda_Malacostraca_Decapoda_Cancridae_Cancer_borealis\4f20ed52-aa03-4bd6-aa63-302ed28169b0.jpg,123,268,268 271 265 262 60
data\raw\val\02704_Animalia_Arthropoda_Malacostraca_Decapoda_Cancridae_Cancer_borealis\7ba289f4-9d47-4937-bed4-0149dad4f1c9.jpg,123,267,267 58 252 123 62
data\raw\val\02704_Animalia_Arthropoda_Malacostraca_Decapoda_Cancridae_Cancer_borealis\34e16521-2bb6-4c0c-a431-97fb00f06a01.jpg,123,59,59 265 67 192 83
data\raw\val\02704_Animalia_Arthropoda_Malacostraca_Decapoda_Cancridae_Cancer_borealis\131f34ce-539a-43a8-a794-97518580807f.jpg,123,137,137 135 134 136 244
data\raw\val\02704_Animalia_Arthropoda_Malacostraca_Decapoda_Cancridae_Cancer_borealis\74e5825d-2434-445f-a9e5-c8d615ada44d.jpg,123,123,123 255 9 266 145
data\raw\val\02712_Animalia_Arthropoda_Malacostraca_Decapoda_Epialtidae_Pugettia_producta\1ba96057-a417-4ee8-bb4e-211fa31fd929.jpg,124,213,213 170 200 214 215
data\raw\val\02712_Animalia_Arthropoda_Malacostraca_Decapoda_Epialtidae_Pugettia_producta\747ae6b9-ae72-4b2d-bd03-72e4dd12a4ef.jpg,124,46,46 5 55 98 137
data\raw\val\02712_Animalia_Arthropoda_Malacostraca_Decapoda_Epialtidae_Pugettia_producta\5965d782-6762-4ea7-8d62-d60f1af69364.jpg,124,9,9 3 123 145 124
data\raw\val\02712_Animalia_Arthropoda_Malacostraca_Decapoda_Epialtidae_Pugettia_producta\edf19fa4-23f9-49b8-b98a-8326f3f4f9c3.jpg,124,258,258 249 116 122 18
data\raw\val\02712_Animalia_Arthropoda_Malacostraca_Decapoda_Epialtidae_Pugettia_producta\8d02525b-0442-4bdd-975a-1bcc0c42cc65.jpg,124,123,123 276 124 249 248
data\raw\val\02712_Animalia_Arthropoda_Malacostraca_Decapoda_Epialtidae_Pugettia_producta\7d9d2fc1-22b9-4a07-a687-297c53ee7b39.jpg,124,9,9 129 270 233 223
data\raw\val\02712_Animalia_Arthropoda_Malacostraca_Decapoda_Epialtidae_Pugettia_producta\ad29f261-e2c4-4462-9817-e5a964e5b3a1.jpg,124,124,124 123 249 246 276
data\raw\val\02712_Animalia_Arthropoda_Malacostraca_Decapoda_Epialtidae_Pugettia_producta\cd0d08da-16f1-41ce-b453-e56702889269.jpg,124,266,266 129 251 123 128
data\raw\val\02712_Animalia_Arthropoda_Malacostraca_Decapoda_Epialtidae_Pugettia_producta\c881999f-d4bf-4e5f-9bd5-0a0040a561ab.jpg,124,269,269 246 129 244 394
data\raw\val\02712_Animalia_Arthropoda_Malacostraca_Decapoda_Epialtidae_Pugettia_producta\235ee060-be34-4960-95ab-16f8852ddc2b.jpg,124,132,132 7 136 250 256
data\raw\val\02721_Animalia_Arthropoda_Malacostraca_Decapoda_Hippidae_Emerita_talpoida\17bdaa2d-fe7f-41c6-bc0a-0d53c9a34cfa.jpg,125,125,125 129 251 128 230
data\raw\val\02721_Animalia_Arthropoda_Malacostraca_Decapoda_Hippidae_Emerita_talpoida\e6daeee7-9e09-40e0-8d24-9001e2e6b036.jpg,125,242,242 224 238 243 214
data\raw\val\02721_Animalia_Arthropoda_Malacostraca_Decapoda_Hippidae_Emerita_talpoida\ee9f26ca-6144-4b3c-8528-eb2bbcd811ba.jpg,125,125,125 250 128 339 251
data\raw\val\02721_Animalia_Arthropoda_Malacostraca_Decapoda_Hippidae_Emerita_talpoida\17c62b49-32ab-40c6-ab9f-7a8c41de29e3.jpg,125,47,47 126 238 229 46
data\raw\val\02721_Animalia_Arthropoda_Malacostraca_Decapoda_Hippidae_Emerita_talpoida\f1ab0e7b-4991-448e-afb3-97a40c1f1294.jpg,125,46,46 125 21 7 55
data\raw\val\02721_Animalia_Arthropoda_Malacostraca_Decapoda_Hippidae_Emerita_talpoida\70075bac-f1d2-46d4-84c5-47c1c336816d.jpg,125,123,123 276 125 248 126
data\raw\val\02721_Animalia_Arthropoda_Malacostraca_Decapoda_Hippidae_Emerita_talpoida\95f5b335-7cd1-4476-8fb9-7bb42a6da0b7.jpg,125,247,247 55 125 248 250
data\raw\val\02721_Animalia_Arthropoda_Malacostraca_Decapoda_Hippidae_Emerita_talpoida\28f30084-8a2b-4538-ab37-d2c14811c8dd.jpg,125,250,250 255 44 11 254
data\raw\val\02721_Animalia_Arthropoda_Malacostraca_Decapoda_Hippidae_Emerita_talpoida\23ac7d23-e5e0-4029-8a66-c4c3992543fe.jpg,125,58,58 101 62 133 251
data\raw\val\02721_Animalia_Arthropoda_Malacostraca_Decapoda_Hippidae_Emerita_talpoida\776bf2ab-8d84-47de-90d2-89ec00477797.jpg,125,125,125 128 250 129 133
data\raw\val\02737_Animalia_Arthropoda_Malacostraca_Decapoda_Portunidae_Arenaeus_cribrarius\f38b71c6-e5f9-43a1-bf47-1b9b9a07f701.jpg,126,12,12 151 38 126 157
data\raw\val\02737_Animalia_Arthropoda_Malacostraca_Decapoda_Portunidae_Arenaeus_cribrarius\5c1c3921-0681-4dc1-830a-5781a850535e.jpg,126,347,347 283 244 278 132
data\raw\val\02737_Animalia_Arthropoda_Malacostraca_Decapoda_Portunidae_Arenaeus_cribrarius\af8ec3f5-8f86-43d2-a3d6-04b3f91cafcd.jpg,126,74,74 230 250 129 127
data\raw\val\02737_Animalia_Arthropoda_Malacostraca_Decapoda_Portunidae_Arenaeus_cribrarius\4723cb35-1f23-4aa5-b33d-e1b39bc9b7c3.jpg,126,132,132 488 302 81 102
data\raw\val\02737_Animalia_Arthropoda_Malacostraca_Decapoda_Portunidae_Arenaeus_cribrarius\76b1af24-9620-4c80-967a-e484b5df3078.jpg,126,232,232 21 240 126 229
data\raw\val\02737_Animalia_Arthropoda_Malacostraca_Decapoda_Portunidae_Arenaeus_cribrarius\630a9e60-b502-4cd4-bd29-fcd18300515d.jpg,126,7,7 242 232 126 240
data\raw\val\02737_Animalia_Arthropoda_Malacostraca_Decapoda_Portunidae_Arenaeus_cribrarius\c04f258c-4bf0-4ea9-b5d6-cdec4e5baac7.jpg,126,251,251 133 125 46 230
data\raw\val\02737_Animalia_Arthropoda_Malacostraca_Decapoda_Portunidae_Arenaeus_cribrarius\a5c5d602-ac1a-44ac-8640-26d137493356.jpg,126,126,126 47 5 118 248
data\raw\val\02737_Animalia_Arthropoda_Malacostraca_Decapoda_Portunidae_Arenaeus_cribrarius\9df85117-bc8d-4949-898b-09be71baade4.jpg,126,271,271 141 249 244 130
data\raw\val\02737_Animalia_Arthropoda_Malacostraca_Decapoda_Portunidae_Arenaeus_cribrarius\556eb44a-6b94-4549-89ca-217e71983f32.jpg,126,90,90 48 245 123 126
data\raw\val\02739_Animalia_Arthropoda_Malacostraca_Decapoda_Sesarmidae_Aratus_pisonii\8a2e85d6-7c7e-4c0f-b067-d0f59a9d6bf9.jpg,127,5,5 78 269 74 2
data\raw\val\02739_Animalia_Arthropoda_Malacostraca_Decapoda_Sesarmidae_Aratus_pisonii\efe5d11e-c877-4e89-b237-c8c318eb6e4b.jpg,127,191,191 218 74 77 192
data\raw\val\02739_Animalia_Arthropoda_Malacostraca_Decapoda_Sesarmidae_Aratus_pisonii\36a2fb87-391e-49ba-b344-fb99e4cd6647.jpg,127,221,221 213 156 226 284
data\raw\val\02739_Animalia_Arthropoda_Malacostraca_Decapoda_Sesarmidae_Aratus_pisonii\3c15d503-f6b9-4db3-a56b-4fbd5b1c1d9d.jpg,127,125,125 129 128 133 276
data\raw\val\02739_Animalia_Arthropoda_Malacostraca_Decapoda_Sesarmidae_Aratus_pisonii\2f233598-9d81-4b30-9c5f-e80b58d33190.jpg,127,9,9 191 255 222 13
data\raw\val\02739_Animalia_Arthropoda_Malacostraca_Decapoda_Sesarmidae_Aratus_pisonii\5ed0780d-7bf1-4548-8385-16d981af0d8f.jpg,127,258,258 9 210 207 261
data\raw\val\02739_Animalia_Arthropoda_Malacostraca_Decapoda_Sesarmidae_Aratus_pisonii\ed66df75-bd76-4665-955e-a8b2924a2389.jpg,127,468,468 437 369 438 480
data\raw\val\02739_Animalia_Arthropoda_Malacostraca_Decapoda_Sesarmidae_Aratus_pisonii\4b5050f6-49d0-488d-a515-9d4f8829135d.jpg,127,6,6 243 192 140 242
data\raw\val\02739_Animalia_Arthropoda_Malacostraca_Decapoda_Sesarmidae_Aratus_pisonii\dace3698-d6d4-4b68-be61-7167eeece4bd.jpg,127,435,435 434 493 496 399
data\raw\val\02739_Animalia_Arthropoda_Malacostraca_Decapoda_Sesarmidae_Aratus_pisonii\53840f88-b561-4c62-84a5-c751b547559e.jpg,127,46,46 39 5 45 100
data\raw\val\02769_Animalia_Chordata_Actinopterygii_Cypriniformes_Cyprinidae_Pimephales_notatus\4d524879-1db2-4b9d-a02c-6b464eeab762.jpg,128,392,392 125 24 339 230
data\raw\val\02769_Animalia_Chordata_Actinopterygii_Cypriniformes_Cyprinidae_Pimephales_notatus\9ef2dfb1-5871-467b-9e58-41401bfda903.jpg,128,133,133 128 130 129 266
data\raw\val\02769_Animalia_Chordata_Actinopterygii_Cypriniformes_Cyprinidae_Pimephales_notatus\1d1e6e37-4594-46ea-9131-9f70bbbe8f9a.jpg,128,74,74 77 79 72 81
data\raw\val\02769_Animalia_Chordata_Actinopterygii_Cypriniformes_Cyprinidae_Pimephales_notatus\5ed7b253-2ba4-40d7-9938-5b552360d669.jpg,128,133,133 128 130 102 4
data\raw\val\02769_Animalia_Chordata_Actinopterygii_Cypriniformes_Cyprinidae_Pimephales_notatus\06766b99-ee4a-485e-af41-c8d3111be51b.jpg,128,152,152 217 216 133 157
data\raw\val\02769_Animalia_Chordata_Actinopterygii_Cypriniformes_Cyprinidae_Pimephales_notatus\18920a53-61b9-4d6a-be75-fc1352ac591f.jpg,128,157,157 217 159 128 202
data\raw\val\02769_Animalia_Chordata_Actinopterygii_Cypriniformes_Cyprinidae_Pimephales_notatus\6ce5c7e5-1198-411c-b4c8-14ac8786d867.jpg,128,150,150 42 159 50 203
data\raw\val\02769_Animalia_Chordata_Actinopterygii_Cypriniformes_Cyprinidae_Pimephales_notatus\3754cc24-3de1-40e3-8b21-19f26f389c98.jpg,128,133,133 244 101 138 18
data\raw\val\02769_Animalia_Chordata_Actinopterygii_Cypriniformes_Cyprinidae_Pimephales_notatus\ba14416a-361e-45d9-a3ac-4c176ef91961.jpg,128,304,304 305 320 450 104
data\raw\val\02769_Animalia_Chordata_Actinopterygii_Cypriniformes_Cyprinidae_Pimephales_notatus\081a6889-8f5d-4d58-9a1a-0051a9a65b9d.jpg,128,42,42 128 133 157 270
data\raw\val\02785_Animalia_Chordata_Actinopterygii_Gobiesociformes_Gobiesocidae_Gobiesox_maeandricus\a457aeab-371c-482e-978c-347535f3b314.jpg,129,129,129 133 227 233 274
data\raw\val\02785_Animalia_Chordata_Actinopterygii_Gobiesociformes_Gobiesocidae_Gobiesox_maeandricus\e75aacaf-2c8b-43b3-8436-c7f6ea0d710d.jpg,129,9,9 255 250 129 256
data\raw\val\02785_Animalia_Chordata_Actinopterygii_Gobiesociformes_Gobiesocidae_Gobiesox_maeandricus\b6db49c3-0f22-4ed7-86bc-2ad6e1073ff8.jpg,129,130,130 249 244 133 252
data\raw\val\02785_Animalia_Chordata_Actinopterygii_Gobiesociformes_Gobiesocidae_Gobiesox_maeandricus\fc23344a-7fbd-43c2-a5fc-d51c3a903386.jpg,129,492,492 349 73 139 218
data\raw\val\02785_Animalia_Chordata_Actinopterygii_Gobiesociformes_Gobiesocidae_Gobiesox_maeandricus\e484f148-183b-463a-91e9-0fa3e31149e0.jpg,129,190,190 255 132 124 249
data\raw\val\02785_Animalia_Chordata_Actinopterygii_Gobiesociformes_Gobiesocidae_Gobiesox_maeandricus\b6ecae1f-3846-4959-bbc5-19d43f1641dc.jpg,129,258,258 259 228 234 129
data\raw\val\02785_Animalia_Chordata_Actinopterygii_Gobiesociformes_Gobiesocidae_Gobiesox_maeandricus\75225c7d-20f4-4370-a1be-f48c56dc360c.jpg,129,145,145 250 251 276 124
data\raw\val\02785_Animalia_Chordata_Actinopterygii_Gobiesociformes_Gobiesocidae_Gobiesox_maeandricus\253d3539-2d85-44f8-bb4e-828804769e90.jpg,129,129,129 248 244 255 249
data\raw\val\02785_Animalia_Chordata_Actinopterygii_Gobiesociformes_Gobiesocidae_Gobiesox_maeandricus\5712841a-aeca-4a40-99db-4fc3f9265bf8.jpg,129,250,250 129 17 15 22
data\raw\val\02785_Animalia_Chordata_Actinopterygii_Gobiesociformes_Gobiesocidae_Gobiesox_maeandricus\600cb8fe-e37c-4f85-87e8-b96be67b27ca.jpg,129,129,129 241 130 249 123
data\raw\val\02807_Animalia_Chordata_Actinopterygii_Perciformes_Centrarchidae_Micropterus_dolomieu\5545b309-bc93-4992-864a-63c34bdec66b.jpg,130,251,251 129 125 133 128
data\raw\val\02807_Animalia_Chordata_Actinopterygii_Perciformes_Centrarchidae_Micropterus_dolomieu\5568748a-fb9b-46c6-a065-7c579b81559c.jpg,130,155,155 130 158 162 160
data\raw\val\02807_Animalia_Chordata_Actinopterygii_Perciformes_Centrarchidae_Micropterus_dolomieu\ef2ec774-3f42-4645-876c-ec5dfe7cce59.jpg,130,128,128 133 217 251 216
data\raw\val\02807_Animalia_Chordata_Actinopterygii_Perciformes_Centrarchidae_Micropterus_dolomieu\504da78c-d8e5-4f26-901f-985134355610.jpg,130,269,269 130 488 490 78
data\raw\val\02807_Animalia_Chordata_Actinopterygii_Perciformes_Centrarchidae_Micropterus_dolomieu\d5070417-212c-4aa6-b317-f263bb829772.jpg,130,135,135 131 132 245 483
data\raw\val\02807_Animalia_Chordata_Actinopterygii_Perciformes_Centrarchidae_Micropterus_dolomieu\8b22c472-95b4-478b-9bb8-9f5215e30149.jpg,130,123,123 248 251 342 249
data\raw\val\02807_Animalia_Chordata_Actinopterygii_Perciformes_Centrarchidae_Micropterus_dolomieu\85164417-18f9-4720-9c7d-ae23aab0a0e8.jpg,130,130,130 393 247 218 254
data\raw\val\02807_Animalia_Chordata_Actinopterygii_Perciformes_Centrarchidae_Micropterus_dolomieu\36789f2d-5eae-401a-89b1-f4d3c9a5c86e.jpg,130,123,123 251 130 247 249
data\raw\val\02807_Animalia_Chordata_Actinopterygii_Perciformes_Centrarchidae_Micropterus_dolomieu\83fe6871-5a6d-4814-810c-8db18914f65d.jpg,130,259,259 207 12 116 258
data\raw\val\02807_Animalia_Chordata_Actinopterygii_Perciformes_Centrarchidae_Micropterus_dolomieu\8c8fcfb8-e6db-4683-b1bf-db98ff3a00a4.jpg,130,249,249 124 123 130 12
data\raw\val\02815_Animalia_Chordata_Actinopterygii_Perciformes_Cheilodactylidae_Cheilodactylus_vestitus\0c2a5fef-eeb5-437e-8826-90961df1bcef.jpg,131,131,131 135 137 134 244
data\raw\val\02815_Animalia_Chordata_Actinopterygii_Perciformes_Cheilodactylidae_Cheilodactylus_vestitus\a9dc4758-413e-4876-9535-09851323b975.jpg,131,19,19 131 248 255 48
data\raw\val\02815_Animalia_Chordata_Actinopterygii_Perciformes_Cheilodactylidae_Cheilodactylus_vestitus\e0d5d90b-83ff-4abf-83bf-579e0e045c16.jpg,131,137,137 134 136 135 131
data\raw\val\02815_Animalia_Chordata_Actinopterygii_Perciformes_Cheilodactylidae_Cheilodactylus_vestitus\b84c2f37-2bc4-42f0-969c-9c0c949994f2.jpg,131,131,131 136 134 137 231
data\raw\val\02815_Animalia_Chordata_Actinopterygii_Perciformes_Cheilodactylidae_Cheilodactylus_vestitus\765ec66d-d1c0-4822-9477-c75f4fabb0f9.jpg,131,131,131 132 134 276 135
data\raw\val\02815_Animalia_Chordata_Actinopterygii_Perciformes_Cheilodactylidae_Cheilodactylus_vestitus\b62f56e3-e56a-493c-9614-defc78aa3fb2.jpg,131,131,131 144 138 105 231
data\raw\val\02815_Animalia_Chordata_Actinopterygii_Perciformes_Cheilodactylidae_Cheilodactylus_vestitus\e8b7b4c6-b1a6-4aa1-ae9a-3bcd500eb437.jpg,131,131,131 134 132 136 135
data\raw\val\02815_Animalia_Chordata_Actinopterygii_Perciformes_Cheilodactylidae_Cheilodactylus_vestitus\0b174f75-9188-42dd-9ae3-0fe2d4f1e0c5.jpg,131,135,135 131 134 132 244
data\raw\val\02815_Animalia_Chordata_Actinopterygii_Perciformes_Cheilodactylidae_Cheilodactylus_vestitus\ef1bb632-7b22-4d69-b39c-7d508f589339.jpg,131,132,132 137 134 136 135
data\raw\val\02815_Animalia_Chordata_Actinopterygii_Perciformes_Cheilodactylidae_Cheilodactylus_vestitus\f5713c79-3a05-4bd7-bed5-1a540ae9135b.jpg,131,232,232 126 38 22 229
data\raw\val\02823_Animalia_Chordata_Actinopterygii_Perciformes_Girellidae_Girella_nigricans\b65afe9c-c376-4687-a7b2-0f28fdbb3167.jpg,132,132,132 134 135 131 136
data\raw\val\02823_Animalia_Chordata_Actinopterygii_Perciformes_Girellidae_Girella_nigricans\c89e7641-aab0-4ef0-a8ae-9bbac6febbe5.jpg,132,134,134 140 131 136 132
data\raw\val\02823_Animalia_Chordata_Actinopterygii_Perciformes_Girellidae_Girella_nigricans\604f6699-2385-45c5-ac5c-2438721c4c62.jpg,132,245,245 132 136 131 137
data\raw\val\02823_Animalia_Chordata_Actinopterygii_Perciformes_Girellidae_Girella_nigricans\68066ecf-9e2e-4472-83c0-505d78454f05.jpg,132,132,132 134 135 137 136
data\raw\val\02823_Animalia_Chordata_Actinopterygii_Perciformes_Girellidae_Girella_nigricans\cf222b1b-bc25-407e-8028-3bd7561dcc45.jpg,132,135,135 137 132 136 134
data\raw\val\02823_Animalia_Chordata_Actinopterygii_Perciformes_Girellidae_Girella_nigricans\8d7a913b-5625-47c3-b4b2-3598d0e3fe81.jpg,132,132,132 131 135 134 143
data\raw\val\02823_Animalia_Chordata_Actinopterygii_Perciformes_Girellidae_Girella_nigricans\9a1059f1-1eab-460a-aa88-8c56e04a06c0.jpg,132,32,32 17 132 477 125
data\raw\val\02823_Animalia_Chordata_Actinopterygii_Perciformes_Girellidae_Girella_nigricans\b6b5583d-d44e-4ed0-90e4-42bccf527fcb.jpg,132,153,153 141 202 222 190
data\raw\val\02823_Animalia_Chordata_Actinopterygii_Perciformes_Girellidae_Girella_nigricans\761bcb18-72a8-4412-a22c-8b57e43acc98.jpg,132,132,132 135 131 136 134
data\raw\val\02823_Animalia_Chordata_Actinopterygii_Perciformes_Girellidae_Girella_nigricans\fcc52cb4-7851-4725-89cd-8cecc8855547.jpg,132,132,132 134 131 135 244
data\raw\val\02826_Animalia_Chordata_Actinopterygii_Perciformes_Gobiidae_Neogobius_melanostomus\db513449-a847-493f-98a0-324ea6aaae56.jpg,133,216,216 154 159 245 148
data\raw\val\02826_Animalia_Chordata_Actinopterygii_Perciformes_Gobiidae_Neogobius_melanostomus\62750240-0cfc-48a8-abdd-44237eab76e8.jpg,133,258,258 30 261 16 36
data\raw\val\02826_Animalia_Chordata_Actinopterygii_Perciformes_Gobiidae_Neogobius_melanostomus\0345aef7-d1dc-40b6-bc2a-78164ebce8bb.jpg,133,278,278 135 131 133 244
data\raw\val\02826_Animalia_Chordata_Actinopterygii_Perciformes_Gobiidae_Neogobius_melanostomus\ca9faa6d-3dd9-4d3a-aea1-bcba56e75f77.jpg,133,27,27 218 32 393 77
data\raw\val\02826_Animalia_Chordata_Actinopterygii_Perciformes_Gobiidae_Neogobius_melanostomus\8f42936a-0216-4325-8151-e37865447cc7.jpg,133,56,56 133 128 130 248
data\raw\val\02826_Animalia_Chordata_Actinopterygii_Perciformes_Gobiidae_Neogobius_melanostomus\5fe18394-18b8-4b7f-839c-7e1b8eafc938.jpg,133,78,78 89 283 234 244
data\raw\val\02826_Animalia_Chordata_Actinopterygii_Perciformes_Gobiidae_Neogobius_melanostomus\961c33f4-651d-4d01-aafc-96dd993f6a9a.jpg,133,304,304 343 295 296 128
data\raw\val\02826_Animalia_Chordata_Actinopterygii_Perciformes_Gobiidae_Neogobius_melanostomus\1bb042bc-8fcd-4cbe-8780-e387ec1331a9.jpg,133,42,42 133 57 217 150
data\raw\val\02826_Animalia_Chordata_Actinopterygii_Perciformes_Gobiidae_Neogobius_melanostomus\a1fc306f-31f3-4263-a4ad-71b50c650aea.jpg,133,145,145 250 230 228 128
data\raw\val\02826_Animalia_Chordata_Actinopterygii_Perciformes_Gobiidae_Neogobius_melanostomus\aaf6dd60-37cf-4e2e-b568-8301c27dc9a0.jpg,133,129,129 255 177 248 249
data\raw\val\02843_Animalia_Chordata_Actinopterygii_Perciformes_Labridae_Thalassoma_bifasciatum\ab6e5e87-3e4d-4958-8bbd-4c2f3f6c75e9.jpg,134,134,134 250 104 135 105
data\raw\val\02843_Animalia_Chordata_Actinopterygii_Perciformes_Labridae_Thalassoma_bifasciatum\2b000842-6212-4688-a6f1-3d99dca3b702.jpg,134,110,110 174 250 176 67
data\raw\val\02843_Animalia_Chordata_Actinopterygii_Perciformes_Labridae_Thalassoma_bifasciatum\8f6f326f-3a6e-42d1-9c9a-25de00eed0e8.jpg,134,7,7 6 132 250 5
data\raw\val\02843_Animalia_Chordata_Actinopterygii_Perciformes_Labridae_Thalassoma_bifasciatum\3ff13a99-6051-4c0c-a8db-5d6367ca0b0f.jpg,134,134,134 135 136 131 137
data\raw\val\02843_Animalia_Chordata_Actinopterygii_Perciformes_Labridae_Thalassoma_bifasciatum\e27a904e-4173-4035-8536-bdf0e9ebd6d5.jpg,134,136,136 137 134 135 131
data\raw\val\02843_Animalia_Chordata_Actinopterygii_Perciformes_Labridae_Thalassoma_bifasciatum\71062146-eee3-4853-a7e8-fd6c21a26c29.jpg,134,0,0 250 205 148 219
data\raw\val\02843_Animalia_Chordata_Actinopterygii_Perciformes_Labridae_Thalassoma_bifasciatum\92325dc5-3b61-4e0f-8458-c8098e003e60.jpg,134,242,242 255 227 7 212
data\raw\val\02843_Animalia_Chordata_Actinopterygii_Perciformes_Labridae_Thalassoma_bifasciatum\daf5d813-6ad0-41b0-ac86-6eff1e1e12e1.jpg,134,134,134 132 131 135 137
data\raw\val\02843_Animalia_Chordata_Actinopterygii_Perciformes_Labridae_Thalassoma_bifasciatum\da977606-0a40-4e49-a595-2b4ae5c9233b.jpg,134,244,244 391 382 134 376
data\raw\val\02843_Animalia_Chordata_Actinopterygii_Perciformes_Labridae_Thalassoma_bifasciatum\987253c2-dd8a-4aa3-a96c-4da4ac0573cb.jpg,134,134,134 132 137 126 250
data\raw\val\02875_Animalia_Chordata_Actinopterygii_Perciformes_Scaridae_Scarus_ghobban\c0aeb43a-d312-42e6-b06f-8e6a67064e21.jpg,135,135,135 131 136 137 134
data\raw\val\02875_Animalia_Chordata_Actinopterygii_Perciformes_Scaridae_Scarus_ghobban\81a273ef-41c0-4abc-ba22-d9062da69989.jpg,135,131,131 137 132 136 134
data\raw\val\02875_Animalia_Chordata_Actinopterygii_Perciformes_Scaridae_Scarus_ghobban\e6ec53d2-25d7-422d-9786-8c37f98ccc14.jpg,135,136,136 134 137 131 135
data\raw\val\02875_Animalia_Chordata_Actinopterygii_Perciformes_Scaridae_Scarus_ghobban\ecdf016d-1221-4e6c-a457-f7fd6d907dcf.jpg,135,131,131 136 137 135 132
data\raw\val\02875_Animalia_Chordata_Actinopterygii_Perciformes_Scaridae_Scarus_ghobban\9e146866-5765-4c4d-a1c3-b122c148d672.jpg,135,135,135 128 177 137 254
data\raw\val\02875_Animalia_Chordata_Actinopterygii_Perciformes_Scaridae_Scarus_ghobban\9dafc6c1-ef25-40ed-ab42-80d5c480282f.jpg,135,135,135 136 137 131 134
data\raw\val\02875_Animalia_Chordata_Actinopterygii_Perciformes_Scaridae_Scarus_ghobban\fc3b3236-96e3-43c5-9569-7ef6a81ad123.jpg,135,135,135 137 131 134 136
data\raw\val\02875_Animalia_Chordata_Actinopterygii_Perciformes_Scaridae_Scarus_ghobban\1bdb52b1-c8ed-49cf-89a8-b8e8dffd3caf.jpg,135,132,132 135 136 134 131
data\raw\val\02875_Animalia_Chordata_Actinopterygii_Perciformes_Scaridae_Scarus_ghobban\85c09714-7b02-466c-8226-93cfa6fd036a.jpg,135,135,135 134 137 136 131
data\raw\val\02875_Animalia_Chordata_Actinopterygii_Perciformes_Scaridae_Scarus_ghobban\b1e0ee75-8d26-45f6-a559-737baee823f9.jpg,135,136,136 135 134 137 246
data\raw\val\02915_Animalia_Chordata_Actinopterygii_Syngnathiformes_Aulostomidae_Aulostomus_chinensis\37dc66e8-b87d-4d4f-a12c-d5922564fe5c.jpg,136,135,135 136 131 137 134
data\raw\val\02915_Animalia_Chordata_Actinopterygii_Syngnathiformes_Aulostomidae_Aulostomus_chinensis\af1184c8-e0d8-4595-810f-f306f48175f0.jpg,136,245,245 252 244 391 246
data\raw\val\02915_Animalia_Chordata_Actinopterygii_Syngnathiformes_Aulostomidae_Aulostomus_chinensis\d28652ab-685c-433d-9203-7706c5438314.jpg,136,242,242 7 243 132 359
data\raw\val\02915_Animalia_Chordata_Actinopterygii_Syngnathiformes_Aulostomidae_Aulostomus_chinensis\9f7cf2f0-3879-4829-90c6-6efee1329f1e.jpg,136,134,134 131 249 489 366
data\raw\val\02915_Animalia_Chordata_Actinopterygii_Syngnathiformes_Aulostomidae_Aulostomus_chinensis\ebd45427-8eb2-491a-881f-3da98842b52a.jpg,136,135,135 131 136 137 134
data\raw\val\02915_Animalia_Chordata_Actinopterygii_Syngnathiformes_Aulostomidae_Aulostomus_chinensis\283f080b-6682-4004-b847-84340ddb37f3.jpg,136,249,249 136 255 131 137
data\raw\val\02915_Animalia_Chordata_Actinopterygii_Syngnathiformes_Aulostomidae_Aulostomus_chinensis\540db973-1923-4e8b-87ca-a84bdd347af6.jpg,136,135,135 132 131 136 134
data\raw\val\02915_Animalia_Chordata_Actinopterygii_Syngnathiformes_Aulostomidae_Aulostomus_chinensis\8a84dde4-9297-46b3-b439-2a9c23a74cbc.jpg,136,131,131 136 155 137 134
data\raw\val\02915_Animalia_Chordata_Actinopterygii_Syngnathiformes_Aulostomidae_Aulostomus_chinensis\a8a2832c-2baa-42b9-86ea-0ff15183211d.jpg,136,131,131 136 135 134 137
data\raw\val\02915_Animalia_Chordata_Actinopterygii_Syngnathiformes_Aulostomidae_Aulostomus_chinensis\3a02c1c9-43c2-43c7-a8e4-89b9bd6b3390.jpg,136,132,132 131 136 137 134
data\raw\val\02927_Animalia_Chordata_Actinopterygii_Tetraodontiformes_Diodontidae_Diodon_hystrix\9c330f4e-3550-4fb5-81a3-714cd707c076.jpg,137,131,131 137 135 136 246
data\raw\val\02927_Animalia_Chordata_Actinopterygii_Tetraodontiformes_Diodontidae_Diodon_hystrix\84a4b31b-ef02-4e83-a2d7-5c65fdaa86e2.jpg,137,131,131 137 135 136 134
data\raw\val\02927_Animalia_Chordata_Actinopterygii_Tetraodontiformes_Diodontidae_Diodon_hystrix\84c99c39-3996-4473-b046-97aeb2ec7f8e.jpg,137,135,135 131 132 134 136
data\raw\val\02927_Animalia_Chordata_Actinopterygii_Tetraodontiformes_Diodontidae_Diodon_hystrix\89157283-4285-44ac-852a-6811aa4b447f.jpg,137,135,135 131 137 134 132
data\raw\val\02927_Animalia_Chordata_Actinopterygii_Tetraodontiformes_Diodontidae_Diodon_hystrix\da52ef4f-a1a8-4b96-be19-b7ea2a032f3d.jpg,137,22,22 6 21 218 254
data\raw\val\02927_Animalia_Chordata_Actinopterygii_Tetraodontiformes_Diodontidae_Diodon_hystrix\e5286bd3-fe79-4dde-a749-e48db07a6b63.jpg,137,136,136 137 134 135 131
data\raw\val\02927_Animalia_Chordata_Actinopterygii_Tetraodontiformes_Diodontidae_Diodon_hystrix\8fe7f668-6a1f-4908-816c-ee6c90338edc.jpg,137,216,216 157 137 217 203
data\raw\val\02927_Animalia_Chordata_Actinopterygii_Tetraodontiformes_Diodontidae_Diodon_hystrix\1b73e8aa-f05a-47ec-8fb1-07b81d5b18d4.jpg,137,136,136 132 131 134 137
data\raw\val\02927_Animalia_Chordata_Actinopterygii_Tetraodontiformes_Diodontidae_Diodon_hystrix\7ad2a657-d3c8-41e2-9450-e72e32f0ff35.jpg,137,137,137 135 131 136 134
data\raw\val\02927_Animalia_Chordata_Actinopterygii_Tetraodontiformes_Diodontidae_Diodon_hystrix\f9beff6e-d1df-4ff9-8118-c72e680583fa.jpg,137,136,136 137 131 135 134
data\raw\val\02941_Animalia_Chordata_Amphibia_Anura_Bombinatoridae_Bombina_variegata\da9bd2d0-e8d9-456b-8652-869e395ec70c.jpg,138,219,219 159 150 151 157
data\raw\val\02941_Animalia_Chordata_Amphibia_Anura_Bombinatoridae_Bombina_variegata\97e5d446-3630-467f-803e-dd9ca9f48cc3.jpg,138,263,263 73 268 98 492
data\raw\val\02941_Animalia_Chordata_Amphibia_Anura_Bombinatoridae_Bombina_variegata\0ddc315b-f7f4-4af6-9410-a29cae1aa2f3.jpg,138,5,5 125 7 137 74
data\raw\val\02941_Animalia_Chordata_Amphibia_Anura_Bombinatoridae_Bombina_variegata\82b18a51-0dba-414c-a136-5c8720df225c.jpg,138,253,253 91 138 70 119
data\raw\val\02941_Animalia_Chordata_Amphibia_Anura_Bombinatoridae_Bombina_variegata\340fb7d9-ac68-44c5-ad4f-b25c2d2081af.jpg,138,84,84 90 35 68 37
data\raw\val\02941_Animalia_Chordata_Amphibia_Anura_Bombinatoridae_Bombina_variegata\4ca7aa96-07ab-4c2c-b37e-451d09dce908.jpg,138,129,129 276 250 123 266
data\raw\val\02941_Animalia_Chordata_Amphibia_Anura_Bombinatoridae_Bombina_variegata\4470c81f-b8e9-4376-9edb-277d21c8b42e.jpg,138,219,219 414 250 255 339
data\raw\val\02941_Animalia_Chordata_Amphibia_Anura_Bombinatoridae_Bombina_variegata\e7c0488b-0568-4bbe-8088-3f60af5e184e.jpg,138,37,37 119 107 91 170
data\raw\val\02941_Animalia_Chordata_Amphibia_Anura_Bombinatoridae_Bombina_variegata\083a9df0-c497-4e1c-beac-b2450aab28f4.jpg,138,144,144 249 265 266 248
data\raw\val\02941_Animalia_Chordata_Amphibia_Anura_Bombinatoridae_Bombina_variegata\1dee3689-3c05-49d3-9f84-607c571b15be.jpg,138,7,7 22 144 125 232
data\raw\val\02951_Animalia_Chordata_Amphibia_Anura_Bufonidae_Bufo_bankorensis\4072a828-87e2-4f0b-af48-121199fe9f14.jpg,139,246,246 394 140 131 269
data\raw\val\02951_Animalia_Chordata_Amphibia_Anura_Bufonidae_Bufo_bankorensis\37400f40-b575-4edc-9939-1b5a48708c9f.jpg,139,52,52 139 57 78 72
data\raw\val\02951_Animalia_Chordata_Amphibia_Anura_Bufonidae_Bufo_bankorensis\ed2d19bf-3404-495d-b5ce-8f31adac919a.jpg,139,143,143 241 38 45 253
data\raw\val\02951_Animalia_Chordata_Amphibia_Anura_Bufonidae_Bufo_bankorensis\a0a7b4eb-adbc-40a3-91c9-955d836e4d90.jpg,139,499,499 492 310 407 493
data\raw\val\02951_Animalia_Chordata_Amphibia_Anura_Bufonidae_Bufo_bankorensis\bcaeec6d-8a5a-4985-9ce3-97e9b55e0e24.jpg,139,139,139 268 144 492 262
data\raw\val\02951_Animalia_Chordata_Amphibia_Anura_Bufonidae_Bufo_bankorensis\aa898f61-6edd-4926-b704-681501998abf.jpg,139,312,312 495 343 479 309
data\raw\val\02951_Animalia_Chordata_Amphibia_Anura_Bufonidae_Bufo_bankorensis\2744a312-d77c-43bb-8add-91ce7939e615.jpg,139,442,442 240 372 139 315
data\raw\val\02951_Animalia_Chordata_Amphibia_Anura_Bufonidae_Bufo_bankorensis\590590fe-b965-4306-8d5b-43c03a3f9d53.jpg,139,243,243 347 283 214 225
data\raw\val\02951_Animalia_Chordata_Amphibia_Anura_Bufonidae_Bufo_bankorensis\c7859afd-b254-48f7-b673-41e27564fccd.jpg,139,266,266 257 259 258 145
data\raw\val\02951_Animalia_Chordata_Amphibia_Anura_Bufonidae_Bufo_bankorensis\96c19e2c-4ab8-4a80-a83a-e537a208f503.jpg,139,83,83 52 142 72 237
data\raw\val\02974_Animalia_Chordata_Amphibia_Anura_Dendrobatidae_Dendrobates_auratus\b82d02b9-8809-4d27-aff4-68f541492447.jpg,140,105,105 140 93 111 236
data\raw\val\02974_Animalia_Chordata_Amphibia_Anura_Dendrobatidae_Dendrobates_auratus\f7671b2f-066d-413f-b500-f15adc2fd468.jpg,140,24,24 314 9 144 7
data\raw\val\02974_Animalia_Chordata_Amphibia_Anura_Dendrobatidae_Dendrobates_auratus\aacc11e8-365d-48ed-8dd3-6d3703fad2b9.jpg,140,140,140 21 22 254 93
data\raw\val\02974_Animalia_Chordata_Amphibia_Anura_Dendrobatidae_Dendrobates_auratus\31098f4f-e75c-4250-8981-eb5532476c21.jpg,140,30,30 11 111 13 24
data\raw\val\02974_Animalia_Chordata_Amphibia_Anura_Dendrobatidae_Dendrobates_auratus\6ca2b6b8-5db3-4849-b4a5-e7728401942d.jpg,140,312,312 469 438 313 448
data\raw\val\02974_Animalia_Chordata_Amphibia_Anura_Dendrobatidae_Dendrobates_auratus\61e7fc93-4498-45f8-8e96-24e0d65e0738.jpg,140,140,140 438 406 407 493
data\raw\val\02974_Animalia_Chordata_Amphibia_Anura_Dendrobatidae_Dendrobates_auratus\ff71f734-1ed5-48af-ab1e-c42ae6ef0342.jpg,140,140,140 11 134 13 24
data\raw\val\02974_Animalia_Chordata_Amphibia_Anura_Dendrobatidae_Dendrobates_auratus\c80b3195-788c-46ad-bed8-768db0b13d77.jpg,140,140,140 11 443 231 10
data\raw\val\02974_Animalia_Chordata_Amphibia_Anura_Dendrobatidae_Dendrobates_auratus\932c1b91-2d33-4567-bbdd-00c691b50dcc.jpg,140,140,140 453 86 395 477
data\raw\val\02974_Animalia_Chordata_Amphibia_Anura_Dendrobatidae_Dendrobates_auratus\d1833801-286a-4e90-ae95-850f723a37b5.jpg,140,140,140 0 30 453 93
data\raw\val\02982_Animalia_Chordata_Amphibia_Anura_Hylidae_Boana_rosenbergi\2bab1400-d9a9-43f9-b066-04ae74a2e06c.jpg,141,463,463 64 141 231 56
data\raw\val\02982_Animalia_Chordata_Amphibia_Anura_Hylidae_Boana_rosenbergi\c0fe5e31-16c2-48cb-92a0-dac233a33277.jpg,141,47,47 77 46 81 55
data\raw\val\02982_Animalia_Chordata_Amphibia_Anura_Hylidae_Boana_rosenbergi\f19fcde9-aeab-4ed2-9ee0-b2ca3bc2f788.jpg,141,231,231 141 153 210 64
data\raw\val\02982_Animalia_Chordata_Amphibia_Anura_Hylidae_Boana_rosenbergi\3b2f5c3e-bfbb-4da5-9615-95cef890ddae.jpg,141,75,75 93 253 141 231
data\raw\val\02982_Animalia_Chordata_Amphibia_Anura_Hylidae_Boana_rosenbergi\8340132b-2e41-4a30-a6ef-de802c6bb0f6.jpg,141,231,231 75 141 3 64
data\raw\val\02982_Animalia_Chordata_Amphibia_Anura_Hylidae_Boana_rosenbergi\d954f0bb-9d39-4d10-8b45-371f49cfc8e0.jpg,141,253,253 102 31 47 45
data\raw\val\02982_Animalia_Chordata_Amphibia_Anura_Hylidae_Boana_rosenbergi\75b9531f-772e-461c-9aea-cb2815a784d4.jpg,141,125,125 249 251 248 18
data\raw\val\02982_Animalia_Chordata_Amphibia_Anura_Hylidae_Boana_rosenbergi\f11ada09-2432-41c6-825a-8c6c0ab4d0c4.jpg,141,231,231 75 153 141 86
data\raw\val\02982_Animalia_Chordata_Amphibia_Anura_Hylidae_Boana_rosenbergi\3be6a5b1-615c-450c-8997-8690b359662b.jpg,141,231,231 338 75 112 86
data\raw\val\02982_Animalia_Chordata_Amphibia_Anura_Hylidae_Boana_rosenbergi\46a6b96b-af30-4029-bac8-83cbd864ffcb.jpg,141,141,141 64 244 35 60
data\raw\val\03026_Animalia_Chordata_Amphibia_Anura_Ranidae_Lithobates_blairi\cbb151fc-bbef-4432-a4d6-ee80e448de2e.jpg,142,143,143 176 175 188 194
data\raw\val\03026_Animalia_Chordata_Amphibia_Anura_Ranidae_Lithobates_blairi\d6222c7e-cc7a-428d-9c2c-fcb7ded67871.jpg,142,143,143 142 3 239 192
data\raw\val\03026_Animalia_Chordata_Amphibia_Anura_Ranidae_Lithobates_blairi\fff5fdc4-b3ba-4451-987e-6fdb9b42efde.jpg,142,263,263 226 267 48 240
data\raw\val\03026_Animalia_Chordata_Amphibia_Anura_Ranidae_Lithobates_blairi\e2fce7fb-5e43-45a5-9894-15b8e08fa3c8.jpg,142,98,98 90 238 54 52
data\raw\val\03026_Animalia_Chordata_Amphibia_Anura_Ranidae_Lithobates_blairi\fb468bda-bc6f-4cdd-98ba-798cf9b74f6c.jpg,142,230,230 129 24 128 127
data\raw\val\03026_Animalia_Chordata_Amphibia_Anura_Ranidae_Lithobates_blairi\4df1e2e1-c4eb-4699-b767-627c36b675d4.jpg,142,343,343 285 407 294 142
data\raw\val\03026_Animalia_Chordata_Amphibia_Anura_Ranidae_Lithobates_blairi\60f2f6c2-784a-4c42-8893-41107926f056.jpg,142,226,226 215 78 225 303
data\raw\val\03026_Animalia_Chordata_Amphibia_Anura_Ranidae_Lithobates_blairi\25e7b4bf-c690-4090-9379-bd5173f2a767.jpg,142,260,260 204 49 73 160
data\raw\val\03026_Animalia_Chordata_Amphibia_Anura_Ranidae_Lithobates_blairi\e13e4b37-89dc-4c66-bc7e-a3ae3af3938d.jpg,142,133,133 125 145 128 78
data\raw\val\03026_Animalia_Chordata_Amphibia_Anura_Ranidae_Lithobates_blairi\a5a70928-8800-4cf3-8f0d-88750952e7b3.jpg,142,235,235 13 7 59 238
data\raw\val\03038_Animalia_Chordata_Amphibia_Anura_Ranidae_Pelophylax_ridibundus\2517140f-c807-4abf-b8ca-17cb6247840f.jpg,143,205,205 152 4 181 203
data\raw\val\03038_Animalia_Chordata_Amphibia_Anura_Ranidae_Pelophylax_ridibundus\886c4f08-e506-4e38-b768-8b300771d2ee.jpg,143,306,306 226 295 224 392
data\raw\val\03038_Animalia_Chordata_Amphibia_Anura_Ranidae_Pelophylax_ridibundus\98a6887f-ac09-4d96-9211-5ef12f235275.jpg,143,145,145 353 480 29 231
data\raw\val\03038_Animalia_Chordata_Amphibia_Anura_Ranidae_Pelophylax_ridibundus\68890f75-60b5-4d5c-93c0-333fcdb5be1b.jpg,143,144,144 142 265 262 145
data\raw\val\03038_Animalia_Chordata_Amphibia_Anura_Ranidae_Pelophylax_ridibundus\69deaf91-8741-4e83-86bc-270e094be5ed.jpg,143,143,143 253 131 241 141
data\raw\val\03038_Animalia_Chordata_Amphibia_Anura_Ranidae_Pelophylax_ridibundus\4b136ee3-31f8-4231-9e0d-46750196f8d7.jpg,143,91,91 78 253 240 269
data\raw\val\03038_Animalia_Chordata_Amphibia_Anura_Ranidae_Pelophylax_ridibundus\f6177ee1-e9d6-4f3d-b718-fd9b6c057e22.jpg,143,143,143 241 456 150 180
data\raw\val\03038_Animalia_Chordata_Amphibia_Anura_Ranidae_Pelophylax_ridibundus\e40df01c-e37b-4364-82f2-7f87e129586a.jpg,143,0,0 64 375 4 280
data\raw\val\03038_Animalia_Chordata_Amphibia_Anura_Ranidae_Pelophylax_ridibundus\c27db9ee-b968-4c68-baf8-bfd0735dcea2.jpg,143,143,143 144 241 110 138
data\raw\val\03038_Animalia_Chordata_Amphibia_Anura_Ranidae_Pelophylax_ridibundus\b1fd3d63-0e6a-4894-bf6d-b29bb607a3af.jpg,143,229,229 226 114 84 69
data\raw\val\03054_Animalia_Chordata_Amphibia_Anura_Scaphiopodidae_Scaphiopus_couchii\cbb66a24-89e4-466c-ad66-96a1d13b3660.jpg,144,237,237 223 144 228 142
data\raw\val\03054_Animalia_Chordata_Amphibia_Anura_Scaphiopodidae_Scaphiopus_couchii\2e0d95d9-f1b1-4e27-a0d7-c0e8802da76e.jpg,144,314,314 144 125 438 344
data\raw\val\03054_Animalia_Chordata_Amphibia_Anura_Scaphiopodidae_Scaphiopus_couchii\7366b0e5-3a50-4665-9423-90e3460c6521.jpg,144,141,141 55 60 264 144
data\raw\val\03054_Animalia_Chordata_Amphibia_Anura_Scaphiopodidae_Scaphiopus_couchii\a910afd3-38e9-413d-9f97-e062b2a776b7.jpg,144,314,314 379 7 237 431
data\raw\val\03054_Animalia_Chordata_Amphibia_Anura_Scaphiopodidae_Scaphiopus_couchii\03564176-999a-4d0d-b6d7-51ee5b6436bb.jpg,144,55,55 59 51 133 53
data\raw\val\03054_Animalia_Chordata_Amphibia_Anura_Scaphiopodidae_Scaphiopus_couchii\0c83e170-51f2-434f-9752-e467e7bb2e91.jpg,144,256,256 144 329 431 138
data\raw\val\03054_Animalia_Chordata_Amphibia_Anura_Scaphiopodidae_Scaphiopus_couchii\5d6292f1-bc08-43a2-b042-2126e19261fd.jpg,144,140,140 144 482 493 228
data\raw\val\03054_Animalia_Chordata_Amphibia_Anura_Scaphiopodidae_Scaphiopus_couchii\9f8ab971-c87f-4ec5-a315-6e7a51673740.jpg,144,283,283 204 202 278 73
data\raw\val\03054_Animalia_Chordata_Amphibia_Anura_Scaphiopodidae_Scaphiopus_couchii\bd626b9d-3ead-40cb-ad58-f39b101a74a6.jpg,144,450,450 429 427 112 105
data\raw\val\03054_Animalia_Chordata_Amphibia_Anura_Scaphiopodidae_Scaphiopus_couchii\8d6acead-77e4-40bd-a646-9b836d1e4da1.jpg,144,144,144 142 73 143 10
data\raw\val\03094_Animalia_Chordata_Amphibia_Caudata_Plethodontidae_Plethodon_serratus\537ccb10-6ebf-403b-8500-be2923be8c2f.jpg,145,104,104 105 177 11 140
data\raw\val\03094_Animalia_Chordata_Amphibia_Caudata_Plethodontidae_Plethodon_serratus\287d9858-bdda-43d2-a942-84e311581a92.jpg,145,239,239 301 25 225 428
data\raw\val\03094_Animalia_Chordata_Amphibia_Caudata_Plethodontidae_Plethodon_serratus\c2e2eff3-4b0d-49bd-bfe0-2d17b72175e1.jpg,145,151,151 245 86 48 87
data\raw\val\03094_Animalia_Chordata_Amphibia_Caudata_Plethodontidae_Plethodon_serratus\1e55442a-c9c9-4e2f-a735-c663425d1a72.jpg,145,177,177 145 223 11 157
data\raw\val\03094_Animalia_Chordata_Amphibia_Caudata_Plethodontidae_Plethodon_serratus\4ecb68b9-9dae-41d4-aca2-f7588653d354.jpg,145,211,211 117 118 122 213
data\raw\val\03094_Animalia_Chordata_Amphibia_Caudata_Plethodontidae_Plethodon_serratus\cac8e664-daa4-4152-b70c-9714626b01b3.jpg,145,353,353 354 190 292 397
data\raw\val\03094_Animalia_Chordata_Amphibia_Caudata_Plethodontidae_Plethodon_serratus\e35783f7-e18d-47b2-b63f-6e2be29b57f9.jpg,145,265,265 145 266 267 6
data\raw\val\03094_Animalia_Chordata_Amphibia_Caudata_Plethodontidae_Plethodon_serratus\ef9aa659-e25e-4092-a5dc-8596a1d0cd68.jpg,145,108,108 109 12 112 145
data\raw\val\03094_Animalia_Chordata_Amphibia_Caudata_Plethodontidae_Plethodon_serratus\9f717d3e-6425-41df-bce2-4e2bf8555c9e.jpg,145,259,259 145 124 48 90
data\raw\val\03094_Animalia_Chordata_Amphibia_Caudata_Plethodontidae_Plethodon_serratus\5dcdf2ab-b414-49fa-9037-c40afda4c204.jpg,145,79,79 21 130 102 269
data\raw\val\03135_Animalia_Chordata_Aves_Accipitriformes_Accipitridae_Buteo_swainsoni\93303a29-a94b-48a2-9f39-bc1115bdc2a3.jpg,146,54,54 57 137 20 159
data\raw\val\03135_Animalia_Chordata_Aves_Accipitriformes_Accipitridae_Buteo_swainsoni\207bed70-fd79-4ea3-8283-09fa53dd2b14.jpg,146,43,43 120 34 178 23
data\raw\val\03135_Animalia_Chordata_Aves_Accipitriformes_Accipitridae_Buteo_swainsoni\d2332c16-9e52-44ed-a813-175332f0dfd2.jpg,146,57,57 205 133 54 147
data\raw\val\03135_Animalia_Chordata_Aves_Accipitriformes_Accipitridae_Buteo_swainsoni\968e7ddb-e9ab-4180-9a8c-6d114ca3e299.jpg,146,185,185 170 169 300 165
data\raw\val\03135_Animalia_Chordata_Aves_Accipitriformes_Accipitridae_Buteo_swainsoni\62142206-d523-4f0e-be29-c9d06b387502.jpg,146,283,283 146 208 169 178
data\raw\val\03135_Animalia_Chordata_Aves_Accipitriformes_Accipitridae_Buteo_swainsoni\57316ed4-93ff-4cac-932e-ac6fe5ecd606.jpg,146,54,54 57 137 31 99
data\raw\val\03135_Animalia_Chordata_Aves_Accipitriformes_Accipitridae_Buteo_swainsoni\b741dde2-b145-4f73-881b-fec03ab1467e.jpg,146,176,176 174 193 168 171
data\raw\val\03135_Animalia_Chordata_Aves_Accipitriformes_Accipitridae_Buteo_swainsoni\4c146e8d-16a6-49c7-a041-8b591763457d.jpg,146,159,159 54 147 57 205
data\raw\val\03135_Animalia_Chordata_Aves_Accipitriformes_Accipitridae_Buteo_swainsoni\0050265e-4fba-422b-ae05-e520b883cc8e.jpg,146,148,148 149 147 167 174
data\raw\val\03135_Animalia_Chordata_Aves_Accipitriformes_Accipitridae_Buteo_swainsoni\2e3b2e5d-a2b3-40c0-8ca8-dd81ffb98235.jpg,146,283,283 57 52 211 347
data\raw\val\03147_Animalia_Chordata_Aves_Accipitriformes_Accipitridae_Circus_pygargus\86370773-6ed0-48dd-8929-6ab5e47169c1.jpg,147,148,148 214 215 213 147
data\raw\val\03147_Animalia_Chordata_Aves_Accipitriformes_Accipitridae_Circus_pygargus\4ff7249e-2e8c-4d0d-b281-cfe58d4d448c.jpg,147,137,137 132 216 136 245
data\raw\val\03147_Animalia_Chordata_Aves_Accipitriformes_Accipitridae_Circus_pygargus\79d5a783-8ad7-47dd-84d7-792c8040585c.jpg,147,301,301 220 280 181 157
data\raw\val\03147_Animalia_Chordata_Aves_Accipitriformes_Accipitridae_Circus_pygargus\25d35085-2bf2-4d91-9ced-d6b648708f34.jpg,147,159,159 147 205 54 172
data\raw\val\03147_Animalia_Chordata_Aves_Accipitriformes_Accipitridae_Circus_pygargus\50fdb524-b08f-4534-ae2f-52b266db3f8b.jpg,147,148,148 147 149 166 167
data\raw\val\03147_Animalia_Chordata_Aves_Accipitriformes_Accipitridae_Circus_pygargus\03127c54-c375-4e0f-8edf-9625b218455a.jpg,147,211,211 147 164 215 157
data\raw\val\03147_Animalia_Chordata_Aves_Accipitriformes_Accipitridae_Circus_pygargus\1592b445-92c8-46ce-ad86-27654e92acf0.jpg,147,164,164 147 199 163 205
data\raw\val\03147_Animalia_Chordata_Aves_Accipitriformes_Accipitridae_Circus_pygargus\6576ff78-ffd3-499d-86c1-aae3a4758def.jpg,147,54,54 57 159 147 20
data\raw\val\03147_Animalia_Chordata_Aves_Accipitriformes_Accipitridae_Circus_pygargus\a4f26f62-29a0-4372-b59f-87f023c69deb.jpg,147,54,54 57 31 33 18
data\raw\val\03147_Animalia_Chordata_Aves_Accipitriformes_Accipitridae_Circus_pygargus\c5968607-e2b3-4c1d-a4ed-b486b1dcc70f.jpg,147,54,54 137 57 159 132
data\raw\val\03160_Animalia_Chordata_Aves_Accipitriformes_Accipitridae_Haliaeetus_albicilla\bd64a408-8e32-4d29-807a-dd510b993035.jpg,148,217,217 242 216 202 212
data\raw\val\03160_Animalia_Chordata_Aves_Accipitriformes_Accipitridae_Haliaeetus_albicilla\06f7d170-5453-4993-95ec-cc5a4568935b.jpg,148,148,148 12 147 108 220
data\raw\val\03160_Animalia_Chordata_Aves_Accipitriformes_Accipitridae_Haliaeetus_albicilla\11441194-9b21-4426-a02e-8ba7dca1ea9a.jpg,148,216,216 152 150 203 154
data\raw\val\03160_Animalia_Chordata_Aves_Accipitriformes_Accipitridae_Haliaeetus_albicilla\b050c36b-44c0-43c7-a2c3-45f5702d05d7.jpg,148,149,149 146 169 147 148
data\raw\val\03160_Animalia_Chordata_Aves_Accipitriformes_Accipitridae_Haliaeetus_albicilla\f2a3c307-2f4c-4804-bbba-4cbb6ba083f4.jpg,148,54,54 57 101 55 47
data\raw\val\03160_Animalia_Chordata_Aves_Accipitriformes_Accipitridae_Haliaeetus_albicilla\7f02c7c7-b434-4c59-8ff1-7dedca33a057.jpg,148,54,54 57 159 137 132
data\raw\val\03160_Animalia_Chordata_Aves_Accipitriformes_Accipitridae_Haliaeetus_albicilla\789f2781-50ba-49e1-8f3b-fa8bf025df1c.jpg,148,232,232 458 200 199 214
data\raw\val\03160_Animalia_Chordata_Aves_Accipitriformes_Accipitridae_Haliaeetus_albicilla\02394e50-660a-416a-80e7-9e593ce1921f.jpg,148,148,148 245 154 172 130
data\raw\val\03160_Animalia_Chordata_Aves_Accipitriformes_Accipitridae_Haliaeetus_albicilla\0a4b5be7-e0e3-456e-9e19-4bcad5cda14e.jpg,148,205,205 147 173 159 172
data\raw\val\03160_Animalia_Chordata_Aves_Accipitriformes_Accipitridae_Haliaeetus_albicilla\f53843c6-7556-4331-8280-1ccbea0a4899.jpg,148,216,216 151 5 80 150
data\raw\val\03168_Animalia_Chordata_Aves_Accipitriformes_Accipitridae_Ictinia_plumbea\20a56d66-6175-4f73-a332-7fdf606c19ad.jpg,149,209,209 149 486 175 167
data\raw\val\03168_Animalia_Chordata_Aves_Accipitriformes_Accipitridae_Ictinia_plumbea\944bd8a7-16ba-4d58-8e2b-7290b09c20dc.jpg,149,1,1 206 165 108 149
data\raw\val\03168_Animalia_Chordata_Aves_Accipitriformes_Accipitridae_Ictinia_plumbea\6dd45f07-a420-401a-bad9-f1a671c23d44.jpg,149,187,187 168 189 175 167
data\raw\val\03168_Animalia_Chordata_Aves_Accipitriformes_Accipitridae_Ictinia_plumbea\3206bf49-ae3c-45c2-a3f6-96af09d7648f.jpg,149,169,169 159 146 147 148
data\raw\val\03168_Animalia_Chordata_Aves_Accipitriformes_Accipitridae_Ictinia_plumbea\bfabcdfe-39d8-49d0-991c-b8275b5ae1c2.jpg,149,149,149 174 175 206 146
data\raw\val\03168_Animalia_Chordata_Aves_Accipitriformes_Accipitridae_Ictinia_plumbea\b5cde211-f408-43f9-9bab-d11c1161715d.jpg,149,172,172 108 158 148 147
data\raw\val\03168_Animalia_Chordata_Aves_Accipitriformes_Accipitridae_Ictinia_plumbea\eae4416b-6f97-4146-9895-a4968cca3c1c.jpg,149,146,146 488 175 149 165
data\raw\val\03168_Animalia_Chordata_Aves_Accipitriformes_Accipitridae_Ictinia_plumbea\b4bca1fe-6467-4a7b-8366-7890e3471c97.jpg,149,57,57 54 159 137 147
data\raw\val\03168_Animalia_Chordata_Aves_Accipitriformes_Accipitridae_Ictinia_plumbea\7c08fa31-f915-4414-ad36-3a15d575acea.jpg,149,132,132 54 137 159 57
data\raw\val\03168_Animalia_Chordata_Aves_Accipitriformes_Accipitridae_Ictinia_plumbea\e32c032f-9e97-4568-b47f-bc2e6217c98a.jpg,149,209,209 149 176 175 193
data\raw\val\03200_Animalia_Chordata_Aves_Anseriformes_Anatidae_Anas_gracilis\3da4be70-112c-4d31-8cbd-1ec769cc935b.jpg,150,217,217 212 242 227 232
data\raw\val\03200_Animalia_Chordata_Aves_Anseriformes_Anatidae_Anas_gracilis\1bf2a580-ff39-49f0-a507-d3201f3cf497.jpg,150,175,175 174 176 197 166
data\raw\val\03200_Animalia_Chordata_Aves_Anseriformes_Anatidae_Anas_gracilis\02a99192-97d4-4850-b3ca-597c0ada3794.jpg,150,150,150 151 204 154 216
data\raw\val\03200_Animalia_Chordata_Aves_Anseriformes_Anatidae_Anas_gracilis\8dca27b1-20bd-48e0-9bf6-5f590c82398a.jpg,150,25,25 204 0 239 234
data\raw\val\03200_Animalia_Chordata_Aves_Anseriformes_Anatidae_Anas_gracilis\5764bdd6-e75a-444a-9975-aeaba477f069.jpg,150,150,150 151 217 241 219
data\raw\val\03200_Animalia_Chordata_Aves_Anseriformes_Anatidae_Anas_gracilis\06dab1ab-4587-4917-bde6-1e7dc31fe2a5.jpg,150,42,42 159 150 49 58
data\raw\val\03200_Animalia_Chordata_Aves_Anseriformes_Anatidae_Anas_gracilis\8bf8e12f-6947-45dc-9a1d-aa56d7f7c6f0.jpg,150,148,148 147 172 159 108
data\raw\val\03200_Animalia_Chordata_Aves_Anseriformes_Anatidae_Anas_gracilis\8579eb4f-9721-41ff-90a7-c361ad920810.jpg,150,214,214 215 213 200 211
data\raw\val\03200_Animalia_Chordata_Aves_Anseriformes_Anatidae_Anas_gracilis\d2419610-57da-47fa-82d9-67ccfecde860.jpg,150,225,225 151 241 156 201
data\raw\val\03200_Animalia_Chordata_Aves_Anseriformes_Anatidae_Anas_gracilis\390c3a5e-8f9f-4bfc-9804-b937a5f7290f.jpg,150,159,159 117 33 300 31
data\raw\val\03206_Animalia_Chordata_Aves_Anseriformes_Anatidae_Anas_zonorhyncha\2e35ef91-520c-4adf-8158-08f6657c5252.jpg,151,151,151 158 155 168 183
data\raw\val\03206_Animalia_Chordata_Aves_Anseriformes_Anatidae_Anas_zonorhyncha\0f61f959-b737-4856-9134-305efb55c459.jpg,151,216,216 219 152 203 150
data\raw\val\03206_Animalia_Chordata_Aves_Anseriformes_Anatidae_Anas_zonorhyncha\32f4456d-2b78-4fe1-ad22-293afaec542a.jpg,151,150,150 151 154 162 155
data\raw\val\03206_Animalia_Chordata_Aves_Anseriformes_Anatidae_Anas_zonorhyncha\432555c2-807b-4daf-a03e-6c201804cd6b.jpg,151,150,150 151 216 159 154
data\raw\val\03206_Animalia_Chordata_Aves_Anseriformes_Anatidae_Anas_zonorhyncha\b2f85224-2825-4896-83de-2584081f5499.jpg,151,312,312 140 162 493 175
data\raw\val\03206_Animalia_Chordata_Aves_Anseriformes_Anatidae_Anas_zonorhyncha\aece1620-6dbf-42bb-a87f-1544e68ad87c.jpg,151,151,151 155 157 150 158
data\raw\val\03206_Animalia_Chordata_Aves_Anseriformes_Anatidae_Anas_zonorhyncha\da21a087-02af-4201-a368-6751bd04f632.jpg,151,259,259 356 3 145 375
data\raw\val\03206_Animalia_Chordata_Aves_Anseriformes_Anatidae_Anas_zonorhyncha\a04e3429-2eed-4b33-95da-687ac402f42d.jpg,151,242,242 243 351 214 217
data\raw\val\03206_Animalia_Chordata_Aves_Anseriformes_Anatidae_Anas_zonorhyncha\80473fce-2b5c-4548-ada7-777cd1e0e418.jpg,151,150,150 241 221 226 219
data\raw\val\03206_Animalia_Chordata_Aves_Anseriformes_Anatidae_Anas_zonorhyncha\84238ed5-3b93-4695-b102-f6b5b9bfe0ff.jpg,151,151,151 150 199 204 168
data\raw\val\03242_Animalia_Chordata_Aves_Anseriformes_Anatidae_Cygnus_cygnus\c29254c7-7400-4b59-af66-ecfc1bc1d2eb.jpg,152,202,202 204 190 255 222
data\raw\val\03242_Animalia_Chordata_Aves_Anseriformes_Anatidae_Cygnus_cygnus\ec24de29-f16e-4369-b4df-85f4227ea74e.jpg,152,152,152 205 203 204 202
data\raw\val\03242_Animalia_Chordata_Aves_Anseriformes_Anatidae_Cygnus_cygnus\371a8609-0831-4f62-bd99-25aabc6b0a7d.jpg,152,152,152 203 204 202 199
data\raw\val\03242_Animalia_Chordata_Aves_Anseriformes_Anatidae_Cygnus_cygnus\a7ede449-a260-462f-a021-03b00fb75c09.jpg,152,157,157 55 128 42 241
data\raw\val\03242_Animalia_Chordata_Aves_Anseriformes_Anatidae_Cygnus_cygnus\bf1d3c63-b04f-46b6-8303-a1ca974300ce.jpg,152,132,132 4 134 158 203
data\raw\val\03242_Animalia_Chordata_Aves_Anseriformes_Anatidae_Cygnus_cygnus\8f6aa3a7-d38f-4a33-9971-8f677501166c.jpg,152,152,152 203 155 202 151
data\raw\val\03242_Animalia_Chordata_Aves_Anseriformes_Anatidae_Cygnus_cygnus\1b05791a-8bf1-47c1-a53b-af182da7c7ec.jpg,152,150,150 159 151 219 42
data\raw\val\03242_Animalia_Chordata_Aves_Anseriformes_Anatidae_Cygnus_cygnus\e48c6c3a-5cce-4031-b164-d77dde2e6006.jpg,152,158,158 108 157 203 205
data\raw\val\03242_Animalia_Chordata_Aves_Anseriformes_Anatidae_Cygnus_cygnus\7ff56262-9dbb-4ce3-97eb-2567f6ffb957.jpg,152,54,54 57 159 33 31
data\raw\val\03242_Animalia_Chordata_Aves_Anseriformes_Anatidae_Cygnus_cygnus\c9066374-da87-46b7-9ede-94d372c15c53.jpg,152,329,329 328 180 336 181
data\raw\val\03297_Animalia_Chordata_Aves_Caprimulgiformes_Podargidae_Podargus_strigoides\337ba8b1-5207-4789-8b38-25e88ac675aa.jpg,153,268,268 254 162 140 271
data\raw\val\03297_Animalia_Chordata_Aves_Caprimulgiformes_Podargidae_Podargus_strigoides\06f90f74-6f31-451d-b335-2261e019c14d.jpg,153,191,191 146 486 192 260
data\raw\val\03297_Animalia_Chordata_Aves_Caprimulgiformes_Podargidae_Podargus_strigoides\677c3d27-e82d-48fd-b9c1-e6c64f1f4078.jpg,153,234,234 9 192 3 239
data\raw\val\03297_Animalia_Chordata_Aves_Caprimulgiformes_Podargidae_Podargus_strigoides\3de34e63-1cb9-4a1f-96f9-f57212d84417.jpg,153,293,293 283 233 278 236
data\raw\val\03297_Animalia_Chordata_Aves_Caprimulgiformes_Podargidae_Podargus_strigoides\fc17808f-9dcf-4e06-9678-0bf0afe92a9b.jpg,153,209,209 187 210 175 191
data\raw\val\03297_Animalia_Chordata_Aves_Caprimulgiformes_Podargidae_Podargus_strigoides\2b910bdb-a0b3-49cc-8d82-71a25997691c.jpg,153,175,175 166 209 168 193
data\raw\val\03297_Animalia_Chordata_Aves_Caprimulgiformes_Podargidae_Podargus_strigoides\14693411-e635-4237-b2d8-dea4fd4f9fdb.jpg,153,369,369 441 367 469 467
data\raw\val\03297_Animalia_Chordata_Aves_Caprimulgiformes_Podargidae_Podargus_strigoides\b335f5e6-3f67-4607-8a62-cd02635cb615.jpg,153,260,260 264 191 153 207
data\raw\val\03297_Animalia_Chordata_Aves_Caprimulgiformes_Podargidae_Podargus_strigoides\0024bc5b-c52c-4d72-a3c8-97bee987453a.jpg,153,192,192 153 269 191 72
data\raw\val\03297_Animalia_Chordata_Aves_Caprimulgiformes_Podargidae_Podargus_strigoides\42fa189f-61e3-43f8-8823-cbbbd552d9df.jpg,153,153,153 191 264 192 270
data\raw\val\03341_Animalia_Chordata_Aves_Charadriiformes_Alcidae_Cerorhinca_monocerata\e04048cc-9e6e-4c57-8e65-c169889344ed.jpg,154,177,177 213 226 199 166
data\raw\val\03341_Animalia_Chordata_Aves_Charadriiformes_Alcidae_Cerorhinca_monocerata\325b4a7b-2106-41e4-ba0b-04a774062149.jpg,154,216,216 154 151 155 150
data\raw\val\03341_Animalia_Chordata_Aves_Charadriiformes_Alcidae_Cerorhinca_monocerata\1bfeb5ce-3f60-4132-aef7-30e181c0de6a.jpg,154,154,154 216 151 150 155
data\raw\val\03341_Animalia_Chordata_Aves_Charadriiformes_Alcidae_Cerorhinca_monocerata\215ae68f-3648-49f8-906f-ea7d80ee2712.jpg,154,216,216 151 154 150 155
data\raw\val\03341_Animalia_Chordata_Aves_Charadriiformes_Alcidae_Cerorhinca_monocerata\08ab8c70-59c8-4527-8747-f5d07c429de0.jpg,154,154,154 216 158 151 150
data\raw\val\03341_Animalia_Chordata_Aves_Charadriiformes_Alcidae_Cerorhinca_monocerata\97105fe3-8def-4388-aa48-d5e07fd99c09.jpg,154,154,154 157 148 158 150
data\raw\val\03341_Animalia_Chordata_Aves_Charadriiformes_Alcidae_Cerorhinca_monocerata\aa2fd1ac-41e6-4429-9a61-9b9a4472557b.jpg,154,154,154 216 150 151 158
data\raw\val\03341_Animalia_Chordata_Aves_Charadriiformes_Alcidae_Cerorhinca_monocerata\db2b3ecd-178a-4407-9440-072cc378d1cf.jpg,154,154,154 216 150 151 158
data\raw\val\03341_Animalia_Chordata_Aves_Charadriiformes_Alcidae_Cerorhinca_monocerata\6871f834-e5ed-41bf-920c-d0c19f178c18.jpg,154,154,154 216 155 152 158
data\raw\val\03341_Animalia_Chordata_Aves_Charadriiformes_Alcidae_Cerorhinca_monocerata\a9943838-09f3-4b3b-9714-3f3838c86ec7.jpg,154,24,24 22 262 144 13
data\raw\val\03342_Animalia_Chordata_Aves_Charadriiformes_Alcidae_Fratercula_arctica\3d67e1bc-47e7-4904-8967-fc7160095de3.jpg,155,155,155 154 12 216 151
data\raw\val\03342_Animalia_Chordata_Aves_Charadriiformes_Alcidae_Fratercula_arctica\6752ee6a-9377-44b1-b364-9f0dad9571a1.jpg,155,160,160 220 211 205 147
data\raw\val\03342_Animalia_Chordata_Aves_Charadriiformes_Alcidae_Fratercula_arctica\1b62fa65-64b0-48da-96d9-d78d13506ffd.jpg,155,197,197 183 115 209 207
data\raw\val\03342_Animalia_Chordata_Aves_Charadriiformes_Alcidae_Fratercula_arctica\66346614-d277-4291-8ed8-2ba43a790457.jpg,155,155,155 12 71 259 437
data\raw\val\03342_Animalia_Chordata_Aves_Charadriiformes_Alcidae_Fratercula_arctica\2f0349c4-7a56-4507-bf31-73a701355b88.jpg,155,257,257 7 6 24 259
data\raw\val\03342_Animalia_Chordata_Aves_Charadriiformes_Alcidae_Fratercula_arctica\23625c2f-f3cc-4437-b276-e152f21023ff.jpg,155,157,157 217 220 212 221
data\raw\val\03342_Animalia_Chordata_Aves_Charadriiformes_Alcidae_Fratercula_arctica\1f5bc33d-50be-4b20-a0ad-ef299fd8cdc5.jpg,155,24,24 414 250 157 174
data\raw\val\03342_Animalia_Chordata_Aves_Charadriiformes_Alcidae_Fratercula_arctica\08cdb847-c82b-4fbf-bd5f-3b69e6bb419c.jpg,155,155,155 160 200 193 172
data\raw\val\03342_Animalia_Chordata_Aves_Charadriiformes_Alcidae_Fratercula_arctica\9850e979-e73c-4953-85e1-f91922a35fbd.jpg,155,155,155 160 220 204 148
data\raw\val\03342_Animalia_Chordata_Aves_Charadriiformes_Alcidae_Fratercula_arctica\f3004947-eea1-4e2f-88b2-db9badbed9d1.jpg,155,220,220 213 160 155 214
data\raw\val\03346_Animalia_Chordata_Aves_Charadriiformes_Burhinidae_Burhinus_grallarius\324ac794-aee1-400f-ab0e-159a04c781cc.jpg,156,212,212 156 225 179 217
data\raw\val\03346_Animalia_Chordata_Aves_Charadriiformes_Burhinidae_Burhinus_grallarius\347faeef-4042-478e-84f2-a6544d6ff83a.jpg,156,226,226 491 224 305 229
data\raw\val\03346_Animalia_Chordata_Aves_Charadriiformes_Burhinidae_Burhinus_grallarius\5ae8119a-758f-45ef-9c20-7d4fce7c6415.jpg,156,164,164 166 147 199 214
data\raw\val\03346_Animalia_Chordata_Aves_Charadriiformes_Burhinidae_Burhinus_grallarius\53569351-f0ee-4e4e-a697-8838ce5c4dfb.jpg,156,7,7 242 226 234 240
data\raw\val\03346_Animalia_Chordata_Aves_Charadriiformes_Burhinidae_Burhinus_grallarius\b6efcc1d-77ec-49b8-ba2a-c43d84e06256.jpg,156,162,162 221 176 214 213
data\raw\val\03346_Animalia_Chordata_Aves_Charadriiformes_Burhinidae_Burhinus_grallarius\b6c012a7-8f2a-4516-bcd7-c620fa257b63.jpg,156,215,215 226 214 221 156
data\raw\val\03346_Animalia_Chordata_Aves_Charadriiformes_Burhinidae_Burhinus_grallarius\b0b5f3f5-71d3-445a-b24e-f6a79b69c3ff.jpg,156,213,213 162 190 222 214
data\raw\val\03346_Animalia_Chordata_Aves_Charadriiformes_Burhinidae_Burhinus_grallarius\0752d5ab-f2fd-4c3d-885d-0e362698b253.jpg,156,492,492 269 272 493 498
data\raw\val\03346_Animalia_Chordata_Aves_Charadriiformes_Burhinidae_Burhinus_grallarius\34e97d5e-68cb-426c-af1e-f15ed3d3592a.jpg,156,242,242 229 254 232 234
data\raw\val\03346_Animalia_Chordata_Aves_Charadriiformes_Burhinidae_Burhinus_grallarius\fb0a13a4-ad07-4be2-ad9e-35b020c59db9.jpg,156,213,213 200 220 184 211
data\raw\val\03352_Animalia_Chordata_Aves_Charadriiformes_Charadriidae_Charadrius_hiaticula\4991b00d-6aaa-4487-8b83-eda1f0a330d4.jpg,157,241,241 137 157 216 136
data\raw\val\03352_Animalia_Chordata_Aves_Charadriiformes_Charadriidae_Charadrius_hiaticula\a8afd468-d7e6-40c6-8744-6837b5b0e861.jpg,157,157,157 151 150 159 158
data\raw\val\03352_Animalia_Chordata_Aves_Charadriiformes_Charadriidae_Charadrius_hiaticula\5442fc22-c999-485d-857b-11f55b2ee464.jpg,157,219,219 151 158 150 241
data\raw\val\03352_Animalia_Chordata_Aves_Charadriiformes_Charadriidae_Charadrius_hiaticula\e12b9fa9-8b45-4f58-9766-bdf9319c9505.jpg,157,11,11 161 182 177 168
data\raw\val\03352_Animalia_Chordata_Aves_Charadriiformes_Charadriidae_Charadrius_hiaticula\2bfcb3f0-119b-4b5f-ba72-4647442527e0.jpg,157,152,152 157 203 150 201
data\raw\val\03352_Animalia_Chordata_Aves_Charadriiformes_Charadriidae_Charadrius_hiaticula\8345412a-b849-457b-98bd-5083de1eb6db.jpg,157,157,157 203 168 205 161
data\raw\val\03352_Animalia_Chordata_Aves_Charadriiformes_Charadriidae_Charadrius_hiaticula\d7169000-d23d-4e0f-b69c-ff57af7241dc.jpg,157,46,46 157 102 150 1
data\raw\val\03352_Animalia_Chordata_Aves_Charadriiformes_Charadriidae_Charadrius_hiaticula\3a9119cb-b1b4-4c42-85dd-1f2d0b5b3d5e.jpg,157,159,159 147 148 108 158
data\raw\val\03352_Animalia_Chordata_Aves_Charadriiformes_Charadriidae_Charadrius_hiaticula\9a0d3d42-0f51-4dea-96a3-c8c26cf03b6d.jpg,157,202,202 158 204 205 160
data\raw\val\03352_Animalia_Chordata_Aves_Charadriiformes_Charadriidae_Charadrius_hiaticula\54dd4a3f-885c-49a5-adcb-d48ce2894339.jpg,157,157,157 155 117 119 12
data\raw\val\03402_Animalia_Chordata_Aves_Charadriiformes_Laridae_Chroicocephalus_ridibundus\b3530d17-727e-4764-95b1-ad381c33c92b.jpg,158,45,45 159 151 216 5
data\raw\val\03402_Animalia_Chordata_Aves_Charadriiformes_Laridae_Chroicocephalus_ridibundus\86d223d3-23ed-46eb-a051-9a14d2687427.jpg,158,157,157 158 150 151 168
data\raw\val\03402_Animalia_Chordata_Aves_Charadriiformes_Laridae_Chroicocephalus_ridibundus\6023e79c-3da4-42d0-b709-c4df79138a40.jpg,158,154,154 204 155 152 216
data\raw\val\03402_Animalia_Chordata_Aves_Charadriiformes_Laridae_Chroicocephalus_ridibundus\9953c5b8-fcc6-40cb-9389-411c7cb32fac.jpg,158,164,164 159 211 157 147
data\raw\val\03402_Animalia_Chordata_Aves_Charadriiformes_Laridae_Chroicocephalus_ridibundus\bcbae826-c16d-4097-b7b0-3d192f957fa9.jpg,158,203,203 152 158 204 202
data\raw\val\03402_Animalia_Chordata_Aves_Charadriiformes_Laridae_Chroicocephalus_ridibundus\724adb40-b05d-4b6c-994c-52cde5bc1145.jpg,158,212,212 217 155 227 151
data\raw\val\03402_Animalia_Chordata_Aves_Charadriiformes_Laridae_Chroicocephalus_ridibundus\2e19e6ad-0961-4acb-a354-29cc7a92ce4f.jpg,158,205,205 203 65 421 158
data\raw\val\03402_Animalia_Chordata_Aves_Charadriiformes_Laridae_Chroicocephalus_ridibundus\5393aed5-9960-4106-8604-af7f658cbd97.jpg,158,323,323 456 202 155 255
data\raw\val\03402_Animalia_Chordata_Aves_Charadriiformes_Laridae_Chroicocephalus_ridibundus\65bad439-1763-46d8-9b27-3245f81653b0.jpg,158,4,4 55 216 241 158
data\raw\val\03402_Animalia_Chordata_Aves_Charadriiformes_Laridae_Chroicocephalus_ridibundus\185f5d68-7b6e-4f76-9f76-1e975891079d.jpg,158,205,205 159 158 152 203
data\raw\val\03479_Animalia_Chordata_Aves_Charadriiformes_Scolopacidae_Numenius_americanus\193eea0e-e6cb-4de9-8c26-3fb0c437a91b.jpg,159,159,159 178 25 217 173
data\raw\val\03479_Animalia_Chordata_Aves_Charadriiformes_Scolopacidae_Numenius_americanus\14e36164-b940-43e0-adb8-9d077e17bad6.jpg,159,55,55 56 205 152 4
data\raw\val\03479_Animalia_Chordata_Aves_Charadriiformes_Scolopacidae_Numenius_americanus\1f97c733-7b79-4474-a04d-8d7cd292cdc6.jpg,159,154,154 158 152 159 203
data\raw\val\03479_Animalia_Chordata_Aves_Charadriiformes_Scolopacidae_Numenius_americanus\7126ae70-3b02-4581-a4a0-c836c5314ab7.jpg,159,18,18 16 209 172 185
data\raw\val\03479_Animalia_Chordata_Aves_Charadriiformes_Scolopacidae_Numenius_americanus\cc73709b-073f-4780-bc45-d4a726e5f502.jpg,159,150,150 158 151 216 203
data\raw\val\03479_Animalia_Chordata_Aves_Charadriiformes_Scolopacidae_Numenius_americanus\9e147d9c-2e2c-4bc3-a614-233ddb69dc1d.jpg,159,45,45 108 159 42 47
data\raw\val\03479_Animalia_Chordata_Aves_Charadriiformes_Scolopacidae_Numenius_americanus\1422b015-1e43-4e65-b21f-e43953a1a158.jpg,159,102,102 245 59 100 123
data\raw\val\03479_Animalia_Chordata_Aves_Charadriiformes_Scolopacidae_Numenius_americanus\53d69bc3-c067-48f6-b85a-346c09123aad.jpg,159,159,159 205 147 203 178
data\raw\val\03479_Animalia_Chordata_Aves_Charadriiformes_Scolopacidae_Numenius_americanus\19a65058-9906-4ca5-8549-2bd9c3d71406.jpg,159,159,159 216 59 42 150
data\raw\val\03479_Animalia_Chordata_Aves_Charadriiformes_Scolopacidae_Numenius_americanus\d0c93bbb-933e-4ae9-840b-4fbc9686e638.jpg,159,150,150 203 151 204 202
data\raw\val\03502_Animalia_Chordata_Aves_Ciconiiformes_Ciconiidae_Ciconia_ciconia\5e82d9f9-f628-4cc8-a17b-a645f66d81ba.jpg,160,152,152 203 164 202 199
data\raw\val\03502_Animalia_Chordata_Aves_Ciconiiformes_Ciconiidae_Ciconia_ciconia\9c11480a-bc4b-4a3c-b408-ebafcf4c40e9.jpg,160,152,152 163 199 164 219
data\raw\val\03502_Animalia_Chordata_Aves_Ciconiiformes_Ciconiidae_Ciconia_ciconia\53fdc7d0-cdbc-4f3b-9a23-4ba8565013c9.jpg,160,86,86 21 269 79 51
data\raw\val\03502_Animalia_Chordata_Aves_Ciconiiformes_Ciconiidae_Ciconia_ciconia\d2d8411e-d961-4850-b017-531bed1342f1.jpg,160,164,164 214 199 147 215
data\raw\val\03502_Animalia_Chordata_Aves_Ciconiiformes_Ciconiidae_Ciconia_ciconia\463a06e4-2cea-4196-bc4e-710ae49a22ee.jpg,160,178,178 212 52 260 73
data\raw\val\03502_Animalia_Chordata_Aves_Ciconiiformes_Ciconiidae_Ciconia_ciconia\589df228-184b-40cc-9037-ad1cb0c1c57b.jpg,160,214,214 164 211 166 147
data\raw\val\03502_Animalia_Chordata_Aves_Ciconiiformes_Ciconiidae_Ciconia_ciconia\d01676e9-1bf0-4460-a5ed-712929e51669.jpg,160,205,205 158 152 147 108
data\raw\val\03502_Animalia_Chordata_Aves_Ciconiiformes_Ciconiidae_Ciconia_ciconia\12487737-1a54-4dc0-8bff-3a63e4e4eeea.jpg,160,486,486 212 278 220 160
data\raw\val\03502_Animalia_Chordata_Aves_Ciconiiformes_Ciconiidae_Ciconia_ciconia\5664255e-c4a6-41ac-bc4e-1953c0720271.jpg,160,159,159 147 169 205 108
data\raw\val\03502_Animalia_Chordata_Aves_Ciconiiformes_Ciconiidae_Ciconia_ciconia\5b6620c5-94cf-45a0-b6f4-d07ea79bfbab.jpg,160,211,211 160 148 147 164
data\raw\val\03534_Animalia_Chordata_Aves_Columbiformes_Columbidae_Streptopelia_capicola\a26cbc13-2451-40ed-9291-4f1bda1be7b1.jpg,161,27,27 178 114 115 174
data\raw\val\03534_Animalia_Chordata_Aves_Columbiformes_Columbidae_Streptopelia_capicola\4bbe09c9-6ed5-485e-9861-b4414c58e786.jpg,161,204,204 222 197 161 183
data\raw\val\03534_Animalia_Chordata_Aves_Columbiformes_Columbidae_Streptopelia_capicola\db3e751c-7f48-450f-b970-3c72f0ea3836.jpg,161,224,224 161 163 243 67
data\raw\val\03534_Animalia_Chordata_Aves_Columbiformes_Columbidae_Streptopelia_capicola\0387f0ac-5528-47d7-8ee2-5d3b96cce10e.jpg,161,149,149 209 187 167 168
data\raw\val\03534_Animalia_Chordata_Aves_Columbiformes_Columbidae_Streptopelia_capicola\c4739073-3dec-40df-9143-b5b7cf5b52d3.jpg,161,164,164 161 177 247 163
data\raw\val\03534_Animalia_Chordata_Aves_Columbiformes_Columbidae_Streptopelia_capicola\7d034fd9-c41a-4215-996e-df909b2087fa.jpg,161,239,239 235 182 187 161
data\raw\val\03534_Animalia_Chordata_Aves_Columbiformes_Columbidae_Streptopelia_capicola\579c7070-b054-4570-9fff-d13800919f6a.jpg,161,161,161 177 163 156 214
data\raw\val\03534_Animalia_Chordata_Aves_Columbiformes_Columbidae_Streptopelia_capicola\ef6f1c4f-b3fb-452d-bcd8-03c8ee18b26f.jpg,161,149,149 175 168 167 209
data\raw\val\03534_Animalia_Chordata_Aves_Columbiformes_Columbidae_Streptopelia_capicola\4f598a4d-9918-4598-ba61-488c7d88be6c.jpg,161,154,154 122 148 245 132
data\raw\val\03534_Animalia_Chordata_Aves_Columbiformes_Columbidae_Streptopelia_capicola\6e1644ed-b217-40a3-964a-d40098db5c10.jpg,161,140,140 254 13 223 231
data\raw\val\03617_Animalia_Chordata_Aves_Galliformes_Cracidae_Penelope_obscura\836e9fc5-1783-4e27-812f-62fc224d71aa.jpg,162,203,203 152 154 202 217
data\raw\val\03617_Animalia_Chordata_Aves_Galliformes_Cracidae_Penelope_obscura\3af371d3-c2f4-4549-892b-0065a116ceb9.jpg,162,207,207 162 193 209 36
data\raw\val\03617_Animalia_Chordata_Aves_Galliformes_Cracidae_Penelope_obscura\57900f09-d8a3-4d4d-9eff-53abb70c4205.jpg,162,162,162 209 155 207 36
data\raw\val\03617_Animalia_Chordata_Aves_Galliformes_Cracidae_Penelope_obscura\20ba6f4e-584c-4289-a8ec-04a9f741e955.jpg,162,206,206 194 209 193 0
data\raw\val\03617_Animalia_Chordata_Aves_Galliformes_Cracidae_Penelope_obscura\ae8c441c-9073-4166-abdf-51a38263e184.jpg,162,207,207 435 307 162 434
data\raw\val\03617_Animalia_Chordata_Aves_Galliformes_Cracidae_Penelope_obscura\012d7c8c-b0ee-4cbc-9d04-7948b2f69e5d.jpg,162,207,207 162 222 115 189
data\raw\val\03617_Animalia_Chordata_Aves_Galliformes_Cracidae_Penelope_obscura\28b32f5c-884c-4bed-958f-dca5660a1c3a.jpg,162,162,162 213 222 36 155
data\raw\val\03617_Animalia_Chordata_Aves_Galliformes_Cracidae_Penelope_obscura\5957f2aa-deba-4f9a-a566-b2fe18786b19.jpg,162,162,162 154 213 36 155
data\raw\val\03617_Animalia_Chordata_Aves_Galliformes_Cracidae_Penelope_obscura\5c028320-e567-4ad1-8864-d293c694ade7.jpg,162,162,162 213 94 29 200
data\raw\val\03617_Animalia_Chordata_Aves_Galliformes_Cracidae_Penelope_obscura\92760302-c73a-4d3e-8674-199669c472bd.jpg,162,162,162 36 155 26 94
data\raw\val\03621_Animalia_Chordata_Aves_Galliformes_Odontophoridae_Callipepla_californica\64507433-350a-4be2-b3ba-5aeb8b71fe90.jpg,163,177,177 190 163 67 161
data\raw\val\03621_Animalia_Chordata_Aves_Galliformes_Odontophoridae_Callipepla_californica\aaf1fd77-7818-41e9-b2b9-896f0bef9f2a.jpg,163,20,20 333 56 332 382
data\raw\val\03621_Animalia_Chordata_Aves_Galliformes_Odontophoridae_Callipepla_californica\e3c0f8f1-6049-4384-9be7-1e78b830e9cf.jpg,163,174,174 178 189 176 183
data\raw\val\03621_Animalia_Chordata_Aves_Galliformes_Odontophoridae_Callipepla_californica\dc010618-7efb-4e15-aa9d-9164ae472257.jpg,163,239,239 235 237 133 238
data\raw\val\03621_Animalia_Chordata_Aves_Galliformes_Odontophoridae_Callipepla_californica\d561856c-0e88-433e-9d43-b1505a64ab19.jpg,163,223,223 246 190 156 231
data\raw\val\03621_Animalia_Chordata_Aves_Galliformes_Odontophoridae_Callipepla_californica\2618d48c-4c2c-4e85-aeb0-62d4e2756982.jpg,163,7,7 238 230 235 228
data\raw\val\03621_Animalia_Chordata_Aves_Galliformes_Odontophoridae_Callipepla_californica\922ad8e6-bfbe-49cf-8715-eda97685fb57.jpg,163,220,220 148 211 147 212
data\raw\val\03621_Animalia_Chordata_Aves_Galliformes_Odontophoridae_Callipepla_californica\49bc9d3a-9125-4e20-a620-83640dd5d087.jpg,163,178,178 164 221 147 214
data\raw\val\03621_Animalia_Chordata_Aves_Galliformes_Odontophoridae_Callipepla_californica\33f1478a-262e-4a1d-b2e5-dc44a11973e1.jpg,163,319,319 224 359 226 243
data\raw\val\03621_Animalia_Chordata_Aves_Galliformes_Odontophoridae_Callipepla_californica\77b0d106-2aa9-4a4d-8d29-ce99bff5b99a.jpg,163,9,9 120 192 280 228
data\raw\val\03647_Animalia_Chordata_Aves_Gruiformes_Gruidae_Anthropoides_virgo\81d1b8eb-eae9-46c6-907b-0433952bb590.jpg,164,154,154 155 126 216 151
data\raw\val\03647_Animalia_Chordata_Aves_Gruiformes_Gruidae_Anthropoides_virgo\4208f1ae-f000-4555-9e02-111d539a7470.jpg,164,164,164 173 174 158 205
data\raw\val\03647_Animalia_Chordata_Aves_Gruiformes_Gruidae_Anthropoides_virgo\f3542ae6-a2f5-496e-9bdf-dee4ef1367d1.jpg,164,164,164 160 166 214 156
data\raw\val\03647_Animalia_Chordata_Aves_Gruiformes_Gruidae_Anthropoides_virgo\211dcb0a-bdf6-4904-8830-cdd75cdfe307.jpg,164,159,159 54 132 147 57
data\raw\val\03647_Animalia_Chordata_Aves_Gruiformes_Gruidae_Anthropoides_virgo\fd1e9de7-2644-4131-92e1-d9f1bb6e35de.jpg,164,164,164 161 157 178 163
data\raw\val\03647_Animalia_Chordata_Aves_Gruiformes_Gruidae_Anthropoides_virgo\f2f65295-2ff6-4c1b-8106-f6d274a98938.jpg,164,220,220 376 212 284 300
data\raw\val\03647_Animalia_Chordata_Aves_Gruiformes_Gruidae_Anthropoides_virgo\6be2b962-5628-4fcd-8e9e-db85805a76b5.jpg,164,157,157 152 159 158 216
data\raw\val\03647_Animalia_Chordata_Aves_Gruiformes_Gruidae_Anthropoides_virgo\1b363ce3-42c7-4770-9554-50940a531917.jpg,164,164,164 147 214 159 199
data\raw\val\03647_Animalia_Chordata_Aves_Gruiformes_Gruidae_Anthropoides_virgo\61887c23-b98f-40a8-83e7-9cc26b0963b0.jpg,164,193,193 174 172 171 115
data\raw\val\03647_Animalia_Chordata_Aves_Gruiformes_Gruidae_Anthropoides_virgo\301086a6-7993-474b-815c-1bbe03edc416.jpg,164,160,160 147 199 220 306
data\raw\val\03727_Animalia_Chordata_Aves_Passeriformes_Cardinalidae_Spiza_americana\ef9cfbe6-c0de-4892-ad6f-3526d47e3960.jpg,165,109,109 113 106 115 103
data\raw\val\03727_Animalia_Chordata_Aves_Passeriformes_Cardinalidae_Spiza_americana\e81d0072-a35a-4b59-ade7-e0e91d8adcc3.jpg,165,146,146 488 195 169 174
data\raw\val\03727_Animalia_Chordata_Aves_Passeriformes_Cardinalidae_Spiza_americana\03db9885-3675-46fa-a5d9-29eaf2fbf6de.jpg,165,282,282 391 332 480 382
data\raw\val\03727_Animalia_Chordata_Aves_Passeriformes_Cardinalidae_Spiza_americana\77d41a81-5d0b-418e-b2e1-c4e2f9d9a1df.jpg,165,146,146 169 159 178 147
data\raw\val\03727_Animalia_Chordata_Aves_Passeriformes_Cardinalidae_Spiza_americana\f9773e46-16f1-45c9-b639-c5bd76f78ac3.jpg,165,384,384 28 14 37 39
data\raw\val\03727_Animalia_Chordata_Aves_Passeriformes_Cardinalidae_Spiza_americana\673f2de4-1804-4b31-b1e8-06bd3bb47a8d.jpg,165,37,37 107 40 34 32
data\raw\val\03727_Animalia_Chordata_Aves_Passeriformes_Cardinalidae_Spiza_americana\e3771620-645d-44a6-aac1-993cb908a6a6.jpg,165,64,64 38 470 403 468
data\raw\val\03727_Animalia_Chordata_Aves_Passeriformes_Cardinalidae_Spiza_americana\9041824c-9e51-4add-ad61-8b9c893ef308.jpg,165,195,195 306 180 305 147
data\raw\val\03727_Animalia_Chordata_Aves_Passeriformes_Cardinalidae_Spiza_americana\1363a9b1-c12e-428b-bb28-993a6a55d4ff.jpg,165,175,175 198 167 193 206
data\raw\val\03727_Animalia_Chordata_Aves_Passeriformes_Cardinalidae_Spiza_americana\a3ca5e04-d8f3-422b-87c2-7a6881f6000f.jpg,165,1,1 195 169 300 170
data\raw\val\03755_Animalia_Chordata_Aves_Passeriformes_Corvidae_Corvus_frugilegus\0f4cfb66-498f-4372-85e8-6c85c63ff613.jpg,166,148,148 174 166 146 147
data\raw\val\03755_Animalia_Chordata_Aves_Passeriformes_Corvidae_Corvus_frugilegus\165e7e97-b53b-4ea0-95d2-666dbda424c2.jpg,166,166,166 176 168 199 164
data\raw\val\03755_Animalia_Chordata_Aves_Passeriformes_Corvidae_Corvus_frugilegus\3c6e7bd5-0918-42b8-b650-837ef506336a.jpg,166,218,218 214 225 141 130
data\raw\val\03755_Animalia_Chordata_Aves_Passeriformes_Corvidae_Corvus_frugilegus\57e8faf8-2fea-44ef-b989-3ae44430aa9a.jpg,166,177,177 176 134 174 168
data\raw\val\03755_Animalia_Chordata_Aves_Passeriformes_Corvidae_Corvus_frugilegus\8b31e3ae-d79d-4103-a907-034ad9261811.jpg,166,100,100 176 154 13 2
data\raw\val\03755_Animalia_Chordata_Aves_Passeriformes_Corvidae_Corvus_frugilegus\e5464941-b602-429d-bb12-a0d6e526f223.jpg,166,166,166 176 162 174 173
data\raw\val\03755_Animalia_Chordata_Aves_Passeriformes_Corvidae_Corvus_frugilegus\ba26f732-f6e1-4555-a993-317c3b4db8b7.jpg,166,198,198 193 293 171 175
data\raw\val\03755_Animalia_Chordata_Aves_Passeriformes_Corvidae_Corvus_frugilegus\d591b509-d6ac-417c-a95a-1510d6f02b06.jpg,166,54,54 57 101 159 55
data\raw\val\03755_Animalia_Chordata_Aves_Passeriformes_Corvidae_Corvus_frugilegus\928d821f-38f7-4aa7-9cb9-59fecf52b282.jpg,166,220,220 280 212 160 168
data\raw\val\03755_Animalia_Chordata_Aves_Passeriformes_Corvidae_Corvus_frugilegus\a8fde818-63da-4866-8c2b-255bcde0fcea.jpg,166,166,166 176 164 174 168
data\raw\val\03767_Animalia_Chordata_Aves_Passeriformes_Corvidae_Dendrocitta_formosae\d7866e46-830f-4dba-bb18-97ccf63a3568.jpg,167,220,220 148 173 212 160
data\raw\val\03767_Animalia_Chordata_Aves_Passeriformes_Corvidae_Dendrocitta_formosae\5ce66621-b175-4771-b077-1390a00fb98e.jpg,167,486,486 489 479 293 490
data\raw\val\03767_Animalia_Chordata_Aves_Passeriformes_Corvidae_Dendrocitta_formosae\eebb7ca8-cdef-446a-a317-690daed0acd6.jpg,167,222,222 293 393 207 441
data\raw\val\03767_Animalia_Chordata_Aves_Passeriformes_Corvidae_Dendrocitta_formosae\fca0717a-bb76-4ab0-87c6-2ea22c88ec92.jpg,167,117,117 206 116 307 10
data\raw\val\03767_Animalia_Chordata_Aves_Passeriformes_Corvidae_Dendrocitta_formosae\2c86a555-7c09-4641-97b8-375549686b03.jpg,167,440,440 362 397 436 369
data\raw\val\03767_Animalia_Chordata_Aves_Passeriformes_Corvidae_Dendrocitta_formosae\be13ce15-4409-494e-8b44-46e38ea4c697.jpg,167,198,198 167 169 193 182
data\raw\val\03767_Animalia_Chordata_Aves_Passeriformes_Corvidae_Dendrocitta_formosae\7c60242a-a5fb-4717-ab64-f5c542101739.jpg,167,175,175 194 186 188 165
data\raw\val\03767_Animalia_Chordata_Aves_Passeriformes_Corvidae_Dendrocitta_formosae\84e17634-fa88-4a55-b9f8-f92642653b19.jpg,167,112,112 195 392 284 189
data\raw\val\03767_Animalia_Chordata_Aves_Passeriformes_Corvidae_Dendrocitta_formosae\45484266-17ab-4313-9d89-f42d5acd4172.jpg,167,312,312 401 222 497 280
data\raw\val\03767_Animalia_Chordata_Aves_Passeriformes_Corvidae_Dendrocitta_formosae\90df9144-c726-4a57-9b0c-2f378a7e8ff6.jpg,167,185,185 169 149 45 170
data\raw\val\03776_Animalia_Chordata_Aves_Passeriformes_Corvidae_Pica_serica\bddc92de-121b-41d5-8fe5-43cf562d7421.jpg,168,209,209 176 175 168 166
data\raw\val\03776_Animalia_Chordata_Aves_Passeriformes_Corvidae_Pica_serica\734dd8d6-ee36-4cde-a362-d35bd1e594af.jpg,168,157,157 159 181 235 217
data\raw\val\03776_Animalia_Chordata_Aves_Passeriformes_Corvidae_Pica_serica\6768823e-c62b-4cfd-8c2d-657d4c956295.jpg,168,222,222 207 175 198 167
data\raw\val\03776_Animalia_Chordata_Aves_Passeriformes_Corvidae_Pica_serica\4eb61820-ad3d-464b-91af-138b059632cb.jpg,168,104,104 105 177 172 168
data\raw\val\03776_Animalia_Chordata_Aves_Passeriformes_Corvidae_Pica_serica\cc9f38dd-cd86-4fb0-b063-780db90f977e.jpg,168,406,406 340 312 401 460
data\raw\val\03776_Animalia_Chordata_Aves_Passeriformes_Corvidae_Pica_serica\4de0c8d9-acad-4883-90b7-efd9096cee77.jpg,168,166,166 168 176 164 199
data\raw\val\03776_Animalia_Chordata_Aves_Passeriformes_Corvidae_Pica_serica\557c073b-ea04-4cf9-a182-ef958643f1e1.jpg,168,143,143 232 167 222 182
data\raw\val\03776_Animalia_Chordata_Aves_Passeriformes_Corvidae_Pica_serica\0afacb72-8968-4e2d-a2b2-2c6fe937c41b.jpg,168,176,176 161 182 167 166
data\raw\val\03776_Animalia_Chordata_Aves_Passeriformes_Corvidae_Pica_serica\fd941aa6-5b87-4a44-98d5-a9c5ee4e58b3.jpg,168,149,149 193 175 167 182
data\raw\val\03776_Animalia_Chordata_Aves_Passeriformes_Corvidae_Pica_serica\724f27fa-e223-4e09-adc4-d4822605494d.jpg,168,44,44 154 166 160 43
data\raw\val\03792_Animalia_Chordata_Aves_Passeriformes_Emberizidae_Emberiza_hortulana\7a5d8b2a-0ce4-4dab-8d3e-50f033f96ea0.jpg,169,185,185 170 169 69 178
data\raw\val\03792_Animalia_Chordata_Aves_Passeriformes_Emberizidae_Emberiza_hortulana\052c4874-ce84-4c8b-aec7-cf2f31b73b5f.jpg,169,283,283 169 159 146 278
data\raw\val\03792_Animalia_Chordata_Aves_Passeriformes_Emberizidae_Emberiza_hortulana\77929291-6525-4b16-9a49-fbdbea1dded6.jpg,169,187,187 182 9 186 191
data\raw\val\03792_Animalia_Chordata_Aves_Passeriformes_Emberizidae_Emberiza_hortulana\31ec8cd9-6cf4-406c-97fc-1e95e839fdbd.jpg,169,185,185 170 169 117 189
data\raw\val\03792_Animalia_Chordata_Aves_Passeriformes_Emberizidae_Emberiza_hortulana\e6ca676e-9b73-4931-9cf0-58e1261b3970.jpg,169,178,178 189 169 185 170
data\raw\val\03792_Animalia_Chordata_Aves_Passeriformes_Emberizidae_Emberiza_hortulana\471cb10b-f027-4ad5-bcb4-8f495adf57b9.jpg,169,198,198 184 85 196 170
data\raw\val\03792_Animalia_Chordata_Aves_Passeriformes_Emberizidae_Emberiza_hortulana\0657e845-1de8-4b05-b308-e0d4adfd5349.jpg,169,169,169 118 185 159 178
data\raw\val\03792_Animalia_Chordata_Aves_Passeriformes_Emberizidae_Emberiza_hortulana\ca68194d-56c4-40b7-bee4-9bc163e0907c.jpg,169,171,171 193 169 413 181
data\raw\val\03792_Animalia_Chordata_Aves_Passeriformes_Emberizidae_Emberiza_hortulana\4407f92a-7728-435a-8f5c-2a69b8618c4a.jpg,169,169,169 170 184 189 179
data\raw\val\03792_Animalia_Chordata_Aves_Passeriformes_Emberizidae_Emberiza_hortulana\a93dbfb5-d8b7-4c59-8b43-e0562d54a360.jpg,169,224,224 156 226 201 301
data\raw\val\03800_Animalia_Chordata_Aves_Passeriformes_Estrildidae_Lonchura_punctulata\8da19d84-bef8-4dc0-8e20-a6fee8e3a257.jpg,170,193,193 198 186 171 175
data\raw\val\03800_Animalia_Chordata_Aves_Passeriformes_Estrildidae_Lonchura_punctulata\5447765a-555c-4e68-a4b2-3c197ce5648f.jpg,170,170,170 68 90 87 184
data\raw\val\03800_Animalia_Chordata_Aves_Passeriformes_Estrildidae_Lonchura_punctulata\60e1d5b8-33b0-4ee8-93cc-829c4662f135.jpg,170,172,172 159 194 152 197
data\raw\val\03800_Animalia_Chordata_Aves_Passeriformes_Estrildidae_Lonchura_punctulata\60b68096-a869-4603-866c-4d10d7b909d5.jpg,170,244,244 246 397 124 391
data\raw\val\03800_Animalia_Chordata_Aves_Passeriformes_Estrildidae_Lonchura_punctulata\5bc15c50-6317-4a41-bc3d-771f8c27d021.jpg,170,88,88 86 231 230 87
data\raw\val\03800_Animalia_Chordata_Aves_Passeriformes_Estrildidae_Lonchura_punctulata\55e95532-07e2-4be7-b8cd-3315c2e76884.jpg,170,70,70 69 170 169 179
data\raw\val\03800_Animalia_Chordata_Aves_Passeriformes_Estrildidae_Lonchura_punctulata\5b7c4110-0619-425c-93dd-6eccd3054145.jpg,170,146,146 159 169 172 185
data\raw\val\03800_Animalia_Chordata_Aves_Passeriformes_Estrildidae_Lonchura_punctulata\20b45fe7-47d9-4974-ac44-980188c4c08e.jpg,170,300,300 306 428 278 355
data\raw\val\03800_Animalia_Chordata_Aves_Passeriformes_Estrildidae_Lonchura_punctulata\b5b14ec0-b84f-4ea1-8041-4eb6412e7211.jpg,170,489,489 488 278 130 486
data\raw\val\03800_Animalia_Chordata_Aves_Passeriformes_Estrildidae_Lonchura_punctulata\17763658-1ea4-4ff1-897e-152e8fe54258.jpg,170,254,254 30 177 128 13
data\raw\val\03814_Animalia_Chordata_Aves_Passeriformes_Fringillidae_Coccothraustes_coccothraustes\8c9da120-9f2c-4d45-8423-5d656868f4bf.jpg,171,174,174 161 183 182 177
data\raw\val\03814_Animalia_Chordata_Aves_Passeriformes_Fringillidae_Coccothraustes_coccothraustes\7bcdaca3-5b85-484d-a686-245b5e1c48f0.jpg,171,169,169 178 45 171 146
data\raw\val\03814_Animalia_Chordata_Aves_Passeriformes_Fringillidae_Coccothraustes_coccothraustes\410b9dfc-0362-40e3-9e87-bbb1be10f969.jpg,171,198,198 38 206 171 169
data\raw\val\03814_Animalia_Chordata_Aves_Passeriformes_Fringillidae_Coccothraustes_coccothraustes\5b6a54b2-de3c-45e9-94df-c88f759050bb.jpg,171,198,198 209 171 149 207
data\raw\val\03814_Animalia_Chordata_Aves_Passeriformes_Fringillidae_Coccothraustes_coccothraustes\5a6da83f-63c8-42fd-b4fd-600ed79e0ef4.jpg,171,184,184 261 271 190 213
data\raw\val\03814_Animalia_Chordata_Aves_Passeriformes_Fringillidae_Coccothraustes_coccothraustes\a9ed9ab8-aba8-4203-bed2-eb2fd20b56b6.jpg,171,209,209 149 175 30 193
data\raw\val\03814_Animalia_Chordata_Aves_Passeriformes_Fringillidae_Coccothraustes_coccothraustes\4a370999-e300-4133-a8c8-0b697eca6fba.jpg,171,194,194 172 169 193 165
data\raw\val\03814_Animalia_Chordata_Aves_Passeriformes_Fringillidae_Coccothraustes_coccothraustes\101b4ecc-16c5-4c14-bc9f-313565abae6b.jpg,171,1,1 149 300 195 171
data\raw\val\03814_Animalia_Chordata_Aves_Passeriformes_Fringillidae_Coccothraustes_coccothraustes\c17de0a2-6eb1-4c5c-8fed-cb73657ef443.jpg,171,44,44 5 22 133 17
data\raw\val\03814_Animalia_Chordata_Aves_Passeriformes_Fringillidae_Coccothraustes_coccothraustes\0befab6e-aae7-4245-85b8-fca2815ed9fd.jpg,171,178,178 212 169 476 348
data\raw\val\03848_Animalia_Chordata_Aves_Passeriformes_Hirundinidae_Hirundo_neoxena\0dbd3de1-b4e1-4c2f-bf34-f17083967277.jpg,172,132,132 244 55 59 125
data\raw\val\03848_Animalia_Chordata_Aves_Passeriformes_Hirundinidae_Hirundo_neoxena\1229ec8e-4d85-4237-8017-34ed814c14e3.jpg,172,166,166 176 154 11 122
data\raw\val\03848_Animalia_Chordata_Aves_Passeriformes_Hirundinidae_Hirundo_neoxena\15480aa4-44f2-4f0f-9686-f3d95ba3f02a.jpg,172,66,66 172 119 185 71
data\raw\val\03848_Animalia_Chordata_Aves_Passeriformes_Hirundinidae_Hirundo_neoxena\7daa77fa-eec9-4a3f-93c8-f76c29e03087.jpg,172,191,191 88 168 94 176
data\raw\val\03848_Animalia_Chordata_Aves_Passeriformes_Hirundinidae_Hirundo_neoxena\1d6add27-6f1a-4186-8dcc-e918a3ba5cfa.jpg,172,208,208 194 185 184 172
data\raw\val\03848_Animalia_Chordata_Aves_Passeriformes_Hirundinidae_Hirundo_neoxena\7ce07d4b-eb70-43b1-91df-54c967bc0c65.jpg,172,36,36 87 85 220 48
data\raw\val\03848_Animalia_Chordata_Aves_Passeriformes_Hirundinidae_Hirundo_neoxena\77bb0ecb-86a8-4f46-9792-a6679bdb5979.jpg,172,235,235 168 217 157 151
data\raw\val\03848_Animalia_Chordata_Aves_Passeriformes_Hirundinidae_Hirundo_neoxena\996b25e1-b14c-4532-a527-bac10fd55e80.jpg,172,132,132 123 131 213 217
data\raw\val\03848_Animalia_Chordata_Aves_Passeriformes_Hirundinidae_Hirundo_neoxena\872e452d-67f2-4bdb-a824-e307e89eaeac.jpg,172,128,128 122 109 125 296
data\raw\val\03848_Animalia_Chordata_Aves_Passeriformes_Hirundinidae_Hirundo_neoxena\e7c36924-81c4-4617-bd72-cb7e99c3e68d.jpg,172,172,172 87 122 184 183
data\raw\val\03859_Animalia_Chordata_Aves_Passeriformes_Hirundinidae_Riparia_riparia\fa97a0ae-5dbd-4afb-b325-f24ee729fc90.jpg,173,216,216 55 126 125 158
data\raw\val\03859_Animalia_Chordata_Aves_Passeriformes_Hirundinidae_Riparia_riparia\21d3ba65-9eb6-4a68-b063-e2236f0e2771.jpg,173,205,205 158 187 157 197
data\raw\val\03859_Animalia_Chordata_Aves_Passeriformes_Hirundinidae_Riparia_riparia\94c3b511-2580-4a4a-bd65-9854c5fb8dfe.jpg,173,254,254 6 250 11 7
data\raw\val\03859_Animalia_Chordata_Aves_Passeriformes_Hirundinidae_Riparia_riparia\d7668870-46c0-4117-a8a7-94b8ee24759b.jpg,173,197,197 189 187 182 179
data\raw\val\03859_Animalia_Chordata_Aves_Passeriformes_Hirundinidae_Riparia_riparia\5e069ffe-91af-4ea2-8395-f6ae8aed0775.jpg,173,55,55 54 247 57 59
data\raw\val\03859_Animalia_Chordata_Aves_Passeriformes_Hirundinidae_Riparia_riparia\80172d23-f29a-4d91-9938-6c8b1d881190.jpg,173,159,159 54 57 205 147
data\raw\val\03859_Animalia_Chordata_Aves_Passeriformes_Hirundinidae_Riparia_riparia\44530ec2-ce9c-4a9a-8524-a3c05ca8a144.jpg,173,214,214 110 83 178 224
data\raw\val\03859_Animalia_Chordata_Aves_Passeriformes_Hirundinidae_Riparia_riparia\8a172a0e-5718-4919-b96b-0170ff24f131.jpg,173,159,159 54 147 57 205
data\raw\val\03859_Animalia_Chordata_Aves_Passeriformes_Hirundinidae_Riparia_riparia\edec049f-1bba-4dc5-bbd2-fe4db88d0d84.jpg,173,203,203 157 158 456 204
data\raw\val\03859_Animalia_Chordata_Aves_Passeriformes_Hirundinidae_Riparia_riparia\f9f6d0b6-2154-4e1e-990e-eaa1c428e4c5.jpg,173,7,7 13 24 22 6
data\raw\val\03864_Animalia_Chordata_Aves_Passeriformes_Hirundinidae_Tachycineta_bicolor\47fcc7e7-441e-4810-a2c9-cab35410d5ac.jpg,174,219,219 174 170 172 185
data\raw\val\03864_Animalia_Chordata_Aves_Passeriformes_Hirundinidae_Tachycineta_bicolor\4214483f-f184-407e-b3c5-6b4c73f1c42c.jpg,174,42,42 113 239 105 236
data\raw\val\03864_Animalia_Chordata_Aves_Passeriformes_Hirundinidae_Tachycineta_bicolor\191ef7ff-24dd-42ac-befd-215f2649bb67.jpg,174,148,148 146 147 174 173
data\raw\val\03864_Animalia_Chordata_Aves_Passeriformes_Hirundinidae_Tachycineta_bicolor\4edef3dc-8464-47da-9e6f-e3d07cf31a28.jpg,174,221,221 199 214 283 204
data\raw\val\03864_Animalia_Chordata_Aves_Passeriformes_Hirundinidae_Tachycineta_bicolor\c62b40f8-2d9c-445a-a914-6700ecc6305b.jpg,174,147,147 205 152 158 148
data\raw\val\03864_Animalia_Chordata_Aves_Passeriformes_Hirundinidae_Tachycineta_bicolor\3dee115b-16f4-48f8-8fb5-aadce0c21ffc.jpg,174,151,151 154 216 111 150
data\raw\val\03864_Animalia_Chordata_Aves_Passeriformes_Hirundinidae_Tachycineta_bicolor\f32029cc-7b5a-4e7e-9bcc-30a649de2e91.jpg,174,220,220 212 280 221 488
data\raw\val\03864_Animalia_Chordata_Aves_Passeriformes_Hirundinidae_Tachycineta_bicolor\03483d8f-e209-41a2-b7f3-c7114761ca89.jpg,174,218,218 80 373 485 141
data\raw\val\03864_Animalia_Chordata_Aves_Passeriformes_Hirundinidae_Tachycineta_bicolor\a422818c-15f4-40aa-9671-9b9916bc825e.jpg,174,174,174 164 177 161 185
data\raw\val\03864_Animalia_Chordata_Aves_Passeriformes_Hirundinidae_Tachycineta_bicolor\4b9e9bd5-6826-45b3-b33c-f000e1415381.jpg,174,146,146 160 173 147 148
data\raw\val\03870_Animalia_Chordata_Aves_Passeriformes_Icteridae_Cassiculus_melanicterus\c64608c1-0e52-4799-9f6e-61ab7d2b6c3c.jpg,175,186,186 222 256 175 326
data\raw\val\03870_Animalia_Chordata_Aves_Passeriformes_Icteridae_Cassiculus_melanicterus\8a081290-465f-45ae-9bb3-e650c6c86628.jpg,175,120,120 10 105 110 114
data\raw\val\03870_Animalia_Chordata_Aves_Passeriformes_Icteridae_Cassiculus_melanicterus\817bcb56-9a2e-4d2e-8ddf-75f999069aab.jpg,175,206,206 149 165 185 175
data\raw\val\03870_Animalia_Chordata_Aves_Passeriformes_Icteridae_Cassiculus_melanicterus\45f0026b-ccea-40dd-9b79-397530dd6c2a.jpg,175,197,197 198 196 186 175
data\raw\val\03870_Animalia_Chordata_Aves_Passeriformes_Icteridae_Cassiculus_melanicterus\0fd58dfa-a545-4968-99d5-e5e1cb5e6c41.jpg,175,186,186 175 187 188 191
data\raw\val\03870_Animalia_Chordata_Aves_Passeriformes_Icteridae_Cassiculus_melanicterus\d6f46ad8-985b-4889-b88e-bfdda493a8e9.jpg,175,120,120 0 175 33 85
data\raw\val\03870_Animalia_Chordata_Aves_Passeriformes_Icteridae_Cassiculus_melanicterus\fa23efbc-ff41-4d61-a417-2052ed99f2fb.jpg,175,278,278 253 210 184 394
data\raw\val\03870_Animalia_Chordata_Aves_Passeriformes_Icteridae_Cassiculus_melanicterus\0a25dabf-401a-4bd2-88f4-efa00342ef68.jpg,175,175,175 188 186 194 209
data\raw\val\03870_Animalia_Chordata_Aves_Passeriformes_Icteridae_Cassiculus_melanicterus\4d38200e-d94e-4b87-8839-c14f02d22f3f.jpg,175,440,440 435 398 441 479
data\raw\val\03870_Animalia_Chordata_Aves_Passeriformes_Icteridae_Cassiculus_melanicterus\3a48849d-9cd6-42fa-9f5e-4dc2a19c8947.jpg,175,222,222 175 442 434 313
data\raw\val\03901_Animalia_Chordata_Aves_Passeriformes_Icteridae_Quiscalus_quiscula\2e5a30c8-9854-4842-8cac-1c150700dfa7.jpg,176,146,146 174 149 147 148
data\raw\val\03901_Animalia_Chordata_Aves_Passeriformes_Icteridae_Quiscalus_quiscula\d39fdbe6-bcee-4873-8813-489e65829761.jpg,176,181,181 157 169 225 161
data\raw\val\03901_Animalia_Chordata_Aves_Passeriformes_Icteridae_Quiscalus_quiscula\e51fe8b6-c312-4912-bfe0-75d9172942b1.jpg,176,214,214 166 164 199 168
data\raw\val\03901_Animalia_Chordata_Aves_Passeriformes_Icteridae_Quiscalus_quiscula\0f605389-bb0c-40f9-bfca-823314858a6f.jpg,176,175,175 168 0 194 172
data\raw\val\03901_Animalia_Chordata_Aves_Passeriformes_Icteridae_Quiscalus_quiscula\34853192-6911-46da-b4a0-86abc14b8c39.jpg,176,164,164 166 214 199 176
data\raw\val\03901_Animalia_Chordata_Aves_Passeriformes_Icteridae_Quiscalus_quiscula\e8813e4b-373b-4e94-87aa-12747eccd496.jpg,176,174,174 187 185 177 191
data\raw\val\03901_Animalia_Chordata_Aves_Passeriformes_Icteridae_Quiscalus_quiscula\a813fba2-6d62-4c05-a996-792cbc434551.jpg,176,140,140 231 24 270 6
data\raw\val\03901_Animalia_Chordata_Aves_Passeriformes_Icteridae_Quiscalus_quiscula\483d0f50-fad9-43fc-bc13-2b21184412aa.jpg,176,3,3 452 143 394 206
data\raw\val\03901_Animalia_Chordata_Aves_Passeriformes_Icteridae_Quiscalus_quiscula\9a132aac-adbd-4cdb-a979-0458cf182e3b.jpg,176,312,312 111 495 110 166
data\raw\val\03901_Animalia_Chordata_Aves_Passeriformes_Icteridae_Quiscalus_quiscula\2d3d33e1-08b0-4e4e-a35f-c453651a6169.jpg,176,109,109 115 114 107 29
data\raw\val\03922_Animalia_Chordata_Aves_Passeriformes_Maluridae_Malurus_splendens\6f82a47e-5723-4dc3-93d1-7446be617354.jpg,177,177,177 176 172 197 161
data\raw\val\03922_Animalia_Chordata_Aves_Passeriformes_Maluridae_Malurus_splendens\56d9f7b2-fcd6-48bb-8faa-91c1df8e490a.jpg,177,134,134 176 406 140 177
data\raw\val\03922_Animalia_Chordata_Aves_Passeriformes_Maluridae_Malurus_splendens\98e749f1-7133-415f-96ec-9b0925368790.jpg,177,223,223 156 226 163 486
data\raw\val\03922_Animalia_Chordata_Aves_Passeriformes_Maluridae_Malurus_splendens\56907f58-3be7-4e0a-8995-3d04430a6bd4.jpg,177,323,323 464 430 177 426
data\raw\val\03922_Animalia_Chordata_Aves_Passeriformes_Maluridae_Malurus_splendens\40ac558f-a8cb-45e5-a969-a317d56bf700.jpg,177,158,158 172 155 152 154
data\raw\val\03922_Animalia_Chordata_Aves_Passeriformes_Maluridae_Malurus_splendens\28f9ad6f-b7aa-4152-82c4-45bc975cf924.jpg,177,182,182 140 156 163 190
data\raw\val\03922_Animalia_Chordata_Aves_Passeriformes_Maluridae_Malurus_splendens\530078d1-a4cf-40de-a83a-293b52432218.jpg,177,6,6 140 93 145 119
data\raw\val\03922_Animalia_Chordata_Aves_Passeriformes_Maluridae_Malurus_splendens\7aa2bb27-2ddf-491d-901f-02c1f8c26575.jpg,177,104,104 177 105 197 30
data\raw\val\03922_Animalia_Chordata_Aves_Passeriformes_Maluridae_Malurus_splendens\4e693c82-9597-499a-8d9c-4181a7e36dda.jpg,177,164,164 205 147 199 339
data\raw\val\03922_Animalia_Chordata_Aves_Passeriformes_Maluridae_Malurus_splendens\a5010e32-6364-4ccc-b52b-9fe49e73618c.jpg,177,177,177 176 11 161 164
data\raw\val\03946_Animalia_Chordata_Aves_Passeriformes_Mimidae_Oreoscoptes_montanus\ebbd92c9-6d67-4831-8846-06db297e1ad7.jpg,178,148,148 57 147 45 166
data\raw\val\03946_Animalia_Chordata_Aves_Passeriformes_Mimidae_Oreoscoptes_montanus\b4d84926-70d8-4d15-89bd-978c2f61c713.jpg,178,178,178 192 67 189 180
data\raw\val\03946_Animalia_Chordata_Aves_Passeriformes_Mimidae_Oreoscoptes_montanus\ac140979-74b3-4aa3-92fc-1aebc04f948f.jpg,178,178,178 214 250 166 167
data\raw\val\03946_Animalia_Chordata_Aves_Passeriformes_Mimidae_Oreoscoptes_montanus\7431367a-9ef9-4c8a-9bd9-1896c3954329.jpg,178,115,115 189 183 157 185
data\raw\val\03946_Animalia_Chordata_Aves_Passeriformes_Mimidae_Oreoscoptes_montanus\05e29362-f62e-4d17-b130-8e9e271c793a.jpg,178,487,487 486 204 490 489
data\raw\val\03946_Animalia_Chordata_Aves_Passeriformes_Mimidae_Oreoscoptes_montanus\c650a08b-2c78-4f27-9b9d-e3d687878cec.jpg,178,147,147 212 160 192 148
data\raw\val\03946_Animalia_Chordata_Aves_Passeriformes_Mimidae_Oreoscoptes_montanus\1264269a-d575-4fc6-87eb-36907b484acf.jpg,178,221,221 214 215 227 226
data\raw\val\03946_Animalia_Chordata_Aves_Passeriformes_Mimidae_Oreoscoptes_montanus\c2d499d2-b35d-465c-b22b-0c7206cfda7d.jpg,178,157,157 214 250 178 215
data\raw\val\03946_Animalia_Chordata_Aves_Passeriformes_Mimidae_Oreoscoptes_montanus\a704136a-332a-4ac0-b553-782eb9a7b810.jpg,178,178,178 147 185 1 159
data\raw\val\03946_Animalia_Chordata_Aves_Passeriformes_Mimidae_Oreoscoptes_montanus\52e1d6f3-f7d0-41d8-9052-30110047b5bc.jpg,178,250,250 215 137 132 214
data\raw\val\03958_Animalia_Chordata_Aves_Passeriformes_Motacillidae_Anthus_hodgsoni\decd8682-2dc9-4ef8-908f-7711b35fd301.jpg,179,40,40 3 143 253 37
data\raw\val\03958_Animalia_Chordata_Aves_Passeriformes_Motacillidae_Anthus_hodgsoni\47f6be59-3127-46d8-8062-bc0929fa10f3.jpg,179,119,119 181 180 10 195
data\raw\val\03958_Animalia_Chordata_Aves_Passeriformes_Motacillidae_Anthus_hodgsoni\4bafecb6-6a27-41ac-9e85-a8de412b1e53.jpg,179,294,294 427 229 353 303
data\raw\val\03958_Animalia_Chordata_Aves_Passeriformes_Motacillidae_Anthus_hodgsoni\2447db78-b9e7-452c-94b3-58e6a113a57b.jpg,179,465,465 319 181 224 161
data\raw\val\03958_Animalia_Chordata_Aves_Passeriformes_Motacillidae_Anthus_hodgsoni\0ffc4164-dc70-4501-9d92-77485b276612.jpg,179,179,179 48 170 107 151
data\raw\val\03958_Animalia_Chordata_Aves_Passeriformes_Motacillidae_Anthus_hodgsoni\868e5cb7-4764-42ff-9c49-9a2b70300d09.jpg,179,185,185 165 167 149 197
data\raw\val\03958_Animalia_Chordata_Aves_Passeriformes_Motacillidae_Anthus_hodgsoni\6abba3c2-d6f6-4cc2-b6cb-646a7bad54c1.jpg,179,179,179 222 184 182 198
data\raw\val\03958_Animalia_Chordata_Aves_Passeriformes_Motacillidae_Anthus_hodgsoni\9574151d-6fa4-42af-8680-8f88cef8917a.jpg,179,170,170 169 185 189 171
data\raw\val\03958_Animalia_Chordata_Aves_Passeriformes_Motacillidae_Anthus_hodgsoni\7777e48e-671b-444f-b902-2ca2390e0a41.jpg,179,179,179 107 200 108 106
data\raw\val\03958_Animalia_Chordata_Aves_Passeriformes_Motacillidae_Anthus_hodgsoni\8a333552-9c73-4e1a-bc27-9dcdc2002fa8.jpg,179,165,165 306 197 339 195
data\raw\val\03971_Animalia_Chordata_Aves_Passeriformes_Motacillidae_Motacilla_citreola\c077c74e-fc65-4122-814a-e5d455947f31.jpg,180,186,186 457 188 181 180
data\raw\val\03971_Animalia_Chordata_Aves_Passeriformes_Motacillidae_Motacilla_citreola\d50257ce-f853-4a74-ad20-a0972824f242.jpg,180,305,305 215 283 211 225
data\raw\val\03971_Animalia_Chordata_Aves_Passeriformes_Motacillidae_Motacilla_citreola\dcfec148-af2b-4b50-a195-e8e6b7750360.jpg,180,195,195 180 194 181 175
data\raw\val\03971_Animalia_Chordata_Aves_Passeriformes_Motacillidae_Motacilla_citreola\d95200a7-cb78-4d5d-8ba7-8d8dc0756796.jpg,180,195,195 180 181 208 165
data\raw\val\03971_Animalia_Chordata_Aves_Passeriformes_Motacillidae_Motacilla_citreola\79aeca94-8403-422c-a3e0-f2177a480fab.jpg,180,180,180 178 205 169 181
data\raw\val\03971_Animalia_Chordata_Aves_Passeriformes_Motacillidae_Motacilla_citreola\f21ecdad-f937-4ee5-b2c7-d87af413b19a.jpg,180,180,180 175 194 165 186
data\raw\val\03971_Animalia_Chordata_Aves_Passeriformes_Motacillidae_Motacilla_citreola\f3a7918f-c2e6-470d-9c6e-0cf6af4db633.jpg,180,180,180 181 208 195 186
data\raw\val\03971_Animalia_Chordata_Aves_Passeriformes_Motacillidae_Motacilla_citreola\33ec0ad1-4981-4db6-8db0-a0c05de748e6.jpg,180,157,157 168 176 166 177
data\raw\val\03971_Animalia_Chordata_Aves_Passeriformes_Motacillidae_Motacilla_citreola\736e68be-fde8-44b1-ba3a-66e98635b7cd.jpg,180,195,195 180 165 185 178
data\raw\val\03971_Animalia_Chordata_Aves_Passeriformes_Motacillidae_Motacilla_citreola\e783dd9d-115a-4d39-a581-c5960a23f2ff.jpg,180,208,208 175 188 162 166
data\raw\val\03972_Animalia_Chordata_Aves_Passeriformes_Motacillidae_Motacilla_flava\23346815-f621-41e2-9a1c-be5fd265f783.jpg,181,181,181 180 208 194 165
data\raw\val\03972_Animalia_Chordata_Aves_Passeriformes_Motacillidae_Motacilla_flava\8869caed-7b63-4388-8d19-8cc7c7a4c497.jpg,181,181,181 208 195 180 165
data\raw\val\03972_Animalia_Chordata_Aves_Passeriformes_Motacillidae_Motacilla_flava\3d8f6d5a-8d4f-41fe-8059-4a4592bb8293.jpg,181,180,180 110 182 120 167
data\raw\val\03972_Animalia_Chordata_Aves_Passeriformes_Motacillidae_Motacilla_flava\cd02afac-ef9d-46f1-8534-810a53057c86.jpg,181,181,181 337 208 194 180
data\raw\val\03972_Animalia_Chordata_Aves_Passeriformes_Motacillidae_Motacilla_flava\7852104a-0a44-42b7-877c-b6cdbcd2032a.jpg,181,180,180 181 195 147 165
data\raw\val\03972_Animalia_Chordata_Aves_Passeriformes_Motacillidae_Motacilla_flava\8ec731eb-5659-483e-a6c8-e4d3106c5604.jpg,181,208,208 188 196 213 227
data\raw\val\03972_Animalia_Chordata_Aves_Passeriformes_Motacillidae_Motacilla_flava\5d760573-cccb-43ff-817a-253337b80fd6.jpg,181,181,181 180 20 195 165
data\raw\val\03972_Animalia_Chordata_Aves_Passeriformes_Motacillidae_Motacilla_flava\aa5db8df-045e-4b64-9e55-0282dd7012fe.jpg,181,194,194 165 195 97 208
data\raw\val\03972_Animalia_Chordata_Aves_Passeriformes_Motacillidae_Motacilla_flava\9864b8f3-7ccb-45bc-807f-2a9ae2d0ea29.jpg,181,456,456 143 241 138 232
data\raw\val\03972_Animalia_Chordata_Aves_Passeriformes_Motacillidae_Motacilla_flava\ed1ae2b5-4ae2-4e42-baef-4084c63e5d1f.jpg,181,195,195 165 180 114 181
data\raw\val\03976_Animalia_Chordata_Aves_Passeriformes_Muscicapidae_Copsychus_saularis\71f9013c-4bc4-48ff-aaad-6cc174e3bae8.jpg,182,140,140 177 168 222 190
data\raw\val\03976_Animalia_Chordata_Aves_Passeriformes_Muscicapidae_Copsychus_saularis\f53b2c7a-fc3d-4fad-b0a9-3e8e3ec0b8a2.jpg,182,232,232 235 176 349 166
data\raw\val\03976_Animalia_Chordata_Aves_Passeriformes_Muscicapidae_Copsychus_saularis\d821fca3-eb4f-443b-8528-fd409bae0498.jpg,182,182,182 179 110 180 113
data\raw\val\03976_Animalia_Chordata_Aves_Passeriformes_Muscicapidae_Copsychus_saularis\b14b8698-b5b9-491e-b88a-05209b3b41ba.jpg,182,206,206 198 40 483 365
data\raw\val\03976_Animalia_Chordata_Aves_Passeriformes_Muscicapidae_Copsychus_saularis\9be3a53a-ea1c-495e-ae18-0cf549a5d8c8.jpg,182,13,13 94 111 182 232
data\raw\val\03976_Animalia_Chordata_Aves_Passeriformes_Muscicapidae_Copsychus_saularis\67637c38-c1c9-4455-b9c2-0228b7da17d4.jpg,182,11,11 13 176 24 111
data\raw\val\03976_Animalia_Chordata_Aves_Passeriformes_Muscicapidae_Copsychus_saularis\36081b47-904d-4ff8-b816-f30be36f1471.jpg,182,177,177 11 166 168 104
data\raw\val\03976_Animalia_Chordata_Aves_Passeriformes_Muscicapidae_Copsychus_saularis\3e682a18-15f4-41fd-8892-dd485171148c.jpg,182,179,179 182 110 114 173
data\raw\val\03976_Animalia_Chordata_Aves_Passeriformes_Muscicapidae_Copsychus_saularis\c34c8678-ee31-495b-b7c9-11a9cb5715e9.jpg,182,182,182 183 167 184 176
data\raw\val\03976_Animalia_Chordata_Aves_Passeriformes_Muscicapidae_Copsychus_saularis\e933c217-bb05-41b9-a3ca-0f30cee2da76.jpg,182,182,182 222 167 198 175
data\raw\val\03994_Animalia_Chordata_Aves_Passeriformes_Muscicapidae_Phoenicurus_ochruros\7d34b7a3-2341-496d-9d47-10ede561f28e.jpg,183,57,57 404 126 54 137
data\raw\val\03994_Animalia_Chordata_Aves_Passeriformes_Muscicapidae_Phoenicurus_ochruros\156d472d-b9da-4aa0-b356-1fda9e26e1ea.jpg,183,205,205 203 202 241 204
data\raw\val\03994_Animalia_Chordata_Aves_Passeriformes_Muscicapidae_Phoenicurus_ochruros\f2441787-8e89-48e3-99e0-db83131d386c.jpg,183,211,211 185 184 213 147
data\raw\val\03994_Animalia_Chordata_Aves_Passeriformes_Muscicapidae_Phoenicurus_ochruros\395d95c7-99e3-4a3c-933d-5ce3d8076181.jpg,183,22,22 120 241 175 24
data\raw\val\03994_Animalia_Chordata_Aves_Passeriformes_Muscicapidae_Phoenicurus_ochruros\61e00bf0-9a4a-4d74-aeb1-d12b9085ed25.jpg,183,178,178 183 87 184 161
data\raw\val\03994_Animalia_Chordata_Aves_Passeriformes_Muscicapidae_Phoenicurus_ochruros\16ce69cf-c194-4da7-b9dd-ec74e22f1e50.jpg,183,166,166 168 176 183 167
data\raw\val\03994_Animalia_Chordata_Aves_Passeriformes_Muscicapidae_Phoenicurus_ochruros\58d4a899-4b78-4dee-9d7e-ab30bbc6e5c9.jpg,183,171,171 193 176 161 169
data\raw\val\03994_Animalia_Chordata_Aves_Passeriformes_Muscicapidae_Phoenicurus_ochruros\e122fa03-5ba5-48f7-913a-8837e7248732.jpg,183,117,117 96 116 118 143
data\raw\val\03994_Animalia_Chordata_Aves_Passeriformes_Muscicapidae_Phoenicurus_ochruros\02b64f73-ac4d-4d98-a9b0-43e2c7557cb2.jpg,183,284,284 280 220 278 160
data\raw\val\03994_Animalia_Chordata_Aves_Passeriformes_Muscicapidae_Phoenicurus_ochruros\e3dea855-7f88-4a97-b1df-c2871fbb28de.jpg,183,115,115 174 27 185 114
data\raw\val\03995_Animalia_Chordata_Aves_Passeriformes_Muscicapidae_Phoenicurus_phoenicurus\d5e672e1-b3c7-411b-9b2b-3049a2ac1b1c.jpg,184,161,161 188 171 194 169
data\raw\val\03995_Animalia_Chordata_Aves_Passeriformes_Muscicapidae_Phoenicurus_phoenicurus\d60ed988-473b-48b8-accf-315da29aaa37.jpg,184,184,184 198 170 196 185
data\raw\val\03995_Animalia_Chordata_Aves_Passeriformes_Muscicapidae_Phoenicurus_phoenicurus\c90b6318-5e48-46c4-be0b-534773eed333.jpg,184,30,30 162 140 0 29
data\raw\val\03995_Animalia_Chordata_Aves_Passeriformes_Muscicapidae_Phoenicurus_phoenicurus\ef316132-3021-4758-8adf-84f80a5d022a.jpg,184,474,474 461 307 36 481
data\raw\val\03995_Animalia_Chordata_Aves_Passeriformes_Muscicapidae_Phoenicurus_phoenicurus\c85e9d79-283b-4938-855e-7e3b11b71459.jpg,184,172,172 208 152 194 171
data\raw\val\03995_Animalia_Chordata_Aves_Passeriformes_Muscicapidae_Phoenicurus_phoenicurus\1986b14a-7b52-425e-a8be-ae50b610ea55.jpg,184,185,185 170 165 71 69
data\raw\val\03995_Animalia_Chordata_Aves_Passeriformes_Muscicapidae_Phoenicurus_phoenicurus\0b0fb918-4210-4997-9f9f-dd5e0250adb1.jpg,184,41,41 184 201 76 271
data\raw\val\03995_Animalia_Chordata_Aves_Passeriformes_Muscicapidae_Phoenicurus_phoenicurus\6014e4c8-5b58-4e33-b3f5-d6fd3e4ed1c7.jpg,184,179,179 169 41 170 28
data\raw\val\03995_Animalia_Chordata_Aves_Passeriformes_Muscicapidae_Phoenicurus_phoenicurus\6b6583d8-c029-4c0b-b99f-ee3ec1f3acac.jpg,184,34,34 206 207 481 29
data\raw\val\03995_Animalia_Chordata_Aves_Passeriformes_Muscicapidae_Phoenicurus_phoenicurus\e77f990b-af7c-4c2f-a279-0515cdd265ac.jpg,184,198,198 189 184 167 185
data\raw\val\03997_Animalia_Chordata_Aves_Passeriformes_Muscicapidae_Saxicola_maurus\60f90c1a-85d5-42b5-872f-0589c4eea5d2.jpg,185,193,193 184 170 155 198
data\raw\val\03997_Animalia_Chordata_Aves_Passeriformes_Muscicapidae_Saxicola_maurus\362f45c6-e0c4-4cd4-8f12-6ac028d90aea.jpg,185,169,169 171 193 185 146
data\raw\val\03997_Animalia_Chordata_Aves_Passeriformes_Muscicapidae_Saxicola_maurus\c234a2e3-d0d9-4b9e-b92f-4afafd240419.jpg,185,185,185 169 170 165 184
data\raw\val\03997_Animalia_Chordata_Aves_Passeriformes_Muscicapidae_Saxicola_maurus\576bc92a-5a75-4fb4-a029-dcc04188bcae.jpg,185,67,67 69 465 446 185
data\raw\val\03997_Animalia_Chordata_Aves_Passeriformes_Muscicapidae_Saxicola_maurus\d1079e9e-a0cf-45f7-86dd-7083d44ab992.jpg,185,159,159 169 172 33 137
data\raw\val\03997_Animalia_Chordata_Aves_Passeriformes_Muscicapidae_Saxicola_maurus\cbe7c1c4-d304-4d40-8cbf-a1ee1d7267b2.jpg,185,23,23 35 114 17 34
data\raw\val\03997_Animalia_Chordata_Aves_Passeriformes_Muscicapidae_Saxicola_maurus\7f20f999-4413-42dd-b241-ce1dc43fb47b.jpg,185,185,185 194 184 172 165
data\raw\val\03997_Animalia_Chordata_Aves_Passeriformes_Muscicapidae_Saxicola_maurus\0dbfc17f-2b2a-4c46-9a48-5afcd510324e.jpg,185,185,185 169 165 159 170
data\raw\val\03997_Animalia_Chordata_Aves_Passeriformes_Muscicapidae_Saxicola_maurus\9d9b4b6f-0201-429e-a74c-2798f0616721.jpg,185,119,119 185 178 169 179
data\raw\val\03997_Animalia_Chordata_Aves_Passeriformes_Muscicapidae_Saxicola_maurus\374f8021-b32d-4e6e-b901-d302ea1912f7.jpg,185,50,50 184 185 82 171
data\raw\val\04021_Animalia_Chordata_Aves_Passeriformes_Pachycephalidae_Pachycephala_pectoralis\94bcbf3f-a622-43cc-ba4f-a478e714587b.jpg,186,186,186 194 188 175 196
data\raw\val\04021_Animalia_Chordata_Aves_Passeriformes_Pachycephalidae_Pachycephala_pectoralis\a3c320a5-75f6-4735-9cae-0d58ee5a15d7.jpg,186,179,179 119 178 189 83
data\raw\val\04021_Animalia_Chordata_Aves_Passeriformes_Pachycephalidae_Pachycephala_pectoralis\4d7c06f1-44a6-4fcf-b202-b16836bbce37.jpg,186,190,190 204 202 241 264
data\raw\val\04021_Animalia_Chordata_Aves_Passeriformes_Pachycephalidae_Pachycephala_pectoralis\3bb380c5-0386-4187-94c7-11a4a61aa767.jpg,186,197,197 187 222 182 167
data\raw\val\04021_Animalia_Chordata_Aves_Passeriformes_Pachycephalidae_Pachycephala_pectoralis\aa70b1f0-2b81-46bb-ba61-599dd1438161.jpg,186,194,194 456 181 186 165
data\raw\val\04021_Animalia_Chordata_Aves_Passeriformes_Pachycephalidae_Pachycephala_pectoralis\66dfb60b-2f46-4423-b09f-1eaa8ed379d4.jpg,186,188,188 186 175 196 448
data\raw\val\04021_Animalia_Chordata_Aves_Passeriformes_Pachycephalidae_Pachycephala_pectoralis\adb06435-4db4-457c-8d28-5b07b1145394.jpg,186,398,398 486 488 435 187
data\raw\val\04021_Animalia_Chordata_Aves_Passeriformes_Pachycephalidae_Pachycephala_pectoralis\a926c917-f483-4018-a102-7c9d9aa63824.jpg,186,65,65 261 191 130 271
data\raw\val\04021_Animalia_Chordata_Aves_Passeriformes_Pachycephalidae_Pachycephala_pectoralis\8a8bbb0b-ca6a-487e-9d65-ab1df95961ad.jpg,186,181,181 195 329 180 188
data\raw\val\04021_Animalia_Chordata_Aves_Passeriformes_Pachycephalidae_Pachycephala_pectoralis\f50d55eb-2e07-4bc1-a2ab-618fab29090d.jpg,186,186,186 194 181 188 180
data\raw\val\04027_Animalia_Chordata_Aves_Passeriformes_Paridae_Baeolophus_bicolor\8c2230db-a8c1-44f8-aee3-e9ea7696eae0.jpg,187,167,167 175 179 182 198
data\raw\val\04027_Animalia_Chordata_Aves_Passeriformes_Paridae_Baeolophus_bicolor\19cdfc65-eea3-4b17-966c-2ce8faa0b391.jpg,187,302,302 413 146 488 476
data\raw\val\04027_Animalia_Chordata_Aves_Passeriformes_Paridae_Baeolophus_bicolor\98a6f98b-f144-49aa-ba1a-6ce4da271b9f.jpg,187,293,293 490 498 280 191
data\raw\val\04027_Animalia_Chordata_Aves_Passeriformes_Paridae_Baeolophus_bicolor\c8b48ad9-b5ba-4733-a1f2-ad1921836733.jpg,187,22,22 13 254 21 111
data\raw\val\04027_Animalia_Chordata_Aves_Passeriformes_Paridae_Baeolophus_bicolor\6204567e-b1e1-48bd-b98a-0e7604613548.jpg,187,187,187 197 174 171 186
data\raw\val\04027_Animalia_Chordata_Aves_Passeriformes_Paridae_Baeolophus_bicolor\20ac419e-88fb-4ed2-8cdd-d25d31068873.jpg,187,393,393 222 207 293 162
data\raw\val\04027_Animalia_Chordata_Aves_Passeriformes_Paridae_Baeolophus_bicolor\f764ed7c-ff1f-4cb7-82df-3a4f3bc74304.jpg,187,143,143 84 91 253 300
data\raw\val\04027_Animalia_Chordata_Aves_Passeriformes_Paridae_Baeolophus_bicolor\94650de0-97d7-48fb-972b-dc19552b8110.jpg,187,475,475 111 106 440 198
data\raw\val\04027_Animalia_Chordata_Aves_Passeriformes_Paridae_Baeolophus_bicolor\0ca48a29-392c-4502-8bfb-9bea541b562e.jpg,187,158,158 203 204 202 152
data\raw\val\04027_Animalia_Chordata_Aves_Passeriformes_Paridae_Baeolophus_bicolor\49f539c1-3790-4e11-8dbc-fc7aae6c128f.jpg,187,220,220 204 486 212 217
data\raw\val\04075_Animalia_Chordata_Aves_Passeriformes_Parulidae_Setophaga_graciae\2dff1551-3f9b-4113-9a03-41c2039cf73a.jpg,188,208,208 120 180 188 186
data\raw\val\04075_Animalia_Chordata_Aves_Passeriformes_Parulidae_Setophaga_graciae\7c9acfcc-90fe-4cb4-a945-c31a1098e2ae.jpg,188,283,283 188 428 278 180
data\raw\val\04075_Animalia_Chordata_Aves_Passeriformes_Parulidae_Setophaga_graciae\29ba31ff-94c6-4ee8-b1bf-11b7244f3301.jpg,188,209,209 175 191 486 149
data\raw\val\04075_Animalia_Chordata_Aves_Passeriformes_Parulidae_Setophaga_graciae\58eee4d2-377f-49ab-9c96-fb5569223cdc.jpg,188,488,488 486 398 209 24
data\raw\val\04075_Animalia_Chordata_Aves_Passeriformes_Parulidae_Setophaga_graciae\c0aabea1-c556-4161-a18d-3f4dfadfdf3d.jpg,188,300,300 193 197 206 280
data\raw\val\04075_Animalia_Chordata_Aves_Passeriformes_Parulidae_Setophaga_graciae\fdfa0c70-c397-45b2-8554-5b477c14d326.jpg,188,169,169 195 180 179 165
data\raw\val\04075_Animalia_Chordata_Aves_Passeriformes_Parulidae_Setophaga_graciae\0dd642ab-20bc-4393-98bf-dd5a2bbf7f3d.jpg,188,180,180 181 195 186 165
data\raw\val\04075_Animalia_Chordata_Aves_Passeriformes_Parulidae_Setophaga_graciae\dff2f92f-a4e6-41d1-a79d-4d1d41835889.jpg,188,113,113 186 114 115 175
data\raw\val\04075_Animalia_Chordata_Aves_Passeriformes_Parulidae_Setophaga_graciae\cbd63054-341c-4e6b-abd7-0476ea2c0fa1.jpg,188,488,488 176 155 194 177
data\raw\val\04075_Animalia_Chordata_Aves_Passeriformes_Parulidae_Setophaga_graciae\249cc8db-9267-49e7-8a9a-8f3d05d79698.jpg,188,188,188 208 196 186 195
data\raw\val\04114_Animalia_Chordata_Aves_Passeriformes_Passerellidae_Peucaea_carpalis\6f799948-1e5d-4e28-9545-710069a7ce08.jpg,189,203,203 202 152 204 205
data\raw\val\04114_Animalia_Chordata_Aves_Passeriformes_Passerellidae_Peucaea_carpalis\d71cb413-c381-4769-ae90-cf4cf3bc61f7.jpg,189,178,178 189 1 25 187
data\raw\val\04114_Animalia_Chordata_Aves_Passeriformes_Passerellidae_Peucaea_carpalis\8613d181-0f9f-43d0-aaff-ae0c9d3ebd3c.jpg,189,197,197 176 187 192 189
data\raw\val\04114_Animalia_Chordata_Aves_Passeriformes_Passerellidae_Peucaea_carpalis\918300f6-af93-44fe-8558-98a7ae05d083.jpg,189,197,197 189 187 157 172
data\raw\val\04114_Animalia_Chordata_Aves_Passeriformes_Passerellidae_Peucaea_carpalis\04a86f99-39b5-4eba-ba28-632c551916fc.jpg,189,193,193 460 452 413 406
data\raw\val\04114_Animalia_Chordata_Aves_Passeriformes_Passerellidae_Peucaea_carpalis\da30cd1d-8a4d-41e6-82ec-25abaee85dce.jpg,189,498,498 283 489 278 322
data\raw\val\04114_Animalia_Chordata_Aves_Passeriformes_Passerellidae_Peucaea_carpalis\8619d4eb-38b4-4799-98e2-1ee528394d67.jpg,189,189,189 225 170 77 2
data\raw\val\04114_Animalia_Chordata_Aves_Passeriformes_Passerellidae_Peucaea_carpalis\fb4ce278-8d73-4c05-be19-2c88a9a9ad2c.jpg,189,212,212 170 227 153 222
data\raw\val\04114_Animalia_Chordata_Aves_Passeriformes_Passerellidae_Peucaea_carpalis\db6b61fb-6c5c-48b5-837d-29187024f084.jpg,189,191,191 486 149 209 175
data\raw\val\04114_Animalia_Chordata_Aves_Passeriformes_Passerellidae_Peucaea_carpalis\ae2e6891-ef6e-4351-8bc4-80dee4d4dcd5.jpg,189,223,223 235 242 161 239
data\raw\val\04139_Animalia_Chordata_Aves_Passeriformes_Petroicidae_Petroica_australis\46433973-8073-4e60-9843-8d5873be9340.jpg,190,259,259 190 145 470 257
data\raw\val\04139_Animalia_Chordata_Aves_Passeriformes_Petroicidae_Petroica_australis\fa48d629-5c1d-4130-a649-329ca2f0fc70.jpg,190,143,143 232 200 199 489
data\raw\val\04139_Animalia_Chordata_Aves_Passeriformes_Petroicidae_Petroica_australis\3ef2368c-41c4-4a15-8d8c-f015d64e8ea8.jpg,190,190,190 222 233 139 182
data\raw\val\04139_Animalia_Chordata_Aves_Passeriformes_Petroicidae_Petroica_australis\86d611ed-9101-4c07-828c-989f79af5612.jpg,190,198,198 193 186 167 182
data\raw\val\04139_Animalia_Chordata_Aves_Passeriformes_Petroicidae_Petroica_australis\bb498b5f-0de9-4fc8-9844-63d7e349a696.jpg,190,247,247 249 261 11 130
data\raw\val\04139_Animalia_Chordata_Aves_Passeriformes_Petroicidae_Petroica_australis\dd631770-0a43-4b5c-9110-51bb37d96f6f.jpg,190,295,295 190 313 442 293
data\raw\val\04139_Animalia_Chordata_Aves_Passeriformes_Petroicidae_Petroica_australis\6b60df07-0297-4fef-bb85-e960b2621688.jpg,190,486,486 306 305 494 322
data\raw\val\04139_Animalia_Chordata_Aves_Passeriformes_Petroicidae_Petroica_australis\775404bb-a072-442c-875f-1cae64a2b7fb.jpg,190,190,190 140 222 213 167
data\raw\val\04139_Animalia_Chordata_Aves_Passeriformes_Petroicidae_Petroica_australis\eca68682-fbe8-4944-a2b5-19041a6ab485.jpg,190,487,487 190 167 273 489
data\raw\val\04139_Animalia_Chordata_Aves_Passeriformes_Petroicidae_Petroica_australis\c0a08c41-10bf-4ed3-9c2d-ecec1c95491b.jpg,190,153,153 223 210 231 141
data\raw\val\04187_Animalia_Chordata_Aves_Passeriformes_Sittidae_Sitta_carolinensis\8d9dfd86-e60b-4c8d-bbb0-5a5d4fc18159.jpg,191,198,198 191 175 188 146
data\raw\val\04187_Animalia_Chordata_Aves_Passeriformes_Sittidae_Sitta_carolinensis\6ae972bc-b098-430a-b7f5-41e37cf57439.jpg,191,160,160 204 176 130 174
data\raw\val\04187_Animalia_Chordata_Aves_Passeriformes_Sittidae_Sitta_carolinensis\44c83e03-723f-4fb2-98bc-d47de4b330fa.jpg,191,214,214 177 13 250 67
data\raw\val\04187_Animalia_Chordata_Aves_Passeriformes_Sittidae_Sitta_carolinensis\c054f52d-bd5d-4329-bc12-5f90931868cf.jpg,191,497,497 489 488 487 431
data\raw\val\04187_Animalia_Chordata_Aves_Passeriformes_Sittidae_Sitta_carolinensis\5313e6d3-5d5d-4342-8c9b-580f7922786d.jpg,191,207,207 210 187 175 222
data\raw\val\04187_Animalia_Chordata_Aves_Passeriformes_Sittidae_Sitta_carolinensis\93d3fd10-38cc-4805-94d2-7310ec4619e3.jpg,191,436,436 475 393 440 400
data\raw\val\04187_Animalia_Chordata_Aves_Passeriformes_Sittidae_Sitta_carolinensis\3966f250-6dd4-4bc2-8848-1992ea76ac6b.jpg,191,191,191 192 74 488 269
data\raw\val\04187_Animalia_Chordata_Aves_Passeriformes_Sittidae_Sitta_carolinensis\7d2539b1-2c1a-41d4-b618-5d636f99514e.jpg,191,130,130 399 263 270 222
data\raw\val\04187_Animalia_Chordata_Aves_Passeriformes_Sittidae_Sitta_carolinensis\1b3417ea-486d-4b88-9e2d-a69dcb444aa0.jpg,191,223,223 153 166 191 174
data\raw\val\04187_Animalia_Chordata_Aves_Passeriformes_Sittidae_Sitta_carolinensis\d1dd6b48-aa46-4440-9493-397f11a87d64.jpg,191,413,413 171 191 209 88
data\raw\val\04190_Animalia_Chordata_Aves_Passeriformes_Sittidae_Sitta_pygmaea\1636b967-62ca-4bf5-bffe-f3c3d84ef0a9.jpg,192,283,283 278 355 489 488
data\raw\val\04190_Animalia_Chordata_Aves_Passeriformes_Sittidae_Sitta_pygmaea\797227b0-c869-493b-8642-8607d4551b3f.jpg,192,413,413 488 486 278 398
data\raw\val\04190_Animalia_Chordata_Aves_Passeriformes_Sittidae_Sitta_pygmaea\9fc0dcd9-4e6a-4e1b-a137-e52db5263a41.jpg,192,204,204 212 161 220 217
data\raw\val\04190_Animalia_Chordata_Aves_Passeriformes_Sittidae_Sitta_pygmaea\6ffcc981-5833-4113-af8b-6dbc5fc2c0f3.jpg,192,395,395 191 488 490 486
data\raw\val\04190_Animalia_Chordata_Aves_Passeriformes_Sittidae_Sitta_pygmaea\1671a28f-c83d-4b6e-8892-132c01fa8368.jpg,192,197,197 187 183 191 182
data\raw\val\04190_Animalia_Chordata_Aves_Passeriformes_Sittidae_Sitta_pygmaea\0b00f150-dc7b-46a6-9c20-dd49c92a6d53.jpg,192,204,204 155 199 222 190
data\raw\val\04190_Animalia_Chordata_Aves_Passeriformes_Sittidae_Sitta_pygmaea\e412c644-e62e-44a6-a722-bbd1f2335536.jpg,192,151,151 153 212 204 227
data\raw\val\04190_Animalia_Chordata_Aves_Passeriformes_Sittidae_Sitta_pygmaea\2788cb02-f1ca-4106-aaec-01ccea7e87d5.jpg,192,77,77 269 72 78 234
data\raw\val\04190_Animalia_Chordata_Aves_Passeriformes_Sittidae_Sitta_pygmaea\17840f9e-8485-4c66-a155-cd69b65cc36b.jpg,192,150,150 211 109 172 151
data\raw\val\04190_Animalia_Chordata_Aves_Passeriformes_Sittidae_Sitta_pygmaea\a4d6366a-7bf5-4eb7-aaa0-5486cb021acc.jpg,192,37,37 85 3 188 472
data\raw\val\04195_Animalia_Chordata_Aves_Passeriformes_Sturnidae_Cinnyricinclus_leucogaster\dd85892e-d96a-476a-8743-87a16f300dab.jpg,193,193,193 444 177 406 409
data\raw\val\04195_Animalia_Chordata_Aves_Passeriformes_Sturnidae_Cinnyricinclus_leucogaster\7f45e022-9721-4c8b-a4f7-1c6b6bd37372.jpg,193,193,193 206 209 149 207
data\raw\val\04195_Animalia_Chordata_Aves_Passeriformes_Sturnidae_Cinnyricinclus_leucogaster\7add6379-6dce-4070-8ec8-45bdf2f741aa.jpg,193,469,469 362 367 418 481
data\raw\val\04195_Animalia_Chordata_Aves_Passeriformes_Sturnidae_Cinnyricinclus_leucogaster\933b4f60-a6fb-446b-9dc7-29e4bad1a301.jpg,193,193,193 444 426 177 33
data\raw\val\04195_Animalia_Chordata_Aves_Passeriformes_Sturnidae_Cinnyricinclus_leucogaster\e7a9bdca-16aa-4b07-b66c-4ae472de593a.jpg,193,169,169 146 178 167 189
data\raw\val\04195_Animalia_Chordata_Aves_Passeriformes_Sturnidae_Cinnyricinclus_leucogaster\2829986a-ac07-4ca3-8536-762e46bb8ab9.jpg,193,193,193 117 170 346 172
data\raw\val\04195_Animalia_Chordata_Aves_Passeriformes_Sturnidae_Cinnyricinclus_leucogaster\fe8c1b18-18dd-4905-93c1-b3e5e3cd7df4.jpg,193,171,171 175 413 193 149
data\raw\val\04195_Animalia_Chordata_Aves_Passeriformes_Sturnidae_Cinnyricinclus_leucogaster\78e43c74-fadf-492b-9fd7-ff4dbb596363.jpg,193,193,193 346 160 162 423
data\raw\val\04195_Animalia_Chordata_Aves_Passeriformes_Sturnidae_Cinnyricinclus_leucogaster\86e2e3b9-647a-4f46-bd9f-a6e084371523.jpg,193,193,193 87 184 169 170
data\raw\val\04195_Animalia_Chordata_Aves_Passeriformes_Sturnidae_Cinnyricinclus_leucogaster\f5b825f5-fb95-42c0-9f21-f9ea7dfc34cb.jpg,193,193,193 149 209 171 172
data\raw\val\04221_Animalia_Chordata_Aves_Passeriformes_Thraupidae_Pipraeidea_bonariensis\cabba2eb-bacc-4c2a-be22-c1beb3161738.jpg,194,186,186 165 195 194 188
data\raw\val\04221_Animalia_Chordata_Aves_Passeriformes_Thraupidae_Pipraeidea_bonariensis\acb6393e-85aa-4a5b-b301-e74e48f05dc9.jpg,194,152,152 205 203 202 204
data\raw\val\04221_Animalia_Chordata_Aves_Passeriformes_Thraupidae_Pipraeidea_bonariensis\7835dadc-ba34-4e67-bce5-4fc8f2b1021f.jpg,194,209,209 18 16 208 184
data\raw\val\04221_Animalia_Chordata_Aves_Passeriformes_Thraupidae_Pipraeidea_bonariensis\86327527-14d1-4ca3-8741-9ab5c5ddef72.jpg,194,194,194 208 196 209 184
data\raw\val\04221_Animalia_Chordata_Aves_Passeriformes_Thraupidae_Pipraeidea_bonariensis\185ab3dc-574f-4d71-a82f-afbd6618f7b0.jpg,194,186,186 165 194 197 109
data\raw\val\04221_Animalia_Chordata_Aves_Passeriformes_Thraupidae_Pipraeidea_bonariensis\74d33376-3dae-46a0-8136-0a318a3063cd.jpg,194,188,188 194 208 186 175
data\raw\val\04221_Animalia_Chordata_Aves_Passeriformes_Thraupidae_Pipraeidea_bonariensis\bcb2663c-7de6-437d-9a01-5b869ab5f0ea.jpg,194,198,198 179 441 442 194
data\raw\val\04221_Animalia_Chordata_Aves_Passeriformes_Thraupidae_Pipraeidea_bonariensis\b947f5ea-c9b0-4063-b39e-d713563be466.jpg,194,208,208 194 209 31 196
data\raw\val\04221_Animalia_Chordata_Aves_Passeriformes_Thraupidae_Pipraeidea_bonariensis\0580ef09-6031-4cf4-87b3-10c7662607be.jpg,194,65,65 197 86 30 16
data\raw\val\04221_Animalia_Chordata_Aves_Passeriformes_Thraupidae_Pipraeidea_bonariensis\56eea7cf-b16f-4c07-ad8a-239de557513c.jpg,194,194,194 208 188 186 175
data\raw\val\04231_Animalia_Chordata_Aves_Passeriformes_Thraupidae_Sicalis_luteola\fcd4211b-5f1a-427a-b53b-d268c216dec2.jpg,195,186,186 194 188 175 195
data\raw\val\04231_Animalia_Chordata_Aves_Passeriformes_Thraupidae_Sicalis_luteola\b971a64e-8ec2-4d2b-b8bd-f35a7e624786.jpg,195,240,240 232 179 224 331
data\raw\val\04231_Animalia_Chordata_Aves_Passeriformes_Thraupidae_Sicalis_luteola\59008982-0a90-47b2-9a5a-e844a2ec1e51.jpg,195,195,195 165 169 175 185
data\raw\val\04231_Animalia_Chordata_Aves_Passeriformes_Thraupidae_Sicalis_luteola\e341d185-8c29-428b-bf2f-cffa19469f21.jpg,195,181,181 195 180 194 165
data\raw\val\04231_Animalia_Chordata_Aves_Passeriformes_Thraupidae_Sicalis_luteola\4475ebad-a602-4c9c-919a-8349b702e8e8.jpg,195,165,165 195 181 194 188
data\raw\val\04231_Animalia_Chordata_Aves_Passeriformes_Thraupidae_Sicalis_luteola\1925a38d-cfb6-42bc-ba54-9d93031be628.jpg,195,224,224 156 201 179 384
data\raw\val\04231_Animalia_Chordata_Aves_Passeriformes_Thraupidae_Sicalis_luteola\32b34495-2866-4306-a155-dd5c05d16297.jpg,195,195,195 180 165 181 185
data\raw\val\04231_Animalia_Chordata_Aves_Passeriformes_Thraupidae_Sicalis_luteola\61f89814-2a94-45dc-bc32-13e008d7c9c4.jpg,195,194,194 195 181 180 165
data\raw\val\04231_Animalia_Chordata_Aves_Passeriformes_Thraupidae_Sicalis_luteola\e39569e4-c40e-4801-8f4f-73b50506bed4.jpg,195,181,181 180 195 208 188
data\raw\val\04231_Animalia_Chordata_Aves_Passeriformes_Thraupidae_Sicalis_luteola\e4276abc-a1e7-409d-8a85-be0e2465ed7c.jpg,195,185,185 169 165 170 195
data\raw\val\04241_Animalia_Chordata_Aves_Passeriformes_Thraupidae_Tangara_arthus\012a86e5-e7a5-4737-94df-928907552924.jpg,196,196,196 391 337 382 20
data\raw\val\04241_Animalia_Chordata_Aves_Passeriformes_Thraupidae_Tangara_arthus\de225c03-cfb6-493b-84b7-7b9ea8644872.jpg,196,196,196 194 68 33 35
data\raw\val\04241_Animalia_Chordata_Aves_Passeriformes_Thraupidae_Tangara_arthus\854184e3-0a6a-474c-88cc-da09cbb627b8.jpg,196,253,253 93 91 119 39
data\raw\val\04241_Animalia_Chordata_Aves_Passeriformes_Thraupidae_Tangara_arthus\c5b2dc52-7409-4112-bf7f-521268c5e826.jpg,196,196,196 31 208 194 188
data\raw\val\04241_Animalia_Chordata_Aves_Passeriformes_Thraupidae_Tangara_arthus\ba978cd3-4a08-47c0-8406-887d2d48d984.jpg,196,196,196 90 19 84 18
data\raw\val\04241_Animalia_Chordata_Aves_Passeriformes_Thraupidae_Tangara_arthus\8ecc3ca1-a113-4b74-9af2-e309f317ebc0.jpg,196,196,196 194 208 188 181
data\raw\val\04241_Animalia_Chordata_Aves_Passeriformes_Thraupidae_Tangara_arthus\e8473889-440d-442d-9a8b-e602bb4cf7cd.jpg,196,196,196 184 194 198 209
data\raw\val\04241_Animalia_Chordata_Aves_Passeriformes_Thraupidae_Tangara_arthus\64bb510f-e382-4f1a-b2f8-7807b175aa10.jpg,196,196,196 65 208 194 66
data\raw\val\04241_Animalia_Chordata_Aves_Passeriformes_Thraupidae_Tangara_arthus\8aff8f7b-8336-43aa-a421-b3bca73992a1.jpg,196,196,196 332 20 120 208
data\raw\val\04241_Animalia_Chordata_Aves_Passeriformes_Thraupidae_Tangara_arthus\a48fe183-218e-4e52-8568-9c12f179b187.jpg,196,196,196 90 208 92 89
data\raw\val\04245_Animalia_Chordata_Aves_Passeriformes_Thraupidae_Thraupis_episcopus\9107676c-a0b7-4a1e-a205-13741344b916.jpg,197,207,207 155 209 162 122
data\raw\val\04245_Animalia_Chordata_Aves_Passeriformes_Thraupidae_Thraupis_episcopus\449d41fd-e71f-4377-8e0e-3dc57ef99b9d.jpg,197,197,197 182 183 94 191
data\raw\val\04245_Animalia_Chordata_Aves_Passeriformes_Thraupidae_Thraupis_episcopus\ab90a945-1ffe-435b-9a24-90417c1b8e7a.jpg,197,175,175 186 188 209 194
data\raw\val\04245_Animalia_Chordata_Aves_Passeriformes_Thraupidae_Thraupis_episcopus\2dd925cb-3b3c-48e3-b15a-b78c0ac230c1.jpg,197,92,92 89 68 90 91
data\raw\val\04245_Animalia_Chordata_Aves_Passeriformes_Thraupidae_Thraupis_episcopus\0b8d2a69-ad07-4eb9-a06e-8cc9e4d0b0ce.jpg,197,197,197 198 182 206 400
data\raw\val\04245_Animalia_Chordata_Aves_Passeriformes_Thraupidae_Thraupis_episcopus\6ed088ca-ff8f-40cd-b7fd-7a0bca43af58.jpg,197,468,468 275 345 313 442
data\raw\val\04245_Animalia_Chordata_Aves_Passeriformes_Thraupidae_Thraupis_episcopus\34710505-5747-4bdb-bfe3-f90e4371edbf.jpg,197,198,198 193 460 293 397
data\raw\val\04245_Animalia_Chordata_Aves_Passeriformes_Thraupidae_Thraupis_episcopus\46d452a2-afb9-4b1e-89a4-5775d3fc741a.jpg,197,174,174 176 488 192 197
data\raw\val\04245_Animalia_Chordata_Aves_Passeriformes_Thraupidae_Thraupis_episcopus\e5012cfc-99cc-43e3-a2da-3de3bcde9ff3.jpg,197,197,197 106 115 111 436
data\raw\val\04245_Animalia_Chordata_Aves_Passeriformes_Thraupidae_Thraupis_episcopus\f91b7498-2364-4b60-837d-a866bd753427.jpg,197,197,197 86 406 341 140
data\raw\val\04250_Animalia_Chordata_Aves_Passeriformes_Tityridae_Pachyramphus_aglaiae\2a3b0ac8-b300-4d95-8efc-953ec4b553e3.jpg,198,413,413 486 398 188 488
data\raw\val\04250_Animalia_Chordata_Aves_Passeriformes_Tityridae_Pachyramphus_aglaiae\fbed62b5-83b4-4de0-8da5-e8e0261c833d.jpg,198,193,193 198 184 182 167
data\raw\val\04250_Animalia_Chordata_Aves_Passeriformes_Tityridae_Pachyramphus_aglaiae\e3317f14-04b6-4b52-b05f-85b6617f425f.jpg,198,198,198 196 185 37 169
data\raw\val\04250_Animalia_Chordata_Aves_Passeriformes_Tityridae_Pachyramphus_aglaiae\c82bd28d-8c09-4d5a-b8b6-bd54aa28a2d1.jpg,198,198,198 184 170 116 206
data\raw\val\04250_Animalia_Chordata_Aves_Passeriformes_Tityridae_Pachyramphus_aglaiae\2e5cfc38-5bba-4582-b731-55b2a3303a02.jpg,198,490,490 222 489 162 496
data\raw\val\04250_Animalia_Chordata_Aves_Passeriformes_Tityridae_Pachyramphus_aglaiae\6af0610a-b9c1-42a9-9e0d-fac99b149a0b.jpg,198,146,146 149 191 148 174
data\raw\val\04250_Animalia_Chordata_Aves_Passeriformes_Tityridae_Pachyramphus_aglaiae\ee36b664-6327-4728-ae64-d157b698fd87.jpg,198,206,206 198 193 452 197
data\raw\val\04250_Animalia_Chordata_Aves_Passeriformes_Tityridae_Pachyramphus_aglaiae\31ce6e83-912d-484a-9930-ad5101ce6d62.jpg,198,488,488 413 175 146 149
data\raw\val\04250_Animalia_Chordata_Aves_Passeriformes_Tityridae_Pachyramphus_aglaiae\85ec64fe-eda7-46e3-ac92-5c17cb079cab.jpg,198,267,267 268 266 270 222
data\raw\val\04250_Animalia_Chordata_Aves_Passeriformes_Tityridae_Pachyramphus_aglaiae\0cd59ee3-98e2-4f08-857b-50827e96423e.jpg,198,175,175 188 165 198 186
data\raw\val\04356_Animalia_Chordata_Aves_Pelecaniformes_Ardeidae_Ardea_cinerea\026afee9-88cc-4679-872b-ea127fa68dcc.jpg,199,168,168 173 148 166 167
data\raw\val\04356_Animalia_Chordata_Aves_Pelecaniformes_Ardeidae_Ardea_cinerea\05b8a8b2-8172-451d-9700-40004d2a7908.jpg,199,219,219 306 151 202 201
data\raw\val\04356_Animalia_Chordata_Aves_Pelecaniformes_Ardeidae_Ardea_cinerea\baa3c832-f3e0-48d7-8b39-2dc30dadae91.jpg,199,212,212 155 167 168 200
data\raw\val\04356_Animalia_Chordata_Aves_Pelecaniformes_Ardeidae_Ardea_cinerea\8ae42782-93e8-4321-9260-a34978eb5346.jpg,199,164,164 199 205 203 202
data\raw\val\04356_Animalia_Chordata_Aves_Pelecaniformes_Ardeidae_Ardea_cinerea\5520b51a-80e6-4897-ba9c-786a52a2ec0e.jpg,199,260,260 204 205 485 262
data\raw\val\04356_Animalia_Chordata_Aves_Pelecaniformes_Ardeidae_Ardea_cinerea\f41aae7c-82cc-47bc-8faf-27b700a0ecaa.jpg,199,161,161 328 487 465 372
data\raw\val\04356_Animalia_Chordata_Aves_Pelecaniformes_Ardeidae_Ardea_cinerea\04870b77-ac90-4760-834b-d592680575a0.jpg,199,204,204 202 200 278 191
data\raw\val\04356_Animalia_Chordata_Aves_Pelecaniformes_Ardeidae_Ardea_cinerea\b78937f4-dc68-4adf-aea0-4235c1e8c4e1.jpg,199,219,219 158 104 157 151
data\raw\val\04356_Animalia_Chordata_Aves_Pelecaniformes_Ardeidae_Ardea_cinerea\c1d076e5-3a07-405c-b56c-140b5f82bb29.jpg,199,199,199 213 223 140 156
data\raw\val\04356_Animalia_Chordata_Aves_Pelecaniformes_Ardeidae_Ardea_cinerea\45af9275-5fda-42f6-b31e-dd7f6ca30959.jpg,199,220,220 147 205 152 164
data\raw\val\04363_Animalia_Chordata_Aves_Pelecaniformes_Ardeidae_Ardea_purpurea\b6c6f0c5-4433-4633-8987-bd2667a5410d.jpg,200,169,169 208 165 149 179
data\raw\val\04363_Animalia_Chordata_Aves_Pelecaniformes_Ardeidae_Ardea_purpurea\529bb0da-cf44-45c8-bb41-1271b3d63b68.jpg,200,147,147 148 146 33 57
data\raw\val\04363_Animalia_Chordata_Aves_Pelecaniformes_Ardeidae_Ardea_purpurea\396ff2a8-d065-4004-9604-f9dcdf18cf4e.jpg,200,148,148 147 57 5 17
data\raw\val\04363_Animalia_Chordata_Aves_Pelecaniformes_Ardeidae_Ardea_purpurea\e0d8b817-6f35-4e57-9a29-e57c5e35e390.jpg,200,303,303 201 300 301 428
data\raw\val\04363_Animalia_Chordata_Aves_Pelecaniformes_Ardeidae_Ardea_purpurea\8aabad15-dc7b-4a62-8865-82f21bc6cf9e.jpg,200,159,159 147 205 185 148
data\raw\val\04363_Animalia_Chordata_Aves_Pelecaniformes_Ardeidae_Ardea_purpurea\3c92c9ec-bcb6-4eaa-bf0f-fbd034702c61.jpg,200,193,193 362 165 206 167
data\raw\val\04363_Animalia_Chordata_Aves_Pelecaniformes_Ardeidae_Ardea_purpurea\f0a3e200-566a-43d3-b7b8-b136edcfda2b.jpg,200,200,200 201 185 147 195
data\raw\val\04363_Animalia_Chordata_Aves_Pelecaniformes_Ardeidae_Ardea_purpurea\d335aa5d-68a8-4cd3-9c7f-20f00b83869e.jpg,200,201,201 226 200 169 303
data\raw\val\04363_Animalia_Chordata_Aves_Pelecaniformes_Ardeidae_Ardea_purpurea\c5d41b70-7db5-49b9-9c50-f7e418ea9360.jpg,200,417,417 305 381 415 345
data\raw\val\04363_Animalia_Chordata_Aves_Pelecaniformes_Ardeidae_Ardea_purpurea\ef4763ea-bead-4d20-b6ae-09f1b34ec514.jpg,200,205,205 147 152 148 172
data\raw\val\04366_Animalia_Chordata_Aves_Pelecaniformes_Ardeidae_Ardeola_ralloides\ca42b741-f850-419f-9e1e-479545df4448.jpg,201,203,203 202 204 152 150
data\raw\val\04366_Animalia_Chordata_Aves_Pelecaniformes_Ardeidae_Ardeola_ralloides\ec40ad47-fa32-4b51-9005-34220ea03cc0.jpg,201,159,159 150 205 204 161
data\raw\val\04366_Animalia_Chordata_Aves_Pelecaniformes_Ardeidae_Ardeola_ralloides\d8893fd9-d91b-4753-a287-e216544bf379.jpg,201,201,201 202 205 152 200
data\raw\val\04366_Animalia_Chordata_Aves_Pelecaniformes_Ardeidae_Ardeola_ralloides\cfe7e7d9-0c8e-4e4f-b59d-0771384702be.jpg,201,67,67 70 97 69 179
data\raw\val\04366_Animalia_Chordata_Aves_Pelecaniformes_Ardeidae_Ardeola_ralloides\2428ad2a-88ec-4548-acd6-4310515d5bea.jpg,201,231,231 141 153 484 210
data\raw\val\04366_Animalia_Chordata_Aves_Pelecaniformes_Ardeidae_Ardeola_ralloides\7752d394-7695-4d0e-a020-b9ed374fcc6d.jpg,201,199,199 160 205 429 163
data\raw\val\04366_Animalia_Chordata_Aves_Pelecaniformes_Ardeidae_Ardeola_ralloides\163d0fcf-46e2-4df3-b72e-7950de00898f.jpg,201,170,170 41 68 324 201
data\raw\val\04366_Animalia_Chordata_Aves_Pelecaniformes_Ardeidae_Ardeola_ralloides\21bc5a58-ac6e-4a8e-97cc-a5a5b0b2bb1e.jpg,201,159,159 157 154 216 150
data\raw\val\04366_Animalia_Chordata_Aves_Pelecaniformes_Ardeidae_Ardeola_ralloides\d4c33a96-e992-4a59-b3db-d9b8dd028650.jpg,201,155,155 150 217 151 160
data\raw\val\04366_Animalia_Chordata_Aves_Pelecaniformes_Ardeidae_Ardeola_ralloides\0bb95e05-83ad-4ead-8d5e-2bf420efa708.jpg,201,404,404 301 359 242 319
data\raw\val\04404_Animalia_Chordata_Aves_Pelecaniformes_Threskiornithidae_Platalea_flavipes\f2718ba8-6bbc-4e2b-ba52-86b86748c07a.jpg,202,205,205 203 159 152 204
data\raw\val\04404_Animalia_Chordata_Aves_Pelecaniformes_Threskiornithidae_Platalea_flavipes\2316f1c6-2f2d-48ba-ae51-d4bb8ae3465e.jpg,202,204,204 202 152 205 203
data\raw\val\04404_Animalia_Chordata_Aves_Pelecaniformes_Threskiornithidae_Platalea_flavipes\0364b715-6b8d-4a67-835e-d880c4146f8c.jpg,202,203,203 150 204 157 202
data\raw\val\04404_Animalia_Chordata_Aves_Pelecaniformes_Threskiornithidae_Platalea_flavipes\0a4e1eb0-2b12-429b-820d-6315636b0c13.jpg,202,152,152 219 204 203 202
data\raw\val\04404_Animalia_Chordata_Aves_Pelecaniformes_Threskiornithidae_Platalea_flavipes\215552f3-d9d3-454c-93bc-688d85276d1c.jpg,202,204,204 202 203 150 152
data\raw\val\04404_Animalia_Chordata_Aves_Pelecaniformes_Threskiornithidae_Platalea_flavipes\4665970c-4a78-4e8f-bef1-43ef9220a37e.jpg,202,205,205 201 202 159 203
data\raw\val\04404_Animalia_Chordata_Aves_Pelecaniformes_Threskiornithidae_Platalea_flavipes\571d2396-0763-4cc5-9c5d-e3090fbe84c8.jpg,202,202,202 203 201 152 205
data\raw\val\04404_Animalia_Chordata_Aves_Pelecaniformes_Threskiornithidae_Platalea_flavipes\b06f573f-4b1b-4a73-b307-3393972c731d.jpg,202,152,152 219 203 216 199
data\raw\val\04404_Animalia_Chordata_Aves_Pelecaniformes_Threskiornithidae_Platalea_flavipes\666c6f42-8b62-4090-88a4-a3b7a28d83cc.jpg,202,204,204 202 260 152 465
data\raw\val\04404_Animalia_Chordata_Aves_Pelecaniformes_Threskiornithidae_Platalea_flavipes\21f32fde-a565-4a06-8909-5f9770f4853d.jpg,202,205,205 203 201 202 152
data\raw\val\04405_Animalia_Chordata_Aves_Pelecaniformes_Threskiornithidae_Platalea_leucorodia\79fd1338-9189-45b0-bcb0-5f2ef9e79fbd.jpg,203,204,204 202 217 205 203
data\raw\val\04405_Animalia_Chordata_Aves_Pelecaniformes_Threskiornithidae_Platalea_leucorodia\31f036f7-11d4-47e2-9105-b7c801ff65c9.jpg,203,204,204 202 152 203 205
data\raw\val\04405_Animalia_Chordata_Aves_Pelecaniformes_Threskiornithidae_Platalea_leucorodia\df4f2868-aabc-46cb-85a8-6553a7e8e049.jpg,203,205,205 203 157 158 152
data\raw\val\04405_Animalia_Chordata_Aves_Pelecaniformes_Threskiornithidae_Platalea_leucorodia\4950faee-b90e-4bdc-9a8b-dc73f350b41b.jpg,203,152,152 164 205 203 201
data\raw\val\04405_Animalia_Chordata_Aves_Pelecaniformes_Threskiornithidae_Platalea_leucorodia\419e3c7e-095d-49da-b50c-ac5bb0bdfaf3.jpg,203,205,205 202 159 203 152
data\raw\val\04405_Animalia_Chordata_Aves_Pelecaniformes_Threskiornithidae_Platalea_leucorodia\d815b006-9e0d-4cce-86bd-3e8f26f19fe2.jpg,203,205,205 204 202 203 152
data\raw\val\04405_Animalia_Chordata_Aves_Pelecaniformes_Threskiornithidae_Platalea_leucorodia\c4d20053-61fd-4b20-bcd9-cd24441a4c9e.jpg,203,204,204 161 168 197 203
data\raw\val\04405_Animalia_Chordata_Aves_Pelecaniformes_Threskiornithidae_Platalea_leucorodia\0c5a6785-0bc2-49d9-9702-b9e94ba9b686.jpg,203,158,158 219 456 104 204
data\raw\val\04405_Animalia_Chordata_Aves_Pelecaniformes_Threskiornithidae_Platalea_leucorodia\ae09376d-65bf-4171-a333-b9bdd32cff7d.jpg,203,202,202 205 204 201 199
data\raw\val\04405_Animalia_Chordata_Aves_Pelecaniformes_Threskiornithidae_Platalea_leucorodia\82c5023d-237a-48e2-9049-42bb380684a1.jpg,203,205,205 202 164 160 152
data\raw\val\04407_Animalia_Chordata_Aves_Pelecaniformes_Threskiornithidae_Platalea_regia\27a511bb-65d4-497b-ae2e-ff489ec2d344.jpg,204,216,216 219 158 203 241
data\raw\val\04407_Animalia_Chordata_Aves_Pelecaniformes_Threskiornithidae_Platalea_regia\1e521ce2-8437-455a-923b-0fda08c03355.jpg,204,306,306 151 467 274 479
data\raw\val\04407_Animalia_Chordata_Aves_Pelecaniformes_Threskiornithidae_Platalea_regia\434c1247-d2e3-492d-a76c-b3690766601d.jpg,204,204,204 219 202 203 158
data\raw\val\04407_Animalia_Chordata_Aves_Pelecaniformes_Threskiornithidae_Platalea_regia\c72744a3-d501-47c2-9274-7be11aa2e1b1.jpg,204,203,203 152 205 204 202
data\raw\val\04407_Animalia_Chordata_Aves_Pelecaniformes_Threskiornithidae_Platalea_regia\4ca666f5-635d-4009-bd13-f5a6317f4fb8.jpg,204,204,204 158 191 174 202
data\raw\val\04407_Animalia_Chordata_Aves_Pelecaniformes_Threskiornithidae_Platalea_regia\3889a5be-59f9-4e78-a1a8-551b73a1cb5a.jpg,204,204,204 203 216 158 152
data\raw\val\04407_Animalia_Chordata_Aves_Pelecaniformes_Threskiornithidae_Platalea_regia\63710ab9-4756-4f12-8418-e880d0f736ad.jpg,204,158,158 488 300 159 172
data\raw\val\04407_Animalia_Chordata_Aves_Pelecaniformes_Threskiornithidae_Platalea_regia\3fa3797b-bdce-4c12-ae8a-532691eff2d8.jpg,204,232,232 22 7 229 159
data\raw\val\04407_Animalia_Chordata_Aves_Pelecaniformes_Threskiornithidae_Platalea_regia\6a3331b8-1457-49dd-b479-fc071ef5fde9.jpg,204,216,216 150 154 151 13
data\raw\val\04407_Animalia_Chordata_Aves_Pelecaniformes_Threskiornithidae_Platalea_regia\6d431421-d436-408f-bc3b-2b5fa3c412b7.jpg,204,213,213 202 204 199 214
data\raw\val\04413_Animalia_Chordata_Aves_Pelecaniformes_Threskiornithidae_Threskiornis_melanocephalus\6a546558-51e5-4266-b48d-712f0c6c920f.jpg,205,447,447 485 155 205 160
data\raw\val\04413_Animalia_Chordata_Aves_Pelecaniformes_Threskiornithidae_Threskiornis_melanocephalus\a74ed344-2b74-4e06-87d1-dfa78b776ec8.jpg,205,224,224 214 215 201 199
data\raw\val\04413_Animalia_Chordata_Aves_Pelecaniformes_Threskiornithidae_Threskiornis_melanocephalus\6cf7c142-e337-4b23-b42a-7256219e57be.jpg,205,49,49 108 179 109 22
data\raw\val\04413_Animalia_Chordata_Aves_Pelecaniformes_Threskiornithidae_Threskiornis_melanocephalus\1570d9f8-d704-4185-b8d7-cb9378f1fd8e.jpg,205,221,221 199 220 173 214
data\raw\val\04413_Animalia_Chordata_Aves_Pelecaniformes_Threskiornithidae_Threskiornis_melanocephalus\5f51db65-d548-4d9a-8543-68f88dd70dc9.jpg,205,413,413 398 486 396 487
data\raw\val\04413_Animalia_Chordata_Aves_Pelecaniformes_Threskiornithidae_Threskiornis_melanocephalus\62a17819-bdcb-466a-ba54-e2c400ff55b1.jpg,205,164,164 214 158 168 199
data\raw\val\04413_Animalia_Chordata_Aves_Pelecaniformes_Threskiornithidae_Threskiornis_melanocephalus\1fa914be-3cbe-483d-aadf-b55ee09930cd.jpg,205,201,201 202 205 204 159
data\raw\val\04413_Animalia_Chordata_Aves_Pelecaniformes_Threskiornithidae_Threskiornis_melanocephalus\f178d307-3cfa-4ed2-84d2-cc20e859ff73.jpg,205,260,260 265 262 204 295
data\raw\val\04413_Animalia_Chordata_Aves_Pelecaniformes_Threskiornithidae_Threskiornis_melanocephalus\51861d0a-c1fb-47f9-b591-1a75669ca833.jpg,205,205,205 147 159 148 54
data\raw\val\04413_Animalia_Chordata_Aves_Pelecaniformes_Threskiornithidae_Threskiornis_melanocephalus\a6d3e7e8-b3e4-44f8-b341-3b3904245b44.jpg,205,205,205 57 54 102 81
data\raw\val\04422_Animalia_Chordata_Aves_Piciformes_Megalaimidae_Psilopogon_haemacephalus\0238890b-689d-4bee-98e3-ead4428548a8.jpg,206,206,206 207 209 193 149
data\raw\val\04422_Animalia_Chordata_Aves_Piciformes_Megalaimidae_Psilopogon_haemacephalus\f1864004-1585-4ac9-aa22-24dbe7549f5d.jpg,206,207,207 206 198 209 16
data\raw\val\04422_Animalia_Chordata_Aves_Piciformes_Megalaimidae_Psilopogon_haemacephalus\41bbeaac-8d7c-4ae6-af2a-272e636b7705.jpg,206,171,171 209 186 167 187
data\raw\val\04422_Animalia_Chordata_Aves_Piciformes_Megalaimidae_Psilopogon_haemacephalus\a2fb4a5e-e8ca-41f5-b5e3-30548ae1d613.jpg,206,193,193 206 149 172 209
data\raw\val\04422_Animalia_Chordata_Aves_Piciformes_Megalaimidae_Psilopogon_haemacephalus\17cf571e-72da-47fd-b9fe-2b227e03c204.jpg,206,193,193 149 174 206 168
data\raw\val\04422_Animalia_Chordata_Aves_Piciformes_Megalaimidae_Psilopogon_haemacephalus\cdff21f2-d39d-43a7-9f45-8d2eb968a20f.jpg,206,440,440 452 441 396 382
data\raw\val\04422_Animalia_Chordata_Aves_Piciformes_Megalaimidae_Psilopogon_haemacephalus\ee0a0f8e-cb7e-4c19-b7e6-80619f0b3d20.jpg,206,206,206 193 209 149 172
data\raw\val\04422_Animalia_Chordata_Aves_Piciformes_Megalaimidae_Psilopogon_haemacephalus\72d8178f-0753-48db-b6cc-0bd44c4eb6ac.jpg,206,171,171 413 149 191 175
data\raw\val\04422_Animalia_Chordata_Aves_Piciformes_Megalaimidae_Psilopogon_haemacephalus\8a9d6157-eb77-4664-9aee-a8057a124761.jpg,206,195,195 165 180 194 181
data\raw\val\04422_Animalia_Chordata_Aves_Piciformes_Megalaimidae_Psilopogon_haemacephalus\5e1ae4eb-1afb-4f4d-872b-a359ced77290.jpg,206,369,369 437 364 408 363
data\raw\val\04424_Animalia_Chordata_Aves_Piciformes_Picidae_Campephilus_guatemalensis\7db124ff-7558-4c3b-9497-116b9c42d501.jpg,207,207,207 162 209 258 36
data\raw\val\04424_Animalia_Chordata_Aves_Piciformes_Picidae_Campephilus_guatemalensis\ff83140f-a5e3-4986-b3d9-920ba2b1d08a.jpg,207,0,0 206 175 207 456
data\raw\val\04424_Animalia_Chordata_Aves_Piciformes_Picidae_Campephilus_guatemalensis\f4b8d8ef-3875-4631-ae4f-8db55c9f0e70.jpg,207,207,207 162 209 175 222
data\raw\val\04424_Animalia_Chordata_Aves_Piciformes_Picidae_Campephilus_guatemalensis\d87f0dd9-9a15-4771-854d-4700dec73e5d.jpg,207,206,206 207 209 193 162
data\raw\val\04424_Animalia_Chordata_Aves_Piciformes_Picidae_Campephilus_guatemalensis\0fdfa726-8bf4-471f-ac83-7d6ac464f209.jpg,207,207,207 209 162 155 206
data\raw\val\04424_Animalia_Chordata_Aves_Piciformes_Picidae_Campephilus_guatemalensis\24629eca-db07-4b8c-8b73-ad93a68d1be3.jpg,207,149,149 209 198 175 193
data\raw\val\04424_Animalia_Chordata_Aves_Piciformes_Picidae_Campephilus_guatemalensis\b0ec2c10-1309-4c1f-9423-dbcb45e633d5.jpg,207,49,49 146 148 211 160
data\raw\val\04424_Animalia_Chordata_Aves_Piciformes_Picidae_Campephilus_guatemalensis\0c36981e-5f43-493e-9d97-f918aa0054bf.jpg,207,207,207 209 206 162 155
data\raw\val\04424_Animalia_Chordata_Aves_Piciformes_Picidae_Campephilus_guatemalensis\f8ec6253-3ba9-4b9e-a568-cd6c0213f418.jpg,207,162,162 207 198 184 193
data\raw\val\04424_Animalia_Chordata_Aves_Piciformes_Picidae_Campephilus_guatemalensis\62de5173-a689-4694-bb52-e8eff14c6524.jpg,207,207,207 162 209 36 364
data\raw\val\04428_Animalia_Chordata_Aves_Piciformes_Picidae_Colaptes_campestris\c73e9d99-1509-4032-8e94-de2008f1a179.jpg,208,209,209 208 188 194 175
data\raw\val\04428_Animalia_Chordata_Aves_Piciformes_Picidae_Colaptes_campestris\4fa3105e-5a07-481d-99a8-fe3ddc53d7fc.jpg,208,193,193 171 169 177 431
data\raw\val\04428_Animalia_Chordata_Aves_Piciformes_Picidae_Colaptes_campestris\3fe372c0-1457-4fcd-ab04-3f533c0eb835.jpg,208,188,188 208 50 181 180
data\raw\val\04428_Animalia_Chordata_Aves_Piciformes_Picidae_Colaptes_campestris\4c0a1306-2763-4bf5-b368-fdefd2204ea0.jpg,208,188,188 194 186 208 175
data\raw\val\04428_Animalia_Chordata_Aves_Piciformes_Picidae_Colaptes_campestris\693cf992-7f2f-4057-a9a3-f48212943663.jpg,208,208,208 188 194 186 196
data\raw\val\04428_Animalia_Chordata_Aves_Piciformes_Picidae_Colaptes_campestris\99f6fcdb-e0bb-4590-b51f-08ad66be87e5.jpg,208,149,149 206 198 193 175
data\raw\val\04428_Animalia_Chordata_Aves_Piciformes_Picidae_Colaptes_campestris\4f15a761-6984-4659-9066-5614721d0e21.jpg,208,208,208 196 66 31 50
data\raw\val\04428_Animalia_Chordata_Aves_Piciformes_Picidae_Colaptes_campestris\93cb4fd5-1f76-41c0-9b43-db080bda6a4c.jpg,208,120,120 457 480 256 292
data\raw\val\04428_Animalia_Chordata_Aves_Piciformes_Picidae_Colaptes_campestris\d2933804-b75e-45ad-93de-c855eb5c05d9.jpg,208,208,208 152 181 180 196
data\raw\val\04428_Animalia_Chordata_Aves_Piciformes_Picidae_Colaptes_campestris\fd4abd55-3f51-4ba1-914c-c63e749a39fe.jpg,208,85,85 196 188 208 412
data\raw\val\04472_Animalia_Chordata_Aves_Piciformes_Ramphastidae_Ramphastos_toco\2be85ab4-86eb-424c-915f-392263a5b64c.jpg,209,209,209 206 155 172 194
data\raw\val\04472_Animalia_Chordata_Aves_Piciformes_Ramphastidae_Ramphastos_toco\71bd0143-c261-4527-ac18-61730dceb234.jpg,209,211,211 220 300 301 404
data\raw\val\04472_Animalia_Chordata_Aves_Piciformes_Ramphastidae_Ramphastos_toco\edec84ac-5f06-4c53-bb98-8565f3bcde11.jpg,209,448,448 258 307 162 252
data\raw\val\04472_Animalia_Chordata_Aves_Piciformes_Ramphastidae_Ramphastos_toco\90edd800-175d-410c-8507-a26fb9fb2231.jpg,209,208,208 18 172 209 206
data\raw\val\04472_Animalia_Chordata_Aves_Piciformes_Ramphastidae_Ramphastos_toco\3bf52aaa-db53-4a7d-af1e-1b64d2568fd8.jpg,209,209,209 172 184 155 149
data\raw\val\04472_Animalia_Chordata_Aves_Piciformes_Ramphastidae_Ramphastos_toco\f103420b-803d-4eb0-8382-dc53f456f514.jpg,209,209,209 207 198 258 36
data\raw\val\04472_Animalia_Chordata_Aves_Piciformes_Ramphastidae_Ramphastos_toco\46fc18d2-0a9a-4703-b532-89abe0573201.jpg,209,149,149 209 206 184 155
data\raw\val\04472_Animalia_Chordata_Aves_Piciformes_Ramphastidae_Ramphastos_toco\cf964820-982f-4280-b072-5361a4eec09b.jpg,209,172,172 209 149 16 122
data\raw\val\04472_Animalia_Chordata_Aves_Piciformes_Ramphastidae_Ramphastos_toco\b436d279-66d8-45db-8249-fcf902a24e76.jpg,209,209,209 207 85 206 84
data\raw\val\04472_Animalia_Chordata_Aves_Piciformes_Ramphastidae_Ramphastos_toco\74a2b783-9030-4d83-be9c-3ac70ad0d560.jpg,209,36,36 209 252 31 16
data\raw\val\04540_Animalia_Chordata_Aves_Strigiformes_Strigidae_Aegolius_acadicus\eff53625-ef54-40b9-b7c6-0f03a8a62d42.jpg,210,230,230 231 153 79 75
data\raw\val\04540_Animalia_Chordata_Aves_Strigiformes_Strigidae_Aegolius_acadicus\c909331e-891c-4cf8-bedd-23571618cabf.jpg,210,210,210 265 270 191 8
data\raw\val\04540_Animalia_Chordata_Aves_Strigiformes_Strigidae_Aegolius_acadicus\f7c9ebe8-1846-4225-adba-09cd4be5b0b8.jpg,210,100,100 316 278 213 467
data\raw\val\04540_Animalia_Chordata_Aves_Strigiformes_Strigidae_Aegolius_acadicus\f38269e7-3781-4c4c-b73d-f0c83732c122.jpg,210,258,258 261 474 252 448
data\raw\val\04540_Animalia_Chordata_Aves_Strigiformes_Strigidae_Aegolius_acadicus\107d807e-1d3a-4172-8798-2c933ba29ae5.jpg,210,129,129 230 24 127 244
data\raw\val\04540_Animalia_Chordata_Aves_Strigiformes_Strigidae_Aegolius_acadicus\75d0a350-95b4-46c9-a3b3-647f97d2e532.jpg,210,257,257 246 2 413 397
data\raw\val\04540_Animalia_Chordata_Aves_Strigiformes_Strigidae_Aegolius_acadicus\53b2294d-25b9-43f6-96f7-e95d015434d4.jpg,210,271,271 270 264 265 53
data\raw\val\04540_Animalia_Chordata_Aves_Strigiformes_Strigidae_Aegolius_acadicus\bc21739f-07d5-4c63-b99d-fa73fea0ac4a.jpg,210,219,219 187 24 88 138
data\raw\val\04540_Animalia_Chordata_Aves_Strigiformes_Strigidae_Aegolius_acadicus\25d25f02-d3ee-47d3-8f00-b888bcc58e73.jpg,210,83,83 230 142 77 74
data\raw\val\04540_Animalia_Chordata_Aves_Strigiformes_Strigidae_Aegolius_acadicus\9dbfdf53-61f8-4fb3-b5c7-5d583c7ee7d7.jpg,210,233,233 153 86 2 182
data\raw\val\04617_Animalia_Chordata_Mammalia_Artiodactyla_Bovidae_Alcelaphus_buselaphus\aedcd86d-5898-475b-b382-81a61c99e226.jpg,211,211,211 220 217 213 215
data\raw\val\04617_Animalia_Chordata_Mammalia_Artiodactyla_Bovidae_Alcelaphus_buselaphus\4f0bd6da-f6c0-4783-943c-bad4d731c694.jpg,211,211,211 220 213 215 214
data\raw\val\04617_Animalia_Chordata_Mammalia_Artiodactyla_Bovidae_Alcelaphus_buselaphus\6b5f327f-8c3d-4aba-808a-bc24d408d053.jpg,211,215,215 214 211 213 217
data\raw\val\04617_Animalia_Chordata_Mammalia_Artiodactyla_Bovidae_Alcelaphus_buselaphus\60e64701-8ce5-4de1-8e6d-b261b0dbd6ee.jpg,211,41,41 49 283 389 211
data\raw\val\04617_Animalia_Chordata_Mammalia_Artiodactyla_Bovidae_Alcelaphus_buselaphus\e6aede58-9ca2-4bde-af78-bf281dcf8de4.jpg,211,211,211 215 6 220 214
data\raw\val\04617_Animalia_Chordata_Mammalia_Artiodactyla_Bovidae_Alcelaphus_buselaphus\0a1ad4c3-103f-4bf7-9c8b-efd6c8ff1d57.jpg,211,211,211 459 213 28 215
data\raw\val\04617_Animalia_Chordata_Mammalia_Artiodactyla_Bovidae_Alcelaphus_buselaphus\739d49dd-ea76-4d64-9c56-c19abf494279.jpg,211,211,211 58 213 220 159
data\raw\val\04617_Animalia_Chordata_Mammalia_Artiodactyla_Bovidae_Alcelaphus_buselaphus\fe0ea7b3-4a6c-40a2-bde0-e6194b3eeded.jpg,211,211,211 213 220 100 48
data\raw\val\04617_Animalia_Chordata_Mammalia_Artiodactyla_Bovidae_Alcelaphus_buselaphus\5f5b94cd-a336-4068-b1f0-7bb70c5e0050.jpg,211,211,211 224 215 159 214
data\raw\val\04617_Animalia_Chordata_Mammalia_Artiodactyla_Bovidae_Alcelaphus_buselaphus\c0d13e25-a385-45c8-be3c-0b17fc611557.jpg,211,214,214 220 213 215 136
data\raw\val\04624_Animalia_Chordata_Mammalia_Artiodactyla_Bovidae_Capra_ibex\881c0fa5-8bf8-49f7-b51d-c99153ab8c20.jpg,212,222,222 269 162 87 176
data\raw\val\04624_Animalia_Chordata_Mammalia_Artiodactyla_Bovidae_Capra_ibex\158f5e2f-c3f7-4fa6-9134-92cd0122ee29.jpg,212,222,222 488 162 489 398
data\raw\val\04624_Animalia_Chordata_Mammalia_Artiodactyla_Bovidae_Capra_ibex\dead7fae-200d-4def-8782-17ea1e3ddad8.jpg,212,274,274 373 262 436 151
data\raw\val\04624_Animalia_Chordata_Mammalia_Artiodactyla_Bovidae_Capra_ibex\3b65e1ce-5c96-4174-b47c-a654df3a3c6f.jpg,212,216,216 217 212 215 242
data\raw\val\04624_Animalia_Chordata_Mammalia_Artiodactyla_Bovidae_Capra_ibex\f3a5ee19-a35d-4e23-bae2-5307882069a0.jpg,212,160,160 148 147 220 168
data\raw\val\04624_Animalia_Chordata_Mammalia_Artiodactyla_Bovidae_Capra_ibex\2fb7d1b5-fd0c-4e18-9080-6e442367e447.jpg,212,413,413 382 436 188 399
data\raw\val\04624_Animalia_Chordata_Mammalia_Artiodactyla_Bovidae_Capra_ibex\b28da2fe-3952-4a96-b82c-8bf71fee2633.jpg,212,486,486 489 490 488 497
data\raw\val\04624_Animalia_Chordata_Mammalia_Artiodactyla_Bovidae_Capra_ibex\f3a94a3c-6afe-4636-89b4-e43fbbd90f09.jpg,212,219,219 241 199 217 214
data\raw\val\04624_Animalia_Chordata_Mammalia_Artiodactyla_Bovidae_Capra_ibex\ad8678fe-1704-49eb-a77d-0cedb05a9fc4.jpg,212,160,160 146 192 488 199
data\raw\val\04624_Animalia_Chordata_Mammalia_Artiodactyla_Bovidae_Capra_ibex\4904caec-37e4-4a2c-9400-8d2a29846b70.jpg,212,199,199 203 151 219 213
data\raw\val\04640_Animalia_Chordata_Mammalia_Artiodactyla_Bovidae_Tragelaphus_angasii\96d6cc39-d63e-4dbb-9d3e-f2fe8774fd6f.jpg,213,83,83 159 225 238 161
data\raw\val\04640_Animalia_Chordata_Mammalia_Artiodactyla_Bovidae_Tragelaphus_angasii\812fee67-62d3-4dd1-ac51-c0884b3f198c.jpg,213,214,214 215 156 220 217
data\raw\val\04640_Animalia_Chordata_Mammalia_Artiodactyla_Bovidae_Tragelaphus_angasii\512968bd-de42-4cee-a9f1-a13c43c4f827.jpg,213,213,213 258 162 212 266
data\raw\val\04640_Animalia_Chordata_Mammalia_Artiodactyla_Bovidae_Tragelaphus_angasii\8154de35-1d9f-4430-88c0-7961ab8cfa11.jpg,213,214,214 215 213 220 211
data\raw\val\04640_Animalia_Chordata_Mammalia_Artiodactyla_Bovidae_Tragelaphus_angasii\6c0dde56-505a-4678-a234-f6811e3c526d.jpg,213,214,214 238 215 211 224
data\raw\val\04640_Animalia_Chordata_Mammalia_Artiodactyla_Bovidae_Tragelaphus_angasii\c4898703-f23e-4f40-be5b-7001242ba781.jpg,213,214,214 215 213 217 211
data\raw\val\04640_Animalia_Chordata_Mammalia_Artiodactyla_Bovidae_Tragelaphus_angasii\dbb608d4-b3a3-4b95-ba1c-870e8f56eeb2.jpg,213,221,221 215 213 214 278
data\raw\val\04640_Animalia_Chordata_Mammalia_Artiodactyla_Bovidae_Tragelaphus_angasii\895f60bb-78bf-43b0-ac06-76d3c7f6d857.jpg,213,213,213 211 170 221 215
data\raw\val\04640_Animalia_Chordata_Mammalia_Artiodactyla_Bovidae_Tragelaphus_angasii\eae84669-bbb1-4e67-9e82-65d176e668fd.jpg,213,84,84 212 170 83 169
data\raw\val\04640_Animalia_Chordata_Mammalia_Artiodactyla_Bovidae_Tragelaphus_angasii\eff0da99-e202-478b-830e-7d48717d65ec.jpg,213,215,215 211 213 224 227
data\raw\val\04665_Animalia_Chordata_Mammalia_Artiodactyla_Suidae_Phacochoerus_africanus\13066527-a01f-4a48-af87-99a5e6a3b953.jpg,214,214,214 213 215 205 199
data\raw\val\04665_Animalia_Chordata_Mammalia_Artiodactyla_Suidae_Phacochoerus_africanus\418c61e3-0c1d-45de-8712-bb039b1a999e.jpg,214,214,214 215 224 147 164
data\raw\val\04665_Animalia_Chordata_Mammalia_Artiodactyla_Suidae_Phacochoerus_africanus\447d7ecd-7bf6-475b-a86b-04447705b9af.jpg,214,214,214 215 224 211 213
data\raw\val\04665_Animalia_Chordata_Mammalia_Artiodactyla_Suidae_Phacochoerus_africanus\561f5f8f-53e6-4c38-8bb2-3a04a88fe1f0.jpg,214,242,242 224 247 254 226
data\raw\val\04665_Animalia_Chordata_Mammalia_Artiodactyla_Suidae_Phacochoerus_africanus\6c635071-2c10-451a-a620-d3c03a9ab89e.jpg,214,214,214 213 220 221 215
data\raw\val\04665_Animalia_Chordata_Mammalia_Artiodactyla_Suidae_Phacochoerus_africanus\41463575-19c8-411d-960b-803e1c70f4d4.jpg,214,215,215 214 211 220 164
data\raw\val\04665_Animalia_Chordata_Mammalia_Artiodactyla_Suidae_Phacochoerus_africanus\720709e1-15a9-42b0-9c58-db8acfdc128d.jpg,214,137,137 213 215 220 214
data\raw\val\04665_Animalia_Chordata_Mammalia_Artiodactyla_Suidae_Phacochoerus_africanus\01802be1-dbba-410f-9fa2-277f681c2b9b.jpg,214,214,214 221 164 215 220
data\raw\val\04665_Animalia_Chordata_Mammalia_Artiodactyla_Suidae_Phacochoerus_africanus\b422c3aa-55d4-4855-9ebd-6b6a7cc6f5aa.jpg,214,221,221 164 214 178 147
data\raw\val\04665_Animalia_Chordata_Mammalia_Artiodactyla_Suidae_Phacochoerus_africanus\402280e3-d5c2-4d83-938c-e8c1aeadf737.jpg,214,224,224 161 242 156 214
data\raw\val\04688_Animalia_Chordata_Mammalia_Carnivora_Hyaenidae_Crocuta_crocuta\031f6e83-94de-481d-be14-9d5361a2e4f7.jpg,215,215,215 214 211 213 224
data\raw\val\04688_Animalia_Chordata_Mammalia_Carnivora_Hyaenidae_Crocuta_crocuta\50eabe57-996b-4650-a515-8fad12633141.jpg,215,242,242 243 214 223 163
data\raw\val\04688_Animalia_Chordata_Mammalia_Carnivora_Hyaenidae_Crocuta_crocuta\3d09743a-75b5-4dbe-872d-5c02a1963f7b.jpg,215,182,182 156 140 163 213
data\raw\val\04688_Animalia_Chordata_Mammalia_Carnivora_Hyaenidae_Crocuta_crocuta\88a20263-7d58-4019-a8e4-d494d28b9223.jpg,215,254,254 242 156 224 223
data\raw\val\04688_Animalia_Chordata_Mammalia_Carnivora_Hyaenidae_Crocuta_crocuta\df1b9a33-bf9f-4d66-a67c-43b7db3a6747.jpg,215,201,201 224 268 215 226
data\raw\val\04688_Animalia_Chordata_Mammalia_Carnivora_Hyaenidae_Crocuta_crocuta\2a4ae190-6ea2-4a71-aec2-10494c7ad738.jpg,215,214,214 215 211 148 220
data\raw\val\04688_Animalia_Chordata_Mammalia_Carnivora_Hyaenidae_Crocuta_crocuta\1352d501-654f-4573-95c3-049e89689e52.jpg,215,214,214 217 213 224 215
data\raw\val\04688_Animalia_Chordata_Mammalia_Carnivora_Hyaenidae_Crocuta_crocuta\3c2a3bec-7f62-45ae-94b1-cd9cab6361fb.jpg,215,214,214 215 224 211 213
data\raw\val\04688_Animalia_Chordata_Mammalia_Carnivora_Hyaenidae_Crocuta_crocuta\743c5773-2c27-4287-88f1-88c40fb02f19.jpg,215,215,215 221 156 211 226
data\raw\val\04688_Animalia_Chordata_Mammalia_Carnivora_Hyaenidae_Crocuta_crocuta\adacddcd-5802-4c05-862a-fdfb124672ea.jpg,215,157,157 164 159 220 147
data\raw\val\04711_Animalia_Chordata_Mammalia_Carnivora_Phocidae_Halichoerus_grypus\5c4bf490-9042-48f5-834e-a78e10efd88e.jpg,216,204,204 202 203 216 150
data\raw\val\04711_Animalia_Chordata_Mammalia_Carnivora_Phocidae_Halichoerus_grypus\bc6f26fb-78ea-4500-a16d-29604fcc278c.jpg,216,216,216 154 150 151 158
data\raw\val\04711_Animalia_Chordata_Mammalia_Carnivora_Phocidae_Halichoerus_grypus\362b0a3f-5581-48dc-826d-ca382763f0c1.jpg,216,216,216 152 154 203 159
data\raw\val\04711_Animalia_Chordata_Mammalia_Carnivora_Phocidae_Halichoerus_grypus\59eb7dc7-9230-4adf-a1c6-c2074e474388.jpg,216,148,148 160 164 178 183
data\raw\val\04711_Animalia_Chordata_Mammalia_Carnivora_Phocidae_Halichoerus_grypus\b4ed5609-0939-425c-b652-c19bfb96d54c.jpg,216,216,216 151 150 154 241
data\raw\val\04711_Animalia_Chordata_Mammalia_Carnivora_Phocidae_Halichoerus_grypus\0156e287-d04a-4904-b0e4-c224693e1f03.jpg,216,157,157 3 241 216 150
data\raw\val\04711_Animalia_Chordata_Mammalia_Carnivora_Phocidae_Halichoerus_grypus\6c4f4819-4c87-4bbe-bd35-4e689e30258e.jpg,216,154,154 216 151 158 219
data\raw\val\04711_Animalia_Chordata_Mammalia_Carnivora_Phocidae_Halichoerus_grypus\540d403b-d21d-40c8-bec0-a06a57cb5020.jpg,216,217,217 154 159 150 204
data\raw\val\04711_Animalia_Chordata_Mammalia_Carnivora_Phocidae_Halichoerus_grypus\e1188ef7-7ea9-40a2-a001-8fa975a41a97.jpg,216,154,154 216 151 150 155
data\raw\val\04711_Animalia_Chordata_Mammalia_Carnivora_Phocidae_Halichoerus_grypus\67b92b60-d9fe-4d3b-8a38-cf594402f0a5.jpg,216,151,151 216 150 245 241
data\raw\val\04713_Animalia_Chordata_Mammalia_Carnivora_Phocidae_Mirounga_leonina\f9c9f1fd-7506-4097-b87e-033f28db0090.jpg,217,199,199 168 152 204 202
data\raw\val\04713_Animalia_Chordata_Mammalia_Carnivora_Phocidae_Mirounga_leonina\d232b2e4-ab0f-4d7a-928f-c7ab62dfd2ba.jpg,217,178,178 110 147 215 214
data\raw\val\04713_Animalia_Chordata_Mammalia_Carnivora_Phocidae_Mirounga_leonina\a13c9592-898f-4404-82b6-f62986fc1a72.jpg,217,217,217 133 212 204 202
data\raw\val\04713_Animalia_Chordata_Mammalia_Carnivora_Phocidae_Mirounga_leonina\0ebb96d4-c120-479f-9426-e30f1711ad8a.jpg,217,214,214 220 128 217 164
data\raw\val\04713_Animalia_Chordata_Mammalia_Carnivora_Phocidae_Mirounga_leonina\9bafc423-92b9-4c54-84b7-4594c0c919a4.jpg,217,217,217 221 214 242 220
data\raw\val\04713_Animalia_Chordata_Mammalia_Carnivora_Phocidae_Mirounga_leonina\23fb4ae8-109d-4e2f-8b1b-fe9e94483f1f.jpg,217,124,124 351 123 259 249
data\raw\val\04713_Animalia_Chordata_Mammalia_Carnivora_Phocidae_Mirounga_leonina\5e9832d6-f7b7-4097-ac9e-f07acb9ba398.jpg,217,57,57 217 173 220 237
data\raw\val\04713_Animalia_Chordata_Mammalia_Carnivora_Phocidae_Mirounga_leonina\783eccd2-27a9-41c2-bb87-165c6502ddb4.jpg,217,159,159 238 226 229 242
data\raw\val\04713_Animalia_Chordata_Mammalia_Carnivora_Phocidae_Mirounga_leonina\7b654153-87fb-470b-8664-6d345f030d6a.jpg,217,217,217 216 242 212 227
data\raw\val\04713_Animalia_Chordata_Mammalia_Carnivora_Phocidae_Mirounga_leonina\ca4266c0-cc3e-4845-9bda-d62071ed78b8.jpg,217,72,72 142 52 192 143
data\raw\val\04722_Animalia_Chordata_Mammalia_Chiroptera_Emballonuridae_Rhynchonycteris_naso\3ddab8ab-45a2-4282-bb42-5fd9d13608fb.jpg,218,457,457 285 387 439 337
data\raw\val\04722_Animalia_Chordata_Mammalia_Chiroptera_Emballonuridae_Rhynchonycteris_naso\739e8c86-e0b7-49f5-b2cd-fb9ab619b24e.jpg,218,218,218 70 233 63 88
data\raw\val\04722_Animalia_Chordata_Mammalia_Chiroptera_Emballonuridae_Rhynchonycteris_naso\4553aadc-5512-4b6f-ae4a-fd9ab22de5c8.jpg,218,57,57 59 52 81 8
data\raw\val\04722_Animalia_Chordata_Mammalia_Chiroptera_Emballonuridae_Rhynchonycteris_naso\696fe510-2dcf-45a6-9118-63c6d17d172f.jpg,218,99,99 62 123 53 268
data\raw\val\04722_Animalia_Chordata_Mammalia_Chiroptera_Emballonuridae_Rhynchonycteris_naso\54ec642c-c39b-4b1a-9984-0427edcc0662.jpg,218,77,77 218 45 98 78
data\raw\val\04722_Animalia_Chordata_Mammalia_Chiroptera_Emballonuridae_Rhynchonycteris_naso\3fa25ff1-ec39-4c1c-a93d-4349b645cb5d.jpg,218,79,79 100 6 19 5
data\raw\val\04722_Animalia_Chordata_Mammalia_Chiroptera_Emballonuridae_Rhynchonycteris_naso\a680e6de-cfc5-46a7-b179-7758ff21c62c.jpg,218,269,269 72 218 100 78
data\raw\val\04722_Animalia_Chordata_Mammalia_Chiroptera_Emballonuridae_Rhynchonycteris_naso\53128fdd-70a2-4099-a7bf-b4dd7e99c8e1.jpg,218,88,88 218 69 111 67
data\raw\val\04722_Animalia_Chordata_Mammalia_Chiroptera_Emballonuridae_Rhynchonycteris_naso\513c65af-6323-44a1-b1e9-f4bda0eacc24.jpg,218,189,189 170 179 184 167
data\raw\val\04722_Animalia_Chordata_Mammalia_Chiroptera_Emballonuridae_Rhynchonycteris_naso\ff95694a-fba5-4eea-b2f8-fa4123f0ae24.jpg,218,393,393 395 218 96 400
data\raw\val\04766_Animalia_Chordata_Mammalia_Monotremata_Ornithorhynchidae_Ornithorhynchus_anatinus\5309265a-b3f8-43c0-af53-d76c63aa4398.jpg,219,152,152 203 219 158 205
data\raw\val\04766_Animalia_Chordata_Mammalia_Monotremata_Ornithorhynchidae_Ornithorhynchus_anatinus\c45085d5-fbb5-45b7-82bb-6c13db39cb2d.jpg,219,253,253 143 128 219 8
data\raw\val\04766_Animalia_Chordata_Mammalia_Monotremata_Ornithorhynchidae_Ornithorhynchus_anatinus\7ba22ef1-b567-4d2c-925a-caa07ac7c0a3.jpg,219,104,104 219 128 110 177
data\raw\val\04766_Animalia_Chordata_Mammalia_Monotremata_Ornithorhynchidae_Ornithorhynchus_anatinus\888977ba-243f-49ed-b84f-b2d6b5386916.jpg,219,219,219 104 129 138 128
data\raw\val\04766_Animalia_Chordata_Mammalia_Monotremata_Ornithorhynchidae_Ornithorhynchus_anatinus\90be341b-ae2b-4ca8-a697-8c1a7cd1cc59.jpg,219,456,456 199 219 204 168
data\raw\val\04766_Animalia_Chordata_Mammalia_Monotremata_Ornithorhynchidae_Ornithorhynchus_anatinus\73ec3002-baf7-485d-a53b-f6c20dad942d.jpg,219,219,219 199 1 203 152
data\raw\val\04766_Animalia_Chordata_Mammalia_Monotremata_Ornithorhynchidae_Ornithorhynchus_anatinus\f058a4f4-d10d-4f9e-bab7-738953663787.jpg,219,159,159 132 216 250 152
data\raw\val\04766_Animalia_Chordata_Mammalia_Monotremata_Ornithorhynchidae_Ornithorhynchus_anatinus\7a324fb9-157c-4f2f-b558-88bf41c7711e.jpg,219,219,219 393 8 270 246
data\raw\val\04766_Animalia_Chordata_Mammalia_Monotremata_Ornithorhynchidae_Ornithorhynchus_anatinus\d691757d-2c27-4f06-b5e9-5a0f2abba4a1.jpg,219,414,414 203 202 157 204
data\raw\val\04766_Animalia_Chordata_Mammalia_Monotremata_Ornithorhynchidae_Ornithorhynchus_anatinus\26c5603d-7502-4346-b898-262a7404e570.jpg,219,46,46 219 117 122 158
data\raw\val\04769_Animalia_Chordata_Mammalia_Perissodactyla_Equidae_Equus_caballus\293bcc33-7673-47f1-bf8a-8c74a24c2bd7.jpg,220,12,12 220 108 133 122
data\raw\val\04769_Animalia_Chordata_Mammalia_Perissodactyla_Equidae_Equus_caballus\6ba51903-73a3-44cc-b9b5-2cf39ac0fa6b.jpg,220,203,203 158 219 220 205
data\raw\val\04769_Animalia_Chordata_Mammalia_Perissodactyla_Equidae_Equus_caballus\9e64a21b-0db7-447a-8978-d8ab0940ab79.jpg,220,214,214 217 242 213 215
data\raw\val\04769_Animalia_Chordata_Mammalia_Perissodactyla_Equidae_Equus_caballus\0ba322ea-5ea9-4b87-9be9-9f2d3b346f59.jpg,220,25,25 77 239 8 234
data\raw\val\04769_Animalia_Chordata_Mammalia_Perissodactyla_Equidae_Equus_caballus\17a0250e-6b6d-4465-8741-682e0c876b10.jpg,220,211,211 213 267 266 265
data\raw\val\04769_Animalia_Chordata_Mammalia_Perissodactyla_Equidae_Equus_caballus\e60ba515-72d8-48f9-823a-2ce5d9d0b1e9.jpg,220,216,216 217 220 204 242
data\raw\val\04769_Animalia_Chordata_Mammalia_Perissodactyla_Equidae_Equus_caballus\c662df5f-36a7-42d6-870a-d1ab0c71c215.jpg,220,7,7 238 237 24 10
data\raw\val\04769_Animalia_Chordata_Mammalia_Perissodactyla_Equidae_Equus_caballus\3a60a1ae-dbc9-457c-a691-4000b23b0dbb.jpg,220,203,203 152 205 202 201
data\raw\val\04769_Animalia_Chordata_Mammalia_Perissodactyla_Equidae_Equus_caballus\db744859-2f9b-47b8-a4b6-ccbfaaeab9af.jpg,220,220,220 155 150 172 154
data\raw\val\04769_Animalia_Chordata_Mammalia_Perissodactyla_Equidae_Equus_caballus\3a2ee62a-8dcc-4638-b527-52d286210b06.jpg,220,220,220 164 214 211 224
data\raw\val\04770_Animalia_Chordata_Mammalia_Perissodactyla_Equidae_Equus_quagga\21f83762-9201-4b6d-a92d-5adae8b1710d.jpg,221,221,221 164 147 214 211
data\raw\val\04770_Animalia_Chordata_Mammalia_Perissodactyla_Equidae_Equus_quagga\65f87b45-495b-46bf-9c5e-523d22a2baf2.jpg,221,220,220 147 221 300 211
data\raw\val\04770_Animalia_Chordata_Mammalia_Perissodactyla_Equidae_Equus_quagga\fc18f83a-3cf7-49da-9469-824bba678eff.jpg,221,221,221 214 234 156 110
data\raw\val\04770_Animalia_Chordata_Mammalia_Perissodactyla_Equidae_Equus_quagga\13eac505-7674-4388-8783-5d22f6c82eb8.jpg,221,214,214 221 220 213 215
data\raw\val\04770_Animalia_Chordata_Mammalia_Perissodactyla_Equidae_Equus_quagga\89c97ad3-151d-44ad-b816-517820a72c05.jpg,221,489,489 221 274 486 162
data\raw\val\04770_Animalia_Chordata_Mammalia_Perissodactyla_Equidae_Equus_quagga\d33c004d-50fd-4b36-81ce-cb83ac0af154.jpg,221,151,151 205 155 158 204
data\raw\val\04770_Animalia_Chordata_Mammalia_Perissodactyla_Equidae_Equus_quagga\840d7906-a9aa-45a1-9f06-f7f032ad4c2c.jpg,221,221,221 226 156 350 295
data\raw\val\04770_Animalia_Chordata_Mammalia_Perissodactyla_Equidae_Equus_quagga\12999c33-331e-47b4-b9a2-b935ab2fda08.jpg,221,221,221 215 211 214 156
data\raw\val\04770_Animalia_Chordata_Mammalia_Perissodactyla_Equidae_Equus_quagga\a20331f2-7127-43b7-b167-1f0e4dcdb2e4.jpg,221,221,221 156 164 486 284
data\raw\val\04770_Animalia_Chordata_Mammalia_Perissodactyla_Equidae_Equus_quagga\7b642a0a-c001-4981-92d4-bb4cce1d92a9.jpg,221,211,211 220 164 221 215
data\raw\val\04782_Animalia_Chordata_Mammalia_Primates_Cercopithecidae_Cercopithecus_mitis\0956fefa-5c9d-4bff-8b78-3dfef0f8d6f3.jpg,222,222,222 200 201 243 167
data\raw\val\04782_Animalia_Chordata_Mammalia_Primates_Cercopithecidae_Cercopithecus_mitis\c0e34554-38c4-4eba-94be-10739d46a724.jpg,222,490,490 398 399 435 396
data\raw\val\04782_Animalia_Chordata_Mammalia_Primates_Cercopithecidae_Cercopithecus_mitis\3fd01660-4a84-4c06-9b1a-b1d61b6f1c7e.jpg,222,167,167 365 273 442 314
data\raw\val\04782_Animalia_Chordata_Mammalia_Primates_Cercopithecidae_Cercopithecus_mitis\b1deefc4-55eb-4743-abff-1fe23dc2feaa.jpg,222,222,222 207 162 198 167
data\raw\val\04782_Animalia_Chordata_Mammalia_Primates_Cercopithecidae_Cercopithecus_mitis\474b6464-dcde-4956-b2f5-4df179b58ad7.jpg,222,236,236 141 38 25 218
data\raw\val\04782_Animalia_Chordata_Mammalia_Primates_Cercopithecidae_Cercopithecus_mitis\3d3c5cc5-54f2-4a77-bc44-0b6cd7fad814.jpg,222,212,212 227 188 199 431
data\raw\val\04782_Animalia_Chordata_Mammalia_Primates_Cercopithecidae_Cercopithecus_mitis\d8045cc9-be88-4cd7-af0b-ce65076af57e.jpg,222,190,190 187 393 186 468
data\raw\val\04782_Animalia_Chordata_Mammalia_Primates_Cercopithecidae_Cercopithecus_mitis\38b33ce7-d4d8-4dbc-a93b-c7b70e05cf4e.jpg,222,262,262 179 331 265 315
data\raw\val\04782_Animalia_Chordata_Mammalia_Primates_Cercopithecidae_Cercopithecus_mitis\bb3294a3-51fa-4fe4-9d1e-ff8ac7673182.jpg,222,222,222 490 162 486 435
data\raw\val\04782_Animalia_Chordata_Mammalia_Primates_Cercopithecidae_Cercopithecus_mitis\74446b39-479d-46fa-a853-6740c2eec634.jpg,222,222,222 197 182 176 104
data\raw\val\04811_Animalia_Chordata_Mammalia_Rodentia_Hystricidae_Hystrix_africaeaustralis\0557cc30-7500-4c44-8473-429fdb45b406.jpg,223,284,284 293 375 192 355
data\raw\val\04811_Animalia_Chordata_Mammalia_Rodentia_Hystricidae_Hystrix_africaeaustralis\8ee93c82-5691-4799-b27e-64e6cd6be38b.jpg,223,7,7 240 125 242 232
data\raw\val\04811_Animalia_Chordata_Mammalia_Rodentia_Hystricidae_Hystrix_africaeaustralis\ada2c782-2806-44ab-af6e-d6f9b693a62a.jpg,223,223,223 219 49 147 163
data\raw\val\04811_Animalia_Chordata_Mammalia_Rodentia_Hystricidae_Hystrix_africaeaustralis\1b6e54da-6f95-4cfc-84bf-c130e6d6a56c.jpg,223,202,202 204 262 264 260
data\raw\val\04811_Animalia_Chordata_Mammalia_Rodentia_Hystricidae_Hystrix_africaeaustralis\4388a691-4c5e-4916-aea6-df3a89db68fd.jpg,223,316,316 223 240 347 348
data\raw\val\04811_Animalia_Chordata_Mammalia_Rodentia_Hystricidae_Hystrix_africaeaustralis\12b6ad65-fa3f-4388-bdc1-8740ac358c61.jpg,223,229,229 242 163 224 226
data\raw\val\04811_Animalia_Chordata_Mammalia_Rodentia_Hystricidae_Hystrix_africaeaustralis\0641b4ce-8fa1-40bc-ada9-a1876430b930.jpg,223,350,350 316 325 327 355
data\raw\val\04811_Animalia_Chordata_Mammalia_Rodentia_Hystricidae_Hystrix_africaeaustralis\f343e2c1-78de-4b84-80ae-026413778432.jpg,223,223,223 132 239 230 136
data\raw\val\04811_Animalia_Chordata_Mammalia_Rodentia_Hystricidae_Hystrix_africaeaustralis\b428a3a1-b584-40a8-85c3-43698fa20e52.jpg,223,223,223 153 239 156 230
data\raw\val\04811_Animalia_Chordata_Mammalia_Rodentia_Hystricidae_Hystrix_africaeaustralis\018322f1-7a19-44d9-a118-4f00d2d27c13.jpg,223,350,350 316 314 223 240
data\raw\val\04823_Animalia_Chordata_Mammalia_Rodentia_Sciuridae_Cynomys_ludovicianus\e346a10b-27b0-44ea-b709-22578ea56d35.jpg,224,241,241 190 213 204 231
data\raw\val\04823_Animalia_Chordata_Mammalia_Rodentia_Sciuridae_Cynomys_ludovicianus\d270b002-f075-44db-85b9-cf6974bb7488.jpg,224,158,158 20 157 151 181
data\raw\val\04823_Animalia_Chordata_Mammalia_Rodentia_Sciuridae_Cynomys_ludovicianus\d8e4f819-1207-4e7b-8d82-d2b15b687426.jpg,224,214,214 215 220 168 166
data\raw\val\04823_Animalia_Chordata_Mammalia_Rodentia_Sciuridae_Cynomys_ludovicianus\f7fc4b13-016a-4f71-a22a-68bd30dffc9e.jpg,224,164,164 220 214 306 158
data\raw\val\04823_Animalia_Chordata_Mammalia_Rodentia_Sciuridae_Cynomys_ludovicianus\7852a3d6-93e0-444a-926b-9cf2ae3ea46c.jpg,224,238,238 237 6 250 228
data\raw\val\04823_Animalia_Chordata_Mammalia_Rodentia_Sciuridae_Cynomys_ludovicianus\7f1858a3-051a-4d65-be5e-54cdd8ffea3a.jpg,224,224,224 217 215 203 306
data\raw\val\04823_Animalia_Chordata_Mammalia_Rodentia_Sciuridae_Cynomys_ludovicianus\d33f56e2-1ac7-4dcb-a982-db9d6c16767d.jpg,224,224,224 243 242 262 265
data\raw\val\04823_Animalia_Chordata_Mammalia_Rodentia_Sciuridae_Cynomys_ludovicianus\11d053e7-519e-41cf-86b4-f395372339a1.jpg,224,151,151 214 168 199 486
data\raw\val\04823_Animalia_Chordata_Mammalia_Rodentia_Sciuridae_Cynomys_ludovicianus\a3db71a3-9db7-46eb-9ddf-8ea39a07f2bc.jpg,224,224,224 380 205 178 163
data\raw\val\04823_Animalia_Chordata_Mammalia_Rodentia_Sciuridae_Cynomys_ludovicianus\0ff0d854-0082-4545-8358-55495807de43.jpg,224,202,202 205 392 178 199
data\raw\val\04826_Animalia_Chordata_Mammalia_Rodentia_Sciuridae_Funambulus_pennantii\19d18133-44c9-496d-ae79-672c1cb07118.jpg,225,57,57 59 54 60 98
data\raw\val\04826_Animalia_Chordata_Mammalia_Rodentia_Sciuridae_Funambulus_pennantii\38be18b0-2d09-4054-b5db-f8ef6ec3de83.jpg,225,8,8 221 215 226 225
data\raw\val\04826_Animalia_Chordata_Mammalia_Rodentia_Sciuridae_Funambulus_pennantii\62bc8538-c2ce-4c1c-b58d-612c40821565.jpg,225,239,239 191 153 192 218
data\raw\val\04826_Animalia_Chordata_Mammalia_Rodentia_Sciuridae_Funambulus_pennantii\d7ae007d-668f-4f40-99fc-fd47d7b094cf.jpg,225,393,393 467 270 293 490
data\raw\val\04826_Animalia_Chordata_Mammalia_Rodentia_Sciuridae_Funambulus_pennantii\d5892f36-9fde-45f9-ab12-3599bc47be9f.jpg,225,178,178 225 138 143 243
data\raw\val\04826_Animalia_Chordata_Mammalia_Rodentia_Sciuridae_Funambulus_pennantii\56454d39-f8d9-4ff8-9334-b7b551bc29cb.jpg,225,224,224 214 215 226 227
data\raw\val\04826_Animalia_Chordata_Mammalia_Rodentia_Sciuridae_Funambulus_pennantii\d1ae8b47-9802-4af7-a4a7-decb8638f9d1.jpg,225,393,393 399 435 395 222
data\raw\val\04826_Animalia_Chordata_Mammalia_Rodentia_Sciuridae_Funambulus_pennantii\b79c17a7-2110-47d7-8edc-93d8284f1c1a.jpg,225,212,212 150 179 201 183
data\raw\val\04826_Animalia_Chordata_Mammalia_Rodentia_Sciuridae_Funambulus_pennantii\f9616f62-bc07-4137-bd82-8f299fad7857.jpg,225,60,60 59 236 80 42
data\raw\val\04826_Animalia_Chordata_Mammalia_Rodentia_Sciuridae_Funambulus_pennantii\b30ce9a1-ef54-4b98-beae-8d1990c50c34.jpg,225,239,239 41 76 110 50
data\raw\val\04829_Animalia_Chordata_Mammalia_Rodentia_Sciuridae_Ictidomys_tridecemlineatus\881a8cce-cbb2-4917-826b-ba1d7d348ae0.jpg,226,309,309 295 300 428 301
data\raw\val\04829_Animalia_Chordata_Mammalia_Rodentia_Sciuridae_Ictidomys_tridecemlineatus\4fe0d0a9-4105-41b1-b959-ce3d8dae70cb.jpg,226,389,389 226 404 229 355
data\raw\val\04829_Animalia_Chordata_Mammalia_Rodentia_Sciuridae_Ictidomys_tridecemlineatus\98bb8dca-5732-464b-a833-45480541f113.jpg,226,359,359 320 224 402 226
data\raw\val\04829_Animalia_Chordata_Mammalia_Rodentia_Sciuridae_Ictidomys_tridecemlineatus\1863ca85-c6c3-4a21-821e-ae35708b7bd8.jpg,226,179,179 170 63 83 41
data\raw\val\04829_Animalia_Chordata_Mammalia_Rodentia_Sciuridae_Ictidomys_tridecemlineatus\c417c58f-d78d-47bb-a434-0957633dfd61.jpg,226,214,214 215 224 211 226
data\raw\val\04829_Animalia_Chordata_Mammalia_Rodentia_Sciuridae_Ictidomys_tridecemlineatus\38aeb8bb-be70-4b29-b9b8-b1e05e00dc24.jpg,226,499,499 136 310 495 311
data\raw\val\04829_Animalia_Chordata_Mammalia_Rodentia_Sciuridae_Ictidomys_tridecemlineatus\d59f6f91-3f51-472e-b7c9-2cb65e707757.jpg,226,214,214 224 215 242 166
data\raw\val\04829_Animalia_Chordata_Mammalia_Rodentia_Sciuridae_Ictidomys_tridecemlineatus\7cc67937-6e6e-456d-8022-070553f9e657.jpg,226,201,201 224 306 220 199
data\raw\val\04829_Animalia_Chordata_Mammalia_Rodentia_Sciuridae_Ictidomys_tridecemlineatus\f77e5d8d-f4b4-4ff5-853a-7960f3aabd27.jpg,226,226,226 224 68 215 227
data\raw\val\04829_Animalia_Chordata_Mammalia_Rodentia_Sciuridae_Ictidomys_tridecemlineatus\abf27440-189f-433c-aa82-5ca1d6f8854b.jpg,226,240,240 491 295 380 223
data\raw\val\04831_Animalia_Chordata_Mammalia_Rodentia_Sciuridae_Marmota_flaviventris\c12d157b-7cb2-4dd4-9a8e-18f4b214c832.jpg,227,213,213 221 214 200 283
data\raw\val\04831_Animalia_Chordata_Mammalia_Rodentia_Sciuridae_Marmota_flaviventris\3c674a99-a2ec-4f7a-9dfb-bd7860481591.jpg,227,224,224 55 215 217 241
data\raw\val\04831_Animalia_Chordata_Mammalia_Rodentia_Sciuridae_Marmota_flaviventris\5fe43f62-64a0-4d35-b367-14140c0b2e7c.jpg,227,212,212 283 278 227 169
data\raw\val\04831_Animalia_Chordata_Mammalia_Rodentia_Sciuridae_Marmota_flaviventris\d339d948-2deb-4064-9b04-e138f1fdfb93.jpg,227,31,31 50 19 56 227
data\raw\val\04831_Animalia_Chordata_Mammalia_Rodentia_Sciuridae_Marmota_flaviventris\eb2359d1-235d-461d-b901-3a42b7af0e79.jpg,227,268,268 271 267 244 265
data\raw\val\04831_Animalia_Chordata_Mammalia_Rodentia_Sciuridae_Marmota_flaviventris\bd490bfb-3dfb-4114-a2ae-a8110d589967.jpg,227,227,227 87 83 68 153
data\raw\val\04831_Animalia_Chordata_Mammalia_Rodentia_Sciuridae_Marmota_flaviventris\d65eaa1e-aa3b-40ea-b5a5-a85ca0eeab06.jpg,227,211,211 220 212 159 213
data\raw\val\04831_Animalia_Chordata_Mammalia_Rodentia_Sciuridae_Marmota_flaviventris\a39cb00f-45c7-4718-a09f-97256f9d92e2.jpg,227,67,67 161 69 87 242
data\raw\val\04831_Animalia_Chordata_Mammalia_Rodentia_Sciuridae_Marmota_flaviventris\9dd16262-4ffc-4eb3-a726-d5ba40c4e945.jpg,227,201,201 227 202 205 224
data\raw\val\04831_Animalia_Chordata_Mammalia_Rodentia_Sciuridae_Marmota_flaviventris\e958a461-1c5b-4a46-985e-ef94dc77c78a.jpg,227,270,270 264 212 8 227
data\raw\val\04883_Animalia_Chordata_Reptilia_Squamata_Anguidae_Elgaria_multicarinata\4ecc1ab2-21a6-4da8-9381-d7ac03c40a9a.jpg,228,379,379 349 212 324 67
data\raw\val\04883_Animalia_Chordata_Reptilia_Squamata_Anguidae_Elgaria_multicarinata\05c6e24c-4e17-4961-a976-fdc92fb4d795.jpg,228,133,133 128 106 127 145
data\raw\val\04883_Animalia_Chordata_Reptilia_Squamata_Anguidae_Elgaria_multicarinata\f1428648-1af4-422a-a844-9777d0453231.jpg,228,38,38 93 145 39 40
data\raw\val\04883_Animalia_Chordata_Reptilia_Squamata_Anguidae_Elgaria_multicarinata\b8ba6f0a-7dfd-4a33-8d39-916e7d51c5f8.jpg,228,339,339 130 486 128 266
data\raw\val\04883_Animalia_Chordata_Reptilia_Squamata_Anguidae_Elgaria_multicarinata\16dfa163-d609-4a66-a331-51a0a8263e22.jpg,228,250,250 6 255 220 254
data\raw\val\04883_Animalia_Chordata_Reptilia_Squamata_Anguidae_Elgaria_multicarinata\0dafc7dd-b5de-428b-9e06-5abeca461e0a.jpg,228,238,238 237 229 223 228
data\raw\val\04883_Animalia_Chordata_Reptilia_Squamata_Anguidae_Elgaria_multicarinata\d5dff063-0cea-40aa-a494-b624d1fedf42.jpg,228,142,142 27 151 486 241
data\raw\val\04883_Animalia_Chordata_Reptilia_Squamata_Anguidae_Elgaria_multicarinata\dce947e9-62ef-44d1-890c-5df196d354de.jpg,228,59,59 42 57 235 229
data\raw\val\04883_Animalia_Chordata_Reptilia_Squamata_Anguidae_Elgaria_multicarinata\0ef80b33-55ed-4d32-83a0-fd89cebc2eba.jpg,228,229,229 234 240 242 232
data\raw\val\04883_Animalia_Chordata_Reptilia_Squamata_Anguidae_Elgaria_multicarinata\bf109fcf-924b-426d-b689-16408fc2adab.jpg,228,9,9 45 38 262 234
data\raw\val\04885_Animalia_Chordata_Reptilia_Squamata_Anguidae_Ophisaurus_attenuatus\0c3ad086-12dd-4435-8c64-b7307f89f316.jpg,229,238,238 230 242 229 157
data\raw\val\04885_Animalia_Chordata_Reptilia_Squamata_Anguidae_Ophisaurus_attenuatus\6c8f1b92-38e3-44a6-bc4d-c3596df327fd.jpg,229,109,109 116 235 300 133
data\raw\val\04885_Animalia_Chordata_Reptilia_Squamata_Anguidae_Ophisaurus_attenuatus\a6f2d0b1-677b-429d-99ac-e05cfdbbe4e6.jpg,229,498,498 331 299 324 496
data\raw\val\04885_Animalia_Chordata_Reptilia_Squamata_Anguidae_Ophisaurus_attenuatus\a3423d3c-65fd-4ad2-88ee-fe55ac146313.jpg,229,25,25 47 74 78 77
data\raw\val\04885_Animalia_Chordata_Reptilia_Squamata_Anguidae_Ophisaurus_attenuatus\331def3f-bbb0-4117-ac69-f4e0ddf9170f.jpg,229,266,266 295 461 267 392
data\raw\val\04885_Animalia_Chordata_Reptilia_Squamata_Anguidae_Ophisaurus_attenuatus\d9299fcf-c180-49ff-b3f2-ce88d2bfae3e.jpg,229,238,238 98 78 8 237
data\raw\val\04885_Animalia_Chordata_Reptilia_Squamata_Anguidae_Ophisaurus_attenuatus\3f9131a4-fe58-4e98-9089-23cdfca9bdfb.jpg,229,59,59 238 229 237 83
data\raw\val\04885_Animalia_Chordata_Reptilia_Squamata_Anguidae_Ophisaurus_attenuatus\a99d451d-6e3b-410c-aa59-3d74071a8866.jpg,229,239,239 229 238 53 77
data\raw\val\04885_Animalia_Chordata_Reptilia_Squamata_Anguidae_Ophisaurus_attenuatus\bc0f6904-4f07-477d-adc1-fdaec8fbfcca.jpg,229,109,109 235 106 229 107
data\raw\val\04885_Animalia_Chordata_Reptilia_Squamata_Anguidae_Ophisaurus_attenuatus\23d6f306-fbfe-4d36-91f4-4aa639c55f6a.jpg,229,25,25 77 239 102 53
data\raw\val\04915_Animalia_Chordata_Reptilia_Squamata_Colubridae_Hypsiglena_jani\0696d293-a9c7-4c0f-8298-d6bb3f1caf28.jpg,230,264,264 265 59 270 83
data\raw\val\04915_Animalia_Chordata_Reptilia_Squamata_Colubridae_Hypsiglena_jani\b1f89953-e26b-428f-a056-b8d4a85cb063.jpg,230,319,319 359 404 300 320
data\raw\val\04915_Animalia_Chordata_Reptilia_Squamata_Colubridae_Hypsiglena_jani\504d26a2-7297-48e4-b964-aab2ab2e03d7.jpg,230,242,242 250 7 243 132
data\raw\val\04915_Animalia_Chordata_Reptilia_Squamata_Colubridae_Hypsiglena_jani\04286534-f182-4b49-b2d9-940e4e992b93.jpg,230,128,128 133 109 112 230
data\raw\val\04915_Animalia_Chordata_Reptilia_Squamata_Colubridae_Hypsiglena_jani\b25ee19c-e2c7-42f0-91ba-54baca7c7c05.jpg,230,231,231 230 21 75 267
data\raw\val\04915_Animalia_Chordata_Reptilia_Squamata_Colubridae_Hypsiglena_jani\f53efbcf-5b96-49a3-8a1e-c64937b40eea.jpg,230,238,238 237 239 235 229
data\raw\val\04915_Animalia_Chordata_Reptilia_Squamata_Colubridae_Hypsiglena_jani\068de23e-cc4e-42aa-9a41-d0d6933883f5.jpg,230,251,251 123 300 130 133
data\raw\val\04915_Animalia_Chordata_Reptilia_Squamata_Colubridae_Hypsiglena_jani\b52e98d0-98fb-49e7-889d-22cb40ee9d74.jpg,230,250,250 230 128 113 129
data\raw\val\04915_Animalia_Chordata_Reptilia_Squamata_Colubridae_Hypsiglena_jani\afcb83f5-e398-44c8-9bff-0fb7a25100b7.jpg,230,125,125 250 128 247 251
data\raw\val\04915_Animalia_Chordata_Reptilia_Squamata_Colubridae_Hypsiglena_jani\dba05ddc-6d72-4a5d-b7c7-858920c70eb9.jpg,230,6,6 238 83 237 72
data\raw\val\04917_Animalia_Chordata_Reptilia_Squamata_Colubridae_Imantodes_cenchoa\52fced96-7fd8-44fc-84ca-f73910456d89.jpg,231,231,231 75 63 86 42
data\raw\val\04917_Animalia_Chordata_Reptilia_Squamata_Colubridae_Imantodes_cenchoa\04083ff5-63eb-4ece-9c70-ca7d4eea11f6.jpg,231,231,231 472 443 93 10
data\raw\val\04917_Animalia_Chordata_Reptilia_Squamata_Colubridae_Imantodes_cenchoa\80687809-8c6e-40db-8f1d-b6ee47e79fd9.jpg,231,273,273 140 275 394 131
data\raw\val\04917_Animalia_Chordata_Reptilia_Squamata_Colubridae_Imantodes_cenchoa\91ff7931-b588-48b0-abae-4ab0a7e1c17b.jpg,231,453,453 496 401 415 481
data\raw\val\04917_Animalia_Chordata_Reptilia_Squamata_Colubridae_Imantodes_cenchoa\0a73037f-d3a4-4dee-8066-cc51f6c2d4bb.jpg,231,58,58 231 271 62 267
data\raw\val\04917_Animalia_Chordata_Reptilia_Squamata_Colubridae_Imantodes_cenchoa\97b071b6-1320-4192-a00b-ee9f38af74aa.jpg,231,231,231 309 106 496 210
data\raw\val\04917_Animalia_Chordata_Reptilia_Squamata_Colubridae_Imantodes_cenchoa\c7c83312-d53c-4813-be48-f4edddac5cab.jpg,231,494,494 499 308 492 493
data\raw\val\04917_Animalia_Chordata_Reptilia_Squamata_Colubridae_Imantodes_cenchoa\b32799e8-bb77-461d-9e07-e9a4fb1f96c6.jpg,231,231,231 103 111 106 93
data\raw\val\04917_Animalia_Chordata_Reptilia_Squamata_Colubridae_Imantodes_cenchoa\2a8096d9-7bc9-45ae-ae9b-ab1fa48ebf48.jpg,231,231,231 368 369 473 482
data\raw\val\04917_Animalia_Chordata_Reptilia_Squamata_Colubridae_Imantodes_cenchoa\40f5bc57-e13b-4e3e-8675-202407f5c2fb.jpg,231,231,231 153 140 223 210
data\raw\val\04939_Animalia_Chordata_Reptilia_Squamata_Colubridae_Nerodia_floridana\c7753f8e-c92a-4f8a-adcb-dd0824fb8fc3.jpg,232,273,273 190 232 243 142
data\raw\val\04939_Animalia_Chordata_Reptilia_Squamata_Colubridae_Nerodia_floridana\a0f6b84b-4654-4af7-8c34-c472a5b45b69.jpg,232,232,232 254 229 240 239
data\raw\val\04939_Animalia_Chordata_Reptilia_Squamata_Colubridae_Nerodia_floridana\9771fbce-eda2-43c8-a72e-417c164d6e1b.jpg,232,427,427 282 389 112 299
data\raw\val\04939_Animalia_Chordata_Reptilia_Squamata_Colubridae_Nerodia_floridana\b78446fe-6813-4247-9793-291755930aa4.jpg,232,191,191 192 187 235 233
data\raw\val\04939_Animalia_Chordata_Reptilia_Squamata_Colubridae_Nerodia_floridana\e802249b-a980-4b12-8eff-4cb60f8cde57.jpg,232,319,319 389 350 303 349
data\raw\val\04939_Animalia_Chordata_Reptilia_Squamata_Colubridae_Nerodia_floridana\dc7c3636-45b9-4957-8ded-62480e7e4ffa.jpg,232,126,126 229 7 240 12
data\raw\val\04939_Animalia_Chordata_Reptilia_Squamata_Colubridae_Nerodia_floridana\79d5c857-7b27-4d59-8076-a6a3d2e82bcb.jpg,232,232,232 242 240 229 226
data\raw\val\04939_Animalia_Chordata_Reptilia_Squamata_Colubridae_Nerodia_floridana\85d8290a-18cb-4339-a4c9-6d3967cf796a.jpg,232,126,126 57 54 52 100
data\raw\val\04939_Animalia_Chordata_Reptilia_Squamata_Colubridae_Nerodia_floridana\b2ff88fd-3b59-4fac-ac67-0e57d41cda0c.jpg,232,214,214 168 166 213 220
data\raw\val\04939_Animalia_Chordata_Reptilia_Squamata_Colubridae_Nerodia_floridana\9450eccc-81d0-497f-851c-a7ad134151f7.jpg,232,303,303 300 301 226 428
data\raw\val\04942_Animalia_Chordata_Reptilia_Squamata_Colubridae_Nerodia_taxispilota\c525293c-0f84-44fe-aefb-8962aa82f07a.jpg,233,293,293 284 221 191 192
data\raw\val\04942_Animalia_Chordata_Reptilia_Squamata_Colubridae_Nerodia_taxispilota\6e437f4d-d203-43fb-a092-c31d52ce4130.jpg,233,143,143 225 487 192 138
data\raw\val\04942_Animalia_Chordata_Reptilia_Squamata_Colubridae_Nerodia_taxispilota\bd42fa4c-3bb9-40e4-8824-d4eec79e055a.jpg,233,210,210 270 264 315 262
data\raw\val\04942_Animalia_Chordata_Reptilia_Squamata_Colubridae_Nerodia_taxispilota\66492e42-5f53-435d-91d5-432ef7d89424.jpg,233,258,258 36 145 240 235
data\raw\val\04942_Animalia_Chordata_Reptilia_Squamata_Colubridae_Nerodia_taxispilota\0291ecd3-3cc1-4307-8c0a-d13e21e8112a.jpg,233,217,217 150 227 151 219
data\raw\val\04942_Animalia_Chordata_Reptilia_Squamata_Colubridae_Nerodia_taxispilota\c81180f6-4dc8-4089-b67f-532d39962e9b.jpg,233,262,262 266 492 267 260
data\raw\val\04942_Animalia_Chordata_Reptilia_Squamata_Colubridae_Nerodia_taxispilota\cb8c977e-9422-45ac-bdfd-be9c053e7e65.jpg,233,434,434 313 407 401 399
data\raw\val\04942_Animalia_Chordata_Reptilia_Squamata_Colubridae_Nerodia_taxispilota\882424ff-e79d-45e5-acc9-0715dc8d42c2.jpg,233,237,237 238 269 7 230
data\raw\val\04942_Animalia_Chordata_Reptilia_Squamata_Colubridae_Nerodia_taxispilota\4d61fb7f-a1f6-467e-8de6-5928ff959e82.jpg,233,492,492 493 499 497 496
data\raw\val\04942_Animalia_Chordata_Reptilia_Squamata_Colubridae_Nerodia_taxispilota\befe532d-bf1d-4f5c-9564-bf24e7ebd822.jpg,233,59,59 216 5 45 137
data\raw\val\04947_Animalia_Chordata_Reptilia_Squamata_Colubridae_Pantherophis_emoryi\c2f70530-3bdc-46da-b3a5-30a4b9de68e4.jpg,234,349,349 350 314 223 316
data\raw\val\04947_Animalia_Chordata_Reptilia_Squamata_Colubridae_Pantherophis_emoryi\13f0c5f4-b352-4e66-9783-47df035ac9af.jpg,234,264,264 153 219 210 223
data\raw\val\04947_Animalia_Chordata_Reptilia_Squamata_Colubridae_Pantherophis_emoryi\f11cbf9c-f6a2-4cc5-95cc-cc2f1fab15b6.jpg,234,235,235 237 229 157 238
data\raw\val\04947_Animalia_Chordata_Reptilia_Squamata_Colubridae_Pantherophis_emoryi\5483a51f-fe0d-41bb-b96c-6d63b978461d.jpg,234,262,262 264 260 270 141
data\raw\val\04947_Animalia_Chordata_Reptilia_Squamata_Colubridae_Pantherophis_emoryi\eec55dfe-6c6b-417c-8151-feb816f62c18.jpg,234,229,229 25 111 239 173
data\raw\val\04947_Animalia_Chordata_Reptilia_Squamata_Colubridae_Pantherophis_emoryi\25c36e05-2bf6-4228-9bef-cb5276e68748.jpg,234,427,427 301 295 428 338
data\raw\val\04947_Animalia_Chordata_Reptilia_Squamata_Colubridae_Pantherophis_emoryi\07bfd8af-ce51-40bc-b366-c3194322b50f.jpg,234,216,216 237 52 142 241
data\raw\val\04947_Animalia_Chordata_Reptilia_Squamata_Colubridae_Pantherophis_emoryi\95cf59cc-f084-4e19-a1e1-ad2f04a51fe0.jpg,234,254,254 87 220 217 100
data\raw\val\04947_Animalia_Chordata_Reptilia_Squamata_Colubridae_Pantherophis_emoryi\f36f4c51-e8be-4f79-b021-bbc6c34bbc6b.jpg,234,83,83 237 238 6 10
data\raw\val\04947_Animalia_Chordata_Reptilia_Squamata_Colubridae_Pantherophis_emoryi\755683cd-be34-4222-90c7-096969d11ab5.jpg,234,266,266 316 350 142 228
data\raw\val\04955_Animalia_Chordata_Reptilia_Squamata_Colubridae_Regina_grahamii\4b616431-13a9-4063-a973-62a02e113458.jpg,235,235,235 229 239 102 234
data\raw\val\04955_Animalia_Chordata_Reptilia_Squamata_Colubridae_Regina_grahamii\da05eabc-d07e-4122-bf3e-cf0ff9a499fb.jpg,235,254,254 232 51 229 271
data\raw\val\04955_Animalia_Chordata_Reptilia_Squamata_Colubridae_Regina_grahamii\5307ad66-a852-4628-b998-2a064edafcb0.jpg,235,242,242 6 7 217 215
data\raw\val\04955_Animalia_Chordata_Reptilia_Squamata_Colubridae_Regina_grahamii\004163e4-6f09-4b6a-807c-7fe68c305b1d.jpg,235,59,59 238 72 239 77
data\raw\val\04955_Animalia_Chordata_Reptilia_Squamata_Colubridae_Regina_grahamii\41d1a5e2-0add-40f0-800c-47bca8704ef7.jpg,235,265,265 50 22 85 262
data\raw\val\04955_Animalia_Chordata_Reptilia_Squamata_Colubridae_Regina_grahamii\01659d49-cd34-4a7f-9360-ffc8ff55a212.jpg,235,13,13 342 142 235 139
data\raw\val\04955_Animalia_Chordata_Reptilia_Squamata_Colubridae_Regina_grahamii\941b1e60-99ac-42e8-8e37-dc089f99048e.jpg,235,391,391 382 400 431 441
data\raw\val\04955_Animalia_Chordata_Reptilia_Squamata_Colubridae_Regina_grahamii\5d5da9f8-b950-4e69-9d10-0b00b44d3c56.jpg,235,250,250 235 129 128 145
data\raw\val\04955_Animalia_Chordata_Reptilia_Squamata_Colubridae_Regina_grahamii\55f2c137-434f-4734-bc83-5f1b12371f3e.jpg,235,243,243 242 132 250 138
data\raw\val\04955_Animalia_Chordata_Reptilia_Squamata_Colubridae_Regina_grahamii\49a9de9c-3911-4fc7-be0c-5c4d1d2a63a6.jpg,235,229,229 238 235 239 42
data\raw\val\04993_Animalia_Chordata_Reptilia_Squamata_Dactyloidae_Anolis_sagrei\c4798d90-f9a4-46be-a56a-7f16e2b73c36.jpg,236,48,48 271 90 62 6
data\raw\val\04993_Animalia_Chordata_Reptilia_Squamata_Dactyloidae_Anolis_sagrei\c79c3a05-a0fc-4d12-ad95-9c5c6af8a04c.jpg,236,486,486 220 214 217 205
data\raw\val\04993_Animalia_Chordata_Reptilia_Squamata_Dactyloidae_Anolis_sagrei\03fadffb-dcb4-4f65-94d6-43a94ca2b9b3.jpg,236,393,393 207 191 270 192
data\raw\val\04993_Animalia_Chordata_Reptilia_Squamata_Dactyloidae_Anolis_sagrei\12796077-ff72-468b-85ce-34f9c66fb3b5.jpg,236,238,238 239 237 225 143
data\raw\val\04993_Animalia_Chordata_Reptilia_Squamata_Dactyloidae_Anolis_sagrei\18229865-af5f-4920-9c51-ae54b2b7ab30.jpg,236,16,16 18 36 71 209
data\raw\val\04993_Animalia_Chordata_Reptilia_Squamata_Dactyloidae_Anolis_sagrei\f672fa3d-c40b-43cb-af47-61413eac2915.jpg,236,77,77 59 51 72 80
data\raw\val\04993_Animalia_Chordata_Reptilia_Squamata_Dactyloidae_Anolis_sagrei\99a452b2-5056-472d-86a4-3a715e48b70d.jpg,236,152,152 239 203 157 202
data\raw\val\04993_Animalia_Chordata_Reptilia_Squamata_Dactyloidae_Anolis_sagrei\341f0d98-c338-48d7-a998-003a3c2c6555.jpg,236,262,262 240 268 274 218
data\raw\val\04993_Animalia_Chordata_Reptilia_Squamata_Dactyloidae_Anolis_sagrei\6b4e28bc-fe68-44a6-9895-941dbe1d9a64.jpg,236,229,229 232 240 10 21
data\raw\val\04993_Animalia_Chordata_Reptilia_Squamata_Dactyloidae_Anolis_sagrei\5e6905cf-51dd-4688-8195-a1dbae9add18.jpg,236,239,239 42 75 63 231
data\raw\val\05065_Animalia_Chordata_Reptilia_Squamata_Phrynosomatidae_Urosaurus_ornatus\411faa14-e11a-43dd-a6d9-3054dab8ec75.jpg,237,242,242 224 238 226 237
data\raw\val\05065_Animalia_Chordata_Reptilia_Squamata_Phrynosomatidae_Urosaurus_ornatus\a6dd2f6a-f750-404d-8b10-e093b7695259.jpg,237,239,239 42 156 179 169
data\raw\val\05065_Animalia_Chordata_Reptilia_Squamata_Phrynosomatidae_Urosaurus_ornatus\5ad77296-9d1f-439e-b3f1-37a989ba2602.jpg,237,27,27 115 109 106 108
data\raw\val\05065_Animalia_Chordata_Reptilia_Squamata_Phrynosomatidae_Urosaurus_ornatus\86e38453-495a-4646-b2f8-464a88d5b780.jpg,237,237,237 74 77 238 5
data\raw\val\05065_Animalia_Chordata_Reptilia_Squamata_Phrynosomatidae_Urosaurus_ornatus\062b35c4-e0fb-4eb8-82fa-888283dc27b5.jpg,237,178,178 221 169 163 180
data\raw\val\05065_Animalia_Chordata_Reptilia_Squamata_Phrynosomatidae_Urosaurus_ornatus\3476f955-0816-420a-978e-56e56d650f70.jpg,237,237,237 238 145 230 77
data\raw\val\05065_Animalia_Chordata_Reptilia_Squamata_Phrynosomatidae_Urosaurus_ornatus\b4a784dc-60c7-4fc1-af55-4b0493f05abc.jpg,237,250,250 128 125 230 247
data\raw\val\05065_Animalia_Chordata_Reptilia_Squamata_Phrynosomatidae_Urosaurus_ornatus\263f322e-411c-4320-833d-47da7b48d42b.jpg,237,319,319 243 156 349 163
data\raw\val\05065_Animalia_Chordata_Reptilia_Squamata_Phrynosomatidae_Urosaurus_ornatus\83fba715-b496-4f67-8c13-6d9a4bb0fa6e.jpg,237,238,238 237 243 271 239
data\raw\val\05065_Animalia_Chordata_Reptilia_Squamata_Phrynosomatidae_Urosaurus_ornatus\d347e0ae-8b14-403d-9f12-fe83d750e143.jpg,237,110,110 237 178 239 238
data\raw\val\05066_Animalia_Chordata_Reptilia_Squamata_Phrynosomatidae_Uta_stansburiana\b3bb804b-0523-4226-8710-4a5541776204.jpg,238,102,102 12 75 47 5
data\raw\val\05066_Animalia_Chordata_Reptilia_Squamata_Phrynosomatidae_Uta_stansburiana\510e7c09-7d2d-4d59-b6bf-fb2998df770e.jpg,238,239,239 235 223 120 237
data\raw\val\05066_Animalia_Chordata_Reptilia_Squamata_Phrynosomatidae_Uta_stansburiana\f398ef88-c04a-477e-8255-128bbb168e13.jpg,238,238,238 239 229 237 59
data\raw\val\05066_Animalia_Chordata_Reptilia_Squamata_Phrynosomatidae_Uta_stansburiana\1a546022-6173-4709-a28e-042d4bd23cc2.jpg,238,110,110 111 107 38 39
data\raw\val\05066_Animalia_Chordata_Reptilia_Squamata_Phrynosomatidae_Uta_stansburiana\728afacc-9ec2-40f1-a7d8-787915cce32e.jpg,238,8,8 269 237 51 98
data\raw\val\05066_Animalia_Chordata_Reptilia_Squamata_Phrynosomatidae_Uta_stansburiana\5321e8a2-0c98-42f7-9afd-0a9b6c355c8c.jpg,238,7,7 232 240 6 235
data\raw\val\05066_Animalia_Chordata_Reptilia_Squamata_Phrynosomatidae_Uta_stansburiana\dcdf1c35-b4d7-4b57-b199-3363d4c8cc8b.jpg,238,229,229 42 235 226 57
data\raw\val\05066_Animalia_Chordata_Reptilia_Squamata_Phrynosomatidae_Uta_stansburiana\1dc929c7-5b2d-40c5-a420-26894cadc146.jpg,238,7,7 6 24 242 22
data\raw\val\05066_Animalia_Chordata_Reptilia_Squamata_Phrynosomatidae_Uta_stansburiana\f13cd69f-8978-4f18-a632-99d46352586c.jpg,238,25,25 7 120 29 49
data\raw\val\05066_Animalia_Chordata_Reptilia_Squamata_Phrynosomatidae_Uta_stansburiana\8970b5f1-48ed-4bf8-81e9-3ec22c15f88b.jpg,238,242,242 238 7 237 240
data\raw\val\05086_Animalia_Chordata_Reptilia_Squamata_Scincidae_Trachylepis_striata\3d38a4e5-6234-458a-a34e-aac8130166b9.jpg,239,41,41 73 82 72 75
data\raw\val\05086_Animalia_Chordata_Reptilia_Squamata_Scincidae_Trachylepis_striata\dc52932d-c7ec-4762-b61c-1f05f3df1f7e.jpg,239,145,145 36 259 240 118
data\raw\val\05086_Animalia_Chordata_Reptilia_Squamata_Scincidae_Trachylepis_striata\c73ab2d1-2d82-4377-a1a2-61008bd8fdf4.jpg,239,145,145 239 40 75 27
data\raw\val\05086_Animalia_Chordata_Reptilia_Squamata_Scincidae_Trachylepis_striata\c8207410-ef20-4dbd-ad06-66ada74c8f17.jpg,239,239,239 238 229 237 230
data\raw\val\05086_Animalia_Chordata_Reptilia_Squamata_Scincidae_Trachylepis_striata\477a3655-ceb3-4a65-b5b7-bd2c933de2dd.jpg,239,6,6 7 237 238 235
data\raw\val\05086_Animalia_Chordata_Reptilia_Squamata_Scincidae_Trachylepis_striata\1f8cfac1-3676-4e73-9627-fa17fbb4aaa7.jpg,239,223,223 235 239 190 225
data\raw\val\05086_Animalia_Chordata_Reptilia_Squamata_Scincidae_Trachylepis_striata\85cbaf9c-c7b7-4dee-a0fc-9392345bb965.jpg,239,239,239 235 236 229 225
data\raw\val\05086_Animalia_Chordata_Reptilia_Squamata_Scincidae_Trachylepis_striata\23b5cd84-dff5-4a8f-9561-01cced8a0852.jpg,239,238,238 237 229 110 239
data\raw\val\05086_Animalia_Chordata_Reptilia_Squamata_Scincidae_Trachylepis_striata\df564525-bb08-4355-91ec-844feb5b0cc2.jpg,239,180,180 178 208 159 169
data\raw\val\05086_Animalia_Chordata_Reptilia_Squamata_Scincidae_Trachylepis_striata\909b84e4-438f-4fc4-9d53-ca2f1ec09ac4.jpg,239,239,239 237 233 156 74
data\raw\val\05124_Animalia_Chordata_Reptilia_Squamata_Viperidae_Sistrurus_catenatus\b8465f22-7b33-4990-8c80-94f903084d2d.jpg,240,12,12 102 77 80 54
data\raw\val\05124_Animalia_Chordata_Reptilia_Squamata_Viperidae_Sistrurus_catenatus\fab17f05-2717-4dd8-a962-fda235eeca8c.jpg,240,434,434 10 403 436 401
data\raw\val\05124_Animalia_Chordata_Reptilia_Squamata_Viperidae_Sistrurus_catenatus\9270c851-ec01-46d3-aebd-5444fddf1e43.jpg,240,201,201 214 199 168 156
data\raw\val\05124_Animalia_Chordata_Reptilia_Squamata_Viperidae_Sistrurus_catenatus\3f38b707-4f3d-463d-9882-d1b49b43ff9d.jpg,240,403,403 402 491 479 345
data\raw\val\05124_Animalia_Chordata_Reptilia_Squamata_Viperidae_Sistrurus_catenatus\144ff514-b937-4855-a9c0-cc77e51e125d.jpg,240,303,303 243 229 240 67
data\raw\val\05124_Animalia_Chordata_Reptilia_Squamata_Viperidae_Sistrurus_catenatus\33c18e4a-b0eb-487b-bccc-1d4e2f210f4a.jpg,240,214,214 163 156 224 226
data\raw\val\05124_Animalia_Chordata_Reptilia_Squamata_Viperidae_Sistrurus_catenatus\2a3e9e2e-d04a-4beb-a746-669665f2a304.jpg,240,294,294 240 491 303 428
data\raw\val\05124_Animalia_Chordata_Reptilia_Squamata_Viperidae_Sistrurus_catenatus\99d1c2d1-3399-4944-8264-aa2c1212daa2.jpg,240,90,90 145 282 480 259
data\raw\val\05124_Animalia_Chordata_Reptilia_Squamata_Viperidae_Sistrurus_catenatus\6c71a84e-561f-4765-8a96-a286d274d833.jpg,240,145,145 157 270 150 236
data\raw\val\05124_Animalia_Chordata_Reptilia_Squamata_Viperidae_Sistrurus_catenatus\b410cc36-5d92-4461-86f9-43e6d55682bf.jpg,240,29,29 34 12 5 48
data\raw\val\05150_Animalia_Chordata_Reptilia_Testudines_Emydidae_Pseudemys_texana\3879e669-9bf5-481c-8ed0-92f075d8327f.jpg,241,143,143 241 196 175 188
data\raw\val\05150_Animalia_Chordata_Reptilia_Testudines_Emydidae_Pseudemys_texana\be145ee4-88c6-4486-a466-8dcb883cc3a8.jpg,241,217,217 241 133 73 151
data\raw\val\05150_Animalia_Chordata_Reptilia_Testudines_Emydidae_Pseudemys_texana\d65c198a-007c-48b6-897f-77d149ec670e.jpg,241,138,138 219 241 141 144
data\raw\val\05150_Animalia_Chordata_Reptilia_Testudines_Emydidae_Pseudemys_texana\1c6b84dc-db3b-4794-9605-26b4f977fc56.jpg,241,132,132 110 241 143 144
data\raw\val\05150_Animalia_Chordata_Reptilia_Testudines_Emydidae_Pseudemys_texana\e833758e-0523-473f-b900-ce29ef7a7297.jpg,241,22,22 73 133 74 144
data\raw\val\05150_Animalia_Chordata_Reptilia_Testudines_Emydidae_Pseudemys_texana\aa95aaee-08d1-4796-aa8e-2ca3cb2c98a0.jpg,241,132,132 110 143 241 4
data\raw\val\05150_Animalia_Chordata_Reptilia_Testudines_Emydidae_Pseudemys_texana\2f3ed808-5684-40d4-a458-ede990fe037b.jpg,241,134,134 132 137 131 135
data\raw\val\05150_Animalia_Chordata_Reptilia_Testudines_Emydidae_Pseudemys_texana\b69b15c5-25dd-4cdd-a638-dd7a1a627427.jpg,241,219,219 151 158 150 241
data\raw\val\05150_Animalia_Chordata_Reptilia_Testudines_Emydidae_Pseudemys_texana\ae5e9f1c-dd44-4cf9-8499-c5ed0ca6eed0.jpg,241,217,217 204 235 151 216
data\raw\val\05150_Animalia_Chordata_Reptilia_Testudines_Emydidae_Pseudemys_texana\8ba016a0-adf0-4918-8848-e9e3a05bff83.jpg,241,224,224 229 226 142 402
data\raw\val\05163_Animalia_Chordata_Reptilia_Testudines_Testudinidae_Gopherus_agassizii\d8c7407e-e76a-4308-a6c1-685b9c02771d.jpg,242,137,137 134 132 126 131
data\raw\val\05163_Animalia_Chordata_Reptilia_Testudines_Testudinidae_Gopherus_agassizii\87eff4b5-bfd2-4e65-907a-24a893692711.jpg,242,57,57 141 79 72 47
data\raw\val\05163_Animalia_Chordata_Reptilia_Testudines_Testudinidae_Gopherus_agassizii\40aec6a1-cad3-402a-88d4-e41f9cab2ecd.jpg,242,442,442 242 203 157 414
data\raw\val\05163_Animalia_Chordata_Reptilia_Testudines_Testudinidae_Gopherus_agassizii\56bb8289-091c-4533-b03a-9998812feae9.jpg,242,242,242 237 217 238 240
data\raw\val\05163_Animalia_Chordata_Reptilia_Testudines_Testudinidae_Gopherus_agassizii\462e0de5-1b21-44ff-b7fc-f359883e3fb0.jpg,242,242,242 166 232 214 217
data\raw\val\05163_Animalia_Chordata_Reptilia_Testudines_Testudinidae_Gopherus_agassizii\9dfebdc9-b1f5-4648-89c7-e72a7f1067d1.jpg,242,191,191 24 264 187 486
data\raw\val\05163_Animalia_Chordata_Reptilia_Testudines_Testudinidae_Gopherus_agassizii\357dd958-9b6e-4128-8ec3-09667048658c.jpg,242,7,7 216 6 214 242
data\raw\val\05163_Animalia_Chordata_Reptilia_Testudines_Testudinidae_Gopherus_agassizii\66b5b655-b003-47ba-bc0f-4fdb054ef508.jpg,242,157,157 214 166 181 163
data\raw\val\05163_Animalia_Chordata_Reptilia_Testudines_Testudinidae_Gopherus_agassizii\b1a3f655-dfa7-453d-af82-1932e5cef031.jpg,242,342,342 190 266 262 265
data\raw\val\05163_Animalia_Chordata_Reptilia_Testudines_Testudinidae_Gopherus_agassizii\4abdbea3-a645-414a-971c-54bf78fd7f92.jpg,242,123,123 145 78 269 351
data\raw\val\05168_Animalia_Chordata_Reptilia_Testudines_Testudinidae_Testudo_graeca\52175260-10ae-4c16-9516-044c4c19d63b.jpg,243,262,262 396 399 28 360
data\raw\val\05168_Animalia_Chordata_Reptilia_Testudines_Testudinidae_Testudo_graeca\a931948a-c61d-4c5f-8669-c7a507e1efff.jpg,243,143,143 243 235 138 38
data\raw\val\05168_Animalia_Chordata_Reptilia_Testudines_Testudinidae_Testudo_graeca\42e86f00-8c1a-4746-974a-9ec31aeca813.jpg,243,243,243 132 9 143 256
data\raw\val\05168_Animalia_Chordata_Reptilia_Testudines_Testudinidae_Testudo_graeca\dee211d6-6010-431d-bf1b-fdd423e7f239.jpg,243,144,144 276 228 142 123
data\raw\val\05168_Animalia_Chordata_Reptilia_Testudines_Testudinidae_Testudo_graeca\8aab9c26-2c08-4c28-bb9a-33d04acef54f.jpg,243,243,243 143 233 222 225
data\raw\val\05168_Animalia_Chordata_Reptilia_Testudines_Testudinidae_Testudo_graeca\d6ab9df6-c6b1-4e7f-b1ca-8e89ae183c2c.jpg,243,139,139 235 213 243 232
data\raw\val\05168_Animalia_Chordata_Reptilia_Testudines_Testudinidae_Testudo_graeca\c68e3421-9624-4f46-b697-52fb127e6ca7.jpg,243,242,242 250 7 163 237
data\raw\val\05168_Animalia_Chordata_Reptilia_Testudines_Testudinidae_Testudo_graeca\c00fdfa3-e362-479e-8fd6-54cb7d82dfda.jpg,243,242,242 268 243 7 237
data\raw\val\05168_Animalia_Chordata_Reptilia_Testudines_Testudinidae_Testudo_graeca\0496dc8b-d575-45c2-84a0-e0375dd576bc.jpg,243,271,271 268 201 267 331
data\raw\val\05168_Animalia_Chordata_Reptilia_Testudines_Testudinidae_Testudo_graeca\e347d9df-ec34-4340-89d0-3014d2119d08.jpg,243,240,240 262 271 243 237
data\raw\val\05186_Animalia_Cnidaria_Anthozoa_Actiniaria_Metridiidae_Metridium_senile\d3fd1f55-4a39-401e-8743-8d98e61841c1.jpg,244,246,246 244 140 249 124
data\raw\val\05186_Animalia_Cnidaria_Anthozoa_Actiniaria_Metridiidae_Metridium_senile\aa985597-ee05-4217-a788-8a4387c6c5c9.jpg,244,396,396 398 312 395 448
data\raw\val\05186_Animalia_Cnidaria_Anthozoa_Actiniaria_Metridiidae_Metridium_senile\ee1cf6ed-79f5-48b4-b705-061b783b4089.jpg,244,137,137 134 132 136 131
data\raw\val\05186_Animalia_Cnidaria_Anthozoa_Actiniaria_Metridiidae_Metridium_senile\4cfbe7b6-c1da-407b-94c0-ddc5ca36b677.jpg,244,131,131 249 259 40 244
data\raw\val\05186_Animalia_Cnidaria_Anthozoa_Actiniaria_Metridiidae_Metridium_senile\3385cd91-6f92-4f1f-b7e4-2c609785a282.jpg,244,266,266 265 268 262 267
data\raw\val\05186_Animalia_Cnidaria_Anthozoa_Actiniaria_Metridiidae_Metridium_senile\43374827-1253-47f5-a7dc-e33aa2e36acb.jpg,244,130,130 244 132 131 241
data\raw\val\05186_Animalia_Cnidaria_Anthozoa_Actiniaria_Metridiidae_Metridium_senile\1fe8dacf-3c0b-41a8-9b1e-26794e36c8a6.jpg,244,257,257 246 252 244 274
data\raw\val\05186_Animalia_Cnidaria_Anthozoa_Actiniaria_Metridiidae_Metridium_senile\9df6301c-1efd-4d38-a047-b5b19d4d8d20.jpg,244,129,129 255 248 126 244
data\raw\val\05186_Animalia_Cnidaria_Anthozoa_Actiniaria_Metridiidae_Metridium_senile\9f746af0-64eb-4de1-9af9-a7f6f2823a69.jpg,244,245,245 244 99 251 81
data\raw\val\05186_Animalia_Cnidaria_Anthozoa_Actiniaria_Metridiidae_Metridium_senile\292362de-3867-4211-b277-b0df96308e22.jpg,244,219,219 129 246 244 339
data\raw\val\05193_Animalia_Cnidaria_Scyphozoa_Semaeostomeae_Cyaneidae_Cyanea_ferruginea\a3c320f8-9540-499e-8083-392f7a9732f7.jpg,245,31,31 245 18 65 101
data\raw\val\05193_Animalia_Cnidaria_Scyphozoa_Semaeostomeae_Cyaneidae_Cyanea_ferruginea\1392bb9c-87fd-45df-9bd8-6f053a51e096.jpg,245,245,245 394 244 267 89
data\raw\val\05193_Animalia_Cnidaria_Scyphozoa_Semaeostomeae_Cyaneidae_Cyanea_ferruginea\e0e95e9b-aee2-460b-b7c9-14bb95f9ddb8.jpg,245,266,266 124 267 123 249
data\raw\val\05193_Animalia_Cnidaria_Scyphozoa_Semaeostomeae_Cyaneidae_Cyanea_ferruginea\30461a72-c784-4b2e-a08a-e4ced45bbf49.jpg,245,252,252 258 230 125 251
data\raw\val\05193_Animalia_Cnidaria_Scyphozoa_Semaeostomeae_Cyaneidae_Cyanea_ferruginea\d7235025-d491-454f-be5e-79e37d0d8a56.jpg,245,9,9 190 266 245 255
data\raw\val\05193_Animalia_Cnidaria_Scyphozoa_Semaeostomeae_Cyaneidae_Cyanea_ferruginea\2754365f-3984-4b97-9d0d-29bd7c1dae68.jpg,245,245,245 132 123 136 131
data\raw\val\05193_Animalia_Cnidaria_Scyphozoa_Semaeostomeae_Cyaneidae_Cyanea_ferruginea\95a8d767-d739-4119-b18a-be19973926e0.jpg,245,124,124 245 130 123 354
data\raw\val\05193_Animalia_Cnidaria_Scyphozoa_Semaeostomeae_Cyaneidae_Cyanea_ferruginea\c6f36baf-cb81-41b8-ba76-6d7d9095926f.jpg,245,135,135 132 216 245 255
data\raw\val\05193_Animalia_Cnidaria_Scyphozoa_Semaeostomeae_Cyaneidae_Cyanea_ferruginea\bfccf1e3-1e52-4109-aa9c-e556c9324175.jpg,245,240,240 350 223 488 234
data\raw\val\05193_Animalia_Cnidaria_Scyphozoa_Semaeostomeae_Cyaneidae_Cyanea_ferruginea\f43eab3d-56aa-434d-8719-272c741befab.jpg,245,123,123 276 251 99 62
data\raw\val\05201_Animalia_Echinodermata_Asteroidea_Forcipulatida_Asteriidae_Pisaster_giganteus\232b8a76-f458-496c-8cb8-57dfadedebbd.jpg,246,9,9 24 255 7 246
data\raw\val\05201_Animalia_Echinodermata_Asteroidea_Forcipulatida_Asteriidae_Pisaster_giganteus\0c7dcc7a-aed3-49df-b195-d8d49fe6ca11.jpg,246,246,246 74 357 137 126
data\raw\val\05201_Animalia_Echinodermata_Asteroidea_Forcipulatida_Asteriidae_Pisaster_giganteus\9f395f89-bcda-444a-93bd-78ed1afd27ea.jpg,246,135,135 134 137 136 131
data\raw\val\05201_Animalia_Echinodermata_Asteroidea_Forcipulatida_Asteriidae_Pisaster_giganteus\4e943186-52e2-4289-a459-66206b763248.jpg,246,246,246 144 276 123 347
data\raw\val\05201_Animalia_Echinodermata_Asteroidea_Forcipulatida_Asteriidae_Pisaster_giganteus\da3de2e1-a991-4a4d-b909-6920ece0eba5.jpg,246,246,246 9 257 74 240
data\raw\val\05201_Animalia_Echinodermata_Asteroidea_Forcipulatida_Asteriidae_Pisaster_giganteus\3859bb63-f921-44f3-a166-977ce137720e.jpg,246,246,246 413 123 276 344
data\raw\val\05201_Animalia_Echinodermata_Asteroidea_Forcipulatida_Asteriidae_Pisaster_giganteus\99f2f835-7ff9-488e-8cbe-d54266425afa.jpg,246,246,246 489 137 257 473
data\raw\val\05201_Animalia_Echinodermata_Asteroidea_Forcipulatida_Asteriidae_Pisaster_giganteus\7654ae75-9493-4820-8382-d7be4840f121.jpg,246,9,9 276 255 43 44
data\raw\val\05201_Animalia_Echinodermata_Asteroidea_Forcipulatida_Asteriidae_Pisaster_giganteus\51f23135-c383-4908-b88e-eb3acbaccd26.jpg,246,123,123 129 248 276 249
data\raw\val\05201_Animalia_Echinodermata_Asteroidea_Forcipulatida_Asteriidae_Pisaster_giganteus\11020b51-93fd-41e8-a30e-c4f29e5ebd2d.jpg,246,246,246 276 124 9 123
data\raw\val\05227_Animalia_Mollusca_Bivalvia_Myida_Pholadidae_Cyrtopleura_costata\ddb9681f-7e0c-49ae-b62e-7507923dc220.jpg,247,128,128 125 247 250 129
data\raw\val\05227_Animalia_Mollusca_Bivalvia_Myida_Pholadidae_Cyrtopleura_costata\b1d54c5d-3721-41aa-a616-9a39432d6f7a.jpg,247,258,258 247 128 251 133
data\raw\val\05227_Animalia_Mollusca_Bivalvia_Myida_Pholadidae_Cyrtopleura_costata\65400297-25b1-42bb-a227-e6e4b5f5302f.jpg,247,55,55 59 126 125 141
data\raw\val\05227_Animalia_Mollusca_Bivalvia_Myida_Pholadidae_Cyrtopleura_costata\251386f7-be93-4577-b8e4-16930bf40fdc.jpg,247,247,247 55 60 54 59
data\raw\val\05227_Animalia_Mollusca_Bivalvia_Myida_Pholadidae_Cyrtopleura_costata\fac0b48f-06a2-4a69-b658-593d54466187.jpg,247,134,134 136 250 131 132
data\raw\val\05227_Animalia_Mollusca_Bivalvia_Myida_Pholadidae_Cyrtopleura_costata\579161ad-bb64-41b6-bac3-83940950f8af.jpg,247,55,55 54 251 247 126
data\raw\val\05227_Animalia_Mollusca_Bivalvia_Myida_Pholadidae_Cyrtopleura_costata\514d9390-11f3-464d-89f2-d14036d38aee.jpg,247,247,247 264 67 60 202
data\raw\val\05227_Animalia_Mollusca_Bivalvia_Myida_Pholadidae_Cyrtopleura_costata\cee67207-799f-4059-9dc2-be05aba88a91.jpg,247,247,247 130 53 55 254
data\raw\val\05227_Animalia_Mollusca_Bivalvia_Myida_Pholadidae_Cyrtopleura_costata\98cb0970-e57e-4108-9866-b07ee38d0ddd.jpg,247,247,247 53 239 67 77
data\raw\val\05227_Animalia_Mollusca_Bivalvia_Myida_Pholadidae_Cyrtopleura_costata\9cd4728d-0df3-4db8-998b-997b42b0df27.jpg,247,247,247 255 264 67 161
data\raw\val\05279_Animalia_Mollusca_Gastropoda_Neogastropoda_Buccinidae_Cominella_adspersa\27556595-3309-484e-aed4-06bdc9af7b16.jpg,248,272,272 126 264 5 51
data\raw\val\05279_Animalia_Mollusca_Gastropoda_Neogastropoda_Buccinidae_Cominella_adspersa\e1690153-f373-46bc-8676-7ed0804c9d5a.jpg,248,46,46 126 74 125 45
data\raw\val\05279_Animalia_Mollusca_Gastropoda_Neogastropoda_Buccinidae_Cominella_adspersa\dff8f91c-ad03-4117-8a1e-0638f2b2ea6c.jpg,248,251,251 123 248 255 129
data\raw\val\05279_Animalia_Mollusca_Gastropoda_Neogastropoda_Buccinidae_Cominella_adspersa\a9e822af-9d59-4c7f-b0ba-680fdc191b79.jpg,248,55,55 56 46 4 251
data\raw\val\05279_Animalia_Mollusca_Gastropoda_Neogastropoda_Buccinidae_Cominella_adspersa\a89280d7-57cf-4552-858f-d6a7547a5a16.jpg,248,81,81 159 192 45 32
data\raw\val\05279_Animalia_Mollusca_Gastropoda_Neogastropoda_Buccinidae_Cominella_adspersa\31955cd7-c374-4014-bc67-29dee6c4e147.jpg,248,248,248 247 46 251 125
data\raw\val\05279_Animalia_Mollusca_Gastropoda_Neogastropoda_Buccinidae_Cominella_adspersa\69138daa-41ad-4309-82ca-fe5fd9440b7d.jpg,248,126,126 125 128 133 247
data\raw\val\05279_Animalia_Mollusca_Gastropoda_Neogastropoda_Buccinidae_Cominella_adspersa\6d116447-2a60-44b0-8850-85db449b1ef3.jpg,248,247,247 60 53 55 59
data\raw\val\05279_Animalia_Mollusca_Gastropoda_Neogastropoda_Buccinidae_Cominella_adspersa\b7db34ba-58a0-4ff7-bbcb-74d4edcf5e97.jpg,248,132,132 136 134 219 135
data\raw\val\05279_Animalia_Mollusca_Gastropoda_Neogastropoda_Buccinidae_Cominella_adspersa\bceeb23c-c2cb-4923-b7e3-db45d9c37a8d.jpg,248,190,190 342 457 9 248
data\raw\val\05281_Animalia_Mollusca_Gastropoda_Neogastropoda_Buccinidae_Kelletia_kelletii\f8f18e7c-ad52-42e3-97ec-34068d072bf5.jpg,249,249,249 251 248 271 141
data\raw\val\05281_Animalia_Mollusca_Gastropoda_Neogastropoda_Buccinidae_Kelletia_kelletii\a9cf667c-ea4f-4ede-b591-2114d4817a1b.jpg,249,129,129 249 266 248 125
data\raw\val\05281_Animalia_Mollusca_Gastropoda_Neogastropoda_Buccinidae_Kelletia_kelletii\9fea6913-6c00-4f45-baa6-1303e2f78df6.jpg,249,351,351 269 249 123 347
data\raw\val\05281_Animalia_Mollusca_Gastropoda_Neogastropoda_Buccinidae_Kelletia_kelletii\93f0ddfa-0bac-4f49-b52b-ebc15b8d3b02.jpg,249,249,249 129 276 123 248
data\raw\val\05281_Animalia_Mollusca_Gastropoda_Neogastropoda_Buccinidae_Kelletia_kelletii\eb2fc03b-0fd8-4671-8438-6cc6501143f5.jpg,249,251,251 230 249 129 125
data\raw\val\05281_Animalia_Mollusca_Gastropoda_Neogastropoda_Buccinidae_Kelletia_kelletii\97c789f5-346d-4549-ab93-71efde686b58.jpg,249,268,268 227 56 249 248
data\raw\val\05281_Animalia_Mollusca_Gastropoda_Neogastropoda_Buccinidae_Kelletia_kelletii\f70253f6-84f4-4575-9eef-0cc5fc1e5dad.jpg,249,249,249 123 276 131 244
data\raw\val\05281_Animalia_Mollusca_Gastropoda_Neogastropoda_Buccinidae_Kelletia_kelletii\a3b537bf-0e44-42a8-8d05-8ae18cff4066.jpg,249,394,394 249 244 489 266
data\raw\val\05281_Animalia_Mollusca_Gastropoda_Neogastropoda_Buccinidae_Kelletia_kelletii\eb6283e5-a158-406f-b686-29138f5695a0.jpg,249,123,123 344 276 249 124
data\raw\val\05281_Animalia_Mollusca_Gastropoda_Neogastropoda_Buccinidae_Kelletia_kelletii\f1e981b5-06cd-497f-8c85-f96258de7448.jpg,249,132,132 255 129 248 131
data\raw\val\05290_Animalia_Mollusca_Gastropoda_Neogastropoda_Nassariidae_Tritia_obsoleta\1f99e50e-0a8e-4fb4-840d-3bebd2803b17.jpg,250,255,255 276 249 124 7
data\raw\val\05290_Animalia_Mollusca_Gastropoda_Neogastropoda_Nassariidae_Tritia_obsoleta\973e4f64-8a8a-4fd6-944b-db5f59f59ce6.jpg,250,250,250 129 30 22 113
data\raw\val\05290_Animalia_Mollusca_Gastropoda_Neogastropoda_Nassariidae_Tritia_obsoleta\af3e0b70-8256-4add-a34b-8827c9d55f47.jpg,250,204,204 203 202 247 152
data\raw\val\05290_Animalia_Mollusca_Gastropoda_Neogastropoda_Nassariidae_Tritia_obsoleta\038110a4-3638-45b9-8e83-d8f7008d58d5.jpg,250,145,145 237 78 5 52
data\raw\val\05290_Animalia_Mollusca_Gastropoda_Neogastropoda_Nassariidae_Tritia_obsoleta\2aa93d6c-c716-45aa-a7ab-4611e7fa7191.jpg,250,250,250 128 129 339 133
data\raw\val\05290_Animalia_Mollusca_Gastropoda_Neogastropoda_Nassariidae_Tritia_obsoleta\114a6ff5-ca11-4563-9d5c-9efe60345e6d.jpg,250,250,250 128 129 125 133
data\raw\val\05290_Animalia_Mollusca_Gastropoda_Neogastropoda_Nassariidae_Tritia_obsoleta\1c0cbb0c-36a7-44ca-b067-f85512c94aee.jpg,250,271,271 141 48 270 76
data\raw\val\05290_Animalia_Mollusca_Gastropoda_Neogastropoda_Nassariidae_Tritia_obsoleta\deebf200-b2b3-4174-b4c6-9963fabfd6f0.jpg,250,7,7 242 230 234 240
data\raw\val\05290_Animalia_Mollusca_Gastropoda_Neogastropoda_Nassariidae_Tritia_obsoleta\94ea7d9f-5275-4061-8c40-ff2baecadfbd.jpg,250,7,7 10 22 50 11
data\raw\val\05290_Animalia_Mollusca_Gastropoda_Neogastropoda_Nassariidae_Tritia_obsoleta\580815e0-e006-4898-8eac-306bd696da13.jpg,250,250,250 238 7 254 224
data\raw\val\05291_Animalia_Mollusca_Gastropoda_Neogastropoda_Olividae_Americoliva_sayana\04cd38c3-3579-4fdf-a8dd-5d300f1d9d9e.jpg,251,99,99 58 62 231 267
data\raw\val\05291_Animalia_Mollusca_Gastropoda_Neogastropoda_Olividae_Americoliva_sayana\5d721264-a08c-440b-b8e6-ff5f225fb46b.jpg,251,99,99 53 55 56 141
data\raw\val\05291_Animalia_Mollusca_Gastropoda_Neogastropoda_Olividae_Americoliva_sayana\889ee4e1-5e37-49e7-8bcd-ca53575ca83b.jpg,251,145,145 266 265 267 123
data\raw\val\05291_Animalia_Mollusca_Gastropoda_Neogastropoda_Olividae_Americoliva_sayana\ed1ffddf-374e-4d4e-82fc-47455cfc64e3.jpg,251,5,5 2 126 46 100
data\raw\val\05291_Animalia_Mollusca_Gastropoda_Neogastropoda_Olividae_Americoliva_sayana\c0de8360-12dc-4556-9559-63abeec6a74d.jpg,251,245,245 46 132 5 137
data\raw\val\05291_Animalia_Mollusca_Gastropoda_Neogastropoda_Olividae_Americoliva_sayana\a5dd17e7-2c14-4688-80a9-2ee0dee6f27d.jpg,251,265,265 267 251 266 270
data\raw\val\05291_Animalia_Mollusca_Gastropoda_Neogastropoda_Olividae_Americoliva_sayana\b9571375-2b46-4707-a60e-f1ba92e3e669.jpg,251,58,58 62 100 101 54
data\raw\val\05291_Animalia_Mollusca_Gastropoda_Neogastropoda_Olividae_Americoliva_sayana\4c134f98-fe97-4d77-abd6-010f26d7b9a5.jpg,251,46,46 47 81 100 53
data\raw\val\05291_Animalia_Mollusca_Gastropoda_Neogastropoda_Olividae_Americoliva_sayana\c402890e-65f2-457c-aa7c-97bdc5ea71c0.jpg,251,247,247 251 125 128 133
data\raw\val\05291_Animalia_Mollusca_Gastropoda_Neogastropoda_Olividae_Americoliva_sayana\c36bdb87-d7b9-4df1-b9b6-2b5c6da45209.jpg,251,251,251 21 271 133 101
data\raw\val\05309_Animalia_Mollusca_Gastropoda_Nudibranchia_Discodorididae_Rostanga_pulchra\cdb1acb3-9a02-469d-85c0-1b1fe26a6470.jpg,252,252,252 412 261 279 434
data\raw\val\05309_Animalia_Mollusca_Gastropoda_Nudibranchia_Discodorididae_Rostanga_pulchra\6c361f7f-233e-473a-9d64-d2b69eec62f5.jpg,252,125,125 250 128 129 339
data\raw\val\05309_Animalia_Mollusca_Gastropoda_Nudibranchia_Discodorididae_Rostanga_pulchra\e8e0f1e1-4d16-4a31-970d-6edd1a3956f4.jpg,252,259,259 245 252 246 126
data\raw\val\05309_Animalia_Mollusca_Gastropoda_Nudibranchia_Discodorididae_Rostanga_pulchra\438deb32-a684-4e39-ba99-7305dbd49586.jpg,252,249,249 276 266 124 354
data\raw\val\05309_Animalia_Mollusca_Gastropoda_Nudibranchia_Discodorididae_Rostanga_pulchra\cc8ba2be-6e38-4158-863d-603adfbfbd27.jpg,252,116,116 16 252 18 118
data\raw\val\05309_Animalia_Mollusca_Gastropoda_Nudibranchia_Discodorididae_Rostanga_pulchra\2632e5c9-0e5c-4af0-a427-1cae3c634f06.jpg,252,252,252 251 129 244 276
data\raw\val\05309_Animalia_Mollusca_Gastropoda_Nudibranchia_Discodorididae_Rostanga_pulchra\e85d8b8e-6a0e-4a60-bf3a-cfb8e5ab1341.jpg,252,244,244 141 134 131 249
data\raw\val\05309_Animalia_Mollusca_Gastropoda_Nudibranchia_Discodorididae_Rostanga_pulchra\5e73d781-717c-4243-9eb5-a06e0c862323.jpg,252,252,252 261 258 266 245
data\raw\val\05309_Animalia_Mollusca_Gastropoda_Nudibranchia_Discodorididae_Rostanga_pulchra\4b28cf1e-7b0c-4d4f-b445-99a71ef9e47f.jpg,252,244,244 101 245 246 248
data\raw\val\05309_Animalia_Mollusca_Gastropoda_Nudibranchia_Discodorididae_Rostanga_pulchra\a91b55aa-5c4a-46b0-a88f-952ee6206e1a.jpg,252,261,261 252 258 16 420
data\raw\val\05326_Animalia_Mollusca_Gastropoda_Nudibranchia_Polyceridae_Polycera_atra\517b897d-4223-45f8-8107-5253b4302a96.jpg,253,253,253 20 23 138 39
data\raw\val\05326_Animalia_Mollusca_Gastropoda_Nudibranchia_Polyceridae_Polycera_atra\59c1b622-53a4-4973-8d64-679fcae92ba1.jpg,253,253,253 38 138 93 37
data\raw\val\05326_Animalia_Mollusca_Gastropoda_Nudibranchia_Polyceridae_Polycera_atra\fe08e634-f59d-49e1-8095-5dc3ae0d302a.jpg,253,246,246 413 245 257 252
data\raw\val\05326_Animalia_Mollusca_Gastropoda_Nudibranchia_Polyceridae_Polycera_atra\188d3266-5422-4eed-ae85-55cee748fe42.jpg,253,253,253 39 20 120 93
data\raw\val\05326_Animalia_Mollusca_Gastropoda_Nudibranchia_Polyceridae_Polycera_atra\dfd50110-f64d-4484-8cf3-e3d99425fb0a.jpg,253,253,253 38 39 91 138
data\raw\val\05326_Animalia_Mollusca_Gastropoda_Nudibranchia_Polyceridae_Polycera_atra\7d37e7ef-66b2-491a-acd2-f47946e2ead3.jpg,253,253,253 138 241 143 144
data\raw\val\05326_Animalia_Mollusca_Gastropoda_Nudibranchia_Polyceridae_Polycera_atra\e1c71ac5-4e76-406c-ba18-db279cee23a2.jpg,253,97,97 141 67 264 219
data\raw\val\05326_Animalia_Mollusca_Gastropoda_Nudibranchia_Polyceridae_Polycera_atra\41a57c54-ea0c-46dd-b3d1-73014ea81361.jpg,253,253,253 298 91 31 20
data\raw\val\05326_Animalia_Mollusca_Gastropoda_Nudibranchia_Polyceridae_Polycera_atra\efa47aaf-b330-4af8-bdbe-ba3479cb9432.jpg,253,79,79 46 32 49 17
data\raw\val\05326_Animalia_Mollusca_Gastropoda_Nudibranchia_Polyceridae_Polycera_atra\d97aba5b-c6c8-433b-a409-436d2335f235.jpg,253,253,253 138 20 143 74
data\raw\val\05370_Animalia_Mollusca_Gastropoda_Systellommatophora_Veronicellidae_Laevicaulis_alte\7f105890-5296-4ef9-b6bd-95b29114406d.jpg,254,7,7 269 74 13 6
data\raw\val\05370_Animalia_Mollusca_Gastropoda_Systellommatophora_Veronicellidae_Laevicaulis_alte\64dadfb2-d310-4e26-8d27-85382be5aedd.jpg,254,52,52 62 240 223 269
data\raw\val\05370_Animalia_Mollusca_Gastropoda_Systellommatophora_Veronicellidae_Laevicaulis_alte\39ef16c4-6e37-4d23-91a8-d27cec88f1c4.jpg,254,126,126 7 232 21 240
data\raw\val\05370_Animalia_Mollusca_Gastropoda_Systellommatophora_Veronicellidae_Laevicaulis_alte\70d7018b-dc07-4757-990a-9cfd7103aea9.jpg,254,223,223 254 239 240 163
data\raw\val\05370_Animalia_Mollusca_Gastropoda_Systellommatophora_Veronicellidae_Laevicaulis_alte\4cd7de81-cce4-4825-98fc-b8fb5c430e35.jpg,254,162,162 222 13 190 232
data\raw\val\05370_Animalia_Mollusca_Gastropoda_Systellommatophora_Veronicellidae_Laevicaulis_alte\4410dd12-c41f-4310-a0e3-d41a8cdaf48f.jpg,254,10,10 236 111 443 240
data\raw\val\05370_Animalia_Mollusca_Gastropoda_Systellommatophora_Veronicellidae_Laevicaulis_alte\3225b41e-448e-4e11-b58a-7d07ee041277.jpg,254,232,232 55 7 254 22
data\raw\val\05370_Animalia_Mollusca_Gastropoda_Systellommatophora_Veronicellidae_Laevicaulis_alte\d1f1d493-0e8e-4f58-bd22-b54988e54bbb.jpg,254,252,252 254 48 261 36
data\raw\val\05370_Animalia_Mollusca_Gastropoda_Systellommatophora_Veronicellidae_Laevicaulis_alte\8ff948fe-7ec5-4a25-acb2-b6642c9f223a.jpg,254,238,238 254 237 6 11
data\raw\val\05370_Animalia_Mollusca_Gastropoda_Systellommatophora_Veronicellidae_Laevicaulis_alte\fc26c56e-4e2a-48b7-aaa9-d1e3ad3aa3c3.jpg,254,239,239 232 6 7 229
data\raw\val\05375_Animalia_Mollusca_Gastropoda_Trochida_Tegulidae_Tegula_funebralis\23dbe839-09f5-415c-b296-ec1b18a3d993.jpg,255,347,347 144 238 359 243
data\raw\val\05375_Animalia_Mollusca_Gastropoda_Trochida_Tegulidae_Tegula_funebralis\3f922c3b-e74a-4e1c-8b87-52181593c570.jpg,255,255,255 9 129 249 269
data\raw\val\05375_Animalia_Mollusca_Gastropoda_Trochida_Tegulidae_Tegula_funebralis\d7701ecc-61d3-43cd-ae21-2479b31ed76b.jpg,255,130,130 249 244 255 129
data\raw\val\05375_Animalia_Mollusca_Gastropoda_Trochida_Tegulidae_Tegula_funebralis\87f54cf0-149c-428f-8ef1-b334c003c6c7.jpg,255,248,248 249 255 247 465
data\raw\val\05375_Animalia_Mollusca_Gastropoda_Trochida_Tegulidae_Tegula_funebralis\7f76c378-cfff-4dce-84b2-a9ed465c88db.jpg,255,250,250 255 144 242 243
data\raw\val\05375_Animalia_Mollusca_Gastropoda_Trochida_Tegulidae_Tegula_funebralis\c0c8d332-6c55-458d-ad2d-ff9ef522fe94.jpg,255,255,255 24 248 7 13
data\raw\val\05375_Animalia_Mollusca_Gastropoda_Trochida_Tegulidae_Tegula_funebralis\655b2ed6-4073-4af0-b7ab-eb218795b2ff.jpg,255,250,250 166 214 11 242
data\raw\val\05375_Animalia_Mollusca_Gastropoda_Trochida_Tegulidae_Tegula_funebralis\6a01c961-eac2-4a1f-a4e4-9301f0db7da1.jpg,255,2,2 218 15 38 255
data\raw\val\05375_Animalia_Mollusca_Gastropoda_Trochida_Tegulidae_Tegula_funebralis\33d2e9ff-269e-464f-a66f-111bf9790db7.jpg,255,255,255 9 7 11 250
data\raw\val\05375_Animalia_Mollusca_Gastropoda_Trochida_Tegulidae_Tegula_funebralis\8bee336e-0159-4de6-8f59-4af63022fe6a.jpg,255,246,246 257 276 255 144
data\raw\val\05396_Fungi_Ascomycota_Lecanoromycetes_Candelariales_Candelariaceae_Candelaria_concolor\d2569068-d018-4f3d-b5ed-a16faa7169b0.jpg,256,256,256 497 273 458 144
data\raw\val\05396_Fungi_Ascomycota_Lecanoromycetes_Candelariales_Candelariaceae_Candelaria_concolor\290d6d26-d7b0-405e-b140-53a12d84ae55.jpg,256,256,256 74 73 144 273
data\raw\val\05396_Fungi_Ascomycota_Lecanoromycetes_Candelariales_Candelariaceae_Candelaria_concolor\59fc235d-adfe-4ce0-b282-4952a5551f22.jpg,256,256,256 314 20 144 282
data\raw\val\05396_Fungi_Ascomycota_Lecanoromycetes_Candelariales_Candelariaceae_Candelaria_concolor\8b5fd240-1827-4294-8c53-dba81b99ee9a.jpg,256,256,256 480 337 282 325
data\raw\val\05396_Fungi_Ascomycota_Lecanoromycetes_Candelariales_Candelariaceae_Candelaria_concolor\ad98e60f-c2e4-4b50-bcfd-ebca493fcc8b.jpg,256,329,329 431 138 144 357
data\raw\val\05396_Fungi_Ascomycota_Lecanoromycetes_Candelariales_Candelariaceae_Candelaria_concolor\72f61b36-6d36-4a2f-965e-9ab87112a97e.jpg,256,256,256 273 489 488 325
data\raw\val\05396_Fungi_Ascomycota_Lecanoromycetes_Candelariales_Candelariaceae_Candelaria_concolor\d70e0f5e-d7fe-4ba0-bdcf-49737cbea426.jpg,256,256,256 337 480 387 457
data\raw\val\05396_Fungi_Ascomycota_Lecanoromycetes_Candelariales_Candelariaceae_Candelaria_concolor\e0a5f877-2e14-4f49-8925-282cb3a5f14d.jpg,256,256,256 325 480 389 144
data\raw\val\05396_Fungi_Ascomycota_Lecanoromycetes_Candelariales_Candelariaceae_Candelaria_concolor\9fe8c6c9-5ca3-4abe-abe4-a89554faf66b.jpg,256,218,218 186 256 236 195
data\raw\val\05396_Fungi_Ascomycota_Lecanoromycetes_Candelariales_Candelariaceae_Candelaria_concolor\4e1b922f-3bba-45a1-83c9-1e8affe9a8ea.jpg,256,314,314 349 256 497 342
data\raw\val\05435_Fungi_Ascomycota_Lecanoromycetes_Pertusariales_Icmadophilaceae_Dibaeis_baeomyces\375bd492-cf56-40f2-8df1-95eaa97a8950.jpg,257,257,257 124 413 245 129
data\raw\val\05435_Fungi_Ascomycota_Lecanoromycetes_Pertusariales_Icmadophilaceae_Dibaeis_baeomyces\c9fa4e0c-5381-4ab9-8924-9bbf8253ec80.jpg,257,257,257 379 344 350 316
data\raw\val\05435_Fungi_Ascomycota_Lecanoromycetes_Pertusariales_Icmadophilaceae_Dibaeis_baeomyces\9714b250-e4d7-49fb-8220-301034e98746.jpg,257,257,257 350 438 379 10
data\raw\val\05435_Fungi_Ascomycota_Lecanoromycetes_Pertusariales_Icmadophilaceae_Dibaeis_baeomyces\ce3c0700-0fb6-42ed-92a3-907091b65906.jpg,257,257,257 252 266 267 270
data\raw\val\05435_Fungi_Ascomycota_Lecanoromycetes_Pertusariales_Icmadophilaceae_Dibaeis_baeomyces\2027b3ad-dc0b-4904-9852-f3cee37ae2a7.jpg,257,257,257 379 350 259 372
data\raw\val\05435_Fungi_Ascomycota_Lecanoromycetes_Pertusariales_Icmadophilaceae_Dibaeis_baeomyces\956a0800-7724-481a-a94e-8e5f0f74f20a.jpg,257,257,257 190 496 470 493
data\raw\val\05435_Fungi_Ascomycota_Lecanoromycetes_Pertusariales_Icmadophilaceae_Dibaeis_baeomyces\eb0fee70-9a44-4e60-a98f-c010ef6fb6fa.jpg,257,257,257 379 246 272 344
data\raw\val\05435_Fungi_Ascomycota_Lecanoromycetes_Pertusariales_Icmadophilaceae_Dibaeis_baeomyces\61ef739e-b530-4988-85b4-66f4319220d1.jpg,257,449,449 405 413 315 408
data\raw\val\05435_Fungi_Ascomycota_Lecanoromycetes_Pertusariales_Icmadophilaceae_Dibaeis_baeomyces\5a259790-7e57-4be0-aeed-e8a3ae6584eb.jpg,257,257,257 344 259 438 246
data\raw\val\05435_Fungi_Ascomycota_Lecanoromycetes_Pertusariales_Icmadophilaceae_Dibaeis_baeomyces\85bb5786-4aef-4569-92fc-5b991bcde1df.jpg,257,257,257 468 396 252 470
data\raw\val\05462_Fungi_Ascomycota_Pezizomycetes_Pezizales_Sarcoscyphaceae_Sarcoscypha_occidentalis\42907da8-889f-405c-b5ac-28b1e8e89f04.jpg,258,422,422 258 36 363 461
data\raw\val\05462_Fungi_Ascomycota_Pezizomycetes_Pezizales_Sarcoscyphaceae_Sarcoscypha_occidentalis\e392c673-24ee-40bd-9726-5e70a35ede97.jpg,258,258,258 207 261 36 448
data\raw\val\05462_Fungi_Ascomycota_Pezizomycetes_Pezizales_Sarcoscyphaceae_Sarcoscypha_occidentalis\bbdd902f-6e71-4d96-ae8a-95ba4507e5c3.jpg,258,258,258 36 422 461 261
data\raw\val\05462_Fungi_Ascomycota_Pezizomycetes_Pezizales_Sarcoscyphaceae_Sarcoscypha_occidentalis\644a3647-2122-4910-928c-24183b073b9c.jpg,258,258,258 36 461 474 482
data\raw\val\05462_Fungi_Ascomycota_Pezizomycetes_Pezizales_Sarcoscyphaceae_Sarcoscypha_occidentalis\31c60102-10eb-46e6-875b-d382e4d4abd0.jpg,258,258,258 422 36 261 461
data\raw\val\05462_Fungi_Ascomycota_Pezizomycetes_Pezizales_Sarcoscyphaceae_Sarcoscypha_occidentalis\75c4eda9-b0d9-4d14-8545-68d0521c8090.jpg,258,399,399 434 263 271 266
data\raw\val\05462_Fungi_Ascomycota_Pezizomycetes_Pezizales_Sarcoscyphaceae_Sarcoscypha_occidentalis\252d33ed-3d87-487f-bb43-ac31c2a985dd.jpg,258,258,258 36 210 261 231
data\raw\val\05462_Fungi_Ascomycota_Pezizomycetes_Pezizales_Sarcoscyphaceae_Sarcoscypha_occidentalis\06b6a33f-e1b0-439b-a271-4d4bbd18c98b.jpg,258,258,258 116 259 36 261
data\raw\val\05462_Fungi_Ascomycota_Pezizomycetes_Pezizales_Sarcoscyphaceae_Sarcoscypha_occidentalis\d5e03f38-c0c6-47cd-b5bf-176ee8032c26.jpg,258,258,258 36 261 252 422
data\raw\val\05462_Fungi_Ascomycota_Pezizomycetes_Pezizales_Sarcoscyphaceae_Sarcoscypha_occidentalis\43e3e1e2-c18a-4b56-8ff4-b816158fe4ef.jpg,258,258,258 422 36 261 116
data\raw\val\05467_Fungi_Ascomycota_Sordariomycetes_Hypocreales_Nectriaceae_Nectria_cinnabarina\189978d7-57e8-42fb-90f6-e7e3ad3a6ad7.jpg,259,259,259 356 252 12 420
data\raw\val\05467_Fungi_Ascomycota_Sordariomycetes_Hypocreales_Nectriaceae_Nectria_cinnabarina\40917415-f48c-4fbf-809f-84b7ab8123f1.jpg,259,15,15 12 276 29 250
data\raw\val\05467_Fungi_Ascomycota_Sordariomycetes_Hypocreales_Nectriaceae_Nectria_cinnabarina\e976bfa2-d5cd-4ad5-ad27-d0c2e4a62607.jpg,259,259,259 40 39 38 145
data\raw\val\05467_Fungi_Ascomycota_Sordariomycetes_Hypocreales_Nectriaceae_Nectria_cinnabarina\1b763f2b-3e57-4acf-9f66-076c968c2b64.jpg,259,191,191 153 218 210 393
data\raw\val\05467_Fungi_Ascomycota_Sordariomycetes_Hypocreales_Nectriaceae_Nectria_cinnabarina\3fd05d8c-4a12-48a2-95ad-09b3b2cf9369.jpg,259,231,231 75 468 438 453
data\raw\val\05467_Fungi_Ascomycota_Sordariomycetes_Hypocreales_Nectriaceae_Nectria_cinnabarina\fa51485b-7f57-4d6f-b38d-6c08243a668e.jpg,259,349,349 293 284 236 302
data\raw\val\05467_Fungi_Ascomycota_Sordariomycetes_Hypocreales_Nectriaceae_Nectria_cinnabarina\29ecc814-3eae-4386-bcc8-087549109e42.jpg,259,183,183 86 63 32 51
data\raw\val\05467_Fungi_Ascomycota_Sordariomycetes_Hypocreales_Nectriaceae_Nectria_cinnabarina\59702d3d-2ad3-4de1-93e5-020db2328584.jpg,259,157,157 216 150 151 238
data\raw\val\05467_Fungi_Ascomycota_Sordariomycetes_Hypocreales_Nectriaceae_Nectria_cinnabarina\677ff941-eb15-458c-a1e5-364b0977fd80.jpg,259,12,12 122 209 29 206
data\raw\val\05467_Fungi_Ascomycota_Sordariomycetes_Hypocreales_Nectriaceae_Nectria_cinnabarina\dabd7462-dbb5-4a42-80af-231b489d44ae.jpg,259,190,190 259 135 145 246
data\raw\val\05481_Fungi_Basidiomycota_Agaricomycetes_Agaricales_Agaricaceae_Leucoagaricus_leucothites\135df2f7-9e3b-4978-9602-13a764b1bc4b.jpg,260,260,260 202 485 204 205
data\raw\val\05481_Fungi_Basidiomycota_Agaricomycetes_Agaricales_Agaricaceae_Leucoagaricus_leucothites\ce911a3f-881b-43d5-917b-6735bedcbd10.jpg,260,260,260 485 471 447 446
data\raw\val\05481_Fungi_Basidiomycota_Agaricomycetes_Agaricales_Agaricaceae_Leucoagaricus_leucothites\9d3a4800-a126-4962-b259-4f42f9f4dfb6.jpg,260,260,260 265 262 268 263
data\raw\val\05481_Fungi_Basidiomycota_Agaricomycetes_Agaricales_Agaricaceae_Leucoagaricus_leucothites\5a4e2999-4dd0-4f6b-9af7-13da0b3cd9a6.jpg,260,25,25 77 247 260 80
data\raw\val\05481_Fungi_Basidiomycota_Agaricomycetes_Agaricales_Agaricaceae_Leucoagaricus_leucothites\3028f173-752b-4a0d-bdc9-1beca5d02574.jpg,260,133,133 6 251 265 228
data\raw\val\05481_Fungi_Basidiomycota_Agaricomycetes_Agaricales_Agaricaceae_Leucoagaricus_leucothites\ecf8ef0c-7655-47b6-9282-35c1d4e01959.jpg,260,296,296 295 468 121 392
data\raw\val\05481_Fungi_Basidiomycota_Agaricomycetes_Agaricales_Agaricaceae_Leucoagaricus_leucothites\3963e930-0ed3-4057-b62d-80cb4726c208.jpg,260,260,260 263 265 446 262
data\raw\val\05481_Fungi_Basidiomycota_Agaricomycetes_Agaricales_Agaricaceae_Leucoagaricus_leucothites\4f32b7b8-6a7b-43aa-8dac-10f3ce61500b.jpg,260,268,268 265 271 41 60
data\raw\val\05481_Fungi_Basidiomycota_Agaricomycetes_Agaricales_Agaricaceae_Leucoagaricus_leucothites\5bd3c997-179d-428e-abcf-e3edf19ee506.jpg,260,141,141 260 55 60 264
data\raw\val\05481_Fungi_Basidiomycota_Agaricomycetes_Agaricales_Agaricaceae_Leucoagaricus_leucothites\4260578e-4ac9-4e5d-af2f-fde8a43754e0.jpg,260,260,260 262 265 358 60
data\raw\val\05493_Fungi_Basidiomycota_Agaricomycetes_Agaricales_Amanitaceae_Amanita_jacksonii\fbceca09-c61a-46a7-a17b-4566b4a448e3.jpg,261,261,261 258 420 36 457
data\raw\val\05493_Fungi_Basidiomycota_Agaricomycetes_Agaricales_Amanitaceae_Amanita_jacksonii\e4e99610-4ff1-496c-a9d2-157624fe9cd2.jpg,261,261,261 258 461 252 36
data\raw\val\05493_Fungi_Basidiomycota_Agaricomycetes_Agaricales_Amanitaceae_Amanita_jacksonii\f5d12fde-f360-4a98-a39c-b226919e626b.jpg,261,261,261 252 258 271 266
data\raw\val\05493_Fungi_Basidiomycota_Agaricomycetes_Agaricales_Amanitaceae_Amanita_jacksonii\b3fd77c5-6b4f-49e5-a321-d0463f2fabca.jpg,261,261,261 258 252 36 461
data\raw\val\05493_Fungi_Basidiomycota_Agaricomycetes_Agaricales_Amanitaceae_Amanita_jacksonii\9e03ff42-c1a1-4b7e-b5a9-fcd792e63b7b.jpg,261,261,261 266 279 267 258
data\raw\val\05493_Fungi_Basidiomycota_Agaricomycetes_Agaricales_Amanitaceae_Amanita_jacksonii\c81ca530-10ef-4de3-a435-dc036c737525.jpg,261,261,261 266 267 412 279
data\raw\val\05493_Fungi_Basidiomycota_Agaricomycetes_Agaricales_Amanitaceae_Amanita_jacksonii\a3f8b089-23a2-4ba2-be24-5c838b174346.jpg,261,261,261 258 266 265 457
data\raw\val\05493_Fungi_Basidiomycota_Agaricomycetes_Agaricales_Amanitaceae_Amanita_jacksonii\f4246341-50c6-4b35-b6fd-351d33467b9f.jpg,261,258,258 36 261 420 252
data\raw\val\05493_Fungi_Basidiomycota_Agaricomycetes_Agaricales_Amanitaceae_Amanita_jacksonii\8b333831-1fb4-481c-a55c-3836d86df26c.jpg,261,261,261 252 258 266 434
data\raw\val\05493_Fungi_Basidiomycota_Agaricomycetes_Agaricales_Amanitaceae_Amanita_jacksonii\0baba4f0-8b85-4cc7-8677-b3d744fb65df.jpg,261,261,261 258 36 422 252
data\raw\val\05567_Fungi_Basidiomycota_Agaricomycetes_Agaricales_Psathyrellaceae_Coprinopsis_variegata\d72696e9-9bc6-4259-9121-c4b48da34c11.jpg,262,262,262 240 272 268 264
data\raw\val\05567_Fungi_Basidiomycota_Agaricomycetes_Agaricales_Psathyrellaceae_Coprinopsis_variegata\cf3a1ad6-5640-4c5f-bb85-a8e2fdfb67c0.jpg,262,262,262 67 264 331 443
data\raw\val\05567_Fungi_Basidiomycota_Agaricomycetes_Agaricales_Psathyrellaceae_Coprinopsis_variegata\6aef42af-466c-4c74-86db-73392056f6ce.jpg,262,262,262 264 272 67 243
data\raw\val\05567_Fungi_Basidiomycota_Agaricomycetes_Agaricales_Psathyrellaceae_Coprinopsis_variegata\bb882f47-1b29-4fb9-b06c-2c8f63c2d743.jpg,262,262,262 265 268 272 492
data\raw\val\05567_Fungi_Basidiomycota_Agaricomycetes_Agaricales_Psathyrellaceae_Coprinopsis_variegata\e0d93410-d69b-40d5-9c58-e4474512091a.jpg,262,268,268 263 267 296 262
data\raw\val\05567_Fungi_Basidiomycota_Agaricomycetes_Agaricales_Psathyrellaceae_Coprinopsis_variegata\5fbc1918-6464-4120-918b-5ef0549ba169.jpg,262,262,262 268 271 272 265
data\raw\val\05567_Fungi_Basidiomycota_Agaricomycetes_Agaricales_Psathyrellaceae_Coprinopsis_variegata\51399753-2404-4b53-9892-f260e9cb5822.jpg,262,262,262 224 227 268 267
data\raw\val\05567_Fungi_Basidiomycota_Agaricomycetes_Agaricales_Psathyrellaceae_Coprinopsis_variegata\bd5cadce-29fd-4755-9122-dc105e94eab9.jpg,262,272,272 262 248 249 144
data\raw\val\05567_Fungi_Basidiomycota_Agaricomycetes_Agaricales_Psathyrellaceae_Coprinopsis_variegata\2bf70fb0-8027-4556-a8a5-a4638356a5dd.jpg,262,262,262 264 139 268 271
data\raw\val\05567_Fungi_Basidiomycota_Agaricomycetes_Agaricales_Psathyrellaceae_Coprinopsis_variegata\8f153736-6a5d-43d2-a597-b9b0d107447a.jpg,262,314,314 347 359 418 73
data\raw\val\05570_Fungi_Basidiomycota_Agaricomycetes_Agaricales_Psathyrellaceae_Panaeolus_foenisecii\25b54681-eb92-4825-a689-c9077ac5b48c.jpg,263,263,263 260 265 267 296
data\raw\val\05570_Fungi_Basidiomycota_Agaricomycetes_Agaricales_Psathyrellaceae_Panaeolus_foenisecii\b23e326d-09e4-46ad-9f6e-5607acfeda89.jpg,263,263,263 446 36 48 226
data\raw\val\05570_Fungi_Basidiomycota_Agaricomycetes_Agaricales_Psathyrellaceae_Panaeolus_foenisecii\60cc3cd8-fa92-443c-a113-8c58ae0c0940.jpg,263,263,263 267 268 265 271
data\raw\val\05570_Fungi_Basidiomycota_Agaricomycetes_Agaricales_Psathyrellaceae_Panaeolus_foenisecii\56b624a1-0f41-4013-b0d7-b2a5993b1b00.jpg,263,263,263 265 267 268 41
data\raw\val\05570_Fungi_Basidiomycota_Agaricomycetes_Agaricales_Psathyrellaceae_Panaeolus_foenisecii\0ba2123b-25f2-402a-bd1e-768842d72720.jpg,263,263,263 260 446 485 60
data\raw\val\05570_Fungi_Basidiomycota_Agaricomycetes_Agaricales_Psathyrellaceae_Panaeolus_foenisecii\65382b03-eb22-4d4f-a7c1-efc0ac32aa71.jpg,263,263,263 260 485 267 446
data\raw\val\05570_Fungi_Basidiomycota_Agaricomycetes_Agaricales_Psathyrellaceae_Panaeolus_foenisecii\ae5537f6-cfcf-4c20-82d7-5f9ecda05345.jpg,263,263,263 296 388 17 411
data\raw\val\05570_Fungi_Basidiomycota_Agaricomycetes_Agaricales_Psathyrellaceae_Panaeolus_foenisecii\93d97caa-5840-4ed4-9126-542968df47e6.jpg,263,263,263 297 446 260 374
data\raw\val\05570_Fungi_Basidiomycota_Agaricomycetes_Agaricales_Psathyrellaceae_Panaeolus_foenisecii\5687fecc-fa49-4510-ae88-ee42dde153cf.jpg,263,339,339 304 421 296 411
data\raw\val\05570_Fungi_Basidiomycota_Agaricomycetes_Agaricales_Psathyrellaceae_Panaeolus_foenisecii\c4e2617e-03a0-410f-862c-ce081edfb387.jpg,263,221,221 78 98 142 156
data\raw\val\05574_Fungi_Basidiomycota_Agaricomycetes_Agaricales_Schizophyllaceae_Schizophyllum_commune\fe475526-2101-44d3-a56c-8fbf9d43dbd6.jpg,264,67,67 264 262 242 260
data\raw\val\05574_Fungi_Basidiomycota_Agaricomycetes_Agaricales_Schizophyllaceae_Schizophyllum_commune\b855fe08-7b6d-4da2-aeef-507a1a5f02c5.jpg,264,262,262 266 265 190 260
data\raw\val\05574_Fungi_Basidiomycota_Agaricomycetes_Agaricales_Schizophyllaceae_Schizophyllum_commune\90728d58-8238-44c6-aab0-e74fe60ce7b9.jpg,264,11,11 24 10 13 7
data\raw\val\05574_Fungi_Basidiomycota_Agaricomycetes_Agaricales_Schizophyllaceae_Schizophyllum_commune\472d45ac-f936-4bb7-9af2-75b7ef96e2a1.jpg,264,484,484 315 97 443 338
data\raw\val\05574_Fungi_Basidiomycota_Agaricomycetes_Agaricales_Schizophyllaceae_Schizophyllum_commune\c451cf57-a03e-4896-8abf-6c1176d4c903.jpg,264,1,1 127 246 270 25
data\raw\val\05574_Fungi_Basidiomycota_Agaricomycetes_Agaricales_Schizophyllaceae_Schizophyllum_commune\f7ea0da9-ac7b-4b8b-8633-46e022afbaf1.jpg,264,443,443 484 88 43 182
data\raw\val\05574_Fungi_Basidiomycota_Agaricomycetes_Agaricales_Schizophyllaceae_Schizophyllum_commune\20c1b31c-a7e2-4ceb-83cf-a8fbe5f22f03.jpg,264,372,372 315 341 443 264
data\raw\val\05574_Fungi_Basidiomycota_Agaricomycetes_Agaricales_Schizophyllaceae_Schizophyllum_commune\791ec3b7-6da3-4217-9960-7e73dff8aa7b.jpg,264,264,264 24 272 44 262
data\raw\val\05574_Fungi_Basidiomycota_Agaricomycetes_Agaricales_Schizophyllaceae_Schizophyllum_commune\0661a869-0010-4463-84f9-4b85a8effa30.jpg,264,271,271 262 6 264 270
data\raw\val\05574_Fungi_Basidiomycota_Agaricomycetes_Agaricales_Schizophyllaceae_Schizophyllum_commune\ba7062c9-afa4-4ab4-a977-c3d82857e91e.jpg,264,24,24 255 44 9 270
data\raw\val\05576_Fungi_Basidiomycota_Agaricomycetes_Agaricales_Strophariaceae_Agrocybe_praecox\6d6a360e-d854-46c5-8cc1-13a9ee36d0a9.jpg,265,270,270 265 262 272 266
data\raw\val\05576_Fungi_Basidiomycota_Agaricomycetes_Agaricales_Strophariaceae_Agrocybe_praecox\6a93bca1-66be-4bad-99ef-3e783310c285.jpg,265,262,262 265 268 271 267
data\raw\val\05576_Fungi_Basidiomycota_Agaricomycetes_Agaricales_Strophariaceae_Agrocybe_praecox\97ec8b55-9089-487c-b205-b79132d8dd6c.jpg,265,271,271 184 170 183 198
data\raw\val\05576_Fungi_Basidiomycota_Agaricomycetes_Agaricales_Strophariaceae_Agrocybe_praecox\0aee7454-db33-4a51-9c86-9a0b6186930c.jpg,265,142,142 78 49 83 48
data\raw\val\05576_Fungi_Basidiomycota_Agaricomycetes_Agaricales_Strophariaceae_Agrocybe_praecox\5a0a168d-0c25-4d3a-b043-73166da96512.jpg,265,53,53 268 272 265 271
data\raw\val\05576_Fungi_Basidiomycota_Agaricomycetes_Agaricales_Strophariaceae_Agrocybe_praecox\1f7aac1d-9c72-4d6e-9280-bf8812c51a3a.jpg,265,55,55 251 244 248 247
data\raw\val\05576_Fungi_Basidiomycota_Agaricomycetes_Agaricales_Strophariaceae_Agrocybe_praecox\c7d20a21-a5b2-4d31-9511-f768fdbb2795.jpg,265,251,251 265 249 129 266
data\raw\val\05576_Fungi_Basidiomycota_Agaricomycetes_Agaricales_Strophariaceae_Agrocybe_praecox\d85b70c6-d891-49b5-9f05-b147b18c6c41.jpg,265,265,265 266 50 61 261
data\raw\val\05576_Fungi_Basidiomycota_Agaricomycetes_Agaricales_Strophariaceae_Agrocybe_praecox\d46f8f16-f856-4c8a-ad26-5f7d6aeea723.jpg,265,262,262 270 268 265 233
data\raw\val\05576_Fungi_Basidiomycota_Agaricomycetes_Agaricales_Strophariaceae_Agrocybe_praecox\07952186-e53d-434d-aa06-68b3cd96d443.jpg,265,265,265 261 50 271 61
data\raw\val\05580_Fungi_Basidiomycota_Agaricomycetes_Agaricales_Strophariaceae_Hypholoma_lateritium\8256b7f2-fd4b-4dec-8b8c-e94820336319.jpg,266,266,266 492 493 140 275
data\raw\val\05580_Fungi_Basidiomycota_Agaricomycetes_Agaricales_Strophariaceae_Hypholoma_lateritium\975785cd-64b3-4f4e-bca4-0eb1e72e18b8.jpg,266,266,266 267 261 265 271
data\raw\val\05580_Fungi_Basidiomycota_Agaricomycetes_Agaricales_Strophariaceae_Hypholoma_lateritium\8abea79e-3aa1-4118-94cf-cef65815740a.jpg,266,267,267 292 459 394 266
data\raw\val\05580_Fungi_Basidiomycota_Agaricomycetes_Agaricales_Strophariaceae_Hypholoma_lateritium\ca2a9f23-7e1b-4a26-a024-0def1cdd25f7.jpg,266,266,266 123 276 129 249
data\raw\val\05580_Fungi_Basidiomycota_Agaricomycetes_Agaricales_Strophariaceae_Hypholoma_lateritium\19336ddb-c1af-4f14-b179-3dc8c8e02456.jpg,266,266,266 260 267 265 262
data\raw\val\05580_Fungi_Basidiomycota_Agaricomycetes_Agaricales_Strophariaceae_Hypholoma_lateritium\d8bd6f65-21b0-4a91-a32a-c02219584413.jpg,266,266,266 267 140 493 231
data\raw\val\05580_Fungi_Basidiomycota_Agaricomycetes_Agaricales_Strophariaceae_Hypholoma_lateritium\4609bea8-420c-4daa-af01-a7d09fa5cbb6.jpg,266,266,266 123 267 145 248
data\raw\val\05580_Fungi_Basidiomycota_Agaricomycetes_Agaricales_Strophariaceae_Hypholoma_lateritium\0d2ee657-711a-4c2c-bc15-511cc9f06b04.jpg,266,266,266 267 48 249 123
data\raw\val\05580_Fungi_Basidiomycota_Agaricomycetes_Agaricales_Strophariaceae_Hypholoma_lateritium\bbc5ecc2-5a64-4ef2-82f1-dd4b5cfa8f99.jpg,266,266,266 258 261 249 124
data\raw\val\05580_Fungi_Basidiomycota_Agaricomycetes_Agaricales_Strophariaceae_Hypholoma_lateritium\59d6c4be-47c5-4f00-bf81-c3cba4b03345.jpg,266,266,266 249 123 276 248
data\raw\val\05601_Fungi_Basidiomycota_Agaricomycetes_Boletales_Boletaceae_Imleria_badia\ecf23a37-dcf8-4155-b951-886cefe306be.jpg,267,263,263 170 281 267 151
data\raw\val\05601_Fungi_Basidiomycota_Agaricomycetes_Boletales_Boletaceae_Imleria_badia\f9ceeb95-ef95-4221-a9b6-066d840c2851.jpg,267,270,270 187 265 315 267
data\raw\val\05601_Fungi_Basidiomycota_Agaricomycetes_Boletales_Boletaceae_Imleria_badia\522a5032-54a0-494e-923c-2091e31ab848.jpg,267,267,267 265 271 266 268
data\raw\val\05601_Fungi_Basidiomycota_Agaricomycetes_Boletales_Boletaceae_Imleria_badia\6f56a3f8-c9d1-492c-8b4c-dcce1810c4a8.jpg,267,263,263 267 260 265 262
data\raw\val\05601_Fungi_Basidiomycota_Agaricomycetes_Boletales_Boletaceae_Imleria_badia\e8d0cceb-a280-448b-b427-18b8f50e4545.jpg,267,275,275 450 288 263 421
data\raw\val\05601_Fungi_Basidiomycota_Agaricomycetes_Boletales_Boletaceae_Imleria_badia\5948fbbc-4ce7-45b8-98bf-c51e01534d67.jpg,267,267,267 266 265 271 268
data\raw\val\05601_Fungi_Basidiomycota_Agaricomycetes_Boletales_Boletaceae_Imleria_badia\15596367-b5b2-4261-ac5e-c9a1c571563a.jpg,267,263,263 267 260 465 265
data\raw\val\05601_Fungi_Basidiomycota_Agaricomycetes_Boletales_Boletaceae_Imleria_badia\086d41d6-658e-4f86-9960-c2f877074127.jpg,267,124,124 266 276 249 129
data\raw\val\05601_Fungi_Basidiomycota_Agaricomycetes_Boletales_Boletaceae_Imleria_badia\dffa3e5b-e649-47bb-b735-c5c1735a6aaa.jpg,267,261,261 267 258 223 235
data\raw\val\05601_Fungi_Basidiomycota_Agaricomycetes_Boletales_Boletaceae_Imleria_badia\be9402f7-f730-4d9f-98be-c64a8d73b302.jpg,267,267,267 268 262 265 227
data\raw\val\05613_Fungi_Basidiomycota_Agaricomycetes_Boletales_Sclerodermataceae_Scleroderma_citrinum\a2c8c7ac-2b8a-476d-aba0-28bd319f76c4.jpg,268,51,51 139 248 254 100
data\raw\val\05613_Fungi_Basidiomycota_Agaricomycetes_Boletales_Sclerodermataceae_Scleroderma_citrinum\8c119389-1b66-47a9-9714-78c2bedc56f8.jpg,268,268,268 271 41 62 76
data\raw\val\05613_Fungi_Basidiomycota_Agaricomycetes_Boletales_Sclerodermataceae_Scleroderma_citrinum\59c8d51a-21ce-42e5-8faa-c208a99a121a.jpg,268,265,265 268 262 272 267
data\raw\val\05613_Fungi_Basidiomycota_Agaricomycetes_Boletales_Sclerodermataceae_Scleroderma_citrinum\a4c7bdd6-364c-4658-825e-41ef6261539b.jpg,268,9,9 7 255 314 359
data\raw\val\05613_Fungi_Basidiomycota_Agaricomycetes_Boletales_Sclerodermataceae_Scleroderma_citrinum\b35f2290-d150-4d07-8474-a2edab5309c6.jpg,268,268,268 271 265 272 262
data\raw\val\05613_Fungi_Basidiomycota_Agaricomycetes_Boletales_Sclerodermataceae_Scleroderma_citrinum\7c4f2ea9-81f4-4932-b886-d116b88294c9.jpg,268,268,268 265 271 50 56
data\raw\val\05613_Fungi_Basidiomycota_Agaricomycetes_Boletales_Sclerodermataceae_Scleroderma_citrinum\c7a88270-41db-4f00-873c-928bd453133b.jpg,268,268,268 53 271 265 272
data\raw\val\05613_Fungi_Basidiomycota_Agaricomycetes_Boletales_Sclerodermataceae_Scleroderma_citrinum\3bc303c6-3a9b-432e-bb2b-b56723e60100.jpg,268,268,268 242 243 237 126
data\raw\val\05613_Fungi_Basidiomycota_Agaricomycetes_Boletales_Sclerodermataceae_Scleroderma_citrinum\4f5ac7b9-bff4-45e9-b3ea-fff98d23dc07.jpg,268,268,268 272 98 271 53
data\raw\val\05613_Fungi_Basidiomycota_Agaricomycetes_Boletales_Sclerodermataceae_Scleroderma_citrinum\9b11ff96-57cf-467a-b22a-bd0c7a299ae0.jpg,268,268,268 271 262 265 272
data\raw\val\05635_Fungi_Basidiomycota_Agaricomycetes_Hymenochaetales_Hymenochaetaceae_Inonotus_obliquus\3d036ed2-63fd-479a-952f-afae1187120c.jpg,269,269,269 223 240 350 234
data\raw\val\05635_Fungi_Basidiomycota_Agaricomycetes_Hymenochaetales_Hymenochaetaceae_Inonotus_obliquus\62c56adf-a4d3-4b6a-8da8-c3a60cea2810.jpg,269,269,269 218 74 270 153
data\raw\val\05635_Fungi_Basidiomycota_Agaricomycetes_Hymenochaetales_Hymenochaetaceae_Inonotus_obliquus\77621cc0-2d91-47a0-8415-872b46037f60.jpg,269,269,269 218 162 153 13
data\raw\val\05635_Fungi_Basidiomycota_Agaricomycetes_Hymenochaetales_Hymenochaetaceae_Inonotus_obliquus\3803ad82-9fe5-4d2c-9a0d-1d12a7729171.jpg,269,269,269 162 213 222 278
data\raw\val\05635_Fungi_Basidiomycota_Agaricomycetes_Hymenochaetales_Hymenochaetaceae_Inonotus_obliquus\7a4d7f0e-9b7a-4b85-8536-6a76c0761201.jpg,269,269,269 153 86 210 218
data\raw\val\05635_Fungi_Basidiomycota_Agaricomycetes_Hymenochaetales_Hymenochaetaceae_Inonotus_obliquus\007ee79f-9181-40cd-a600-c3fe80848577.jpg,269,393,393 431 401 348 190
data\raw\val\05635_Fungi_Basidiomycota_Agaricomycetes_Hymenochaetales_Hymenochaetaceae_Inonotus_obliquus\ee2f6ea2-01ae-4202-8501-081ee4f33861.jpg,269,269,269 51 13 77 22
data\raw\val\05635_Fungi_Basidiomycota_Agaricomycetes_Hymenochaetales_Hymenochaetaceae_Inonotus_obliquus\d0703bb3-1847-4d6c-8c0d-ef81496c274b.jpg,269,267,267 268 266 223 213
data\raw\val\05635_Fungi_Basidiomycota_Agaricomycetes_Hymenochaetales_Hymenochaetaceae_Inonotus_obliquus\cda4ab3f-b015-430a-aaf5-5c71913e368d.jpg,269,269,269 8 24 74 256
data\raw\val\05635_Fungi_Basidiomycota_Agaricomycetes_Hymenochaetales_Hymenochaetaceae_Inonotus_obliquus\1c955ae3-2808-409b-8646-d621a0535d13.jpg,269,269,269 347 349 316 6
data\raw\val\05672_Fungi_Basidiomycota_Agaricomycetes_Polyporales_Phanerochaetaceae_Climacodon_septentrionalis\7a826dc1-06be-42cd-828b-a380f62b3a08.jpg,270,270,270 272 265 271 266
data\raw\val\05672_Fungi_Basidiomycota_Agaricomycetes_Polyporales_Phanerochaetaceae_Climacodon_septentrionalis\eae3c544-6709-47a3-a465-e4ef60766008.jpg,270,270,270 218 269 130 271
data\raw\val\05672_Fungi_Basidiomycota_Agaricomycetes_Polyporales_Phanerochaetaceae_Climacodon_septentrionalis\f518f425-08bf-4cd4-a9d5-e0cf1d43a693.jpg,270,270,270 265 272 262 266
data\raw\val\05672_Fungi_Basidiomycota_Agaricomycetes_Polyporales_Phanerochaetaceae_Climacodon_septentrionalis\0f4b7d0c-03c2-4bad-8fe0-ac8d4a11d1da.jpg,270,272,272 270 264 262 271
data\raw\val\05672_Fungi_Basidiomycota_Agaricomycetes_Polyporales_Phanerochaetaceae_Climacodon_septentrionalis\05a08bcf-0a30-4c84-a48c-e1bb97ec44ba.jpg,270,492,492 496 497 432 493
data\raw\val\05672_Fungi_Basidiomycota_Agaricomycetes_Polyporales_Phanerochaetaceae_Climacodon_septentrionalis\b390f0ad-beb9-4aad-9cf4-98debac9c57d.jpg,270,270,270 272 262 266 357
data\raw\val\05672_Fungi_Basidiomycota_Agaricomycetes_Polyporales_Phanerochaetaceae_Climacodon_septentrionalis\9ee76464-2afd-403c-bfb6-1feecf957690.jpg,270,137,137 250 128 147 164
data\raw\val\05672_Fungi_Basidiomycota_Agaricomycetes_Polyporales_Phanerochaetaceae_Climacodon_septentrionalis\cceee027-df1d-46ea-a0f2-3b79ab681afb.jpg,270,395,395 191 153 192 488
data\raw\val\05672_Fungi_Basidiomycota_Agaricomycetes_Polyporales_Phanerochaetaceae_Climacodon_septentrionalis\49fde859-f5ef-4dfd-baf2-2cbd199541a0.jpg,270,270,270 272 262 260 218
data\raw\val\05672_Fungi_Basidiomycota_Agaricomycetes_Polyporales_Phanerochaetaceae_Climacodon_septentrionalis\dc0c0e8f-1add-4614-a164-691846b6306e.jpg,270,270,270 130 218 393 490
data\raw\val\05684_Fungi_Basidiomycota_Agaricomycetes_Polyporales_Polyporaceae_Lentinus_arcularius\56d51577-ee64-4e91-9880-46f3c377296f.jpg,271,271,271 268 41 60 63
data\raw\val\05684_Fungi_Basidiomycota_Agaricomycetes_Polyporales_Polyporaceae_Lentinus_arcularius\451637d0-3217-444c-8324-d7f0c099ad14.jpg,271,268,268 233 139 343 240
data\raw\val\05684_Fungi_Basidiomycota_Agaricomycetes_Polyporales_Polyporaceae_Lentinus_arcularius\ff3fdc34-b1dd-4f55-b693-0423eb1262e2.jpg,271,260,260 265 267 266 330
data\raw\val\05684_Fungi_Basidiomycota_Agaricomycetes_Polyporales_Polyporaceae_Lentinus_arcularius\828c83eb-8f47-4a90-8c80-7712d02f953e.jpg,271,3,3 40 106 109 169
data\raw\val\05684_Fungi_Basidiomycota_Agaricomycetes_Polyporales_Polyporaceae_Lentinus_arcularius\6b955bf6-60d1-4315-ae91-99a295599d73.jpg,271,266,266 468 327 380 359
data\raw\val\05684_Fungi_Basidiomycota_Agaricomycetes_Polyporales_Polyporaceae_Lentinus_arcularius\98cb7731-21e7-4697-a87a-f20c1344ffb1.jpg,271,297,297 374 380 296 285
data\raw\val\05684_Fungi_Basidiomycota_Agaricomycetes_Polyporales_Polyporaceae_Lentinus_arcularius\ccaa8a9b-3686-4603-ab15-d659b085522c.jpg,271,376,376 391 441 467 382
data\raw\val\05684_Fungi_Basidiomycota_Agaricomycetes_Polyporales_Polyporaceae_Lentinus_arcularius\8d5a5519-2e52-47ae-a64e-be304f5d56a3.jpg,271,271,271 118 68 76 47
data\raw\val\05684_Fungi_Basidiomycota_Agaricomycetes_Polyporales_Polyporaceae_Lentinus_arcularius\5ba47348-6413-46b9-ab6b-9287105b9875.jpg,271,468,468 315 241 187 227
data\raw\val\05684_Fungi_Basidiomycota_Agaricomycetes_Polyporales_Polyporaceae_Lentinus_arcularius\91262cda-104f-417a-940d-b4672d2a5624.jpg,271,266,266 257 272 316 262
data\raw\val\05696_Fungi_Basidiomycota_Agaricomycetes_Polyporales_Sparassidaceae_Sparassis_spathulata\e4fb26df-8d91-44cd-8718-86a771146c5a.jpg,272,272,272 270 262 265 268
data\raw\val\05696_Fungi_Basidiomycota_Agaricomycetes_Polyporales_Sparassidaceae_Sparassis_spathulata\6f9183aa-469d-4e82-9163-316e08b17688.jpg,272,272,272 262 492 266 246
data\raw\val\05696_Fungi_Basidiomycota_Agaricomycetes_Polyporales_Sparassidaceae_Sparassis_spathulata\7312a3cc-0409-4fa6-8a5b-e0ec7ece5a56.jpg,272,272,272 268 52 271 270
data\raw\val\05696_Fungi_Basidiomycota_Agaricomycetes_Polyporales_Sparassidaceae_Sparassis_spathulata\1f90e609-b3ec-4a84-a387-0de046c21cb8.jpg,272,272,272 270 59 271 57
data\raw\val\05696_Fungi_Basidiomycota_Agaricomycetes_Polyporales_Sparassidaceae_Sparassis_spathulata\1121c3e7-9b03-49c5-8e61-f4be6507e888.jpg,272,271,271 151 227 41 201
data\raw\val\05696_Fungi_Basidiomycota_Agaricomycetes_Polyporales_Sparassidaceae_Sparassis_spathulata\95e612fd-bd39-4b46-9d5c-a7343a9cf968.jpg,272,272,272 262 57 264 59
data\raw\val\05696_Fungi_Basidiomycota_Agaricomycetes_Polyporales_Sparassidaceae_Sparassis_spathulata\fc445ad4-c8a9-4b69-b6a6-4c4769b62ee7.jpg,272,272,272 262 264 270 249
data\raw\val\05696_Fungi_Basidiomycota_Agaricomycetes_Polyporales_Sparassidaceae_Sparassis_spathulata\a0e09314-c3fd-457d-a67f-5ba90d7148ea.jpg,272,272,272 262 270 357 248
data\raw\val\05696_Fungi_Basidiomycota_Agaricomycetes_Polyporales_Sparassidaceae_Sparassis_spathulata\70743ff9-6b2a-4679-8afe-5ca2f86f0d4e.jpg,272,272,272 268 262 271 265
data\raw\val\05696_Fungi_Basidiomycota_Agaricomycetes_Polyporales_Sparassidaceae_Sparassis_spathulata\48f62fe3-3511-4117-a93b-29f0e953e13c.jpg,272,272,272 137 270 463 268
data\raw\val\05746_Plantae_Bryophyta_Bryopsida_Hypnales_Hylocomiaceae_Pleurozium_schreberi\2a12339c-82e7-4969-824a-c19bf313e629.jpg,273,394,394 374 299 483 458
data\raw\val\05746_Plantae_Bryophyta_Bryopsida_Hypnales_Hylocomiaceae_Pleurozium_schreberi\6e38ea49-9951-41e7-8da3-e1b3162379c9.jpg,273,468,468 369 162 313 222
data\raw\val\05746_Plantae_Bryophyta_Bryopsida_Hypnales_Hylocomiaceae_Pleurozium_schreberi\853624bb-4425-424f-afe6-83bdbe4ed4f8.jpg,273,275,275 273 343 281 377
data\raw\val\05746_Plantae_Bryophyta_Bryopsida_Hypnales_Hylocomiaceae_Pleurozium_schreberi\7dc5bb9c-5562-4e4e-a48e-6744c5be9de1.jpg,273,480,480 483 325 404 354
data\raw\val\05746_Plantae_Bryophyta_Bryopsida_Hypnales_Hylocomiaceae_Pleurozium_schreberi\7c0b4ebd-ca6e-48f7-b568-5f01b7414a10.jpg,273,273,273 320 243 487 359
data\raw\val\05746_Plantae_Bryophyta_Bryopsida_Hypnales_Hylocomiaceae_Pleurozium_schreberi\af9cc9ef-1bb2-4d0f-8515-d8728e102174.jpg,273,273,273 275 320 487 324
data\raw\val\05746_Plantae_Bryophyta_Bryopsida_Hypnales_Hylocomiaceae_Pleurozium_schreberi\cbe5a36c-cf62-4509-8f58-ee8b5401bc4c.jpg,273,324,324 273 275 494 496
data\raw\val\05746_Plantae_Bryophyta_Bryopsida_Hypnales_Hylocomiaceae_Pleurozium_schreberi\9b11fca7-09e0-4248-8672-90cdb3b8d8cf.jpg,273,281,281 498 496 275 418
data\raw\val\05746_Plantae_Bryophyta_Bryopsida_Hypnales_Hylocomiaceae_Pleurozium_schreberi\31123d96-e7ae-44bf-aede-739c2a6ce75a.jpg,273,273,273 314 359 275 324
data\raw\val\05746_Plantae_Bryophyta_Bryopsida_Hypnales_Hylocomiaceae_Pleurozium_schreberi\2c451f4f-408d-44d7-b63a-2c830dcfab30.jpg,273,281,281 416 491 368 473
data\raw\val\05765_Plantae_Chlorophyta_Ulvophyceae_Cladophorales_Cladophoraceae_Cladophora_columbiana\b90cce06-b4b1-4607-8d34-a1443e0ba91f.jpg,274,95,95 477 395 457 61
data\raw\val\05765_Plantae_Chlorophyta_Ulvophyceae_Cladophorales_Cladophoraceae_Cladophora_columbiana\f8b15262-9ab5-48fd-a2d4-0394074af07c.jpg,274,274,274 497 492 256 9
data\raw\val\05765_Plantae_Chlorophyta_Ulvophyceae_Cladophorales_Cladophoraceae_Cladophora_columbiana\5b743bad-f121-4449-bfa1-87d60779265c.jpg,274,256,256 144 314 449 366
data\raw\val\05765_Plantae_Chlorophyta_Ulvophyceae_Cladophorales_Cladophoraceae_Cladophora_columbiana\cd391c9b-f219-487a-9fac-75d7bf549ed7.jpg,274,274,274 267 268 262 489
data\raw\val\05765_Plantae_Chlorophyta_Ulvophyceae_Cladophorales_Cladophoraceae_Cladophora_columbiana\08b721eb-2d7d-4dbc-be0d-7d8fdf1a54f1.jpg,274,274,274 349 492 302 428
data\raw\val\05765_Plantae_Chlorophyta_Ulvophyceae_Cladophorales_Cladophoraceae_Cladophora_columbiana\ebda73a7-5165-4ced-b993-1f3a5ab9563c.jpg,274,274,274 249 255 269 266
data\raw\val\05765_Plantae_Chlorophyta_Ulvophyceae_Cladophorales_Cladophoraceae_Cladophora_columbiana\1433202a-0793-481d-80b6-8179a47dbac6.jpg,274,429,429 418 281 340 430
data\raw\val\05765_Plantae_Chlorophyta_Ulvophyceae_Cladophorales_Cladophoraceae_Cladophora_columbiana\56a8551d-57c0-4c13-b208-e5acc824f888.jpg,274,366,366 274 314 431 418
data\raw\val\05765_Plantae_Chlorophyta_Ulvophyceae_Cladophorales_Cladophoraceae_Cladophora_columbiana\ac0fabb7-cb1f-4d2b-9edf-d2a56309d66f.jpg,274,274,274 486 489 262 281
data\raw\val\05765_Plantae_Chlorophyta_Ulvophyceae_Cladophorales_Cladophoraceae_Cladophora_columbiana\ed1cc867-61ba-4435-971c-8f140f26a01d.jpg,274,274,274 497 495 494 492
data\raw\val\05768_Plantae_Marchantiophyta_Jungermanniopsida_Jungermanniales_Lepidoziaceae_Bazzania_trilobata\0662d38a-e6d4-4ae0-801a-5802fd696693.jpg,275,497,497 398 357 477 395
data\raw\val\05768_Plantae_Marchantiophyta_Jungermanniopsida_Jungermanniales_Lepidoziaceae_Bazzania_trilobata\d0216f1b-4763-458b-8322-914ae41790b4.jpg,275,275,275 273 340 473 471
data\raw\val\05768_Plantae_Marchantiophyta_Jungermanniopsida_Jungermanniales_Lepidoziaceae_Bazzania_trilobata\f007e889-efdf-4e3e-a7a7-0ff05a496bf2.jpg,275,275,275 263 496 499 281
data\raw\val\05768_Plantae_Marchantiophyta_Jungermanniopsida_Jungermanniales_Lepidoziaceae_Bazzania_trilobata\d4c5550a-f5c0-450e-a522-9c39ad68cce1.jpg,275,275,275 273 377 496 379
data\raw\val\05768_Plantae_Marchantiophyta_Jungermanniopsida_Jungermanniales_Lepidoziaceae_Bazzania_trilobata\bc0a44be-624c-45d3-9db8-b6a1dbb014d1.jpg,275,275,275 496 273 324 340
data\raw\val\05768_Plantae_Marchantiophyta_Jungermanniopsida_Jungermanniales_Lepidoziaceae_Bazzania_trilobata\d8878011-0373-406f-8ce7-61550d337f33.jpg,275,492,492 357 497 315 370
data\raw\val\05768_Plantae_Marchantiophyta_Jungermanniopsida_Jungermanniales_Lepidoziaceae_Bazzania_trilobata\44c6e322-1a29-4818-bbe3-ad310398b8d4.jpg,275,275,275 473 281 377 273
data\raw\val\05768_Plantae_Marchantiophyta_Jungermanniopsida_Jungermanniales_Lepidoziaceae_Bazzania_trilobata\c323c61b-1e21-4fab-ba20-ce4d9eafac59.jpg,275,275,275 499 496 281 273
data\raw\val\05768_Plantae_Marchantiophyta_Jungermanniopsida_Jungermanniales_Lepidoziaceae_Bazzania_trilobata\6bce181c-7acd-40a3-aca8-6cac0c982a33.jpg,275,314,314 359 316 414 273
data\raw\val\05768_Plantae_Marchantiophyta_Jungermanniopsida_Jungermanniales_Lepidoziaceae_Bazzania_trilobata\0d86c764-8158-438e-851f-92f34289bef8.jpg,275,275,275 273 281 491 343
data\raw\val\05779_Plantae_Rhodophyta_Florideophyceae_Gigartinales_Gigartinaceae_Chondrus_crispus\84089d6f-3e14-4093-a7b4-5ebcb2990459.jpg,276,256,256 144 497 342 492
data\raw\val\05779_Plantae_Rhodophyta_Florideophyceae_Gigartinales_Gigartinaceae_Chondrus_crispus\bc61dbf5-1315-42a5-9a9f-e4eaf837be25.jpg,276,136,136 132 137 245 135
data\raw\val\05779_Plantae_Rhodophyta_Florideophyceae_Gigartinales_Gigartinaceae_Chondrus_crispus\5b34993e-9172-47c3-bddf-dfdf8eb52297.jpg,276,257,257 246 252 354 124
data\raw\val\05779_Plantae_Rhodophyta_Florideophyceae_Gigartinales_Gigartinaceae_Chondrus_crispus\29b77be4-963c-45f8-bba6-a65e91273acc.jpg,276,257,257 246 124 396 9
data\raw\val\05779_Plantae_Rhodophyta_Florideophyceae_Gigartinales_Gigartinaceae_Chondrus_crispus\624487e3-0ae3-4133-8497-ff48d4c0073f.jpg,276,246,246 276 123 126 46
data\raw\val\05779_Plantae_Rhodophyta_Florideophyceae_Gigartinales_Gigartinaceae_Chondrus_crispus\5f99d365-88be-4ffd-b34f-490444bbf930.jpg,276,368,368 396 416 14 257
data\raw\val\05779_Plantae_Rhodophyta_Florideophyceae_Gigartinales_Gigartinaceae_Chondrus_crispus\c2a0cde0-8f28-4cfc-8636-6d2c0ecafbbd.jpg,276,126,126 351 248 276 124
data\raw\val\05779_Plantae_Rhodophyta_Florideophyceae_Gigartinales_Gigartinaceae_Chondrus_crispus\48341187-d205-4144-bc93-8b7f950c4390.jpg,276,136,136 214 215 213 223
data\raw\val\05779_Plantae_Rhodophyta_Florideophyceae_Gigartinales_Gigartinaceae_Chondrus_crispus\f53a7539-fb55-44ac-90e0-c05cc12185e0.jpg,276,276,276 5 245 46 126
data\raw\val\05779_Plantae_Rhodophyta_Florideophyceae_Gigartinales_Gigartinaceae_Chondrus_crispus\ca23f96b-5613-47ba-bb7c-f8f2482076dd.jpg,276,7,7 125 144 243 228
data\raw\val\05820_Plantae_Tracheophyta_Liliopsida_Alismatales_Tofieldiaceae_Triantha_glutinosa\fcf4314e-a2d5-40a6-a8a0-ae7e9d6914b3.jpg,277,421,421 484 418 336 340
data\raw\val\05820_Plantae_Tracheophyta_Liliopsida_Alismatales_Tofieldiaceae_Triantha_glutinosa\20c8c76c-722d-4aff-8b94-2d4061d0b785.jpg,277,155,155 455 425 459 366
data\raw\val\05820_Plantae_Tracheophyta_Liliopsida_Alismatales_Tofieldiaceae_Triantha_glutinosa\1b6a7770-f53f-441f-994d-6a08063f6d93.jpg,277,277,277 425 420 427 437
data\raw\val\05820_Plantae_Tracheophyta_Liliopsida_Alismatales_Tofieldiaceae_Triantha_glutinosa\b2a9f058-5795-48cf-a8dc-66461893ab24.jpg,277,277,277 297 331 309 60
data\raw\val\05820_Plantae_Tracheophyta_Liliopsida_Alismatales_Tofieldiaceae_Triantha_glutinosa\85fb03aa-fcbb-485f-b661-ef8149fe5cc9.jpg,277,415,415 419 418 71 338
data\raw\val\05820_Plantae_Tracheophyta_Liliopsida_Alismatales_Tofieldiaceae_Triantha_glutinosa\93f65405-ab5b-4297-884b-bf100f35cbd9.jpg,277,340,340 421 419 453 429
data\raw\val\05820_Plantae_Tracheophyta_Liliopsida_Alismatales_Tofieldiaceae_Triantha_glutinosa\e93e42f0-37bc-4332-8e53-6057656e38f2.jpg,277,277,277 427 289 338 309
data\raw\val\05820_Plantae_Tracheophyta_Liliopsida_Alismatales_Tofieldiaceae_Triantha_glutinosa\24ddb4ac-9afb-4658-b93f-24f300032ccc.jpg,277,338,338 484 419 402 331
data\raw\val\05820_Plantae_Tracheophyta_Liliopsida_Alismatales_Tofieldiaceae_Triantha_glutinosa\aa2cb352-cf92-4caa-b17c-08405cb21fb6.jpg,277,324,324 345 453 402 438
data\raw\val\05820_Plantae_Tracheophyta_Liliopsida_Alismatales_Tofieldiaceae_Triantha_glutinosa\c044e99e-28ff-44ee-a723-8f49e726beae.jpg,277,277,277 286 116 26 281
data\raw\val\05826_Plantae_Tracheophyta_Liliopsida_Arecales_Arecaceae_Phoenix_dactylifera\6b4a6f72-8ccb-475c-9f37-6aa2015b6d7a.jpg,278,278,278 220 355 488 284
data\raw\val\05826_Plantae_Tracheophyta_Liliopsida_Arecales_Arecaceae_Phoenix_dactylifera\f762ee52-c877-436a-b85f-397bcb7a15dd.jpg,278,486,486 278 188 413 488
data\raw\val\05826_Plantae_Tracheophyta_Liliopsida_Arecales_Arecaceae_Phoenix_dactylifera\31958e61-bcc2-4d26-a005-2de968440ac7.jpg,278,428,428 283 299 295 458
data\raw\val\05826_Plantae_Tracheophyta_Liliopsida_Arecales_Arecaceae_Phoenix_dactylifera\2e8e47ed-fff4-43c9-97a9-47ba59e2ccb7.jpg,278,278,278 293 488 355 188
data\raw\val\05826_Plantae_Tracheophyta_Liliopsida_Arecales_Arecaceae_Phoenix_dactylifera\81d3db2f-5654-478f-8899-5c622a743aef.jpg,278,327,327 123 299 458 394
data\raw\val\05826_Plantae_Tracheophyta_Liliopsida_Arecales_Arecaceae_Phoenix_dactylifera\85f6877d-2f26-4933-bc79-49cd47a3a43e.jpg,278,349,349 319 347 351 243
data\raw\val\05826_Plantae_Tracheophyta_Liliopsida_Arecales_Arecaceae_Phoenix_dactylifera\6dd624e0-70a1-4a9d-9454-e525d7b34e85.jpg,278,137,137 132 131 220 57
data\raw\val\05826_Plantae_Tracheophyta_Liliopsida_Arecales_Arecaceae_Phoenix_dactylifera\56dc48b5-6427-4905-b45c-7f7a12a10e5d.jpg,278,488,488 413 486 476 278
data\raw\val\05826_Plantae_Tracheophyta_Liliopsida_Arecales_Arecaceae_Phoenix_dactylifera\afceea7b-cc94-4cb0-ad8b-be018e2bafb1.jpg,278,220,220 347 355 278 486
data\raw\val\05826_Plantae_Tracheophyta_Liliopsida_Arecales_Arecaceae_Phoenix_dactylifera\b24ae3a5-9f6d-4bff-bbe4-485553ca0cfd.jpg,278,413,413 488 476 431 486
data\raw\val\05853_Plantae_Tracheophyta_Liliopsida_Asparagales_Amaryllidaceae_Habranthus_tubispathus\564a3df0-61a8-43a1-8a56-76d00d0cae87.jpg,279,279,279 337 385 285 380
data\raw\val\05853_Plantae_Tracheophyta_Liliopsida_Asparagales_Amaryllidaceae_Habranthus_tubispathus\2b1c6b25-8a5c-48e5-aa12-e6ce7dfd6e93.jpg,279,279,279 337 385 454 326
data\raw\val\05853_Plantae_Tracheophyta_Liliopsida_Asparagales_Amaryllidaceae_Habranthus_tubispathus\77f3fbf6-8360-4c10-8c6d-8ab865f01d64.jpg,279,279,279 337 462 457 454
data\raw\val\05853_Plantae_Tracheophyta_Liliopsida_Asparagales_Amaryllidaceae_Habranthus_tubispathus\f3a404f6-85ac-4ceb-a6fc-e67f3143481e.jpg,279,279,279 337 385 332 386
data\raw\val\05853_Plantae_Tracheophyta_Liliopsida_Asparagales_Amaryllidaceae_Habranthus_tubispathus\2cab2f09-aca0-42d4-a6c0-933933d80070.jpg,279,279,279 412 332 461 89
data\raw\val\05853_Plantae_Tracheophyta_Liliopsida_Asparagales_Amaryllidaceae_Habranthus_tubispathus\51d34197-621f-4d26-ac26-6387498fa6fe.jpg,279,279,279 337 385 332 386
data\raw\val\05853_Plantae_Tracheophyta_Liliopsida_Asparagales_Amaryllidaceae_Habranthus_tubispathus\f76104e5-5532-448c-a7a5-40e5f5cd24e5.jpg,279,279,279 412 261 439 462
data\raw\val\05853_Plantae_Tracheophyta_Liliopsida_Asparagales_Amaryllidaceae_Habranthus_tubispathus\a16ac9b7-3a23-4dae-89cf-d57bdcfa1752.jpg,279,445,445 371 291 330 465
data\raw\val\05853_Plantae_Tracheophyta_Liliopsida_Asparagales_Amaryllidaceae_Habranthus_tubispathus\486bb874-1c9a-4120-afe3-dddbff79d38a.jpg,279,337,337 279 385 386 332
data\raw\val\05853_Plantae_Tracheophyta_Liliopsida_Asparagales_Amaryllidaceae_Habranthus_tubispathus\440a380f-65a3-4a53-8ebd-5a8dfc0f6347.jpg,279,337,337 385 380 480 386
data\raw\val\05875_Plantae_Tracheophyta_Liliopsida_Asparagales_Asparagaceae_Agave_salmiana\2ab6b906-1625-497b-817d-3a8fd70647a9.jpg,280,280,280 301 376 284 300
data\raw\val\05875_Plantae_Tracheophyta_Liliopsida_Asparagales_Asparagaceae_Agave_salmiana\b04b88ca-c652-4c59-8fd2-80701284db19.jpg,280,466,466 280 401 393 409
data\raw\val\05875_Plantae_Tracheophyta_Liliopsida_Asparagales_Asparagaceae_Agave_salmiana\1cbfe6bb-b969-4dc1-b468-50996b318f85.jpg,280,280,280 187 192 375 398
data\raw\val\05875_Plantae_Tracheophyta_Liliopsida_Asparagales_Asparagaceae_Agave_salmiana\bb6185b6-37c2-4565-b63e-9c72745b2a76.jpg,280,494,494 403 280 407 331
data\raw\val\05875_Plantae_Tracheophyta_Liliopsida_Asparagales_Asparagaceae_Agave_salmiana\8c6274b3-5edc-4ee7-a051-667e5a820008.jpg,280,308,308 403 292 280 459
data\raw\val\05875_Plantae_Tracheophyta_Liliopsida_Asparagales_Asparagaceae_Agave_salmiana\a738c1e3-d2e3-4ae5-8ca4-20d66a056198.jpg,280,280,280 404 428 467 284
data\raw\val\05875_Plantae_Tracheophyta_Liliopsida_Asparagales_Asparagaceae_Agave_salmiana\ab8abae6-3167-4ef9-9b34-bae5f17a5bc4.jpg,280,284,284 278 280 300 375
data\raw\val\05875_Plantae_Tracheophyta_Liliopsida_Asparagales_Asparagaceae_Agave_salmiana\cc6bd167-d388-4373-b556-64a7c66d288b.jpg,280,220,220 217 212 204 284
data\raw\val\05875_Plantae_Tracheophyta_Liliopsida_Asparagales_Asparagaceae_Agave_salmiana\15f6a590-2386-4136-bfe0-dee3c2f0d294.jpg,280,284,284 451 441 498 497
data\raw\val\05875_Plantae_Tracheophyta_Liliopsida_Asparagales_Asparagaceae_Agave_salmiana\a117a97d-97e7-4b7c-aa47-01860768243d.jpg,280,281,281 498 307 346 417
data\raw\val\05879_Plantae_Tracheophyta_Liliopsida_Asparagales_Asparagaceae_Asparagus_aethiopicus\ebabe0b7-1e35-4de9-b0ab-14c2593df280.jpg,281,309,309 281 340 415 419
data\raw\val\05879_Plantae_Tracheophyta_Liliopsida_Asparagales_Asparagaceae_Asparagus_aethiopicus\0d5804d2-e5f4-4cf1-9d42-c6baa3fd15d8.jpg,281,495,495 415 281 491 494
data\raw\val\05879_Plantae_Tracheophyta_Liliopsida_Asparagales_Asparagaceae_Asparagus_aethiopicus\0d0d0d7b-7c90-48c3-a9aa-f8a9bdebead1.jpg,281,491,491 495 281 494 466
data\raw\val\05879_Plantae_Tracheophyta_Liliopsida_Asparagales_Asparagaceae_Asparagus_aethiopicus\81007d8b-d912-4dea-888b-9f4701656b0e.jpg,281,343,343 491 294 281 377
data\raw\val\05879_Plantae_Tracheophyta_Liliopsida_Asparagales_Asparagaceae_Asparagus_aethiopicus\f7affdf0-3f57-4929-a2e2-b94a6458d50c.jpg,281,461,461 36 258 363 420
data\raw\val\05879_Plantae_Tracheophyta_Liliopsida_Asparagales_Asparagaceae_Asparagus_aethiopicus\3e04ce8d-b9ae-4628-8d25-545df7da9513.jpg,281,498,498 494 281 489 495
data\raw\val\05879_Plantae_Tracheophyta_Liliopsida_Asparagales_Asparagaceae_Asparagus_aethiopicus\3ce6ed1e-44bd-47db-9572-1d15144fcef7.jpg,281,343,343 407 499 275 496
data\raw\val\05879_Plantae_Tracheophyta_Liliopsida_Asparagales_Asparagaceae_Asparagus_aethiopicus\34b75e2e-41c5-47ad-92ce-74d332e8f2e7.jpg,281,372,372 315 349 190 492
data\raw\val\05879_Plantae_Tracheophyta_Liliopsida_Asparagales_Asparagaceae_Asparagus_aethiopicus\c2dc6154-010f-45de-8427-4fa3fd6ead39.jpg,281,274,274 281 497 494 343
data\raw\val\05879_Plantae_Tracheophyta_Liliopsida_Asparagales_Asparagaceae_Asparagus_aethiopicus\d8886c78-35b1-4e68-bda4-0a1ebd6b2dcd.jpg,281,491,491 466 281 309 322
data\raw\val\05883_Plantae_Tracheophyta_Liliopsida_Asparagales_Asparagaceae_Bloomeria_crocea\b16d43d2-d334-48cb-9eff-3118b7a8a16e.jpg,282,282,282 427 342 404 353
data\raw\val\05883_Plantae_Tracheophyta_Liliopsida_Asparagales_Asparagaceae_Bloomeria_crocea\89f6fc48-0f07-494e-b5ef-ba4d73ba39c6.jpg,282,337,337 457 326 279 385
data\raw\val\05883_Plantae_Tracheophyta_Liliopsida_Asparagales_Asparagaceae_Bloomeria_crocea\a5547ca1-aa90-4a9e-b9cd-b96392c39e84.jpg,282,282,282 389 333 325 327
data\raw\val\05883_Plantae_Tracheophyta_Liliopsida_Asparagales_Asparagaceae_Bloomeria_crocea\1d75f6cc-239e-4adf-8c07-a553ef66437a.jpg,282,389,389 325 282 327 333
data\raw\val\05883_Plantae_Tracheophyta_Liliopsida_Asparagales_Asparagaceae_Bloomeria_crocea\14e5e879-21dc-46c0-bb96-2a306f3e9fc4.jpg,282,380,380 325 282 337 418
data\raw\val\05883_Plantae_Tracheophyta_Liliopsida_Asparagales_Asparagaceae_Bloomeria_crocea\366c6a31-bbee-4914-a686-adc9c67eb6ef.jpg,282,282,282 389 333 332 325
data\raw\val\05883_Plantae_Tracheophyta_Liliopsida_Asparagales_Asparagaceae_Bloomeria_crocea\b393fc35-b5b2-4008-935a-cca9463d5b91.jpg,282,282,282 480 389 325 327
data\raw\val\05883_Plantae_Tracheophyta_Liliopsida_Asparagales_Asparagaceae_Bloomeria_crocea\e34c5334-5a0a-4e07-bc08-b13633a299c6.jpg,282,332,332 313 326 292 457
data\raw\val\05883_Plantae_Tracheophyta_Liliopsida_Asparagales_Asparagaceae_Bloomeria_crocea\460af55f-faa5-47b4-8a24-3f0c14e96a7e.jpg,282,282,282 327 389 253 404
data\raw\val\05883_Plantae_Tracheophyta_Liliopsida_Asparagales_Asparagaceae_Bloomeria_crocea\30bd0d51-e345-41b2-90d6-487cb0026d92.jpg,282,389,389 327 282 299 432
data\raw\val\05917_Plantae_Tracheophyta_Liliopsida_Asparagales_Asparagaceae_Nolina_parryi\1addf462-56e3-4663-bd51-d24861a550a5.jpg,283,283,283 225 226 178 234
data\raw\val\05917_Plantae_Tracheophyta_Liliopsida_Asparagales_Asparagaceae_Nolina_parryi\ffba3913-871a-4834-9ad7-64756401acef.jpg,283,389,389 283 355 319 303
data\raw\val\05917_Plantae_Tracheophyta_Liliopsida_Asparagales_Asparagaceae_Nolina_parryi\0481934b-0936-4115-9b9f-fe29149f7760.jpg,283,283,283 278 355 488 487
data\raw\val\05917_Plantae_Tracheophyta_Liliopsida_Asparagales_Asparagaceae_Nolina_parryi\ba5236b7-b41b-4351-9d10-f882e4cf6190.jpg,283,278,278 355 283 293 280
data\raw\val\05917_Plantae_Tracheophyta_Liliopsida_Asparagales_Asparagaceae_Nolina_parryi\8450e368-a81a-4127-9c07-d3b6a46357fa.jpg,283,214,214 242 243 213 349
data\raw\val\05917_Plantae_Tracheophyta_Liliopsida_Asparagales_Asparagaceae_Nolina_parryi\447f62ac-7641-4c51-8110-bb5edde79cfb.jpg,283,278,278 283 488 489 394
data\raw\val\05917_Plantae_Tracheophyta_Liliopsida_Asparagales_Asparagaceae_Nolina_parryi\57feeca9-08db-48b5-9625-925d0660a363.jpg,283,283,283 319 301 428 404
data\raw\val\05917_Plantae_Tracheophyta_Liliopsida_Asparagales_Asparagaceae_Nolina_parryi\62e5a842-20a9-4bf4-ab92-d8b1856d8c5f.jpg,283,283,283 428 404 301 319
data\raw\val\05917_Plantae_Tracheophyta_Liliopsida_Asparagales_Asparagaceae_Nolina_parryi\a88f517f-7e37-4708-bcf9-22a5fb0c9585.jpg,283,283,283 278 355 300 347
data\raw\val\05917_Plantae_Tracheophyta_Liliopsida_Asparagales_Asparagaceae_Nolina_parryi\9f42a35c-7fd6-4a8c-a526-cf20bddfc030.jpg,283,283,283 301 355 278 404
data\raw\val\05953_Plantae_Tracheophyta_Liliopsida_Asparagales_Asphodelaceae_Phormium_tenax\fcdb311e-dc32-4de0-b79c-1da22ef996b8.jpg,284,284,284 498 425 300 278
data\raw\val\05953_Plantae_Tracheophyta_Liliopsida_Asparagales_Asphodelaceae_Phormium_tenax\a794659b-a2b3-4fb2-8e0d-ed017b946755.jpg,284,301,301 280 283 284 217
data\raw\val\05953_Plantae_Tracheophyta_Liliopsida_Asparagales_Asphodelaceae_Phormium_tenax\c787805e-0bbc-410e-9321-2c35b6de9043.jpg,284,171,171 193 149 375 413
data\raw\val\05953_Plantae_Tracheophyta_Liliopsida_Asparagales_Asphodelaceae_Phormium_tenax\01040690-983c-41b4-a401-5702eca228c1.jpg,284,284,284 300 301 278 283
data\raw\val\05953_Plantae_Tracheophyta_Liliopsida_Asparagales_Asphodelaceae_Phormium_tenax\6c2c35cc-9f64-4f12-b1a9-d96c187063ec.jpg,284,425,425 451 486 284 307
data\raw\val\05953_Plantae_Tracheophyta_Liliopsida_Asparagales_Asphodelaceae_Phormium_tenax\37fb1808-8dc6-4e70-8ad3-5d671a735073.jpg,284,284,284 300 375 280 278
data\raw\val\05953_Plantae_Tracheophyta_Liliopsida_Asparagales_Asphodelaceae_Phormium_tenax\499e00c7-04f1-4bad-850c-b64e26889577.jpg,284,288,288 476 489 498 275
data\raw\val\05953_Plantae_Tracheophyta_Liliopsida_Asparagales_Asphodelaceae_Phormium_tenax\284fd0f0-6295-4a6b-9e47-9f8478f5ba77.jpg,284,397,397 394 497 487 398
data\raw\val\05953_Plantae_Tracheophyta_Liliopsida_Asparagales_Asphodelaceae_Phormium_tenax\0811ef94-7a36-45f9-9192-6ff18fb6fa87.jpg,284,316,316 355 284 487 348
data\raw\val\05953_Plantae_Tracheophyta_Liliopsida_Asparagales_Asphodelaceae_Phormium_tenax\1f005f34-9e55-4e63-899f-4fc4f28f1369.jpg,284,413,413 284 476 280 165
data\raw\val\05957_Plantae_Tracheophyta_Liliopsida_Asparagales_Hypoxidaceae_Hypoxis_hirsuta\fd019915-e905-490c-93cc-0c9a4ee23e0e.jpg,285,285,285 457 387 279 462
data\raw\val\05957_Plantae_Tracheophyta_Liliopsida_Asparagales_Hypoxidaceae_Hypoxis_hirsuta\060fc0bf-18e4-4f5c-9588-ba6e30ed7dc9.jpg,285,457,457 439 337 448 454
data\raw\val\05957_Plantae_Tracheophyta_Liliopsida_Asparagales_Hypoxidaceae_Hypoxis_hirsuta\ee679388-fcf0-494a-a5e2-fe09ff176ade.jpg,285,337,337 285 480 333 457
data\raw\val\05957_Plantae_Tracheophyta_Liliopsida_Asparagales_Hypoxidaceae_Hypoxis_hirsuta\2d57b536-3245-478a-ac6c-0cc85a3765f4.jpg,285,285,285 337 326 385 457
data\raw\val\05957_Plantae_Tracheophyta_Liliopsida_Asparagales_Hypoxidaceae_Hypoxis_hirsuta\5c268ed2-c47d-41c3-92c8-6240b81369dc.jpg,285,285,285 342 403 294 428
data\raw\val\05957_Plantae_Tracheophyta_Liliopsida_Asparagales_Hypoxidaceae_Hypoxis_hirsuta\1ad11891-d526-4ec2-858c-dd19e82ba15f.jpg,285,285,285 387 463 342 457
data\raw\val\05957_Plantae_Tracheophyta_Liliopsida_Asparagales_Hypoxidaceae_Hypoxis_hirsuta\f3ce9de8-3c10-438d-a3f4-ff65b52a6bbe.jpg,285,285,285 337 279 385 454
data\raw\val\05957_Plantae_Tracheophyta_Liliopsida_Asparagales_Hypoxidaceae_Hypoxis_hirsuta\f7531d13-171c-47f1-acdd-098604f45924.jpg,285,285,285 480 374 333 463
data\raw\val\05957_Plantae_Tracheophyta_Liliopsida_Asparagales_Hypoxidaceae_Hypoxis_hirsuta\58c4ff98-fbf5-4314-8088-e83943cc6291.jpg,285,285,285 385 279 337 387
data\raw\val\05957_Plantae_Tracheophyta_Liliopsida_Asparagales_Hypoxidaceae_Hypoxis_hirsuta\937e1ff5-93f7-4020-a6b1-0f14294a9d04.jpg,285,285,285 337 462 385 439
data\raw\val\05992_Plantae_Tracheophyta_Liliopsida_Asparagales_Orchidaceae_Anacamptis_coriophora\9aa4af1c-1fc2-4083-a560-031c5fe71633.jpg,286,286,286 311 362 288 287
data\raw\val\05992_Plantae_Tracheophyta_Liliopsida_Asparagales_Orchidaceae_Anacamptis_coriophora\729db3f7-18da-4300-8a2e-bb3aa4347e5f.jpg,286,362,362 367 369 286 364
data\raw\val\05992_Plantae_Tracheophyta_Liliopsida_Asparagales_Orchidaceae_Anacamptis_coriophora\026e1244-76e3-4abc-99d6-2674e4d16a48.jpg,286,286,286 423 287 346 117
data\raw\val\05992_Plantae_Tracheophyta_Liliopsida_Asparagales_Orchidaceae_Anacamptis_coriophora\18d11e5e-fef1-45a3-89c4-744ae52dd0bf.jpg,286,286,286 288 455 277 291
data\raw\val\05992_Plantae_Tracheophyta_Liliopsida_Asparagales_Orchidaceae_Anacamptis_coriophora\eb59ed4a-d325-4d8b-8544-cd35fc8653aa.jpg,286,286,286 29 28 109 15
data\raw\val\05992_Plantae_Tracheophyta_Liliopsida_Asparagales_Orchidaceae_Anacamptis_coriophora\832351f6-287c-4e7d-9ec6-1f5ced7eba7e.jpg,286,286,286 423 277 290 416
data\raw\val\05992_Plantae_Tracheophyta_Liliopsida_Asparagales_Orchidaceae_Anacamptis_coriophora\d7f89c02-a0d2-48bf-babd-eb47d3bf3be1.jpg,286,286,286 367 455 368 362
data\raw\val\05992_Plantae_Tracheophyta_Liliopsida_Asparagales_Orchidaceae_Anacamptis_coriophora\eb00c228-be14-4da5-976d-3e1424ef4c0c.jpg,286,286,286 423 287 288 346
data\raw\val\05992_Plantae_Tracheophyta_Liliopsida_Asparagales_Orchidaceae_Anacamptis_coriophora\2ddbeaa7-6aaf-4ae4-8c7c-44d03b422cb0.jpg,286,346,346 287 342 288 425
data\raw\val\05992_Plantae_Tracheophyta_Liliopsida_Asparagales_Orchidaceae_Anacamptis_coriophora\851051f1-f46f-46a8-ac13-58b253c9a214.jpg,286,286,286 288 287 423 311
data\raw\val\06008_Plantae_Tracheophyta_Liliopsida_Asparagales_Orchidaceae_Corallorhiza_mertensiana\a13c5025-4389-4086-a711-8c9eb39dfb13.jpg,287,288,288 470 354 482 287
data\raw\val\06008_Plantae_Tracheophyta_Liliopsida_Asparagales_Orchidaceae_Corallorhiza_mertensiana\cb5aebf6-829a-4f5a-8a50-34104ed5151e.jpg,287,287,287 362 311 288 481
data\raw\val\06008_Plantae_Tracheophyta_Liliopsida_Asparagales_Orchidaceae_Corallorhiza_mertensiana\0632ccc2-8dbb-4b4d-a3d9-1151e5d9d4e0.jpg,287,287,287 423 346 288 286
data\raw\val\06008_Plantae_Tracheophyta_Liliopsida_Asparagales_Orchidaceae_Corallorhiza_mertensiana\c9915a89-b56c-48fe-952a-d1d5674e0356.jpg,287,286,286 287 288 423 416
data\raw\val\06008_Plantae_Tracheophyta_Liliopsida_Asparagales_Orchidaceae_Corallorhiza_mertensiana\79f5d4ad-e6c7-4995-ab6b-d27dab7a564c.jpg,287,287,287 424 352 34 383
data\raw\val\06008_Plantae_Tracheophyta_Liliopsida_Asparagales_Orchidaceae_Corallorhiza_mertensiana\9d554f19-09fe-49ae-b307-b2cafb9cc530.jpg,287,287,287 423 414 342 417
data\raw\val\06008_Plantae_Tracheophyta_Liliopsida_Asparagales_Orchidaceae_Corallorhiza_mertensiana\cdfc50f4-ed79-4a04-8e53-650287a538e1.jpg,287,287,287 288 425 423 190
data\raw\val\06008_Plantae_Tracheophyta_Liliopsida_Asparagales_Orchidaceae_Corallorhiza_mertensiana\5bb0baf5-ddfb-4f64-8098-3957ff772953.jpg,287,287,287 288 423 286 346
data\raw\val\06008_Plantae_Tracheophyta_Liliopsida_Asparagales_Orchidaceae_Corallorhiza_mertensiana\0781d341-572c-4812-b18f-4d98081780da.jpg,287,354,354 476 422 353 423
data\raw\val\06008_Plantae_Tracheophyta_Liliopsida_Asparagales_Orchidaceae_Corallorhiza_mertensiana\e88af979-5af2-4b58-9505-ab7343059c5d.jpg,287,287,287 362 481 346 288
data\raw\val\06009_Plantae_Tracheophyta_Liliopsida_Asparagales_Orchidaceae_Corallorhiza_striata\d15edf40-3155-4482-8a9a-bb078d5fb63e.jpg,288,288,288 482 396 354 353
data\raw\val\06009_Plantae_Tracheophyta_Liliopsida_Asparagales_Orchidaceae_Corallorhiza_striata\de1e931a-3883-446c-babf-045e64434c0a.jpg,288,287,287 288 482 311 362
data\raw\val\06009_Plantae_Tracheophyta_Liliopsida_Asparagales_Orchidaceae_Corallorhiza_striata\e8b182c3-32bb-48a5-8e55-26c3c73b28e9.jpg,288,287,287 288 346 423 286
data\raw\val\06009_Plantae_Tracheophyta_Liliopsida_Asparagales_Orchidaceae_Corallorhiza_striata\5725c2c7-bc26-4f27-b42e-6a8266ef84c6.jpg,288,288,288 287 425 354 353
data\raw\val\06009_Plantae_Tracheophyta_Liliopsida_Asparagales_Orchidaceae_Corallorhiza_striata\8d2f9fbb-b012-4c18-9e3c-f835431acda6.jpg,288,369,369 287 288 473 482
data\raw\val\06009_Plantae_Tracheophyta_Liliopsida_Asparagales_Orchidaceae_Corallorhiza_striata\e10f963b-a206-4618-9b62-1900cbbee787.jpg,288,246,246 259 269 223 131
data\raw\val\06009_Plantae_Tracheophyta_Liliopsida_Asparagales_Orchidaceae_Corallorhiza_striata\6a61f7e8-2b56-48cf-a11c-d8b192210d2f.jpg,288,288,288 287 286 423 354
data\raw\val\06009_Plantae_Tracheophyta_Liliopsida_Asparagales_Orchidaceae_Corallorhiza_striata\26dd99e0-3fa8-4cf0-91d3-4bbf6b6f9e16.jpg,288,288,288 287 46 286 131
data\raw\val\06009_Plantae_Tracheophyta_Liliopsida_Asparagales_Orchidaceae_Corallorhiza_striata\39179235-de54-4241-8e4e-00334fb5f4fc.jpg,288,288,288 287 480 353 354
data\raw\val\06009_Plantae_Tracheophyta_Liliopsida_Asparagales_Orchidaceae_Corallorhiza_striata\9cd09c1d-0a4f-4231-89a6-4823bebbad93.jpg,288,269,269 233 140 467 394
data\raw\val\06049_Plantae_Tracheophyta_Liliopsida_Asparagales_Orchidaceae_Liparis_loeselii\0a973494-84c0-4eec-919b-cb6285839412.jpg,289,407,407 310 497 312 482
data\raw\val\06049_Plantae_Tracheophyta_Liliopsida_Asparagales_Orchidaceae_Liparis_loeselii\24797de2-2a77-4d03-bef5-fdbaf0a7c4b4.jpg,289,95,95 497 289 434 477
data\raw\val\06049_Plantae_Tracheophyta_Liliopsida_Asparagales_Orchidaceae_Liparis_loeselii\9ac7d7f3-fa55-4601-90bd-d61b4ef08e13.jpg,289,338,338 464 289 285 236
data\raw\val\06049_Plantae_Tracheophyta_Liliopsida_Asparagales_Orchidaceae_Liparis_loeselii\8ed1a808-55a6-4f38-abe7-9c1948954501.jpg,289,292,292 460 397 434 342
data\raw\val\06049_Plantae_Tracheophyta_Liliopsida_Asparagales_Orchidaceae_Liparis_loeselii\d1566987-022e-4413-8308-e9482bf5cd20.jpg,289,289,289 295 334 297 284
data\raw\val\06049_Plantae_Tracheophyta_Liliopsida_Asparagales_Orchidaceae_Liparis_loeselii\638ad89d-df17-4afa-8ab1-c99b8264e807.jpg,289,415,415 310 494 322 407
data\raw\val\06049_Plantae_Tracheophyta_Liliopsida_Asparagales_Orchidaceae_Liparis_loeselii\fe704fe4-4dc1-49ef-9d3f-e6d876434df4.jpg,289,285,285 343 407 115 289
data\raw\val\06049_Plantae_Tracheophyta_Liliopsida_Asparagales_Orchidaceae_Liparis_loeselii\1a94fd4c-e437-4eaf-8aa1-4e24cdab744b.jpg,289,411,411 485 341 443 373
data\raw\val\06049_Plantae_Tracheophyta_Liliopsida_Asparagales_Orchidaceae_Liparis_loeselii\ef355b53-5ffd-4c9e-bfbe-1b445b52c2c2.jpg,289,289,289 309 298 284 300
data\raw\val\06049_Plantae_Tracheophyta_Liliopsida_Asparagales_Orchidaceae_Liparis_loeselii\3aca4197-c869-4aef-8337-543c6b60342d.jpg,289,427,427 289 392 277 286
data\raw\val\06051_Plantae_Tracheophyta_Liliopsida_Asparagales_Orchidaceae_Neotinea_tridentata\fc08e222-0ecd-4f6b-8996-7d3681f736e1.jpg,290,388,388 290 378 352 390
data\raw\val\06051_Plantae_Tracheophyta_Liliopsida_Asparagales_Orchidaceae_Neotinea_tridentata\14c0fb74-9e25-4d16-be6e-040516aace47.jpg,290,290,290 63 361 423 388
data\raw\val\06051_Plantae_Tracheophyta_Liliopsida_Asparagales_Orchidaceae_Neotinea_tridentata\92d44fe4-9faa-4feb-9477-102c014b6056.jpg,290,290,290 378 426 423 388
data\raw\val\06051_Plantae_Tracheophyta_Liliopsida_Asparagales_Orchidaceae_Neotinea_tridentata\6dcf0888-037b-4461-8557-77e7154ffd29.jpg,290,419,419 378 290 411 417
data\raw\val\06051_Plantae_Tracheophyta_Liliopsida_Asparagales_Orchidaceae_Neotinea_tridentata\603fb153-b7fb-4eb1-9fa2-1a1bf8053e44.jpg,290,290,290 416 423 378 63
data\raw\val\06051_Plantae_Tracheophyta_Liliopsida_Asparagales_Orchidaceae_Neotinea_tridentata\b7763326-34fd-494b-b4d0-e8f0a22972d4.jpg,290,419,419 373 417 383 415
data\raw\val\06051_Plantae_Tracheophyta_Liliopsida_Asparagales_Orchidaceae_Neotinea_tridentata\4fcaf438-fce4-4f96-9997-ac20b7c3c85b.jpg,290,378,378 318 410 419 352
data\raw\val\06051_Plantae_Tracheophyta_Liliopsida_Asparagales_Orchidaceae_Neotinea_tridentata\fa57697e-0ea2-4999-8463-c30e38d82f7d.jpg,290,290,290 388 378 330 63
data\raw\val\06051_Plantae_Tracheophyta_Liliopsida_Asparagales_Orchidaceae_Neotinea_tridentata\ce123b5c-f3f3-4e6c-8c59-1e5cfaf5997f.jpg,290,290,290 423 361 416 368
data\raw\val\06051_Plantae_Tracheophyta_Liliopsida_Asparagales_Orchidaceae_Neotinea_tridentata\6d4d6d36-3c47-4547-afc7-bef27843f6a8.jpg,290,383,383 290 368 417 287
data\raw\val\06064_Plantae_Tracheophyta_Liliopsida_Asparagales_Orchidaceae_Ophrys_tenthredinifera\53d7b6d4-9212-4899-ab85-52699d8d139f.jpg,291,383,383 419 339 411 43
data\raw\val\06064_Plantae_Tracheophyta_Liliopsida_Asparagales_Orchidaceae_Ophrys_tenthredinifera\c765f743-e6e9-4c77-ba33-91545471e1fe.jpg,291,291,291 292 342 288 282
data\raw\val\06064_Plantae_Tracheophyta_Liliopsida_Asparagales_Orchidaceae_Ophrys_tenthredinifera\14de81c8-ece9-4e73-8d41-276d28e23cf2.jpg,291,437,437 291 119 277 71
data\raw\val\06064_Plantae_Tracheophyta_Liliopsida_Asparagales_Orchidaceae_Ophrys_tenthredinifera\6697df70-4b4e-47ad-b48c-914dfb71ce07.jpg,291,352,352 410 378 346 318
data\raw\val\06064_Plantae_Tracheophyta_Liliopsida_Asparagales_Orchidaceae_Ophrys_tenthredinifera\502b0eef-05a3-49ca-9ebd-8729e12db3ef.jpg,291,291,291 342 437 282 348
data\raw\val\06064_Plantae_Tracheophyta_Liliopsida_Asparagales_Orchidaceae_Ophrys_tenthredinifera\bd7a37bc-6cf3-4e43-887e-6d3323fa3f22.jpg,291,291,291 288 286 377 342
data\raw\val\06064_Plantae_Tracheophyta_Liliopsida_Asparagales_Orchidaceae_Ophrys_tenthredinifera\3ed76f24-a4db-4bf7-b071-47bf1d54a9b3.jpg,291,291,291 388 342 377 368
data\raw\val\06064_Plantae_Tracheophyta_Liliopsida_Asparagales_Orchidaceae_Ophrys_tenthredinifera\4aa17c52-6bc5-4310-a714-6b2488f2a548.jpg,291,291,291 377 388 290 426
data\raw\val\06064_Plantae_Tracheophyta_Liliopsida_Asparagales_Orchidaceae_Ophrys_tenthredinifera\d93b508d-7da9-4102-8043-7a08b467cbef.jpg,291,455,455 417 419 378 418
data\raw\val\06064_Plantae_Tracheophyta_Liliopsida_Asparagales_Orchidaceae_Ophrys_tenthredinifera\25215f7d-5e0c-4473-b78a-58f7697f81a7.jpg,291,286,286 423 291 290 426
data\raw\val\06117_Plantae_Tracheophyta_Liliopsida_Commelinales_Haemodoraceae_Wachendorfia_paniculata\fb1a9e5b-192f-40f9-a903-a8867587516e.jpg,292,326,326 325 333 337 376
data\raw\val\06117_Plantae_Tracheophyta_Liliopsida_Commelinales_Haemodoraceae_Wachendorfia_paniculata\5b2d6409-0697-4c27-8db9-5e3170176319.jpg,292,292,292 460 40 61 28
data\raw\val\06117_Plantae_Tracheophyta_Liliopsida_Commelinales_Haemodoraceae_Wachendorfia_paniculata\1d1dadc9-a624-4bc4-bd5d-b05db18e3cf0.jpg,292,292,292 201 331 402 68
data\raw\val\06117_Plantae_Tracheophyta_Liliopsida_Commelinales_Haemodoraceae_Wachendorfia_paniculata\7b9abb22-747d-4b49-9717-fc0a874a6c2f.jpg,292,292,292 332 412 457 61
data\raw\val\06117_Plantae_Tracheophyta_Liliopsida_Commelinales_Haemodoraceae_Wachendorfia_paniculata\7daab78f-a9a1-4127-b870-bb0109442567.jpg,292,292,292 353 384 299 458
data\raw\val\06117_Plantae_Tracheophyta_Liliopsida_Commelinales_Haemodoraceae_Wachendorfia_paniculata\a5496ccd-6878-4352-8c4e-e59f8fe23054.jpg,292,442,442 372 315 392 468
data\raw\val\06117_Plantae_Tracheophyta_Liliopsida_Commelinales_Haemodoraceae_Wachendorfia_paniculata\e5938241-8aa0-4e49-acb9-b6a9c704a6c8.jpg,292,292,292 463 331 459 380
data\raw\val\06117_Plantae_Tracheophyta_Liliopsida_Commelinales_Haemodoraceae_Wachendorfia_paniculata\92cc7ab2-9d45-45d6-9828-413382398a38.jpg,292,292,292 308 353 40 284
data\raw\val\06117_Plantae_Tracheophyta_Liliopsida_Commelinales_Haemodoraceae_Wachendorfia_paniculata\c6eddf60-c1fe-4304-9873-fbd8770e1a8f.jpg,292,353,353 292 480 131 282
data\raw\val\06117_Plantae_Tracheophyta_Liliopsida_Commelinales_Haemodoraceae_Wachendorfia_paniculata\51b7e8ad-38b3-4bb0-b029-dfef38e92029.jpg,292,459,459 420 463 454 292
data\raw\val\06229_Plantae_Tracheophyta_Liliopsida_Poales_Bromeliaceae_Tillandsia_utriculata\2a9651bd-4db5-48ee-9dc3-24e3dad60f3a.jpg,293,436,436 440 479 399 441
data\raw\val\06229_Plantae_Tracheophyta_Liliopsida_Poales_Bromeliaceae_Tillandsia_utriculata\babf4b7c-bae7-4049-bf81-be87b1177ec4.jpg,293,441,441 459 278 375 293
data\raw\val\06229_Plantae_Tracheophyta_Liliopsida_Poales_Bromeliaceae_Tillandsia_utriculata\86811971-31e1-4c97-a749-d0cbf2202ccc.jpg,293,198,198 293 207 278 188
data\raw\val\06229_Plantae_Tracheophyta_Liliopsida_Poales_Bromeliaceae_Tillandsia_utriculata\ee9b4520-3123-44bc-a21a-7a630b9fca82.jpg,293,299,299 428 73 289 284
data\raw\val\06229_Plantae_Tracheophyta_Liliopsida_Poales_Bromeliaceae_Tillandsia_utriculata\6380f426-6f90-4d8d-9d54-15d7faade6fb.jpg,293,293,293 498 441 459 376
data\raw\val\06229_Plantae_Tracheophyta_Liliopsida_Poales_Bromeliaceae_Tillandsia_utriculata\84c9f79f-c821-4234-8937-cfbc6e410eb2.jpg,293,283,283 278 327 467 293
data\raw\val\06229_Plantae_Tracheophyta_Liliopsida_Poales_Bromeliaceae_Tillandsia_utriculata\da272f97-31cf-4962-a0b9-ff4a073c9e99.jpg,293,324,324 294 331 420 427
data\raw\val\06229_Plantae_Tracheophyta_Liliopsida_Poales_Bromeliaceae_Tillandsia_utriculata\84a7c2a9-3460-4e73-a4c9-96d4c55f66f5.jpg,293,313,313 442 364 434 484
data\raw\val\06229_Plantae_Tracheophyta_Liliopsida_Poales_Bromeliaceae_Tillandsia_utriculata\6a04f13c-8a4f-43bd-87c0-0a6bbce9952c.jpg,293,376,376 476 441 431 497
data\raw\val\06229_Plantae_Tracheophyta_Liliopsida_Poales_Bromeliaceae_Tillandsia_utriculata\aea95e60-ed23-46db-bcef-3110017b1b47.jpg,293,293,293 365 442 284 418
data\raw\val\06238_Plantae_Tracheophyta_Liliopsida_Poales_Cyperaceae_Carex_digitata\823cb7e2-9f3d-4001-8ac3-3a2d34bfdfa1.jpg,294,288,288 287 29 15 86
data\raw\val\06238_Plantae_Tracheophyta_Liliopsida_Poales_Cyperaceae_Carex_digitata\db4cc72c-b017-4acf-a30d-c6a1f55935fc.jpg,294,294,294 427 406 177 450
data\raw\val\06238_Plantae_Tracheophyta_Liliopsida_Poales_Cyperaceae_Carex_digitata\5e27df78-7be7-4e9f-ab6a-05477c3f3ac4.jpg,294,438,438 300 231 28 367
data\raw\val\06238_Plantae_Tracheophyta_Liliopsida_Poales_Cyperaceae_Carex_digitata\3104b78b-bff3-4ad8-a0c7-fb96c694dc19.jpg,294,377,377 295 273 491 281
data\raw\val\06238_Plantae_Tracheophyta_Liliopsida_Poales_Cyperaceae_Carex_digitata\528c8915-5d07-44af-bf1d-68762c877a26.jpg,294,353,353 491 288 303 297
data\raw\val\06238_Plantae_Tracheophyta_Liliopsida_Poales_Cyperaceae_Carex_digitata\722873fa-3ae7-404c-945a-eae02a5a7d40.jpg,294,294,294 299 402 494 498
data\raw\val\06238_Plantae_Tracheophyta_Liliopsida_Poales_Cyperaceae_Carex_digitata\0cf5e7cf-74b5-479b-b92e-5548796339a0.jpg,294,494,494 498 473 496 362
data\raw\val\06238_Plantae_Tracheophyta_Liliopsida_Poales_Cyperaceae_Carex_digitata\b9b2a590-3787-488d-a188-4c34bcb7d589.jpg,294,294,294 491 302 295 407
data\raw\val\06238_Plantae_Tracheophyta_Liliopsida_Poales_Cyperaceae_Carex_digitata\3cc29890-3423-4db3-88f3-1dbd2488dd0f.jpg,294,294,294 295 491 322 299
data\raw\val\06238_Plantae_Tracheophyta_Liliopsida_Poales_Cyperaceae_Carex_digitata\0dc49bd1-0d1d-4e95-b149-819893362b3b.jpg,294,294,294 331 428 299 324
data\raw\val\06239_Plantae_Tracheophyta_Liliopsida_Poales_Cyperaceae_Carex_eburnea\4452aa6b-d2ad-4396-be06-42efdeb95de7.jpg,295,294,294 299 296 277 322
data\raw\val\06239_Plantae_Tracheophyta_Liliopsida_Poales_Cyperaceae_Carex_eburnea\2f273118-c0e0-4538-b6e9-64b4a856cadf.jpg,295,277,277 296 450 320 305
data\raw\val\06239_Plantae_Tracheophyta_Liliopsida_Poales_Cyperaceae_Carex_eburnea\99d34ecd-443d-4ec3-a5e9-9c0c0798828f.jpg,295,296,296 295 298 297 304
data\raw\val\06239_Plantae_Tracheophyta_Liliopsida_Poales_Cyperaceae_Carex_eburnea\269afd68-c6fe-402d-9e91-baa2dad5cd12.jpg,295,296,296 304 305 295 322
data\raw\val\06239_Plantae_Tracheophyta_Liliopsida_Poales_Cyperaceae_Carex_eburnea\d21f06f9-2dab-4fa0-946b-3ada0c30298b.jpg,295,418,418 339 487 465 426
data\raw\val\06239_Plantae_Tracheophyta_Liliopsida_Poales_Cyperaceae_Carex_eburnea\d35f8489-0a73-4503-a50d-af0f2adfa6d4.jpg,295,281,281 381 361 491 377
data\raw\val\06239_Plantae_Tracheophyta_Liliopsida_Poales_Cyperaceae_Carex_eburnea\1ee3dae8-270b-4cb3-b3ec-08009db74761.jpg,295,418,418 442 295 232 392
data\raw\val\06239_Plantae_Tracheophyta_Liliopsida_Poales_Cyperaceae_Carex_eburnea\69ef4ada-6a18-448d-9142-35c2245a73b2.jpg,295,294,294 322 345 335 302
data\raw\val\06239_Plantae_Tracheophyta_Liliopsida_Poales_Cyperaceae_Carex_eburnea\26e59aa2-4830-45fa-8d35-448a1c0d8f04.jpg,295,491,491 295 498 494 284
data\raw\val\06239_Plantae_Tracheophyta_Liliopsida_Poales_Cyperaceae_Carex_eburnea\99815d31-3291-43f0-ae2b-29fa2f63c3a4.jpg,295,359,359 320 304 305 392
data\raw\val\06242_Plantae_Tracheophyta_Liliopsida_Poales_Cyperaceae_Carex_gracillima\4c13b72c-9ac0-47f9-b7cd-7809a76accda.jpg,296,296,296 310 343 407 411
data\raw\val\06242_Plantae_Tracheophyta_Liliopsida_Poales_Cyperaceae_Carex_gracillima\62ce1a10-1f32-4993-97c8-83bfec809fcf.jpg,296,452,452 429 396 397 281
data\raw\val\06242_Plantae_Tracheophyta_Liliopsida_Poales_Cyperaceae_Carex_gracillima\f635061c-3f4a-4578-a0e9-c75cf9920a09.jpg,296,296,296 304 343 491 305
data\raw\val\06242_Plantae_Tracheophyta_Liliopsida_Poales_Cyperaceae_Carex_gracillima\7251732b-b4fa-425a-b636-2b46aef32965.jpg,296,296,296 294 121 302 298
data\raw\val\06242_Plantae_Tracheophyta_Liliopsida_Poales_Cyperaceae_Carex_gracillima\40d92096-04c3-4305-bc56-4e12e31ac6a1.jpg,296,310,310 407 383 311 453
data\raw\val\06242_Plantae_Tracheophyta_Liliopsida_Poales_Cyperaceae_Carex_gracillima\d713c7f5-c792-4399-bb8f-e7abaa847bd1.jpg,296,296,296 294 304 285 320
data\raw\val\06242_Plantae_Tracheophyta_Liliopsida_Poales_Cyperaceae_Carex_gracillima\f6c0ae7b-e1ab-4508-a756-fbbfb4b1d1f9.jpg,296,302,302 296 121 304 4
data\raw\val\06242_Plantae_Tracheophyta_Liliopsida_Poales_Cyperaceae_Carex_gracillima\2a30293e-978b-4b01-bb71-68ef5b126eb0.jpg,296,263,263 297 296 260 339
data\raw\val\06242_Plantae_Tracheophyta_Liliopsida_Poales_Cyperaceae_Carex_gracillima\5862f343-0123-4059-b1e5-4e91168ff99a.jpg,296,294,294 263 281 331 309
data\raw\val\06242_Plantae_Tracheophyta_Liliopsida_Poales_Cyperaceae_Carex_gracillima\2eaa14c0-7e68-4cad-96ac-e56cff4c5193.jpg,296,296,296 491 285 303 301
data\raw\val\06246_Plantae_Tracheophyta_Liliopsida_Poales_Cyperaceae_Carex_hystericina\70bae1e4-1358-4e87-9643-e17195bdd8d3.jpg,297,374,374 297 384 263 298
data\raw\val\06246_Plantae_Tracheophyta_Liliopsida_Poales_Cyperaceae_Carex_hystericina\812d2ca0-51d9-479b-9e68-58422ae067e1.jpg,297,119,119 42 103 4 121
data\raw\val\06246_Plantae_Tracheophyta_Liliopsida_Poales_Cyperaceae_Carex_hystericina\f6a062c2-2120-4458-8481-fe13a06b31b3.jpg,297,374,374 297 381 298 309
data\raw\val\06246_Plantae_Tracheophyta_Liliopsida_Poales_Cyperaceae_Carex_hystericina\a41bec47-290b-4073-96f8-f0db766cd2e2.jpg,297,458,458 459 298 289 375
data\raw\val\06246_Plantae_Tracheophyta_Liliopsida_Poales_Cyperaceae_Carex_hystericina\8fd39958-163b-4771-b0f9-9d95b57ac991.jpg,297,297,297 335 326 281 375
data\raw\val\06246_Plantae_Tracheophyta_Liliopsida_Poales_Cyperaceae_Carex_hystericina\760477e1-7c73-444f-9e4f-6dbbe3a9f49f.jpg,297,104,104 128 302 254 247
data\raw\val\06246_Plantae_Tracheophyta_Liliopsida_Poales_Cyperaceae_Carex_hystericina\6bc5f69c-a16e-4dc6-9859-8fa5be0d8a7b.jpg,297,372,372 243 190 492 262
data\raw\val\06246_Plantae_Tracheophyta_Liliopsida_Poales_Cyperaceae_Carex_hystericina\8d34de98-afc7-464a-8030-d13ceadfb250.jpg,297,304,304 113 343 105 296
data\raw\val\06246_Plantae_Tracheophyta_Liliopsida_Poales_Cyperaceae_Carex_hystericina\cd59bfee-844b-49c3-b2c3-b081ab7d4f75.jpg,297,298,298 428 491 289 297
data\raw\val\06246_Plantae_Tracheophyta_Liliopsida_Poales_Cyperaceae_Carex_hystericina\f6f49127-06c5-4315-9729-e72e920103ab.jpg,297,427,427 299 392 338 289
data\raw\val\06273_Plantae_Tracheophyta_Liliopsida_Poales_Cyperaceae_Carex_vulpinoidea\1e225f98-b8b7-4ec9-9bc2-35d3fd2a6404.jpg,298,301,301 300 428 305 289
data\raw\val\06273_Plantae_Tracheophyta_Liliopsida_Poales_Cyperaceae_Carex_vulpinoidea\6ab9844f-8cdf-4f7b-9f3a-ec06ddf5d895.jpg,298,298,298 289 374 297 277
data\raw\val\06273_Plantae_Tracheophyta_Liliopsida_Poales_Cyperaceae_Carex_vulpinoidea\e46ee318-5ede-443a-9ad7-d6554ebc2911.jpg,298,91,91 298 253 37 68
data\raw\val\06273_Plantae_Tracheophyta_Liliopsida_Poales_Cyperaceae_Carex_vulpinoidea\b663b34b-1e2b-4669-be6d-0c923547a19b.jpg,298,309,309 298 428 289 303
data\raw\val\06273_Plantae_Tracheophyta_Liliopsida_Poales_Cyperaceae_Carex_vulpinoidea\4fa1b896-e5f8-420a-bd44-baee6baecb62.jpg,298,296,296 298 294 305 304
data\raw\val\06273_Plantae_Tracheophyta_Liliopsida_Poales_Cyperaceae_Carex_vulpinoidea\03afa765-f2a1-46cc-9ddd-54adbea0269d.jpg,298,298,298 297 374 309 289
data\raw\val\06273_Plantae_Tracheophyta_Liliopsida_Poales_Cyperaceae_Carex_vulpinoidea\2e994d63-df80-41a0-94c6-2d497fb798dc.jpg,298,326,326 305 402 322 491
data\raw\val\06273_Plantae_Tracheophyta_Liliopsida_Poales_Cyperaceae_Carex_vulpinoidea\25c44355-82e0-4e70-8c7b-5d4fe4be1a9c.jpg,298,75,75 107 86 40 28
data\raw\val\06273_Plantae_Tracheophyta_Liliopsida_Poales_Cyperaceae_Carex_vulpinoidea\ca08e6ae-18fa-4577-922f-bb7a21aba2fd.jpg,298,304,304 296 305 297 298
data\raw\val\06273_Plantae_Tracheophyta_Liliopsida_Poales_Cyperaceae_Carex_vulpinoidea\c160c9ae-2435-4894-8b59-77dd0270a79c.jpg,298,102,102 31 64 94 236
data\raw\val\06277_Plantae_Tracheophyta_Liliopsida_Poales_Cyperaceae_Cyperus_eragrostis\06b6189c-1b12-4533-b2f9-8d4a840c6b63.jpg,299,358,358 441 467 487 451
data\raw\val\06277_Plantae_Tracheophyta_Liliopsida_Poales_Cyperaceae_Cyperus_eragrostis\9d1fc690-5aa1-4d9e-8664-6178ef8caea4.jpg,299,374,374 297 298 299 289
data\raw\val\06277_Plantae_Tracheophyta_Liliopsida_Poales_Cyperaceae_Cyperus_eragrostis\c6249d66-ddbd-4abe-8cde-5aac7ed16140.jpg,299,302,302 296 322 320 466
data\raw\val\06277_Plantae_Tracheophyta_Liliopsida_Poales_Cyperaceae_Cyperus_eragrostis\24ca7cd2-7a56-4b88-a3fe-f8cb481040cf.jpg,299,299,299 322 491 294 428
data\raw\val\06277_Plantae_Tracheophyta_Liliopsida_Poales_Cyperaceae_Cyperus_eragrostis\2c295172-d187-4742-8e0d-9fd9e091f2b3.jpg,299,403,403 387 394 299 333
data\raw\val\06277_Plantae_Tracheophyta_Liliopsida_Poales_Cyperaceae_Cyperus_eragrostis\9e0be913-e63d-4c01-9b58-80c8aae0be2d.jpg,299,450,450 324 492 322 494
data\raw\val\06277_Plantae_Tracheophyta_Liliopsida_Poales_Cyperaceae_Cyperus_eragrostis\98ebf16e-518b-483f-a95b-af350e7c462b.jpg,299,298,298 297 299 289 384
data\raw\val\06277_Plantae_Tracheophyta_Liliopsida_Poales_Cyperaceae_Cyperus_eragrostis\2d30edd2-7eca-444e-89f0-2ac21670bf70.jpg,299,299,299 327 376 458 325
data\raw\val\06277_Plantae_Tracheophyta_Liliopsida_Poales_Cyperaceae_Cyperus_eragrostis\dbf49cd1-12af-40d7-a880-1943741d953c.jpg,299,308,308 37 39 14 38
data\raw\val\06277_Plantae_Tracheophyta_Liliopsida_Poales_Cyperaceae_Cyperus_eragrostis\4112afd3-ea80-481b-b0ef-61140945c207.jpg,299,299,299 428 491 458 289
data\raw\val\06293_Plantae_Tracheophyta_Liliopsida_Poales_Cyperaceae_Schoenoplectus_acutus\e330c556-0cdf-464c-8668-d6c71f75fc81.jpg,300,286,286 26 277 39 300
data\raw\val\06293_Plantae_Tracheophyta_Liliopsida_Poales_Cyperaceae_Schoenoplectus_acutus\62261e64-5507-4f74-ba98-1d5ce791d4b2.jpg,300,300,300 284 375 278 355
data\raw\val\06293_Plantae_Tracheophyta_Liliopsida_Poales_Cyperaceae_Schoenoplectus_acutus\7c14946d-780c-4c01-8d03-f8f95fe9e02d.jpg,300,345,345 469 308 479 403
data\raw\val\06293_Plantae_Tracheophyta_Liliopsida_Poales_Cyperaceae_Schoenoplectus_acutus\099819fb-698e-40b8-99ec-5c719a6aa865.jpg,300,300,300 355 476 284 278
data\raw\val\06293_Plantae_Tracheophyta_Liliopsida_Poales_Cyperaceae_Schoenoplectus_acutus\1bc6de2c-2c5d-4a12-93bf-d6eb9ae09374.jpg,300,300,300 284 220 486 278
data\raw\val\06293_Plantae_Tracheophyta_Liliopsida_Poales_Cyperaceae_Schoenoplectus_acutus\137c4d03-afde-4e17-9354-d2ebaaf2ecc3.jpg,300,301,301 428 404 300 303
data\raw\val\06293_Plantae_Tracheophyta_Liliopsida_Poales_Cyperaceae_Schoenoplectus_acutus\6d36aea7-a3f9-4469-b573-5ef226913286.jpg,300,306,306 300 278 301 295
data\raw\val\06293_Plantae_Tracheophyta_Liliopsida_Poales_Cyperaceae_Schoenoplectus_acutus\94163660-4097-4102-999e-beb9ca49d2ba.jpg,300,300,300 428 301 309 284
data\raw\val\06293_Plantae_Tracheophyta_Liliopsida_Poales_Cyperaceae_Schoenoplectus_acutus\e056f00d-e507-45bd-a853-43cefb54f3af.jpg,300,300,300 297 304 296 263
data\raw\val\06293_Plantae_Tracheophyta_Liliopsida_Poales_Cyperaceae_Schoenoplectus_acutus\0a0ce8e0-b493-48bb-ad36-16c673a04b43.jpg,300,404,404 297 459 300 376
data\raw\val\06321_Plantae_Tracheophyta_Liliopsida_Poales_Poaceae_Ammophila_breviligulata\8d325d1d-fd77-4e94-8358-1cb7521a58cd.jpg,301,325,325 380 374 333 463
data\raw\val\06321_Plantae_Tracheophyta_Liliopsida_Poales_Poaceae_Ammophila_breviligulata\71250959-cd99-4b7c-b0c4-18c6937a5014.jpg,301,301,301 306 392 325 319
data\raw\val\06321_Plantae_Tracheophyta_Liliopsida_Poales_Poaceae_Ammophila_breviligulata\6a26506a-85c8-4ec1-98fd-0d62e89da8d1.jpg,301,301,301 303 428 305 319
data\raw\val\06321_Plantae_Tracheophyta_Liliopsida_Poales_Poaceae_Ammophila_breviligulata\b8053dfa-b651-4933-888a-cd9a0caacf12.jpg,301,110,110 121 225 10 243
data\raw\val\06321_Plantae_Tracheophyta_Liliopsida_Poales_Poaceae_Ammophila_breviligulata\f26b11c8-f69b-487f-9d10-eb836b6c0f40.jpg,301,322,322 498 302 428 491
data\raw\val\06321_Plantae_Tracheophyta_Liliopsida_Poales_Poaceae_Ammophila_breviligulata\0b3f4392-fe01-4b11-8eee-26427e555c44.jpg,301,220,220 147 164 160 152
data\raw\val\06321_Plantae_Tracheophyta_Liliopsida_Poales_Poaceae_Ammophila_breviligulata\d856ced5-9824-405a-b8c5-2ad84264e397.jpg,301,300,300 220 301 155 376
data\raw\val\06321_Plantae_Tracheophyta_Liliopsida_Poales_Poaceae_Ammophila_breviligulata\944b0b62-3e1b-45f3-a0a4-44cb9d87306f.jpg,301,301,301 283 300 319 224
data\raw\val\06321_Plantae_Tracheophyta_Liliopsida_Poales_Poaceae_Ammophila_breviligulata\ca4d8118-a5bc-4822-b80d-d33306d3ad9d.jpg,301,301,301 306 305 392 224
data\raw\val\06321_Plantae_Tracheophyta_Liliopsida_Poales_Poaceae_Ammophila_breviligulata\0130f8f7-682c-4fdc-9341-976afecefda2.jpg,301,495,495 494 491 498 226
data\raw\val\06366_Plantae_Tracheophyta_Liliopsida_Poales_Poaceae_Digitaria_sanguinalis\ad57378a-a927-4dae-861b-42a7ae7cc4d2.jpg,302,428,428 302 294 299 322
data\raw\val\06366_Plantae_Tracheophyta_Liliopsida_Poales_Poaceae_Digitaria_sanguinalis\7e511437-2acd-4605-abd6-52476c8a2ef6.jpg,302,296,296 294 304 302 322
data\raw\val\06366_Plantae_Tracheophyta_Liliopsida_Poales_Poaceae_Digitaria_sanguinalis\5451ee91-b8c1-48c3-b07a-af808a424eae.jpg,302,302,302 322 492 294 450
data\raw\val\06366_Plantae_Tracheophyta_Liliopsida_Poales_Poaceae_Digitaria_sanguinalis\3277b357-5ddf-4446-ba6a-b6ffdf6d6a74.jpg,302,296,296 343 295 277 304
data\raw\val\06366_Plantae_Tracheophyta_Liliopsida_Poales_Poaceae_Digitaria_sanguinalis\aba75a14-163b-4bc9-b832-6fef10f67dec.jpg,302,302,302 299 428 322 498
data\raw\val\06366_Plantae_Tracheophyta_Liliopsida_Poales_Poaceae_Digitaria_sanguinalis\ff3ecc98-f68c-4d56-bca4-d70ae89b4d19.jpg,302,468,468 313 327 394 314
data\raw\val\06366_Plantae_Tracheophyta_Liliopsida_Poales_Poaceae_Digitaria_sanguinalis\26e9fdde-26c7-46be-8ef7-05d9ecf8e3fb.jpg,302,396,396 399 416 395 478
data\raw\val\06366_Plantae_Tracheophyta_Liliopsida_Poales_Poaceae_Digitaria_sanguinalis\e84a7748-37b5-4f32-b4d4-7d190dba48ad.jpg,302,324,324 484 377 331 322
data\raw\val\06366_Plantae_Tracheophyta_Liliopsida_Poales_Poaceae_Digitaria_sanguinalis\358a308c-530d-4074-b690-59a4e47ab7e3.jpg,302,281,281 471 382 345 335
data\raw\val\06366_Plantae_Tracheophyta_Liliopsida_Poales_Poaceae_Digitaria_sanguinalis\2163d5bd-2602-455b-ae0e-63de1fc33010.jpg,302,311,311 482 472 481 473
data\raw\val\06382_Plantae_Tracheophyta_Liliopsida_Poales_Poaceae_Hordeum_murinum\fb7d25ed-8efe-4b4e-a74a-ae9b829c2bbc.jpg,303,491,491 303 495 466 309
data\raw\val\06382_Plantae_Tracheophyta_Liliopsida_Poales_Poaceae_Hordeum_murinum\b305d82b-d13b-4f6a-a4a5-935ca544d034.jpg,303,121,121 298 297 304 302
data\raw\val\06382_Plantae_Tracheophyta_Liliopsida_Poales_Poaceae_Hordeum_murinum\0edb5c0c-7a52-4ab8-ba71-d6cf2b4468b5.jpg,303,284,284 349 303 283 301
data\raw\val\06382_Plantae_Tracheophyta_Liliopsida_Poales_Poaceae_Hordeum_murinum\c94cd9bf-f7de-4d5c-a5be-e839362b9802.jpg,303,359,359 319 392 304 320
data\raw\val\06382_Plantae_Tracheophyta_Liliopsida_Poales_Poaceae_Hordeum_murinum\c578c611-8996-45b0-8162-dd41de7926dd.jpg,303,402,402 359 320 319 322
data\raw\val\06382_Plantae_Tracheophyta_Liliopsida_Poales_Poaceae_Hordeum_murinum\efd23656-100e-49f4-bdd8-2fb1a980b385.jpg,303,300,300 301 428 200 284
data\raw\val\06382_Plantae_Tracheophyta_Liliopsida_Poales_Poaceae_Hordeum_murinum\1c8efe2a-8770-459d-8e6d-ff859ea781d9.jpg,303,306,306 295 322 301 392
data\raw\val\06382_Plantae_Tracheophyta_Liliopsida_Poales_Poaceae_Hordeum_murinum\4035089d-79ea-41ef-93df-008c5187994c.jpg,303,402,402 320 359 305 322
data\raw\val\06382_Plantae_Tracheophyta_Liliopsida_Poales_Poaceae_Hordeum_murinum\25be04ea-1cd6-4273-b59f-2169014bd85f.jpg,303,491,491 494 498 309 466
data\raw\val\06382_Plantae_Tracheophyta_Liliopsida_Poales_Poaceae_Hordeum_murinum\932aefac-fbb3-4d20-bc5e-adb5ab3672fe.jpg,303,305,305 304 296 301 322
data\raw\val\06407_Plantae_Tracheophyta_Liliopsida_Poales_Poaceae_Paspalum_dilatatum\355a838f-24b0-4830-be2d-3835fd70aca5.jpg,304,304,304 322 302 297 305
data\raw\val\06407_Plantae_Tracheophyta_Liliopsida_Poales_Poaceae_Paspalum_dilatatum\b07aa436-33ef-4a56-a427-28679e2afb09.jpg,304,387,387 317 335 403 20
data\raw\val\06407_Plantae_Tracheophyta_Liliopsida_Poales_Poaceae_Paspalum_dilatatum\69bd4a9e-6565-4292-af08-7fc92c13ae65.jpg,304,294,294 295 299 491 309
data\raw\val\06407_Plantae_Tracheophyta_Liliopsida_Poales_Poaceae_Paspalum_dilatatum\8836d011-abf0-435b-83b0-5c84d546c051.jpg,304,402,402 466 324 384 320
data\raw\val\06407_Plantae_Tracheophyta_Liliopsida_Poales_Poaceae_Paspalum_dilatatum\6b10d5cd-f46c-4084-ac3e-55c2498d7ecf.jpg,304,281,281 381 200 263 491
data\raw\val\06407_Plantae_Tracheophyta_Liliopsida_Poales_Poaceae_Paspalum_dilatatum\f8a59364-26f8-4f4e-bec0-8a77c71caae6.jpg,304,458,458 389 277 384 334
data\raw\val\06407_Plantae_Tracheophyta_Liliopsida_Poales_Poaceae_Paspalum_dilatatum\2237f99e-ee05-418b-8a50-f1fc84a58ecc.jpg,304,355,355 300 278 301 316
data\raw\val\06407_Plantae_Tracheophyta_Liliopsida_Poales_Poaceae_Paspalum_dilatatum\5e6fe28b-9fc9-4531-9099-6316d202790a.jpg,304,300,300 305 304 392 303
data\raw\val\06407_Plantae_Tracheophyta_Liliopsida_Poales_Poaceae_Paspalum_dilatatum\a458cbbc-f235-4f84-82b5-9b253af208aa.jpg,304,200,200 226 305 263 281
data\raw\val\06407_Plantae_Tracheophyta_Liliopsida_Poales_Poaceae_Paspalum_dilatatum\37409671-cc92-4fe7-befe-9d055e42f39c.jpg,304,304,304 305 461 320 374
data\raw\val\06409_Plantae_Tracheophyta_Liliopsida_Poales_Poaceae_Paspalum_urvillei\f11640cd-f259-4625-b9a2-c414ab274741.jpg,305,301,301 294 302 428 303
data\raw\val\06409_Plantae_Tracheophyta_Liliopsida_Poales_Poaceae_Paspalum_urvillei\dde5995e-2d5c-4361-9140-f5212ea64911.jpg,305,375,375 293 441 195 289
data\raw\val\06409_Plantae_Tracheophyta_Liliopsida_Poales_Poaceae_Paspalum_urvillei\6a6c01bb-9c77-45bb-a1ee-a00b43d6efcb.jpg,305,1,1 286 46 432 277
data\raw\val\06409_Plantae_Tracheophyta_Liliopsida_Poales_Poaceae_Paspalum_urvillei\d784c806-eb37-4e85-86f9-7b2394429c05.jpg,305,301,301 300 428 303 392
data\raw\val\06409_Plantae_Tracheophyta_Liliopsida_Poales_Poaceae_Paspalum_urvillei\d4081db4-fa1d-4891-adb2-407d358e025c.jpg,305,402,402 224 305 320 376
data\raw\val\06409_Plantae_Tracheophyta_Liliopsida_Poales_Poaceae_Paspalum_urvillei\e66b21a5-0804-43c0-ab42-6893ffd7f1ec.jpg,305,306,306 305 199 309 201
data\raw\val\06409_Plantae_Tracheophyta_Liliopsida_Poales_Poaceae_Paspalum_urvillei\1c02d33e-daba-4cfa-898d-d976b4b2b337.jpg,305,294,294 277 299 297 309
data\raw\val\06409_Plantae_Tracheophyta_Liliopsida_Poales_Poaceae_Paspalum_urvillei\0b3cbe84-ea1e-436e-b121-91b374872ec7.jpg,305,491,491 295 274 281 498
data\raw\val\06409_Plantae_Tracheophyta_Liliopsida_Poales_Poaceae_Paspalum_urvillei\f63ec329-2c53-4a5b-a6b3-4e73b6d2aa9a.jpg,305,300,300 428 301 309 298
data\raw\val\06409_Plantae_Tracheophyta_Liliopsida_Poales_Poaceae_Paspalum_urvillei\a723e83f-cadc-450a-8f69-b941a3067238.jpg,305,298,298 309 289 297 277
data\raw\val\06432_Plantae_Tracheophyta_Liliopsida_Poales_Poaceae_Stipa_pennata\5381c327-ae68-4f88-8565-b3b3223e3d95.jpg,306,491,491 294 302 303 428
data\raw\val\06432_Plantae_Tracheophyta_Liliopsida_Poales_Poaceae_Stipa_pennata\23cff6a8-cdec-486f-badb-8732f0b811f7.jpg,306,306,306 301 303 404 355
data\raw\val\06432_Plantae_Tracheophyta_Liliopsida_Poales_Poaceae_Stipa_pennata\3287ce7f-38d1-452d-82ff-c965f97825fd.jpg,306,200,200 36 162 446 459
data\raw\val\06432_Plantae_Tracheophyta_Liliopsida_Poales_Poaceae_Stipa_pennata\7d427319-5cf1-4ccc-a57d-fbe6dc2429e7.jpg,306,306,306 281 309 295 335
data\raw\val\06432_Plantae_Tracheophyta_Liliopsida_Poales_Poaceae_Stipa_pennata\e8128cb6-62e5-4e5b-bae9-3288376ac8d4.jpg,306,306,306 295 309 281 322
data\raw\val\06432_Plantae_Tracheophyta_Liliopsida_Poales_Poaceae_Stipa_pennata\e117a6bd-0549-4f48-8b73-bce0bc21b1b4.jpg,306,306,306 322 281 295 309
data\raw\val\06432_Plantae_Tracheophyta_Liliopsida_Poales_Poaceae_Stipa_pennata\8d9dfccb-4e04-4943-a236-b01abe6baa1c.jpg,306,221,221 306 151 226 159
data\raw\val\06432_Plantae_Tracheophyta_Liliopsida_Poales_Poaceae_Stipa_pennata\7a979c59-5817-4eff-aad5-7c8830d30598.jpg,306,306,306 392 224 201 226
data\raw\val\06432_Plantae_Tracheophyta_Liliopsida_Poales_Poaceae_Stipa_pennata\7843edcd-df7e-413b-a505-64d4755968bc.jpg,306,306,306 301 305 309 392
data\raw\val\06432_Plantae_Tracheophyta_Liliopsida_Poales_Poaceae_Stipa_pennata\8524cc7f-1c75-478c-819c-e5a3a91299d3.jpg,306,306,306 309 302 226 151
data\raw\val\06447_Plantae_Tracheophyta_Liliopsida_Zingiberales_Cannaceae_Canna_indica\c6c32c3b-8a0b-4a55-a14c-a5407b70e8e5.jpg,307,363,363 474 482 476 436
data\raw\val\06447_Plantae_Tracheophyta_Liliopsida_Zingiberales_Cannaceae_Canna_indica\d7aa50fe-2b7b-4b48-8c26-6627346ec5e4.jpg,307,392,392 461 277 422 363
data\raw\val\06447_Plantae_Tracheophyta_Liliopsida_Zingiberales_Cannaceae_Canna_indica\0c790977-5fbb-4383-a691-24090e43b621.jpg,307,307,307 356 481 284 362
data\raw\val\06447_Plantae_Tracheophyta_Liliopsida_Zingiberales_Cannaceae_Canna_indica\2ddad893-bc3a-43dd-a25b-4c65ffd0041f.jpg,307,307,307 363 481 448 474
data\raw\val\06447_Plantae_Tracheophyta_Liliopsida_Zingiberales_Cannaceae_Canna_indica\2ee6dbda-8f3a-44da-98ad-353ce5057c97.jpg,307,279,279 454 412 439 448
data\raw\val\06447_Plantae_Tracheophyta_Liliopsida_Zingiberales_Cannaceae_Canna_indica\4f5727b6-0889-4567-b2c7-e67a06e6ac57.jpg,307,307,307 363 476 459 481
data\raw\val\06447_Plantae_Tracheophyta_Liliopsida_Zingiberales_Cannaceae_Canna_indica\a7112104-c2bf-45c6-9991-0524e68488bc.jpg,307,375,375 387 297 298 374
data\raw\val\06447_Plantae_Tracheophyta_Liliopsida_Zingiberales_Cannaceae_Canna_indica\c7e413ec-57b9-40aa-a7d6-7ef1e4713b52.jpg,307,420,420 425 461 307 363
data\raw\val\06447_Plantae_Tracheophyta_Liliopsida_Zingiberales_Cannaceae_Canna_indica\f07cb5ab-92dc-4576-aba7-65f915d8ec84.jpg,307,436,436 440 360 476 396
data\raw\val\06447_Plantae_Tracheophyta_Liliopsida_Zingiberales_Cannaceae_Canna_indica\55989e54-7f5c-462c-b34d-f8af64e9348b.jpg,307,376,376 463 284 498 292
data\raw\val\06458_Plantae_Tracheophyta_Liliopsida_Zingiberales_Zingiberaceae_Hedychium_gardnerianum\23e5d7d0-91cb-4071-a5a9-a06d64b8221d.jpg,308,308,308 394 432 299 384
data\raw\val\06458_Plantae_Tracheophyta_Liliopsida_Zingiberales_Zingiberaceae_Hedychium_gardnerianum\c8f36221-302a-4095-83d6-9e8a2a73551f.jpg,308,308,308 394 403 478 432
data\raw\val\06458_Plantae_Tracheophyta_Liliopsida_Zingiberales_Zingiberaceae_Hedychium_gardnerianum\d1746a74-305d-42aa-9ea8-748382166de2.jpg,308,471,471 308 412 498 382
data\raw\val\06458_Plantae_Tracheophyta_Liliopsida_Zingiberales_Zingiberaceae_Hedychium_gardnerianum\2ebd9813-3bb3-4a44-af25-4a6fa939bb5d.jpg,308,308,308 432 288 292 480
data\raw\val\06458_Plantae_Tracheophyta_Liliopsida_Zingiberales_Zingiberaceae_Hedychium_gardnerianum\6700ec8f-1b9b-425f-9714-ef430c4000ec.jpg,308,308,308 394 478 432 403
data\raw\val\06458_Plantae_Tracheophyta_Liliopsida_Zingiberales_Zingiberaceae_Hedychium_gardnerianum\ac630d9f-7c6d-46a7-bcc7-b80136f1a3c5.jpg,308,308,308 498 459 403 299
data\raw\val\06458_Plantae_Tracheophyta_Liliopsida_Zingiberales_Zingiberaceae_Hedychium_gardnerianum\1d45196e-19e2-4711-8010-97dd1252d488.jpg,308,477,477 400 360 475 436
data\raw\val\06458_Plantae_Tracheophyta_Liliopsida_Zingiberales_Zingiberaceae_Hedychium_gardnerianum\045bb704-c65f-4f44-ad28-99c12e678d3e.jpg,308,376,376 327 468 292 384
data\raw\val\06458_Plantae_Tracheophyta_Liliopsida_Zingiberales_Zingiberaceae_Hedychium_gardnerianum\7c783a15-b8c2-4ec9-bc11-4d5c83d5a476.jpg,308,440,440 451 498 476 362
data\raw\val\06458_Plantae_Tracheophyta_Liliopsida_Zingiberales_Zingiberaceae_Hedychium_gardnerianum\1a69169a-b31e-431e-b6f1-2bd44420f81b.jpg,308,308,308 394 432 89 332
data\raw\val\06496_Plantae_Tracheophyta_Magnoliopsida_Apiales_Apiaceae_Cicuta_virosa\758f1d29-6905-4b29-8164-ac006e28a046.jpg,309,322,322 299 309 298 428
data\raw\val\06496_Plantae_Tracheophyta_Magnoliopsida_Apiales_Apiaceae_Cicuta_virosa\666927b4-2207-418f-9174-f41de693fbe4.jpg,309,282,282 353 458 292 313
data\raw\val\06496_Plantae_Tracheophyta_Magnoliopsida_Apiales_Apiaceae_Cicuta_virosa\e6b2faa4-1c78-43ea-ac34-dcdb9061fd35.jpg,309,373,373 340 341 419 358
data\raw\val\06496_Plantae_Tracheophyta_Magnoliopsida_Apiales_Apiaceae_Cicuta_virosa\6044f7cc-395f-45fd-9dd6-7e693f9d0551.jpg,309,373,373 321 97 336 70
data\raw\val\06496_Plantae_Tracheophyta_Magnoliopsida_Apiales_Apiaceae_Cicuta_virosa\e4625f3a-d76f-40ad-a1de-ea18a5dcf0d9.jpg,309,343,343 378 281 415 309
data\raw\val\06496_Plantae_Tracheophyta_Magnoliopsida_Apiales_Apiaceae_Cicuta_virosa\12d55ad4-d636-4951-97ef-deaf560024f9.jpg,309,373,373 321 419 415 309
data\raw\val\06496_Plantae_Tracheophyta_Magnoliopsida_Apiales_Apiaceae_Cicuta_virosa\ac881c3f-ba0f-4a23-ac1b-ba6567b0e9e2.jpg,309,306,306 467 466 322 428
data\raw\val\06496_Plantae_Tracheophyta_Magnoliopsida_Apiales_Apiaceae_Cicuta_virosa\7b3c7734-cc93-4fa9-a0b1-be03814920a4.jpg,309,494,494 498 343 326 281
data\raw\val\06496_Plantae_Tracheophyta_Magnoliopsida_Apiales_Apiaceae_Cicuta_virosa\dc551b9d-9cdb-4c12-967a-8ac6c8efbf01.jpg,309,495,495 492 489 497 494
data\raw\val\06496_Plantae_Tracheophyta_Magnoliopsida_Apiales_Apiaceae_Cicuta_virosa\a7d57c8c-ee03-41e4-ac18-d35b6b6f1ec9.jpg,309,293,293 284 393 497 494
data\raw\val\06499_Plantae_Tracheophyta_Magnoliopsida_Apiales_Apiaceae_Cryptotaenia_canadensis\cb6d05a6-accb-4589-a306-bbba24104632.jpg,310,310,310 343 415 491 381
data\raw\val\06499_Plantae_Tracheophyta_Magnoliopsida_Apiales_Apiaceae_Cryptotaenia_canadensis\1853d542-e6ed-4617-b6e2-d992369f83b6.jpg,310,310,310 453 415 419 383
data\raw\val\06499_Plantae_Tracheophyta_Magnoliopsida_Apiales_Apiaceae_Cryptotaenia_canadensis\0bfdf52d-2515-410f-8f2f-44f01cd73fc1.jpg,310,310,310 302 343 121 345
data\raw\val\06499_Plantae_Tracheophyta_Magnoliopsida_Apiales_Apiaceae_Cryptotaenia_canadensis\ca06832f-113c-4ed0-9cdb-6cce75f34c41.jpg,310,296,296 407 289 297 294
data\raw\val\06499_Plantae_Tracheophyta_Magnoliopsida_Apiales_Apiaceae_Cryptotaenia_canadensis\1275c169-6d3c-4829-bd0f-dfcc0d411519.jpg,310,407,407 343 310 499 491
data\raw\val\06499_Plantae_Tracheophyta_Magnoliopsida_Apiales_Apiaceae_Cryptotaenia_canadensis\6ea2509c-adf2-470e-8614-b32214a55680.jpg,310,470,470 493 308 317 498
data\raw\val\06499_Plantae_Tracheophyta_Magnoliopsida_Apiales_Apiaceae_Cryptotaenia_canadensis\1641e740-43d7-4a69-ae49-5402308d91ff.jpg,310,415,415 310 340 407 496
data\raw\val\06499_Plantae_Tracheophyta_Magnoliopsida_Apiales_Apiaceae_Cryptotaenia_canadensis\bd0ca8e8-2a7b-4805-9cc2-766b7ad65d46.jpg,310,310,310 407 383 415 499
data\raw\val\06499_Plantae_Tracheophyta_Magnoliopsida_Apiales_Apiaceae_Cryptotaenia_canadensis\127e2dc3-b3c9-4e94-b989-7daa839450f9.jpg,310,310,310 383 311 462 453
data\raw\val\06499_Plantae_Tracheophyta_Magnoliopsida_Apiales_Apiaceae_Cryptotaenia_canadensis\9607a040-0aa3-444c-8ead-f5f249428204.jpg,310,403,403 310 400 401 436
data\raw\val\06551_Plantae_Tracheophyta_Magnoliopsida_Apiales_Araliaceae_Aralia_racemosa\f59ebc0b-b07f-41e8-8118-eaf61f3f764d.jpg,311,311,311 383 483 400 481
data\raw\val\06551_Plantae_Tracheophyta_Magnoliopsida_Apiales_Araliaceae_Aralia_racemosa\e27acc38-2ead-4593-a9a8-d22dcb409faa.jpg,311,311,311 4 297 384 483
data\raw\val\06551_Plantae_Tracheophyta_Magnoliopsida_Apiales_Araliaceae_Aralia_racemosa\f21b7e04-6fa5-4ee5-8730-f3e22369ad69.jpg,311,383,383 310 311 400 477
data\raw\val\06551_Plantae_Tracheophyta_Magnoliopsida_Apiales_Araliaceae_Aralia_racemosa\3a345f74-13be-4eac-adae-a58f08783d50.jpg,311,311,311 308 483 357 482
data\raw\val\06551_Plantae_Tracheophyta_Magnoliopsida_Apiales_Araliaceae_Aralia_racemosa\f11510cf-dc5a-4f2f-8dc4-66863052fefd.jpg,311,482,482 400 436 360 477
data\raw\val\06551_Plantae_Tracheophyta_Magnoliopsida_Apiales_Araliaceae_Aralia_racemosa\74d2d282-4660-46f5-9fff-7fb06f593e24.jpg,311,311,311 497 310 436 357
data\raw\val\06551_Plantae_Tracheophyta_Magnoliopsida_Apiales_Araliaceae_Aralia_racemosa\e89e9004-74a6-48bb-84bb-7d7f55686b96.jpg,311,311,311 408 383 481 453
data\raw\val\06551_Plantae_Tracheophyta_Magnoliopsida_Apiales_Araliaceae_Aralia_racemosa\b388ee7c-fd04-4d5c-be8c-7e8da082efee.jpg,311,312,312 311 357 310 477
data\raw\val\06551_Plantae_Tracheophyta_Magnoliopsida_Apiales_Araliaceae_Aralia_racemosa\3992b053-df37-46b9-979e-a07cb8cac3bf.jpg,311,311,311 479 495 483 466
data\raw\val\06551_Plantae_Tracheophyta_Magnoliopsida_Apiales_Araliaceae_Aralia_racemosa\52758ee6-d487-41b4-928b-579542b9c5cc.jpg,311,362,362 311 369 473 367
data\raw\val\06558_Plantae_Tracheophyta_Magnoliopsida_Apiales_Araliaceae_Hydrocotyle_ranunculoides\704984b8-d484-4ead-9fdb-a34e2cffa67f.jpg,312,499,499 312 471 310 383
data\raw\val\06558_Plantae_Tracheophyta_Magnoliopsida_Apiales_Araliaceae_Hydrocotyle_ranunculoides\5b2a720e-73d2-4e3c-a34c-3850491997f9.jpg,312,497,497 312 393 483 343
data\raw\val\06558_Plantae_Tracheophyta_Magnoliopsida_Apiales_Araliaceae_Hydrocotyle_ranunculoides\7e34eea4-1a81-4ec2-b8e9-25964738784b.jpg,312,342,342 452 289 364 367
data\raw\val\06558_Plantae_Tracheophyta_Magnoliopsida_Apiales_Araliaceae_Hydrocotyle_ranunculoides\fa4284db-c205-4faf-8b83-0fe6eef84101.jpg,312,499,499 453 407 341 493
data\raw\val\06558_Plantae_Tracheophyta_Magnoliopsida_Apiales_Araliaceae_Hydrocotyle_ranunculoides\f15605c9-3b81-4e0f-9724-d7893d468384.jpg,312,311,311 383 453 438 499
data\raw\val\06558_Plantae_Tracheophyta_Magnoliopsida_Apiales_Araliaceae_Hydrocotyle_ranunculoides\6ee223ff-8c7e-495b-8eb6-2fb7eb5393b6.jpg,312,443,443 407 434 464 406
data\raw\val\06558_Plantae_Tracheophyta_Magnoliopsida_Apiales_Araliaceae_Hydrocotyle_ranunculoides\6d290bf3-273e-44f3-be73-3fff305f54a3.jpg,312,312,312 434 448 396 356
data\raw\val\06558_Plantae_Tracheophyta_Magnoliopsida_Apiales_Araliaceae_Hydrocotyle_ranunculoides\13d084e5-af19-46f5-bf87-000c2a3a635e.jpg,312,312,312 434 313 407 311
data\raw\val\06558_Plantae_Tracheophyta_Magnoliopsida_Apiales_Araliaceae_Hydrocotyle_ranunculoides\2805f31e-c61b-4bcb-9d2d-0486e801abf1.jpg,312,497,497 462 387 312 317
data\raw\val\06558_Plantae_Tracheophyta_Magnoliopsida_Apiales_Araliaceae_Hydrocotyle_ranunculoides\ff6c5312-32d2-42a5-9e37-b32c6f241c6b.jpg,312,275,275 438 499 345 324
data\raw\val\06589_Plantae_Tracheophyta_Magnoliopsida_Asterales_Argophyllaceae_Corokia_cotoneaster\5ff69fca-23f2-40fb-92e6-9548e870963c.jpg,313,468,468 313 275 469 471
data\raw\val\06589_Plantae_Tracheophyta_Magnoliopsida_Asterales_Argophyllaceae_Corokia_cotoneaster\acdf26d0-26c6-4455-9427-86c05d1aebcf.jpg,313,364,364 313 369 437 420
data\raw\val\06589_Plantae_Tracheophyta_Magnoliopsida_Asterales_Argophyllaceae_Corokia_cotoneaster\f839811b-1043-4cd2-a02f-91900a5b21df.jpg,313,474,474 363 261 364 258
data\raw\val\06589_Plantae_Tracheophyta_Magnoliopsida_Asterales_Argophyllaceae_Corokia_cotoneaster\0ae9a1c7-c7a5-400e-88a5-f1272e536144.jpg,313,64,64 342 93 394 483
data\raw\val\06589_Plantae_Tracheophyta_Magnoliopsida_Asterales_Argophyllaceae_Corokia_cotoneaster\faabe367-70ca-4721-831a-150eb43249b9.jpg,313,316,316 355 347 280 220
data\raw\val\06589_Plantae_Tracheophyta_Magnoliopsida_Asterales_Argophyllaceae_Corokia_cotoneaster\5fa55c4e-0670-46f1-b7d8-fe711392f8af.jpg,313,327,327 313 389 437 380
data\raw\val\06589_Plantae_Tracheophyta_Magnoliopsida_Asterales_Argophyllaceae_Corokia_cotoneaster\8f783448-28cc-4d01-af1c-2445a8bc4b06.jpg,313,468,468 470 448 366 481
data\raw\val\06589_Plantae_Tracheophyta_Magnoliopsida_Asterales_Argophyllaceae_Corokia_cotoneaster\9feb34bd-a5bb-4083-beb7-bc9ae639bc69.jpg,313,353,353 364 369 313 190
data\raw\val\06589_Plantae_Tracheophyta_Magnoliopsida_Asterales_Argophyllaceae_Corokia_cotoneaster\9a52a000-2cd6-484f-9209-a27b0e83ad5c.jpg,313,313,313 469 329 437 468
data\raw\val\06589_Plantae_Tracheophyta_Magnoliopsida_Asterales_Argophyllaceae_Corokia_cotoneaster\296cb1e5-26c4-40ef-85e7-53edcf242aa6.jpg,313,425,425 420 451 366 473
data\raw\val\06606_Plantae_Tracheophyta_Magnoliopsida_Asterales_Asteraceae_Ambrosia_deltoidea\441f9348-c9d1-4ae6-84b0-1df2f77b8488.jpg,314,314,314 445 344 275 449
data\raw\val\06606_Plantae_Tracheophyta_Magnoliopsida_Asterales_Asteraceae_Ambrosia_deltoidea\bf44b826-358b-4437-b9a3-d0e98f05c27b.jpg,314,314,314 359 316 404 437
data\raw\val\06606_Plantae_Tracheophyta_Magnoliopsida_Asterales_Asteraceae_Ambrosia_deltoidea\8f7db4c3-87ca-40ef-94f0-4c6ab52debec.jpg,314,39,39 259 45 145 3
data\raw\val\06606_Plantae_Tracheophyta_Magnoliopsida_Asterales_Asteraceae_Ambrosia_deltoidea\c84aaab0-efb3-43b9-9fcf-42745dc5fa0c.jpg,314,314,314 376 355 359 320
data\raw\val\06606_Plantae_Tracheophyta_Magnoliopsida_Asterales_Asteraceae_Ambrosia_deltoidea\93aebdf7-1266-4ed9-884c-4a674ea2b4fd.jpg,314,387,387 320 335 299 403
data\raw\val\06606_Plantae_Tracheophyta_Magnoliopsida_Asterales_Asteraceae_Ambrosia_deltoidea\f66f1f97-d80d-4c65-beec-8df71c4a8fd1.jpg,314,282,282 314 389 325 334
data\raw\val\06606_Plantae_Tracheophyta_Magnoliopsida_Asterales_Asteraceae_Ambrosia_deltoidea\814ac8ee-ee89-4b50-85c4-60f62fa23d59.jpg,314,438,438 437 402 359 468
data\raw\val\06606_Plantae_Tracheophyta_Magnoliopsida_Asterales_Asteraceae_Ambrosia_deltoidea\0ddadcc9-047b-48c2-a9c4-56ef75a6191b.jpg,314,389,389 314 325 404 359
data\raw\val\06606_Plantae_Tracheophyta_Magnoliopsida_Asterales_Asteraceae_Ambrosia_deltoidea\6c1ea7f5-95b3-427e-97f9-b4f3a16baee4.jpg,314,404,404 327 253 70 91
data\raw\val\06606_Plantae_Tracheophyta_Magnoliopsida_Asterales_Asteraceae_Ambrosia_deltoidea\6468a9d7-c1e9-49bc-bc2a-f4e0535b8482.jpg,314,349,349 342 343 314 337
data\raw\val\06611_Plantae_Tracheophyta_Magnoliopsida_Asterales_Asteraceae_Anaphalioides_bellidioides\4ca21123-ded1-4bd6-953a-d3425022bdb7.jpg,315,10,10 424 438 140 345
data\raw\val\06611_Plantae_Tracheophyta_Magnoliopsida_Asterales_Asteraceae_Anaphalioides_bellidioides\3482f448-4810-4ba6-b104-eccb4f7ab67b.jpg,315,341,341 372 443 24 315
data\raw\val\06611_Plantae_Tracheophyta_Magnoliopsida_Asterales_Asteraceae_Anaphalioides_bellidioides\3ca31adf-69ca-44e0-80f4-4748f6eb7e37.jpg,315,343,343 407 285 268 353
data\raw\val\06611_Plantae_Tracheophyta_Magnoliopsida_Asterales_Asteraceae_Anaphalioides_bellidioides\e81d8031-be58-4d95-9c77-2d684765cfc7.jpg,315,315,315 372 468 257 266
data\raw\val\06611_Plantae_Tracheophyta_Magnoliopsida_Asterales_Asteraceae_Anaphalioides_bellidioides\f2e398d0-7c66-45bc-be13-46c983a56e83.jpg,315,275,275 273 366 450 493
data\raw\val\06611_Plantae_Tracheophyta_Magnoliopsida_Asterales_Asteraceae_Anaphalioides_bellidioides\355aa88c-8b2c-40fd-9589-4bd72349af94.jpg,315,372,372 336 421 484 315
data\raw\val\06611_Plantae_Tracheophyta_Magnoliopsida_Asterales_Asteraceae_Anaphalioides_bellidioides\936d3ace-f4c0-494d-aaf6-3c0b1b564f60.jpg,315,340,340 421 372 275 487
data\raw\val\06611_Plantae_Tracheophyta_Magnoliopsida_Asterales_Asteraceae_Anaphalioides_bellidioides\feceaf35-42fa-4cf7-bb78-f1f5d87b5277.jpg,315,273,273 275 276 124 15
data\raw\val\06611_Plantae_Tracheophyta_Magnoliopsida_Asterales_Asteraceae_Anaphalioides_bellidioides\45eb873c-8d8f-4e47-aa32-5e71d4776282.jpg,315,359,359 431 467 306 442
data\raw\val\06611_Plantae_Tracheophyta_Magnoliopsida_Asterales_Asteraceae_Anaphalioides_bellidioides\060a9c57-ebfc-486d-a5dc-2784e4500968.jpg,315,372,372 330 315 465 484
data\raw\val\06638_Plantae_Tracheophyta_Magnoliopsida_Asterales_Asteraceae_Artemisia_tridentata\74d51330-97e3-49cd-8a53-5537f5339e89.jpg,316,414,414 355 437 350 449
data\raw\val\06638_Plantae_Tracheophyta_Magnoliopsida_Asterales_Asteraceae_Artemisia_tridentata\2faed4f5-5007-4018-a6e8-574a57acb63e.jpg,316,414,414 487 316 355 431
data\raw\val\06638_Plantae_Tracheophyta_Magnoliopsida_Asterales_Asteraceae_Artemisia_tridentata\73c53a19-e52e-491b-ab42-79a1acc0d577.jpg,316,316,316 414 487 392 496
data\raw\val\06638_Plantae_Tracheophyta_Magnoliopsida_Asterales_Asteraceae_Artemisia_tridentata\4bb0b437-54f9-432e-a107-b812cc1e3e55.jpg,316,316,316 314 347 379 359
data\raw\val\06638_Plantae_Tracheophyta_Magnoliopsida_Asterales_Asteraceae_Artemisia_tridentata\ff5ef8d7-de8c-4d89-86ab-1c480995ac6a.jpg,316,347,347 348 224 320 242
data\raw\val\06638_Plantae_Tracheophyta_Magnoliopsida_Asterales_Asteraceae_Artemisia_tridentata\ceb56321-bfba-485c-924a-b0deb3e34c29.jpg,316,379,379 316 445 314 347
data\raw\val\06638_Plantae_Tracheophyta_Magnoliopsida_Asterales_Asteraceae_Artemisia_tridentata\d9dd0052-d3ea-48c3-8372-da25a338b402.jpg,316,498,498 496 489 494 493
data\raw\val\06638_Plantae_Tracheophyta_Magnoliopsida_Asterales_Asteraceae_Artemisia_tridentata\8c3ce2de-dee5-44f4-bd8c-17715b31a6f4.jpg,316,316,316 379 314 359 496
data\raw\val\06638_Plantae_Tracheophyta_Magnoliopsida_Asterales_Asteraceae_Artemisia_tridentata\5f976cb3-85ce-4c07-af50-1697355297e8.jpg,316,316,316 379 319 324 350
data\raw\val\06638_Plantae_Tracheophyta_Magnoliopsida_Asterales_Asteraceae_Artemisia_tridentata\705e1b50-db08-49c4-8851-5579b7220734.jpg,316,377,377 427 420 324 359
data\raw\val\06656_Plantae_Tracheophyta_Magnoliopsida_Asterales_Asteraceae_Bidens_bipinnata\8504b93f-2824-4af7-8adf-90a149cc220d.jpg,317,387,387 463 386 380 285
data\raw\val\06656_Plantae_Tracheophyta_Magnoliopsida_Asterales_Asteraceae_Bidens_bipinnata\6f634e0e-e78e-4a5d-8d68-f9706015832c.jpg,317,406,406 324 275 496 273
data\raw\val\06656_Plantae_Tracheophyta_Magnoliopsida_Asterales_Asteraceae_Bidens_bipinnata\c10a0818-94d4-4b23-832d-15b73ae1e9c1.jpg,317,387,387 317 385 380 386
data\raw\val\06656_Plantae_Tracheophyta_Magnoliopsida_Asterales_Asteraceae_Bidens_bipinnata\333a0c31-1cc0-479b-a65a-75e486431acf.jpg,317,275,275 473 499 273 493
data\raw\val\06656_Plantae_Tracheophyta_Magnoliopsida_Asterales_Asteraceae_Bidens_bipinnata\11117136-d150-4ffd-aa64-524126d004b1.jpg,317,387,387 386 385 333 317
data\raw\val\06656_Plantae_Tracheophyta_Magnoliopsida_Asterales_Asteraceae_Bidens_bipinnata\72b72357-b215-4810-abd6-6d4e2db7e721.jpg,317,317,317 94 412 439 462
data\raw\val\06656_Plantae_Tracheophyta_Magnoliopsida_Asterales_Asteraceae_Bidens_bipinnata\27b8e13b-e65a-43e2-a3eb-e4390cb9e164.jpg,317,497,497 343 499 492 407
data\raw\val\06656_Plantae_Tracheophyta_Magnoliopsida_Asterales_Asteraceae_Bidens_bipinnata\ba9c8ac2-65bc-416c-809e-67aff61f8a45.jpg,317,317,317 20 381 462 332
data\raw\val\06656_Plantae_Tracheophyta_Magnoliopsida_Asterales_Asteraceae_Bidens_bipinnata\c4c79a0b-fcde-4cc1-acf3-8d052ce7e223.jpg,317,385,385 326 432 320 332
data\raw\val\06656_Plantae_Tracheophyta_Magnoliopsida_Asterales_Asteraceae_Bidens_bipinnata\928ac5e6-94ee-4279-83b2-70bef9229f69.jpg,317,432,432 20 298 64 4
data\raw\val\06672_Plantae_Tracheophyta_Magnoliopsida_Asterales_Asteraceae_Carduus_pycnocephalus\881540f4-6c8d-4de9-9829-4e48ef721708.jpg,318,256,256 314 7 125 24
data\raw\val\06672_Plantae_Tracheophyta_Magnoliopsida_Asterales_Asteraceae_Carduus_pycnocephalus\fde5a48c-365d-4f64-90fc-8a4496a8292d.jpg,318,346,346 318 455 390 352
data\raw\val\06672_Plantae_Tracheophyta_Magnoliopsida_Asterales_Asteraceae_Carduus_pycnocephalus\e4fbc64d-3ded-4ac0-81fe-adf88ee2cc8b.jpg,318,318,318 409 377 379 449
data\raw\val\06672_Plantae_Tracheophyta_Magnoliopsida_Asterales_Asteraceae_Carduus_pycnocephalus\ace90564-e01b-42bd-84a4-87758e8fdef0.jpg,318,318,318 352 390 388 445
data\raw\val\06672_Plantae_Tracheophyta_Magnoliopsida_Asterales_Asteraceae_Carduus_pycnocephalus\11a13c15-db6b-4492-bda9-1bc17f5092e1.jpg,318,318,318 379 449 377 346
data\raw\val\06672_Plantae_Tracheophyta_Magnoliopsida_Asterales_Asteraceae_Carduus_pycnocephalus\50015e80-6cf9-4631-a843-b714faae9563.jpg,318,392,392 450 377 318 449
data\raw\val\06672_Plantae_Tracheophyta_Magnoliopsida_Asterales_Asteraceae_Carduus_pycnocephalus\6a272411-dbbf-472e-9110-0f97cfc6f372.jpg,318,379,379 352 346 318 366
data\raw\val\06672_Plantae_Tracheophyta_Magnoliopsida_Asterales_Asteraceae_Carduus_pycnocephalus\71165baf-dea0-43a9-b2e7-09d5d64e11a0.jpg,318,423,423 286 390 388 417
data\raw\val\06672_Plantae_Tracheophyta_Magnoliopsida_Asterales_Asteraceae_Carduus_pycnocephalus\131e146c-42af-4bcc-985d-1bde23b1295b.jpg,318,408,408 472 71 449 390
data\raw\val\06672_Plantae_Tracheophyta_Magnoliopsida_Asterales_Asteraceae_Carduus_pycnocephalus\1bfbe608-913b-4d90-be2f-fbe81da01f67.jpg,318,419,419 411 408 383 373
data\raw\val\06714_Plantae_Tracheophyta_Magnoliopsida_Asterales_Asteraceae_Cirsium_pitcheri\0185c461-c35d-4055-9e59-b0ca87a14052.jpg,319,69,69 70 63 88 91
data\raw\val\06714_Plantae_Tracheophyta_Magnoliopsida_Asterales_Asteraceae_Cirsium_pitcheri\7004b24d-56b4-4afa-96be-dc33321a668e.jpg,319,319,319 314 350 349 359
data\raw\val\06714_Plantae_Tracheophyta_Magnoliopsida_Asterales_Asteraceae_Cirsium_pitcheri\91dd792a-558b-4f28-9351-2d0f1ccb6414.jpg,319,226,226 224 243 83 319
data\raw\val\06714_Plantae_Tracheophyta_Magnoliopsida_Asterales_Asteraceae_Cirsium_pitcheri\08ecfa21-a974-4f40-b03d-1af6c75d97e8.jpg,319,319,319 359 347 404 316
data\raw\val\06714_Plantae_Tracheophyta_Magnoliopsida_Asterales_Asteraceae_Cirsium_pitcheri\0ab476ca-222c-4c82-b857-9022fddb839e.jpg,319,319,319 379 316 350 359
data\raw\val\06714_Plantae_Tracheophyta_Magnoliopsida_Asterales_Asteraceae_Cirsium_pitcheri\6bea415b-8cb3-4fb5-9a82-e35b794e6991.jpg,319,319,319 359 316 350 379
data\raw\val\06714_Plantae_Tracheophyta_Magnoliopsida_Asterales_Asteraceae_Cirsium_pitcheri\0586958d-ca5d-4813-8ed7-42339635e2b6.jpg,319,389,389 319 350 325 303
data\raw\val\06714_Plantae_Tracheophyta_Magnoliopsida_Asterales_Asteraceae_Cirsium_pitcheri\185e8f7f-5938-4578-8f5b-941deaa5e5d7.jpg,319,190,190 240 163 223 233
data\raw\val\06714_Plantae_Tracheophyta_Magnoliopsida_Asterales_Asteraceae_Cirsium_pitcheri\928d65cc-8b96-45c0-88a5-81146dda1d44.jpg,319,319,319 316 359 355 303
data\raw\val\06714_Plantae_Tracheophyta_Magnoliopsida_Asterales_Asteraceae_Cirsium_pitcheri\67932ff3-9c8a-4af8-8704-f21afddbef8d.jpg,319,350,350 319 325 359 327
data\raw\val\06745_Plantae_Tracheophyta_Magnoliopsida_Asterales_Asteraceae_Dittrichia_graveolens\d1f88ec2-8b61-419c-838d-d4aba9f089f1.jpg,320,299,299 297 295 463 320
data\raw\val\06745_Plantae_Tracheophyta_Magnoliopsida_Asterales_Asteraceae_Dittrichia_graveolens\7a26269e-25ca-417a-a3cc-55335093cadd.jpg,320,491,491 320 402 343 281
data\raw\val\06745_Plantae_Tracheophyta_Magnoliopsida_Asterales_Asteraceae_Dittrichia_graveolens\ba6fb2ba-d1d1-40f2-ad3f-253f52b05722.jpg,320,432,432 322 299 497 498
data\raw\val\06745_Plantae_Tracheophyta_Magnoliopsida_Asterales_Asteraceae_Dittrichia_graveolens\fb664418-72d8-42d4-b8a1-b09dfab7aa8e.jpg,320,380,380 327 334 394 348
data\raw\val\06745_Plantae_Tracheophyta_Magnoliopsida_Asterales_Asteraceae_Dittrichia_graveolens\fe736960-1222-489d-8068-3ff37bf0766b.jpg,320,320,320 299 322 458 359
data\raw\val\06745_Plantae_Tracheophyta_Magnoliopsida_Asterales_Asteraceae_Dittrichia_graveolens\2bc38ac4-e065-4a6a-99aa-cc1e31488eae.jpg,320,299,299 345 285 335 297
data\raw\val\06745_Plantae_Tracheophyta_Magnoliopsida_Asterales_Asteraceae_Dittrichia_graveolens\43b7aa4d-66da-4cb3-bb19-20465fa24001.jpg,320,389,389 299 320 326 282
data\raw\val\06745_Plantae_Tracheophyta_Magnoliopsida_Asterales_Asteraceae_Dittrichia_graveolens\93472507-7375-4883-b5c1-daa906b4583d.jpg,320,320,320 428 402 299 322
data\raw\val\06745_Plantae_Tracheophyta_Magnoliopsida_Asterales_Asteraceae_Dittrichia_graveolens\99fd15ec-c1e3-492d-b98b-d48578e25519.jpg,320,299,299 322 320 302 491
data\raw\val\06745_Plantae_Tracheophyta_Magnoliopsida_Asterales_Asteraceae_Dittrichia_graveolens\c9eabb5a-947b-4a50-bbc2-f2e90976b23f.jpg,320,322,322 294 302 466 345
data\raw\val\06747_Plantae_Tracheophyta_Magnoliopsida_Asterales_Asteraceae_Doellingeria_umbellata\cf34df06-d01e-4e6d-8ac9-2b9db957b934.jpg,321,321,321 340 358 370 336
data\raw\val\06747_Plantae_Tracheophyta_Magnoliopsida_Asterales_Asteraceae_Doellingeria_umbellata\54ddbd59-44b7-4a3d-935e-218ace5dcd06.jpg,321,321,321 468 418 394 336
data\raw\val\06747_Plantae_Tracheophyta_Magnoliopsida_Asterales_Asteraceae_Doellingeria_umbellata\c00417e3-a062-48a5-a4c2-bfb06f8120fd.jpg,321,321,321 336 370 402 309
data\raw\val\06747_Plantae_Tracheophyta_Magnoliopsida_Asterales_Asteraceae_Doellingeria_umbellata\38448d31-4b32-452d-86d8-2af75bd0cf79.jpg,321,321,321 336 370 358 340
data\raw\val\06747_Plantae_Tracheophyta_Magnoliopsida_Asterales_Asteraceae_Doellingeria_umbellata\13ae04ec-a831-466a-a906-77879cb73310.jpg,321,321,321 336 468 394 402
data\raw\val\06747_Plantae_Tracheophyta_Magnoliopsida_Asterales_Asteraceae_Doellingeria_umbellata\056c3dc7-76b3-45cf-b827-e72e78cfb790.jpg,321,499,499 493 275 324 496
data\raw\val\06747_Plantae_Tracheophyta_Magnoliopsida_Asterales_Asteraceae_Doellingeria_umbellata\8a73303b-1940-4a70-9b8f-30be0ce8744e.jpg,321,321,321 327 336 306 370
data\raw\val\06747_Plantae_Tracheophyta_Magnoliopsida_Asterales_Asteraceae_Doellingeria_umbellata\1c16441a-ec60-4b7e-9fb5-aa3c787e05d2.jpg,321,380,380 285 313 468 463
data\raw\val\06747_Plantae_Tracheophyta_Magnoliopsida_Asterales_Asteraceae_Doellingeria_umbellata\2743607e-8ca9-4c65-8099-f9ab009c6f30.jpg,321,321,321 336 370 309 329
data\raw\val\06747_Plantae_Tracheophyta_Magnoliopsida_Asterales_Asteraceae_Doellingeria_umbellata\3c6eaee6-6254-4494-bdc9-508ce1a056aa.jpg,321,321,321 402 336 468 331
data\raw\val\06771_Plantae_Tracheophyta_Magnoliopsida_Asterales_Asteraceae_Erigeron_canadensis\19fd6e53-716b-460c-a6da-ddbdd3492c1d.jpg,322,377,377 366 425 455 344
data\raw\val\06771_Plantae_Tracheophyta_Magnoliopsida_Asterales_Asteraceae_Erigeron_canadensis\4dc5550d-6f3b-469d-b08f-935dc6e89c1f.jpg,322,359,359 370 320 322 421
data\raw\val\06771_Plantae_Tracheophyta_Magnoliopsida_Asterales_Asteraceae_Erigeron_canadensis\6785ccd0-72b2-49ea-874f-3b73f55516eb.jpg,322,309,309 466 402 491 304
data\raw\val\06771_Plantae_Tracheophyta_Magnoliopsida_Asterales_Asteraceae_Erigeron_canadensis\b84364d6-4a08-48b7-9d39-3c05d591b3ee.jpg,322,320,320 381 402 345 305
data\raw\val\06771_Plantae_Tracheophyta_Magnoliopsida_Asterales_Asteraceae_Erigeron_canadensis\5287ae26-ce78-43ac-aa8d-5fbaa035d8b5.jpg,322,327,327 468 299 344 314
data\raw\val\06771_Plantae_Tracheophyta_Magnoliopsida_Asterales_Asteraceae_Erigeron_canadensis\dc1f2a4b-302f-4896-a1aa-a378de7f36fe.jpg,322,322,322 320 299 302 294
data\raw\val\06771_Plantae_Tracheophyta_Magnoliopsida_Asterales_Asteraceae_Erigeron_canadensis\89bbc960-bacb-4450-a68a-615ba4c55d41.jpg,322,403,403 494 498 289 466
data\raw\val\06771_Plantae_Tracheophyta_Magnoliopsida_Asterales_Asteraceae_Erigeron_canadensis\8d4d8da9-3ec5-4d6a-893c-93004eb6330f.jpg,322,294,294 296 322 304 324
data\raw\val\06771_Plantae_Tracheophyta_Magnoliopsida_Asterales_Asteraceae_Erigeron_canadensis\790c525f-1379-4724-8175-b725c724235c.jpg,322,321,321 336 453 421 340
data\raw\val\06771_Plantae_Tracheophyta_Magnoliopsida_Asterales_Asteraceae_Erigeron_canadensis\b92ee9f3-c1aa-45d8-a9b4-2b4c8a876815.jpg,322,302,302 322 325 349 299
data\raw\val\06773_Plantae_Tracheophyta_Magnoliopsida_Asterales_Asteraceae_Erigeron_foliosus\ba32401c-6270-4af3-8588-a2c5f6066131.jpg,323,323,323 465 329 328 450
data\raw\val\06773_Plantae_Tracheophyta_Magnoliopsida_Asterales_Asteraceae_Erigeron_foliosus\4c896541-dff4-405a-a58b-47ee8ff2b795.jpg,323,421,421 323 339 429 430
data\raw\val\06773_Plantae_Tracheophyta_Magnoliopsida_Asterales_Asteraceae_Erigeron_foliosus\aa420105-0e42-4c7e-a57c-5074f37f35d9.jpg,323,487,487 421 418 449 414
data\raw\val\06773_Plantae_Tracheophyta_Magnoliopsida_Asterales_Asteraceae_Erigeron_foliosus\91d217ba-6185-496e-b718-6c754e974a4b.jpg,323,323,323 426 464 456 70
data\raw\val\06773_Plantae_Tracheophyta_Magnoliopsida_Asterales_Asteraceae_Erigeron_foliosus\46b00811-0e5a-4f7e-abfd-ccae6aa930e6.jpg,323,456,456 323 480 33 276
data\raw\val\06773_Plantae_Tracheophyta_Magnoliopsida_Asterales_Asteraceae_Erigeron_foliosus\87bd7976-2410-4d51-9aa0-23f228d2d005.jpg,323,323,323 421 444 329 339
data\raw\val\06773_Plantae_Tracheophyta_Magnoliopsida_Asterales_Asteraceae_Erigeron_foliosus\aeb7d050-9f4b-47ed-a794-673d56811665.jpg,323,323,323 329 421 339 328
data\raw\val\06773_Plantae_Tracheophyta_Magnoliopsida_Asterales_Asteraceae_Erigeron_foliosus\552d877c-38be-40d6-9f35-201c18e51d05.jpg,323,323,323 330 444 465 426
data\raw\val\06773_Plantae_Tracheophyta_Magnoliopsida_Asterales_Asteraceae_Erigeron_foliosus\f793441b-e195-48d3-8466-bbedeab588c0.jpg,323,444,444 410 97 426 33
data\raw\val\06773_Plantae_Tracheophyta_Magnoliopsida_Asterales_Asteraceae_Erigeron_foliosus\df012c83-20c7-4041-bd5a-45a1478dec44.jpg,323,323,323 426 330 465 414
data\raw\val\06811_Plantae_Tracheophyta_Magnoliopsida_Asterales_Asteraceae_Gnaphalium_uliginosum\36285aa8-2f56-421d-b53f-f47667a9d989.jpg,324,379,379 316 314 350 324
data\raw\val\06811_Plantae_Tracheophyta_Magnoliopsida_Asterales_Asteraceae_Gnaphalium_uliginosum\f8ff7c05-bd01-4cdd-b300-5f0e88bb361b.jpg,324,324,324 406 496 322 340
data\raw\val\06811_Plantae_Tracheophyta_Magnoliopsida_Asterales_Asteraceae_Gnaphalium_uliginosum\dd966127-ee8e-4074-ac84-be392a686d6a.jpg,324,331,331 402 392 322 294
data\raw\val\06811_Plantae_Tracheophyta_Magnoliopsida_Asterales_Asteraceae_Gnaphalium_uliginosum\245690d3-2853-44ec-aa77-b1232a0cec1c.jpg,324,314,314 316 359 414 379
data\raw\val\06811_Plantae_Tracheophyta_Magnoliopsida_Asterales_Asteraceae_Gnaphalium_uliginosum\ddf0bae9-d8a4-45ab-a65f-c6464da26395.jpg,324,407,407 310 499 343 495
data\raw\val\06811_Plantae_Tracheophyta_Magnoliopsida_Asterales_Asteraceae_Gnaphalium_uliginosum\28fc0811-8fa9-4b98-a773-b2096bd89b61.jpg,324,277,277 309 392 338 289
data\raw\val\06811_Plantae_Tracheophyta_Magnoliopsida_Asterales_Asteraceae_Gnaphalium_uliginosum\ca1e277f-f5ed-44ee-8d19-85d2855fb69c.jpg,324,324,324 275 340 496 493
data\raw\val\06811_Plantae_Tracheophyta_Magnoliopsida_Asterales_Asteraceae_Gnaphalium_uliginosum\6055fb77-7509-4ff0-b146-0249bdcaa821.jpg,324,324,324 492 493 496 494
data\raw\val\06811_Plantae_Tracheophyta_Magnoliopsida_Asterales_Asteraceae_Gnaphalium_uliginosum\f87ea6cd-69ba-4e42-b3de-9bebd313fa59.jpg,324,324,324 317 340 403 402
data\raw\val\06811_Plantae_Tracheophyta_Magnoliopsida_Asterales_Asteraceae_Gnaphalium_uliginosum\93a738fa-6736-4b03-b7bd-18ad011f76ab.jpg,324,383,383 390 408 352 415
data\raw\val\06815_Plantae_Tracheophyta_Magnoliopsida_Asterales_Asteraceae_Gutierrezia_sarothrae\dc0a6089-6417-4c3e-9243-69bde6b6f697.jpg,325,325,325 376 326 432 334
data\raw\val\06815_Plantae_Tracheophyta_Magnoliopsida_Asterales_Asteraceae_Gutierrezia_sarothrae\d0b5a4be-2ee2-4417-9fa9-3728282a0d64.jpg,325,325,325 256 282 480 389
data\raw\val\06815_Plantae_Tracheophyta_Magnoliopsida_Asterales_Asteraceae_Gutierrezia_sarothrae\91e5d61d-608d-4e53-8b39-2cd6d7ae5c5c.jpg,325,325,325 389 256 376 480
data\raw\val\06815_Plantae_Tracheophyta_Magnoliopsida_Asterales_Asteraceae_Gutierrezia_sarothrae\cc28316c-2f90-4632-a40b-51f2397c5af0.jpg,325,327,327 428 299 292 325
data\raw\val\06815_Plantae_Tracheophyta_Magnoliopsida_Asterales_Asteraceae_Gutierrezia_sarothrae\d768beef-1787-48d9-b7a1-6c16d3dc9568.jpg,325,326,326 285 325 374 386
data\raw\val\06815_Plantae_Tracheophyta_Magnoliopsida_Asterales_Asteraceae_Gutierrezia_sarothrae\f8476a07-ce00-4886-a58a-e5c7607b8b20.jpg,325,325,325 256 389 376 326
data\raw\val\06815_Plantae_Tracheophyta_Magnoliopsida_Asterales_Asteraceae_Gutierrezia_sarothrae\c8977d23-9a2a-4275-98e6-2a15bb5694a4.jpg,325,325,325 458 376 320 334
data\raw\val\06815_Plantae_Tracheophyta_Magnoliopsida_Asterales_Asteraceae_Gutierrezia_sarothrae\2e41bb73-9a00-49a2-9cf7-b417f1e3a5da.jpg,325,282,282 333 380 325 334
data\raw\val\06815_Plantae_Tracheophyta_Magnoliopsida_Asterales_Asteraceae_Gutierrezia_sarothrae\78856ef4-e65b-4561-8cc7-1b471551a350.jpg,325,327,327 325 389 283 404
data\raw\val\06815_Plantae_Tracheophyta_Magnoliopsida_Asterales_Asteraceae_Gutierrezia_sarothrae\e08df49a-2f0e-4065-a1c2-4c81a058c3ee.jpg,325,389,389 327 325 282 334
data\raw\val\06828_Plantae_Tracheophyta_Magnoliopsida_Asterales_Asteraceae_Helianthus_maximiliani\07665692-8ccc-4859-b99f-4d673254869b.jpg,326,380,380 326 333 327 334
data\raw\val\06828_Plantae_Tracheophyta_Magnoliopsida_Asterales_Asteraceae_Helianthus_maximiliani\608e557c-9af5-4c87-8af3-eebdca4798fd.jpg,326,324,324 466 494 343 322
data\raw\val\06828_Plantae_Tracheophyta_Magnoliopsida_Asterales_Asteraceae_Helianthus_maximiliani\f3cd5d48-8bad-4e32-9bab-983e439eb165.jpg,326,463,463 334 333 380 480
data\raw\val\06828_Plantae_Tracheophyta_Magnoliopsida_Asterales_Asteraceae_Helianthus_maximiliani\e07d32c5-9761-4cd3-b7c1-11637f3722de.jpg,326,294,294 304 491 296 297
data\raw\val\06828_Plantae_Tracheophyta_Magnoliopsida_Asterales_Asteraceae_Helianthus_maximiliani\1ee20381-86f8-4eb6-a54e-a71eff81c435.jpg,326,337,337 457 326 385 480
data\raw\val\06828_Plantae_Tracheophyta_Magnoliopsida_Asterales_Asteraceae_Helianthus_maximiliani\0f4207a5-5b50-4284-9811-a077d5282a8e.jpg,326,337,337 480 326 333 334
data\raw\val\06828_Plantae_Tracheophyta_Magnoliopsida_Asterales_Asteraceae_Helianthus_maximiliani\f7e138eb-e63c-4a4b-b635-f3c08f1a92cb.jpg,326,385,385 386 326 332 333
data\raw\val\06828_Plantae_Tracheophyta_Magnoliopsida_Asterales_Asteraceae_Helianthus_maximiliani\36197983-e312-4aa7-b218-7a50badedcf3.jpg,326,333,333 326 325 334 337
data\raw\val\06828_Plantae_Tracheophyta_Magnoliopsida_Asterales_Asteraceae_Helianthus_maximiliani\8f7dc0e8-27a8-43bd-a2cb-8ba68a6cc0e2.jpg,326,386,386 333 385 337 334
data\raw\val\06828_Plantae_Tracheophyta_Magnoliopsida_Asterales_Asteraceae_Helianthus_maximiliani\05486b88-6a82-442f-87b5-cd247e0dc876.jpg,326,337,337 385 332 326 279
data\raw\val\06850_Plantae_Tracheophyta_Magnoliopsida_Asterales_Asteraceae_Isocoma_acradenia\637712af-4136-40f6-97e0-ed194b5ca19a.jpg,327,316,316 350 379 349 327
data\raw\val\06850_Plantae_Tracheophyta_Magnoliopsida_Asterales_Asteraceae_Isocoma_acradenia\ba768128-c756-4444-85a4-ecfc4a5f8755.jpg,327,355,355 314 316 305 432
data\raw\val\06850_Plantae_Tracheophyta_Magnoliopsida_Asterales_Asteraceae_Isocoma_acradenia\ca3d4380-6bec-4851-bf60-6ad6f1bc69b8.jpg,327,274,274 322 402 498 320
data\raw\val\06850_Plantae_Tracheophyta_Magnoliopsida_Asterales_Asteraceae_Isocoma_acradenia\7dac434c-028d-4e59-9c34-7cd31c14c390.jpg,327,389,389 325 327 376 256
data\raw\val\06850_Plantae_Tracheophyta_Magnoliopsida_Asterales_Asteraceae_Isocoma_acradenia\8be17f24-e88c-4cd9-a192-fa5b54631e77.jpg,327,314,314 359 316 327 437
data\raw\val\06850_Plantae_Tracheophyta_Magnoliopsida_Asterales_Asteraceae_Isocoma_acradenia\cecc993e-4c90-45e7-84ce-afd89179dd0b.jpg,327,282,282 389 20 31 92
data\raw\val\06850_Plantae_Tracheophyta_Magnoliopsida_Asterales_Asteraceae_Isocoma_acradenia\a6ad2ee6-effc-4fcf-9450-ce768fc14e04.jpg,327,370,370 315 327 328 449
data\raw\val\06850_Plantae_Tracheophyta_Magnoliopsida_Asterales_Asteraceae_Isocoma_acradenia\36182632-6539-4917-9705-e9a6ca50b5d7.jpg,327,316,316 314 359 414 355
data\raw\val\06850_Plantae_Tracheophyta_Magnoliopsida_Asterales_Asteraceae_Isocoma_acradenia\02afc1a8-f885-473a-94ed-a2d3bb5107ae.jpg,327,327,327 359 299 389 320
data\raw\val\06850_Plantae_Tracheophyta_Magnoliopsida_Asterales_Asteraceae_Isocoma_acradenia\af4da32f-511b-4387-8164-718798b2e142.jpg,327,389,389 327 325 404 282
data\raw\val\06892_Plantae_Tracheophyta_Magnoliopsida_Asterales_Asteraceae_Melampodium_leucanthum\d10195be-cd26-4b2b-9009-bcbcd10ee42f.jpg,328,370,370 328 329 336 372
data\raw\val\06892_Plantae_Tracheophyta_Magnoliopsida_Asterales_Asteraceae_Melampodium_leucanthum\1ac49854-81ce-45a9-842a-3cbc06035e99.jpg,328,468,468 315 370 442 328
data\raw\val\06892_Plantae_Tracheophyta_Magnoliopsida_Asterales_Asteraceae_Melampodium_leucanthum\e04e1663-3201-4efb-a4f4-b30bd30b687e.jpg,328,336,336 329 328 370 421
data\raw\val\06892_Plantae_Tracheophyta_Magnoliopsida_Asterales_Asteraceae_Melampodium_leucanthum\527f34f7-4204-4de1-a1bd-9bf7c61233a7.jpg,328,329,329 328 372 323 465
data\raw\val\06892_Plantae_Tracheophyta_Magnoliopsida_Asterales_Asteraceae_Melampodium_leucanthum\f6d36bff-f47c-4071-9ec9-7397a9d7680f.jpg,328,370,370 328 336 329 372
data\raw\val\06892_Plantae_Tracheophyta_Magnoliopsida_Asterales_Asteraceae_Melampodium_leucanthum\35651d0f-85ad-4933-882a-6778f8acb792.jpg,328,328,328 372 370 336 315
data\raw\val\06892_Plantae_Tracheophyta_Magnoliopsida_Asterales_Asteraceae_Melampodium_leucanthum\31a11ebe-638a-4653-81e8-5194f689e510.jpg,328,328,328 329 370 336 372
data\raw\val\06892_Plantae_Tracheophyta_Magnoliopsida_Asterales_Asteraceae_Melampodium_leucanthum\e89b24eb-f73e-45d9-95a9-7b665c1fb0c9.jpg,328,328,328 372 465 371 315
data\raw\val\06892_Plantae_Tracheophyta_Magnoliopsida_Asterales_Asteraceae_Melampodium_leucanthum\b3664e62-a00e-4ca6-b008-ebe62b4d067d.jpg,328,336,336 328 380 471 445
data\raw\val\06892_Plantae_Tracheophyta_Magnoliopsida_Asterales_Asteraceae_Melampodium_leucanthum\d2c7d714-aa52-404a-a7a7-7bd8a8de641f.jpg,328,370,370 329 328 340 372
data\raw\val\06927_Plantae_Tracheophyta_Magnoliopsida_Asterales_Asteraceae_Perityle_emoryi\48548b72-f9b0-4fbe-b17d-5efee20d4a69.jpg,329,329,329 328 444 336 370
data\raw\val\06927_Plantae_Tracheophyta_Magnoliopsida_Asterales_Asteraceae_Perityle_emoryi\1fe1671a-4797-4a06-80d8-67c91f167290.jpg,329,68,68 471 329 328 315
data\raw\val\06927_Plantae_Tracheophyta_Magnoliopsida_Asterales_Asteraceae_Perityle_emoryi\a291ac69-16af-47b5-8185-0a4dc1f0e4f8.jpg,329,329,329 444 328 370 471
data\raw\val\06927_Plantae_Tracheophyta_Magnoliopsida_Asterales_Asteraceae_Perityle_emoryi\cf8404f5-95c6-4d82-ab62-804151dbd971.jpg,329,329,329 457 424 328 387
data\raw\val\06927_Plantae_Tracheophyta_Magnoliopsida_Asterales_Asteraceae_Perityle_emoryi\d9694dd6-c1c0-4372-9e9a-bbc472a1001a.jpg,329,495,495 343 415 494 492
data\raw\val\06927_Plantae_Tracheophyta_Magnoliopsida_Asterales_Asteraceae_Perityle_emoryi\9c47cf7e-07f4-466d-9420-5dece2188096.jpg,329,328,328 329 336 370 421
data\raw\val\06927_Plantae_Tracheophyta_Magnoliopsida_Asterales_Asteraceae_Perityle_emoryi\6255c367-e46e-4967-be24-5c3c16debbba.jpg,329,328,328 471 329 330 370
data\raw\val\06927_Plantae_Tracheophyta_Magnoliopsida_Asterales_Asteraceae_Perityle_emoryi\bbe33d54-6236-4322-8628-a2edb117793c.jpg,329,329,329 328 444 370 323
data\raw\val\06927_Plantae_Tracheophyta_Magnoliopsida_Asterales_Asteraceae_Perityle_emoryi\8cf7d1d6-946c-4422-9a1e-98fc2a99f30f.jpg,329,329,329 468 315 366 371
data\raw\val\06927_Plantae_Tracheophyta_Magnoliopsida_Asterales_Asteraceae_Perityle_emoryi\4a222e98-92d6-4a22-9082-61ba2d1f8147.jpg,329,329,329 328 370 371 315
data\raw\val\06938_Plantae_Tracheophyta_Magnoliopsida_Asterales_Asteraceae_Pinaropappus_roseus\31e04072-e393-4db9-a606-be6cf901eb6f.jpg,330,323,323 445 424 414 330
data\raw\val\06938_Plantae_Tracheophyta_Magnoliopsida_Asterales_Asteraceae_Pinaropappus_roseus\a4304472-a10e-4dd7-a044-0b783318bae0.jpg,330,319,319 350 359 314 377
data\raw\val\06938_Plantae_Tracheophyta_Magnoliopsida_Asterales_Asteraceae_Pinaropappus_roseus\4efec0da-2028-4523-86f1-65f6c1045981.jpg,330,390,390 444 378 377 445
data\raw\val\06938_Plantae_Tracheophyta_Magnoliopsida_Asterales_Asteraceae_Pinaropappus_roseus\5b774639-54f2-42fb-a512-2a343d7233ea.jpg,330,330,330 465 372 323 328
data\raw\val\06938_Plantae_Tracheophyta_Magnoliopsida_Asterales_Asteraceae_Pinaropappus_roseus\61888f65-83f3-4f0c-be95-62bbb80def9b.jpg,330,97,97 336 421 370 392
data\raw\val\06938_Plantae_Tracheophyta_Magnoliopsida_Asterales_Asteraceae_Pinaropappus_roseus\dd8d289d-ad0f-45bf-8bab-89815588604a.jpg,330,330,330 315 328 372 465
data\raw\val\06938_Plantae_Tracheophyta_Magnoliopsida_Asterales_Asteraceae_Pinaropappus_roseus\6bab4d6b-f875-4c98-b00e-9c2c2e143e7d.jpg,330,410,410 378 318 381 388
data\raw\val\06938_Plantae_Tracheophyta_Magnoliopsida_Asterales_Asteraceae_Pinaropappus_roseus\a3ec93fd-c672-40f5-9a8e-4ab999bf47bb.jpg,330,330,330 463 328 465 315
data\raw\val\06938_Plantae_Tracheophyta_Magnoliopsida_Asterales_Asteraceae_Pinaropappus_roseus\e1f520eb-2405-447e-a8c3-ee4d8764e921.jpg,330,323,323 330 424 371 464
data\raw\val\06938_Plantae_Tracheophyta_Magnoliopsida_Asterales_Asteraceae_Pinaropappus_roseus\cd1e85d8-8fd4-42e5-92de-45d45fca1de4.jpg,330,465,465 330 323 371 445
data\raw\val\06955_Plantae_Tracheophyta_Magnoliopsida_Asterales_Asteraceae_Pterocaulon_pycnostachyum\33c307b1-d5f2-42ad-8316-1e4235460019.jpg,331,314,314 359 327 437 333
data\raw\val\06955_Plantae_Tracheophyta_Magnoliopsida_Asterales_Asteraceae_Pterocaulon_pycnostachyum\4b36d318-618a-4ffa-ab96-0ebc433d3e9e.jpg,331,374,374 277 384 297 305
data\raw\val\06955_Plantae_Tracheophyta_Magnoliopsida_Asterales_Asteraceae_Pterocaulon_pycnostachyum\0efd2d6f-758c-4a56-97f2-ff8929d82d17.jpg,331,331,331 41 268 76 68
data\raw\val\06955_Plantae_Tracheophyta_Magnoliopsida_Asterales_Asteraceae_Pterocaulon_pycnostachyum\bc7e64ed-957e-4674-8305-8fc4bb5138fd.jpg,331,384,384 299 402 321 459
data\raw\val\06955_Plantae_Tracheophyta_Magnoliopsida_Asterales_Asteraceae_Pterocaulon_pycnostachyum\9e069436-0ea0-4961-9dac-be76782eb6de.jpg,331,299,299 442 331 349 327
data\raw\val\06955_Plantae_Tracheophyta_Magnoliopsida_Asterales_Asteraceae_Pterocaulon_pycnostachyum\9cf6166d-6966-4e79-bd52-2354f1374bec.jpg,331,496,496 392 490 487 316
data\raw\val\06955_Plantae_Tracheophyta_Magnoliopsida_Asterales_Asteraceae_Pterocaulon_pycnostachyum\5d21b354-9319-4362-9e42-2a45010ee273.jpg,331,88,88 69 80 70 373
data\raw\val\06955_Plantae_Tracheophyta_Magnoliopsida_Asterales_Asteraceae_Pterocaulon_pycnostachyum\b4fa075a-0211-4485-8c99-943c1a9701a6.jpg,331,285,285 337 463 387 385
data\raw\val\06955_Plantae_Tracheophyta_Magnoliopsida_Asterales_Asteraceae_Pterocaulon_pycnostachyum\53bd7f4d-5329-4088-ad25-1f0878e50f4a.jpg,331,495,495 407 491 499 343
data\raw\val\06955_Plantae_Tracheophyta_Magnoliopsida_Asterales_Asteraceae_Pterocaulon_pycnostachyum\83b44660-d5e4-4397-87f2-56723dac65b8.jpg,331,365,365 427 437 442 468
data\raw\val\06963_Plantae_Tracheophyta_Magnoliopsida_Asterales_Asteraceae_Rudbeckia_hirta\845208f9-3f4d-4d00-abd1-e3f1a9c42cd3.jpg,332,337,337 385 462 279 457
data\raw\val\06963_Plantae_Tracheophyta_Magnoliopsida_Asterales_Asteraceae_Rudbeckia_hirta\38fb29cf-b3b5-4dac-b2b7-ac8db9c2bcdd.jpg,332,333,333 332 432 386 20
data\raw\val\06963_Plantae_Tracheophyta_Magnoliopsida_Asterales_Asteraceae_Rudbeckia_hirta\38f8275f-8905-46ad-91d7-c01274d93e6d.jpg,332,337,337 462 332 385 326
data\raw\val\06963_Plantae_Tracheophyta_Magnoliopsida_Asterales_Asteraceae_Rudbeckia_hirta\c8ab1ec4-d8ae-4de8-8fb4-299db3f1799c.jpg,332,332,332 333 386 337 279
data\raw\val\06963_Plantae_Tracheophyta_Magnoliopsida_Asterales_Asteraceae_Rudbeckia_hirta\9cac7768-1543-4c86-9cec-21d2c3b704f8.jpg,332,385,385 332 386 337 333
data\raw\val\06963_Plantae_Tracheophyta_Magnoliopsida_Asterales_Asteraceae_Rudbeckia_hirta\5ddd863b-4fc6-4cf6-96a3-6c20cc422e26.jpg,332,432,432 335 332 386 333
data\raw\val\06963_Plantae_Tracheophyta_Magnoliopsida_Asterales_Asteraceae_Rudbeckia_hirta\4ed798a9-d047-40dc-825f-2ac37b3898d8.jpg,332,412,412 332 279 462 386
data\raw\val\06963_Plantae_Tracheophyta_Magnoliopsida_Asterales_Asteraceae_Rudbeckia_hirta\b92f329e-0ee1-47d3-84f7-e033a1d548d4.jpg,332,394,394 308 333 334 432
data\raw\val\06963_Plantae_Tracheophyta_Magnoliopsida_Asterales_Asteraceae_Rudbeckia_hirta\799b6979-87b2-4700-8ab5-ef1585b8a2c1.jpg,332,332,332 333 337 92 326
data\raw\val\06963_Plantae_Tracheophyta_Magnoliopsida_Asterales_Asteraceae_Rudbeckia_hirta\0fe6ba32-9399-40fb-9eec-230899929935.jpg,332,332,332 386 385 326 337
data\raw\val\06969_Plantae_Tracheophyta_Magnoliopsida_Asterales_Asteraceae_Senecio_ampullaceus\450faebc-d230-40c0-a476-055be52d06b2.jpg,333,333,333 382 480 460 337
data\raw\val\06969_Plantae_Tracheophyta_Magnoliopsida_Asterales_Asteraceae_Senecio_ampullaceus\f88dcad6-4873-4c0e-a431-80fa15d6c11d.jpg,333,333,333 386 326 334 432
data\raw\val\06969_Plantae_Tracheophyta_Magnoliopsida_Asterales_Asteraceae_Senecio_ampullaceus\fd74f05d-dbf8-4722-8a45-abab8aaa74ba.jpg,333,333,333 337 385 334 326
data\raw\val\06969_Plantae_Tracheophyta_Magnoliopsida_Asterales_Asteraceae_Senecio_ampullaceus\f2d7f9ab-89e5-41ef-ba48-398df855ad9f.jpg,333,333,333 334 386 380 385
data\raw\val\06969_Plantae_Tracheophyta_Magnoliopsida_Asterales_Asteraceae_Senecio_ampullaceus\1459c98d-135c-453e-a4dc-e7fcf896249d.jpg,333,473,473 479 469 472 403
data\raw\val\06969_Plantae_Tracheophyta_Magnoliopsida_Asterales_Asteraceae_Senecio_ampullaceus\ec32e1a9-adfb-4422-86ac-60a09348a1b3.jpg,333,333,333 382 326 334 325
data\raw\val\06969_Plantae_Tracheophyta_Magnoliopsida_Asterales_Asteraceae_Senecio_ampullaceus\07e096e5-ea3f-463a-aa1d-98d262999ff8.jpg,333,333,333 334 385 326 386
data\raw\val\06969_Plantae_Tracheophyta_Magnoliopsida_Asterales_Asteraceae_Senecio_ampullaceus\7b8893f3-46c6-4805-a8c3-e830cce1ce1c.jpg,333,333,333 332 334 282 326
data\raw\val\06969_Plantae_Tracheophyta_Magnoliopsida_Asterales_Asteraceae_Senecio_ampullaceus\b7377208-4da6-4d20-a2b3-b5da2e4bb927.jpg,333,460,460 424 336 356 335
data\raw\val\06969_Plantae_Tracheophyta_Magnoliopsida_Asterales_Asteraceae_Senecio_ampullaceus\3f171d32-f5b7-482d-ad43-b02027a314ed.jpg,333,333,333 334 335 380 326
data\raw\val\07004_Plantae_Tracheophyta_Magnoliopsida_Asterales_Asteraceae_Solidago_rigida\89b56678-de29-4e96-9480-177fcac4a38f.jpg,334,318,318 384 352 381 419
data\raw\val\07004_Plantae_Tracheophyta_Magnoliopsida_Asterales_Asteraceae_Solidago_rigida\527b4343-cbeb-4bf0-bc11-204cbd2a5c94.jpg,334,296,296 345 411 396 453
data\raw\val\07004_Plantae_Tracheophyta_Magnoliopsida_Asterales_Asteraceae_Solidago_rigida\84f36c73-a694-46de-878b-af3ba74c0a20.jpg,334,237,237 8 24 7 234
data\raw\val\07004_Plantae_Tracheophyta_Magnoliopsida_Asterales_Asteraceae_Solidago_rigida\97804162-f52b-4028-9888-a2e0234a4387.jpg,334,334,334 333 432 326 332
data\raw\val\07004_Plantae_Tracheophyta_Magnoliopsida_Asterales_Asteraceae_Solidago_rigida\d34a7cc8-2d7d-4de8-9bc1-85c88160ff79.jpg,334,374,374 334 282 326 389
data\raw\val\07004_Plantae_Tracheophyta_Magnoliopsida_Asterales_Asteraceae_Solidago_rigida\c0c5342f-bba8-49cc-acb2-c22495602f6b.jpg,334,445,445 371 447 444 463
data\raw\val\07004_Plantae_Tracheophyta_Magnoliopsida_Asterales_Asteraceae_Solidago_rigida\bb45c73c-8b91-470c-8914-3209fe7bf41d.jpg,334,326,326 320 466 322 305
data\raw\val\07004_Plantae_Tracheophyta_Magnoliopsida_Asterales_Asteraceae_Solidago_rigida\b9aec108-39db-47ce-aebc-9e8c7cec7e38.jpg,334,333,333 334 326 386 325
data\raw\val\07004_Plantae_Tracheophyta_Magnoliopsida_Asterales_Asteraceae_Solidago_rigida\f6d06b2c-1021-4b9f-978f-db11620ee36a.jpg,334,334,334 325 326 376 333
data\raw\val\07004_Plantae_Tracheophyta_Magnoliopsida_Asterales_Asteraceae_Solidago_rigida\73c36af5-60df-4a03-a9d5-2bb64480c119.jpg,334,289,289 338 407 285 294
data\raw\val\07013_Plantae_Tracheophyta_Magnoliopsida_Asterales_Asteraceae_Sonchus_asper\d991c1a6-7fa2-4e6b-b958-2d2cece9ed79.jpg,335,463,463 384 359 297 335
data\raw\val\07013_Plantae_Tracheophyta_Magnoliopsida_Asterales_Asteraceae_Sonchus_asper\82106a2a-95d0-411b-b2d6-2e5b27a6b5c1.jpg,335,317,317 335 385 279 326
data\raw\val\07013_Plantae_Tracheophyta_Magnoliopsida_Asterales_Asteraceae_Sonchus_asper\5ad5739b-d63b-44ce-a784-be1de59d3b3f.jpg,335,335,335 463 326 333 387
data\raw\val\07013_Plantae_Tracheophyta_Magnoliopsida_Asterales_Asteraceae_Sonchus_asper\84a5a75c-219b-469e-981f-a44e5cf3f804.jpg,335,492,492 275 493 496 499
data\raw\val\07013_Plantae_Tracheophyta_Magnoliopsida_Asterales_Asteraceae_Sonchus_asper\6ad68df8-e6ee-405b-b7af-be3a600b834b.jpg,335,498,498 263 322 466 377
data\raw\val\07013_Plantae_Tracheophyta_Magnoliopsida_Asterales_Asteraceae_Sonchus_asper\1717eff7-dd3a-4f69-9193-479dad642bef.jpg,335,294,294 495 331 466 407
data\raw\val\07013_Plantae_Tracheophyta_Magnoliopsida_Asterales_Asteraceae_Sonchus_asper\36d3be3a-3000-40bc-92f4-45e5b8a48d6c.jpg,335,353,353 190 292 397 288
data\raw\val\07013_Plantae_Tracheophyta_Magnoliopsida_Asterales_Asteraceae_Sonchus_asper\83856fd0-a79a-4b33-924c-72269a695e9b.jpg,335,411,411 407 289 390 96
data\raw\val\07013_Plantae_Tracheophyta_Magnoliopsida_Asterales_Asteraceae_Sonchus_asper\3549b839-9ebe-493b-afc0-0f4c58d489ff.jpg,335,332,332 380 386 335 385
data\raw\val\07013_Plantae_Tracheophyta_Magnoliopsida_Asterales_Asteraceae_Sonchus_asper\ea8d5148-a110-4a80-8298-d06f66069c81.jpg,335,463,463 454 382 439 335
data\raw\val\07024_Plantae_Tracheophyta_Magnoliopsida_Asterales_Asteraceae_Symphyotrichum_lanceolatum\1cede6b6-545a-44c8-933f-908f07967764.jpg,336,336,336 321 329 370 328
data\raw\val\07024_Plantae_Tracheophyta_Magnoliopsida_Asterales_Asteraceae_Symphyotrichum_lanceolatum\852ca550-3d59-491d-a235-271c5affb822.jpg,336,336,336 71 411 421 340
data\raw\val\07024_Plantae_Tracheophyta_Magnoliopsida_Asterales_Asteraceae_Symphyotrichum_lanceolatum\ead9b3c0-91e2-4d15-9705-f0bef93ad929.jpg,336,336,336 321 370 358 402
data\raw\val\07024_Plantae_Tracheophyta_Magnoliopsida_Asterales_Asteraceae_Symphyotrichum_lanceolatum\7e46c7e4-c2f1-4a74-961c-f13e42b8c5d2.jpg,336,336,336 321 370 329 328
data\raw\val\07024_Plantae_Tracheophyta_Magnoliopsida_Asterales_Asteraceae_Symphyotrichum_lanceolatum\92a55db7-6aff-4d2e-948d-3263354c7ca8.jpg,336,321,321 336 370 463 335
data\raw\val\07024_Plantae_Tracheophyta_Magnoliopsida_Asterales_Asteraceae_Symphyotrichum_lanceolatum\8285b424-aef3-42ea-a645-bb70135d7079.jpg,336,380,380 285 336 374 317
data\raw\val\07024_Plantae_Tracheophyta_Magnoliopsida_Asterales_Asteraceae_Symphyotrichum_lanceolatum\59e2bd15-8baf-4fb3-ac75-648e88f8cadc.jpg,336,336,336 321 329 421 370
data\raw\val\07024_Plantae_Tracheophyta_Magnoliopsida_Asterales_Asteraceae_Symphyotrichum_lanceolatum\a02bf96d-329b-4fa2-ba75-f11c66b824f2.jpg,336,336,336 321 370 329 421
data\raw\val\07024_Plantae_Tracheophyta_Magnoliopsida_Asterales_Asteraceae_Symphyotrichum_lanceolatum\0e10d3b5-5a63-4bb9-af29-ca6a0e9cb7c1.jpg,336,415,415 257 473 357 453
data\raw\val\07024_Plantae_Tracheophyta_Magnoliopsida_Asterales_Asteraceae_Symphyotrichum_lanceolatum\df5b71d2-063e-41ef-9a26-b53b012c34d5.jpg,336,340,340 358 336 321 370
data\raw\val\07042_Plantae_Tracheophyta_Magnoliopsida_Asterales_Asteraceae_Tetraneuris_scaposa\83080b0a-1be3-4e7c-ab3c-ac31471053f3.jpg,337,337,337 279 385 332 462
data\raw\val\07042_Plantae_Tracheophyta_Magnoliopsida_Asterales_Asteraceae_Tetraneuris_scaposa\000bfbe2-29db-4cbe-9e40-9285355bac72.jpg,337,385,385 337 462 386 454
data\raw\val\07042_Plantae_Tracheophyta_Magnoliopsida_Asterales_Asteraceae_Tetraneuris_scaposa\44b438ed-4839-49f8-99f0-d021d6291b50.jpg,337,337,337 385 332 386 326
data\raw\val\07042_Plantae_Tracheophyta_Magnoliopsida_Asterales_Asteraceae_Tetraneuris_scaposa\e8c692e6-e6a1-45ce-bdbb-2de8dbd8563d.jpg,337,385,385 454 462 439 337
data\raw\val\07042_Plantae_Tracheophyta_Magnoliopsida_Asterales_Asteraceae_Tetraneuris_scaposa\86c75879-412c-4d15-a6c7-239edce3732d.jpg,337,337,337 385 285 326 457
data\raw\val\07042_Plantae_Tracheophyta_Magnoliopsida_Asterales_Asteraceae_Tetraneuris_scaposa\d31e62da-5168-4c66-b06d-e43d04250dd8.jpg,337,337,337 462 279 439 454
data\raw\val\07042_Plantae_Tracheophyta_Magnoliopsida_Asterales_Asteraceae_Tetraneuris_scaposa\bf26bc4f-9e14-4537-8789-d75c19a65459.jpg,337,337,337 279 385 333 325
data\raw\val\07042_Plantae_Tracheophyta_Magnoliopsida_Asterales_Asteraceae_Tetraneuris_scaposa\8a328a29-b973-4846-9e21-5292d2cdaa55.jpg,337,337,337 279 385 332 480
data\raw\val\07042_Plantae_Tracheophyta_Magnoliopsida_Asterales_Asteraceae_Tetraneuris_scaposa\491abe2a-070d-40e2-8ca5-9feed8144758.jpg,337,333,333 279 326 334 380
data\raw\val\07042_Plantae_Tracheophyta_Magnoliopsida_Asterales_Asteraceae_Tetraneuris_scaposa\428a6738-5029-4725-94ba-58fe9f1ebb2c.jpg,337,337,337 389 326 385 333
data\raw\val\07122_Plantae_Tracheophyta_Magnoliopsida_Asterales_Menyanthaceae_Menyanthes_trifoliata\1a6ae8fe-221a-407c-8151-09c2b9b9ddd4.jpg,338,366,366 342 365 277 309
data\raw\val\07122_Plantae_Tracheophyta_Magnoliopsida_Asterales_Menyanthaceae_Menyanthes_trifoliata\e706e8ab-3923-4e88-a206-f26ae04584c5.jpg,338,484,484 443 97 315 427
data\raw\val\07122_Plantae_Tracheophyta_Magnoliopsida_Asterales_Menyanthaceae_Menyanthes_trifoliata\9a189ef4-7887-41ba-b3a1-999e33682980.jpg,338,277,277 338 402 419 321
data\raw\val\07122_Plantae_Tracheophyta_Magnoliopsida_Asterales_Menyanthaceae_Menyanthes_trifoliata\8a337927-c9ca-45f7-84ed-46c2d8479fc8.jpg,338,321,321 402 358 338 336
data\raw\val\07122_Plantae_Tracheophyta_Magnoliopsida_Asterales_Menyanthaceae_Menyanthes_trifoliata\a6cb7e41-1f1a-48e5-87d3-cf3779600b9b.jpg,338,338,338 456 443 289 341
data\raw\val\07122_Plantae_Tracheophyta_Magnoliopsida_Asterales_Menyanthaceae_Menyanthes_trifoliata\14d650b1-8784-4943-b8a7-6cb57d272452.jpg,338,433,433 401 403 472 419
data\raw\val\07122_Plantae_Tracheophyta_Magnoliopsida_Asterales_Menyanthaceae_Menyanthes_trifoliata\f443c563-b248-48dc-83ea-62d8495a0ae0.jpg,338,429,429 338 453 484 419
data\raw\val\07122_Plantae_Tracheophyta_Magnoliopsida_Asterales_Menyanthaceae_Menyanthes_trifoliata\1172ec99-50ba-4790-8781-6d651923ff33.jpg,338,484,484 338 453 341 383
data\raw\val\07122_Plantae_Tracheophyta_Magnoliopsida_Asterales_Menyanthaceae_Menyanthes_trifoliata\6fe41dd4-9a20-4caf-a364-955cea945c0e.jpg,338,285,285 464 233 190 407
data\raw\val\07122_Plantae_Tracheophyta_Magnoliopsida_Asterales_Menyanthaceae_Menyanthes_trifoliata\cb524d65-2abe-482d-a1a7-2392734f1ef9.jpg,338,440,440 436 310 474 307
data\raw\val\07171_Plantae_Tracheophyta_Magnoliopsida_Boraginales_Boraginaceae_Myosotis_discolor\bbc4b98c-85df-4063-bc6d-70135908533b.jpg,339,339,339 450 421 15 304
data\raw\val\07171_Plantae_Tracheophyta_Magnoliopsida_Boraginales_Boraginaceae_Myosotis_discolor\3d0df179-0d87-4665-a4d1-7d53b6fd6a9e.jpg,339,244,244 130 135 406 197
data\raw\val\07171_Plantae_Tracheophyta_Magnoliopsida_Boraginales_Boraginaceae_Myosotis_discolor\3aeb12a3-d535-44be-8f46-2e0ee8067b66.jpg,339,421,421 339 43 0 329
data\raw\val\07171_Plantae_Tracheophyta_Magnoliopsida_Boraginales_Boraginaceae_Myosotis_discolor\393efe04-b707-4b2e-9d04-541731f9af95.jpg,339,419,419 339 69 417 67
data\raw\val\07171_Plantae_Tracheophyta_Magnoliopsida_Boraginales_Boraginaceae_Myosotis_discolor\f511e341-5c53-45b1-bda4-208c6ee9c664.jpg,339,281,281 309 298 326 374
data\raw\val\07171_Plantae_Tracheophyta_Magnoliopsida_Boraginales_Boraginaceae_Myosotis_discolor\3d394a43-b433-4fa6-96db-c38b2c342dc7.jpg,339,339,339 450 304 15 421
data\raw\val\07171_Plantae_Tracheophyta_Magnoliopsida_Boraginales_Boraginaceae_Myosotis_discolor\f230c69c-7ce0-4df0-9a6f-f7db6ed54759.jpg,339,421,421 329 370 336 328
data\raw\val\07171_Plantae_Tracheophyta_Magnoliopsida_Boraginales_Boraginaceae_Myosotis_discolor\1b5bbfb6-9c97-441a-8dc4-93ab72ffa703.jpg,339,410,410 177 339 426 69
data\raw\val\07171_Plantae_Tracheophyta_Magnoliopsida_Boraginales_Boraginaceae_Myosotis_discolor\9489cede-1319-4ba6-80e8-89f52b3cda20.jpg,339,128,128 129 250 276 251
data\raw\val\07171_Plantae_Tracheophyta_Magnoliopsida_Boraginales_Boraginaceae_Myosotis_discolor\10d33d76-5df3-44fc-8744-d2e89ed932ae.jpg,339,339,339 421 97 43 411
data\raw\val\07202_Plantae_Tracheophyta_Magnoliopsida_Boraginales_Boraginaceae_Pholistoma_membranaceum\06b04258-c2c5-4bc9-87d6-96d5d3e2c54c.jpg,340,418,418 497 349 494 314
data\raw\val\07202_Plantae_Tracheophyta_Magnoliopsida_Boraginales_Boraginaceae_Pholistoma_membranaceum\86f8d534-f78c-47c6-a3d3-b5f68b0ee00b.jpg,340,340,340 421 336 370 484
data\raw\val\07202_Plantae_Tracheophyta_Magnoliopsida_Boraginales_Boraginaceae_Pholistoma_membranaceum\4779c12e-f3fd-4114-8f70-6410520a8571.jpg,340,341,341 411 340 373 430
data\raw\val\07202_Plantae_Tracheophyta_Magnoliopsida_Boraginales_Boraginaceae_Pholistoma_membranaceum\412dec5e-f3f9-40f4-b4e0-5e495868103e.jpg,340,340,340 373 97 419 421
data\raw\val\07202_Plantae_Tracheophyta_Magnoliopsida_Boraginales_Boraginaceae_Pholistoma_membranaceum\b62a6a69-6c68-4215-9912-a8243ccea2f1.jpg,340,340,340 430 358 396 406
data\raw\val\07202_Plantae_Tracheophyta_Magnoliopsida_Boraginales_Boraginaceae_Pholistoma_membranaceum\fde6d682-0248-4670-96ac-e4718316e5a9.jpg,340,341,341 421 484 450 443
data\raw\val\07202_Plantae_Tracheophyta_Magnoliopsida_Boraginales_Boraginaceae_Pholistoma_membranaceum\2f4e1451-6804-4d54-a158-9161ff205b37.jpg,340,421,421 365 392 484 336
data\raw\val\07202_Plantae_Tracheophyta_Magnoliopsida_Boraginales_Boraginaceae_Pholistoma_membranaceum\1062f02f-6f72-4580-a9c5-c133fd737ab8.jpg,340,359,359 450 392 365 320
data\raw\val\07202_Plantae_Tracheophyta_Magnoliopsida_Boraginales_Boraginaceae_Pholistoma_membranaceum\ff79a879-b9ec-439f-8791-1037e968eabc.jpg,340,341,341 484 443 430 372
data\raw\val\07202_Plantae_Tracheophyta_Magnoliopsida_Boraginales_Boraginaceae_Pholistoma_membranaceum\91561457-82aa-4942-a5e0-b59303bc9bbe.jpg,340,340,340 453 468 421 97
data\raw\val\07231_Plantae_Tracheophyta_Magnoliopsida_Brassicales_Brassicaceae_Cardamine_californica\fa270685-fb13-4d3e-ae38-1f52e123c3d1.jpg,341,411,411 373 429 341 419
data\raw\val\07231_Plantae_Tracheophyta_Magnoliopsida_Brassicales_Brassicaceae_Cardamine_californica\f7c3606b-93e9-43d2-b481-82afdf44eead.jpg,341,421,421 429 370 340 341
data\raw\val\07231_Plantae_Tracheophyta_Magnoliopsida_Brassicales_Brassicaceae_Cardamine_californica\51cb2c64-3be7-4ca4-9aca-050ab42637a2.jpg,341,341,341 484 443 338 450
data\raw\val\07231_Plantae_Tracheophyta_Magnoliopsida_Brassicales_Brassicaceae_Cardamine_californica\3679080e-08e0-4ea2-b3e1-a56a29916649.jpg,341,341,341 484 315 443 330
data\raw\val\07231_Plantae_Tracheophyta_Magnoliopsida_Brassicales_Brassicaceae_Cardamine_californica\d7eb91e4-8885-458d-be14-4cd5e350b212.jpg,341,341,341 484 421 372 468
data\raw\val\07231_Plantae_Tracheophyta_Magnoliopsida_Brassicales_Brassicaceae_Cardamine_californica\6fa6f693-803a-4f3e-a4d8-0589d1827f5c.jpg,341,341,341 484 443 429 421
data\raw\val\07231_Plantae_Tracheophyta_Magnoliopsida_Brassicales_Brassicaceae_Cardamine_californica\5fa7e319-d074-4be1-b79c-730395dfe706.jpg,341,443,443 424 341 434 453
data\raw\val\07231_Plantae_Tracheophyta_Magnoliopsida_Brassicales_Brassicaceae_Cardamine_californica\6300381f-5fc8-4e4d-acd6-224c8d29f347.jpg,341,222,222 312 197 401 433
data\raw\val\07231_Plantae_Tracheophyta_Magnoliopsida_Brassicales_Brassicaceae_Cardamine_californica\18d9de39-9587-4992-a623-e4d4e8ae1629.jpg,341,383,383 429 419 341 450
data\raw\val\07231_Plantae_Tracheophyta_Magnoliopsida_Brassicales_Brassicaceae_Cardamine_californica\3e774403-1d4a-4932-b106-df0de484856e.jpg,341,341,341 443 424 372 315
data\raw\val\07279_Plantae_Tracheophyta_Magnoliopsida_Brassicales_Brassicaceae_Streptanthus_tortuosus\0904375f-8820-4227-9287-ac4c95854b23.jpg,342,437,437 171 455 414 287
data\raw\val\07279_Plantae_Tracheophyta_Magnoliopsida_Brassicales_Brassicaceae_Streptanthus_tortuosus\2a10a1a3-e68b-4e74-88f2-f6249367583c.jpg,342,342,342 424 492 415 393
data\raw\val\07279_Plantae_Tracheophyta_Magnoliopsida_Brassicales_Brassicaceae_Streptanthus_tortuosus\3eb01b00-ba49-4094-a6d0-3d875d539bc8.jpg,342,144,144 240 237 438 230
data\raw\val\07279_Plantae_Tracheophyta_Magnoliopsida_Brassicales_Brassicaceae_Streptanthus_tortuosus\fa52ce55-b07c-4696-8e0a-8308d2a939f9.jpg,342,132,132 342 276 255 9
data\raw\val\07279_Plantae_Tracheophyta_Magnoliopsida_Brassicales_Brassicaceae_Streptanthus_tortuosus\aa160361-d9bc-44e5-98c1-719733f42883.jpg,342,9,9 262 349 73 492
data\raw\val\07279_Plantae_Tracheophyta_Magnoliopsida_Brassicales_Brassicaceae_Streptanthus_tortuosus\d26c971c-622e-47f6-af7c-fec161a49d71.jpg,342,342,342 282 0 437 427
data\raw\val\07279_Plantae_Tracheophyta_Magnoliopsida_Brassicales_Brassicaceae_Streptanthus_tortuosus\57b12805-730f-4208-9653-3d3e69225df9.jpg,342,344,344 414 257 379 124
data\raw\val\07279_Plantae_Tracheophyta_Magnoliopsida_Brassicales_Brassicaceae_Streptanthus_tortuosus\688e1aa2-c9cb-4640-a021-7ffe95eed223.jpg,342,427,427 342 365 291 450
data\raw\val\07279_Plantae_Tracheophyta_Magnoliopsida_Brassicales_Brassicaceae_Streptanthus_tortuosus\67a904d3-3276-4f1d-8f1f-e7181f576ef6.jpg,342,342,342 424 456 497 312
data\raw\val\07279_Plantae_Tracheophyta_Magnoliopsida_Brassicales_Brassicaceae_Streptanthus_tortuosus\808d069b-c135-4b66-99bf-e2d1ba3fbc34.jpg,342,438,438 10 345 437 350
data\raw\val\07292_Plantae_Tracheophyta_Magnoliopsida_Brassicales_Limnanthaceae_Floerkea_proserpinacoides\6230b07d-e3e6-4ec7-9aeb-e7da8fa4e9b2.jpg,343,318,318 458 273 275 362
data\raw\val\07292_Plantae_Tracheophyta_Magnoliopsida_Brassicales_Limnanthaceae_Floerkea_proserpinacoides\162a96aa-5cb7-493a-b785-e3bb4c5212e9.jpg,343,343,343 294 296 407 331
data\raw\val\07292_Plantae_Tracheophyta_Magnoliopsida_Brassicales_Limnanthaceae_Floerkea_proserpinacoides\8433b505-54b4-4536-96a2-fc2f4eb25a47.jpg,343,343,343 411 310 317 407
data\raw\val\07292_Plantae_Tracheophyta_Magnoliopsida_Brassicales_Limnanthaceae_Floerkea_proserpinacoides\54b3f4c2-fed7-4c20-b3a2-4140fa52b752.jpg,343,343,343 407 499 341 429
data\raw\val\07292_Plantae_Tracheophyta_Magnoliopsida_Brassicales_Limnanthaceae_Floerkea_proserpinacoides\963284a5-e3cc-4b22-9a9d-a29e55fffc39.jpg,343,499,499 495 473 491 407
data\raw\val\07292_Plantae_Tracheophyta_Magnoliopsida_Brassicales_Limnanthaceae_Floerkea_proserpinacoides\9b83c8f1-d89f-4669-b3f1-b512de752940.jpg,343,492,492 343 349 312 345
data\raw\val\07292_Plantae_Tracheophyta_Magnoliopsida_Brassicales_Limnanthaceae_Floerkea_proserpinacoides\cf1165ed-ba3c-4053-a620-830ec4e657df.jpg,343,10,10 438 407 443 343
data\raw\val\07292_Plantae_Tracheophyta_Magnoliopsida_Brassicales_Limnanthaceae_Floerkea_proserpinacoides\1c7a347a-4d9c-4066-a67f-9d0f633e3fdc.jpg,343,407,407 499 310 497 492
data\raw\val\07292_Plantae_Tracheophyta_Magnoliopsida_Brassicales_Limnanthaceae_Floerkea_proserpinacoides\21808c10-26b0-44a6-b938-09b7dae9de25.jpg,343,343,343 491 499 281 495
data\raw\val\07292_Plantae_Tracheophyta_Magnoliopsida_Brassicales_Limnanthaceae_Floerkea_proserpinacoides\8a8d54e4-ca04-4e3b-9fb8-f3504bb4cded.jpg,343,343,343 294 407 296 499
data\raw\val\07305_Plantae_Tracheophyta_Magnoliopsida_Caryophyllales_Aizoaceae_Mesembryanthemum_crystallinum\a1b6911d-f775-461d-9fd7-1616070aaca2.jpg,344,403,403 344 387 92 478
data\raw\val\07305_Plantae_Tracheophyta_Magnoliopsida_Caryophyllales_Aizoaceae_Mesembryanthemum_crystallinum\3a5bd940-462a-4585-86a2-af003d08e585.jpg,344,403,403 431 335 280 345
data\raw\val\07305_Plantae_Tracheophyta_Magnoliopsida_Caryophyllales_Aizoaceae_Mesembryanthemum_crystallinum\9da5ad22-eed1-4243-b766-756c56aa7be2.jpg,344,369,369 344 367 438 437
data\raw\val\07305_Plantae_Tracheophyta_Magnoliopsida_Caryophyllales_Aizoaceae_Mesembryanthemum_crystallinum\aa7301e5-996e-4310-81df-8344875a6cb1.jpg,344,433,433 344 438 470 469
data\raw\val\07305_Plantae_Tracheophyta_Magnoliopsida_Caryophyllales_Aizoaceae_Mesembryanthemum_crystallinum\53cec7b8-a985-47eb-a102-b8a10a65df66.jpg,344,355,355 428 459 384 348
data\raw\val\07305_Plantae_Tracheophyta_Magnoliopsida_Caryophyllales_Aizoaceae_Mesembryanthemum_crystallinum\0b1c9ae1-212e-4170-9c5d-7e4ab68123b5.jpg,344,344,344 438 368 345 455
data\raw\val\07305_Plantae_Tracheophyta_Magnoliopsida_Caryophyllales_Aizoaceae_Mesembryanthemum_crystallinum\7ab54873-82d0-42b2-afea-021422289751.jpg,344,257,257 126 413 344 123
data\raw\val\07305_Plantae_Tracheophyta_Magnoliopsida_Caryophyllales_Aizoaceae_Mesembryanthemum_crystallinum\f92d53f7-8f55-46f8-adc9-893499f5eca5.jpg,344,353,353 354 292 480 458
data\raw\val\07305_Plantae_Tracheophyta_Magnoliopsida_Caryophyllales_Aizoaceae_Mesembryanthemum_crystallinum\d78c456f-06fc-4b8e-aa20-81249427de22.jpg,344,403,403 466 464 409 497
data\raw\val\07305_Plantae_Tracheophyta_Magnoliopsida_Caryophyllales_Aizoaceae_Mesembryanthemum_crystallinum\816233ae-d696-47db-9855-e6dfdafb570c.jpg,344,344,344 348 354 351 276
data\raw\val\07319_Plantae_Tracheophyta_Magnoliopsida_Caryophyllales_Amaranthaceae_Atriplex_prostrata\8d0dd17f-96d1-4c9d-8998-d6c227a545a2.jpg,345,324,324 331 438 345 314
data\raw\val\07319_Plantae_Tracheophyta_Magnoliopsida_Caryophyllales_Amaranthaceae_Atriplex_prostrata\09fd794f-28db-4a02-93d0-e9caad49c5c6.jpg,345,466,466 384 303 305 494
data\raw\val\07319_Plantae_Tracheophyta_Magnoliopsida_Caryophyllales_Amaranthaceae_Atriplex_prostrata\a6c628db-af19-4555-9db7-268830eb98d0.jpg,345,345,345 322 294 419 335
data\raw\val\07319_Plantae_Tracheophyta_Magnoliopsida_Caryophyllales_Amaranthaceae_Atriplex_prostrata\0413f299-00a3-4b69-ac4f-8267d08650b8.jpg,345,280,280 0 401 10 469
data\raw\val\07319_Plantae_Tracheophyta_Magnoliopsida_Caryophyllales_Amaranthaceae_Atriplex_prostrata\31f47e15-c993-4fff-a64d-b1cc6ae9b26c.jpg,345,344,344 354 425 353 348
data\raw\val\07319_Plantae_Tracheophyta_Magnoliopsida_Caryophyllales_Amaranthaceae_Atriplex_prostrata\7c8dc59c-2e6d-4061-b5af-fa9ea0c61906.jpg,345,61,61 482 292 448 344
data\raw\val\07319_Plantae_Tracheophyta_Magnoliopsida_Caryophyllales_Amaranthaceae_Atriplex_prostrata\8cdec239-d71f-43aa-834b-bf96c291ebee.jpg,345,300,300 428 301 302 345
data\raw\val\07319_Plantae_Tracheophyta_Magnoliopsida_Caryophyllales_Amaranthaceae_Atriplex_prostrata\f960ca1c-208f-4320-9e6c-ff1561335889.jpg,345,364,364 312 313 469 468
data\raw\val\07319_Plantae_Tracheophyta_Magnoliopsida_Caryophyllales_Amaranthaceae_Atriplex_prostrata\3d2341bc-ad55-4288-8bd0-c4a7f42cd475.jpg,345,484,484 368 294 383 402
data\raw\val\07319_Plantae_Tracheophyta_Magnoliopsida_Caryophyllales_Amaranthaceae_Atriplex_prostrata\3c219000-fd60-4f24-9d0d-20ca8028e2e1.jpg,345,383,383 310 311 453 357
data\raw\val\07324_Plantae_Tracheophyta_Magnoliopsida_Caryophyllales_Amaranthaceae_Celosia_argentea\7aef51c3-7dac-4f90-b290-6a0da99af1b7.jpg,346,423,423 286 287 346 290
data\raw\val\07324_Plantae_Tracheophyta_Magnoliopsida_Caryophyllales_Amaranthaceae_Celosia_argentea\141441f5-9417-46d1-91c9-dd9fa1889628.jpg,346,346,346 352 367 362 390
data\raw\val\07324_Plantae_Tracheophyta_Magnoliopsida_Caryophyllales_Amaranthaceae_Celosia_argentea\780f8a37-cb10-4ebf-a7ab-c1b7eda0e7e7.jpg,346,403,403 333 402 314 432
data\raw\val\07324_Plantae_Tracheophyta_Magnoliopsida_Caryophyllales_Amaranthaceae_Celosia_argentea\821c305c-4421-43c4-a800-9c2606681c9a.jpg,346,290,290 416 330 63 423
data\raw\val\07324_Plantae_Tracheophyta_Magnoliopsida_Caryophyllales_Amaranthaceae_Celosia_argentea\04b2c1ec-e8be-475d-92b3-66a5774ad3f0.jpg,346,342,342 345 10 302 285
data\raw\val\07324_Plantae_Tracheophyta_Magnoliopsida_Caryophyllales_Amaranthaceae_Celosia_argentea\0d81b3bb-1a0a-44e3-bbe7-d68c3dadb91f.jpg,346,422,422 461 307 258 207
data\raw\val\07324_Plantae_Tracheophyta_Magnoliopsida_Caryophyllales_Amaranthaceae_Celosia_argentea\950d8a12-79ca-447f-a1c5-81ecb6310036.jpg,346,417,417 419 383 290 455
data\raw\val\07324_Plantae_Tracheophyta_Magnoliopsida_Caryophyllales_Amaranthaceae_Celosia_argentea\7821818e-b656-4268-8322-58b9569a8f81.jpg,346,352,352 318 346 390 419
data\raw\val\07324_Plantae_Tracheophyta_Magnoliopsida_Caryophyllales_Amaranthaceae_Celosia_argentea\ed307f6e-ebd1-4a4d-93f8-7f17f677c411.jpg,346,287,287 423 346 288 286
data\raw\val\07324_Plantae_Tracheophyta_Magnoliopsida_Caryophyllales_Amaranthaceae_Celosia_argentea\c98a27de-084e-4cd8-a6ce-9b28df1abf3b.jpg,346,346,346 361 352 390 366
data\raw\val\07349_Plantae_Tracheophyta_Magnoliopsida_Caryophyllales_Cactaceae_Cylindropuntia_fulgida\ff93c3db-660f-44f4-b999-138d87d08591.jpg,347,496,496 493 490 492 489
data\raw\val\07349_Plantae_Tracheophyta_Magnoliopsida_Caryophyllales_Cactaceae_Cylindropuntia_fulgida\b80dc92f-ad82-435f-bedf-79997d13742f.jpg,347,347,347 355 316 414 283
data\raw\val\07349_Plantae_Tracheophyta_Magnoliopsida_Caryophyllales_Cactaceae_Cylindropuntia_fulgida\f59af167-050d-431e-b840-84f19384fd38.jpg,347,347,347 404 283 316 355
data\raw\val\07349_Plantae_Tracheophyta_Magnoliopsida_Caryophyllales_Cactaceae_Cylindropuntia_fulgida\2f0bb692-c80c-4aae-b390-62d35cd10d25.jpg,347,347,347 280 449 348 316
data\raw\val\07349_Plantae_Tracheophyta_Magnoliopsida_Caryophyllales_Cactaceae_Cylindropuntia_fulgida\b07a46bb-6136-4cac-83dc-2d7896bc553d.jpg,347,327,327 389 347 283 132
data\raw\val\07349_Plantae_Tracheophyta_Magnoliopsida_Caryophyllales_Cactaceae_Cylindropuntia_fulgida\a9c4b302-b797-4705-870a-d618de995ec6.jpg,347,492,492 318 497 144 140
data\raw\val\07349_Plantae_Tracheophyta_Magnoliopsida_Caryophyllales_Cactaceae_Cylindropuntia_fulgida\635393ca-f4ed-4a37-b279-1bdad11fb92d.jpg,347,347,347 355 487 283 278
data\raw\val\07349_Plantae_Tracheophyta_Magnoliopsida_Caryophyllales_Cactaceae_Cylindropuntia_fulgida\51332dc0-61d0-40c6-be52-627bb264572e.jpg,347,314,314 347 316 348 431
data\raw\val\07349_Plantae_Tracheophyta_Magnoliopsida_Caryophyllales_Cactaceae_Cylindropuntia_fulgida\5bec2f0a-710b-406e-8f8a-a28b2284df98.jpg,347,449,449 273 359 347 487
data\raw\val\07349_Plantae_Tracheophyta_Magnoliopsida_Caryophyllales_Cactaceae_Cylindropuntia_fulgida\e8d2e3a0-bd04-4d8b-88d9-114124f5d758.jpg,347,347,347 318 449 366 425
data\raw\val\07355_Plantae_Tracheophyta_Magnoliopsida_Caryophyllales_Cactaceae_Cylindropuntia_thurberi\14804657-cba8-441e-a942-523324ee879e.jpg,348,314,314 437 313 468 418
data\raw\val\07355_Plantae_Tracheophyta_Magnoliopsida_Caryophyllales_Cactaceae_Cylindropuntia_thurberi\3d1ff6bb-8979-4256-9a38-09ad31ba6f28.jpg,348,226,226 353 139 190 384
data\raw\val\07355_Plantae_Tracheophyta_Magnoliopsida_Caryophyllales_Cactaceae_Cylindropuntia_thurberi\749f6539-904c-4e57-907d-62ff69154ffd.jpg,348,348,348 425 347 366 351
data\raw\val\07355_Plantae_Tracheophyta_Magnoliopsida_Caryophyllales_Cactaceae_Cylindropuntia_thurberi\ba147f86-e29b-42f4-9b38-bf83ee0ce192.jpg,348,314,314 359 348 327 347
data\raw\val\07355_Plantae_Tracheophyta_Magnoliopsida_Caryophyllales_Cactaceae_Cylindropuntia_thurberi\5ed25ebf-105f-49e9-8ac8-2c04812e51a6.jpg,348,314,314 437 348 355 359
data\raw\val\07355_Plantae_Tracheophyta_Magnoliopsida_Caryophyllales_Cactaceae_Cylindropuntia_thurberi\464d85c5-9e1b-46ff-97fe-7cd398a62e83.jpg,348,348,348 284 413 476 375
data\raw\val\07355_Plantae_Tracheophyta_Magnoliopsida_Caryophyllales_Cactaceae_Cylindropuntia_thurberi\b03d51e4-370d-4379-9ce5-ace0e98ebd43.jpg,348,348,348 467 404 347 316
data\raw\val\07355_Plantae_Tracheophyta_Magnoliopsida_Caryophyllales_Cactaceae_Cylindropuntia_thurberi\76bec2cd-aa67-48eb-ae7c-5c2e08ce80f1.jpg,348,359,359 319 314 414 442
data\raw\val\07355_Plantae_Tracheophyta_Magnoliopsida_Caryophyllales_Cactaceae_Cylindropuntia_thurberi\97a014e8-b8c4-4908-b5d3-ec31d160d92e.jpg,348,342,342 349 348 366 314
data\raw\val\07355_Plantae_Tracheophyta_Magnoliopsida_Caryophyllales_Cactaceae_Cylindropuntia_thurberi\61c8f520-5663-4e61-9804-8d6ea7fb728f.jpg,348,286,286 425 344 348 482
data\raw\val\07367_Plantae_Tracheophyta_Magnoliopsida_Caryophyllales_Cactaceae_Echinocereus_pentalophus\1f3c061e-46c7-4152-a5e9-d51e692b2d35.jpg,349,349,349 110 10 232 243
data\raw\val\07367_Plantae_Tracheophyta_Magnoliopsida_Caryophyllales_Cactaceae_Echinocereus_pentalophus\968fa8ae-5660-44d3-9774-41832183fe9a.jpg,349,351,351 349 350 405 409
data\raw\val\07367_Plantae_Tracheophyta_Magnoliopsida_Caryophyllales_Cactaceae_Echinocereus_pentalophus\24c0659f-77ab-4ad1-b4df-39e7efff262b.jpg,349,377,377 369 409 420 288
data\raw\val\07367_Plantae_Tracheophyta_Magnoliopsida_Caryophyllales_Cactaceae_Echinocereus_pentalophus\f2a11729-b16d-48e2-af38-b64bcd40a048.jpg,349,302,302 349 299 121 428
data\raw\val\07367_Plantae_Tracheophyta_Magnoliopsida_Caryophyllales_Cactaceae_Echinocereus_pentalophus\0a9a52c5-ba87-4aa8-b731-871c394d5e35.jpg,349,350,350 349 445 371 409
data\raw\val\07367_Plantae_Tracheophyta_Magnoliopsida_Caryophyllales_Cactaceae_Echinocereus_pentalophus\e2aab8c2-ccb7-4429-91ba-78c13535cb85.jpg,349,351,351 349 347 350 449
data\raw\val\07367_Plantae_Tracheophyta_Magnoliopsida_Caryophyllales_Cactaceae_Echinocereus_pentalophus\b7531846-e0c2-47ff-9d0f-88607d0fa882.jpg,349,407,407 289 369 482 338
data\raw\val\07367_Plantae_Tracheophyta_Magnoliopsida_Caryophyllales_Cactaceae_Echinocereus_pentalophus\50ce6f7a-4c8d-4976-a17e-83f1aca3134c.jpg,349,347,347 409 350 351 449
data\raw\val\07367_Plantae_Tracheophyta_Magnoliopsida_Caryophyllales_Cactaceae_Echinocereus_pentalophus\3469f76e-88d5-4b0d-b2b2-d62f5571b8f1.jpg,349,349,349 162 213 190 280
data\raw\val\07367_Plantae_Tracheophyta_Magnoliopsida_Caryophyllales_Cactaceae_Echinocereus_pentalophus\89cc8f39-2574-456b-ae24-c8f747bc33d9.jpg,349,392,392 372 315 442 465
data\raw\val\07375_Plantae_Tracheophyta_Magnoliopsida_Caryophyllales_Cactaceae_Escobaria_vivipara\52c57b28-77f7-420a-a34a-5038fcb69e1e.jpg,350,350,350 422 351 379 347
data\raw\val\07375_Plantae_Tracheophyta_Magnoliopsida_Caryophyllales_Cactaceae_Escobaria_vivipara\a8acd094-bf84-4ff1-8d47-659694ac2d7a.jpg,350,350,350 445 349 409 351
data\raw\val\07375_Plantae_Tracheophyta_Magnoliopsida_Caryophyllales_Cactaceae_Escobaria_vivipara\560e94f1-00f5-4a84-a17a-2d25568e384b.jpg,350,350,350 422 351 388 349
data\raw\val\07375_Plantae_Tracheophyta_Magnoliopsida_Caryophyllales_Cactaceae_Escobaria_vivipara\bace6558-5161-446f-aa33-db86f9237e84.jpg,350,350,350 349 377 240 324
data\raw\val\07375_Plantae_Tracheophyta_Magnoliopsida_Caryophyllales_Cactaceae_Escobaria_vivipara\1c39021b-d5fe-4f64-8812-124f281108d1.jpg,350,350,350 316 257 379 348
data\raw\val\07375_Plantae_Tracheophyta_Magnoliopsida_Caryophyllales_Cactaceae_Escobaria_vivipara\6acbe3b9-9294-4f57-adf3-30f16fbe7a8e.jpg,350,350,350 446 388 349 422
data\raw\val\07375_Plantae_Tracheophyta_Magnoliopsida_Caryophyllales_Cactaceae_Escobaria_vivipara\c60c8dbe-b020-45d7-85c4-4653547682bf.jpg,350,468,468 437 372 369 315
data\raw\val\07375_Plantae_Tracheophyta_Magnoliopsida_Caryophyllales_Cactaceae_Escobaria_vivipara\06810954-191b-4303-8848-5349a16d0729.jpg,350,257,257 350 316 230 7
data\raw\val\07375_Plantae_Tracheophyta_Magnoliopsida_Caryophyllales_Cactaceae_Escobaria_vivipara\6e35f2fd-ee7b-46ab-8da8-858cd6daea83.jpg,350,422,422 446 281 350 349
data\raw\val\07375_Plantae_Tracheophyta_Magnoliopsida_Caryophyllales_Cactaceae_Escobaria_vivipara\b7867e28-4533-49d4-9e0f-4c7617fe609b.jpg,350,350,350 446 422 388 349
data\raw\val\07394_Plantae_Tracheophyta_Magnoliopsida_Caryophyllales_Cactaceae_Opuntia_basilaris\6b12b9af-34ce-4170-bb49-27c50be8082a.jpg,351,345,345 438 228 46 344
data\raw\val\07394_Plantae_Tracheophyta_Magnoliopsida_Caryophyllales_Cactaceae_Opuntia_basilaris\b113791a-b20f-4055-8111-3f0ff7171f93.jpg,351,351,351 190 259 145 233
data\raw\val\07394_Plantae_Tracheophyta_Magnoliopsida_Caryophyllales_Cactaceae_Opuntia_basilaris\6d1a4db4-0d64-4cab-9246-6761f16e4edc.jpg,351,280,280 217 347 212 242
data\raw\val\07394_Plantae_Tracheophyta_Magnoliopsida_Caryophyllales_Cactaceae_Opuntia_basilaris\31bf5f33-a470-4b24-9f38-b30b46df4620.jpg,351,351,351 346 347 366 352
data\raw\val\07394_Plantae_Tracheophyta_Magnoliopsida_Caryophyllales_Cactaceae_Opuntia_basilaris\c5fba1d8-789e-47d4-b15a-aa16dbb5695f.jpg,351,351,351 346 366 405 348
data\raw\val\07394_Plantae_Tracheophyta_Magnoliopsida_Caryophyllales_Cactaceae_Opuntia_basilaris\69fcf868-ff7c-4738-af10-968cfad17609.jpg,351,256,256 314 347 404 144
data\raw\val\07394_Plantae_Tracheophyta_Magnoliopsida_Caryophyllales_Cactaceae_Opuntia_basilaris\804b63e1-176c-422b-8632-a6abeb25089a.jpg,351,7,7 24 11 242 6
data\raw\val\07394_Plantae_Tracheophyta_Magnoliopsida_Caryophyllales_Cactaceae_Opuntia_basilaris\22a45e88-e879-4450-99c3-5c6e16954506.jpg,351,351,351 405 346 361 366
data\raw\val\07394_Plantae_Tracheophyta_Magnoliopsida_Caryophyllales_Cactaceae_Opuntia_basilaris\8369379a-8e3a-468c-a95c-c6188534a36d.jpg,351,350,350 351 379 445 349
data\raw\val\07394_Plantae_Tracheophyta_Magnoliopsida_Caryophyllales_Cactaceae_Opuntia_basilaris\fb8d7c93-5c32-4b4a-8d21-a08a73dc94eb.jpg,351,212,212 262 243 271 351
data\raw\val\07450_Plantae_Tracheophyta_Magnoliopsida_Caryophyllales_Caryophyllaceae_Silene_dioica\1b5350e1-9503-46d9-b1f9-a7113200e6f8.jpg,352,352,352 390 361 417 346
data\raw\val\07450_Plantae_Tracheophyta_Magnoliopsida_Caryophyllales_Caryophyllaceae_Silene_dioica\625e589a-a4e9-454d-87af-dd94476a4389.jpg,352,361,361 352 367 366 455
data\raw\val\07450_Plantae_Tracheophyta_Magnoliopsida_Caryophyllales_Caryophyllaceae_Silene_dioica\a485d5ca-0343-4860-a78b-8481b2faf0e7.jpg,352,410,410 444 405 352 426
data\raw\val\07450_Plantae_Tracheophyta_Magnoliopsida_Caryophyllales_Caryophyllaceae_Silene_dioica\44d8c08d-827f-4506-8a5e-f133e2b5eca9.jpg,352,352,352 409 405 390 445
data\raw\val\07450_Plantae_Tracheophyta_Magnoliopsida_Caryophyllales_Caryophyllaceae_Silene_dioica\98c12293-1d3d-4675-aa61-3cc93cceef59.jpg,352,352,352 318 405 346 390
data\raw\val\07450_Plantae_Tracheophyta_Magnoliopsida_Caryophyllales_Caryophyllaceae_Silene_dioica\22330e7f-1e16-4dd2-a376-000ee86c531e.jpg,352,352,352 411 383 405 447
data\raw\val\07450_Plantae_Tracheophyta_Magnoliopsida_Caryophyllales_Caryophyllaceae_Silene_dioica\f1c7d051-7d44-4e79-a1ca-8ebf69df7527.jpg,352,352,352 346 390 405 361
data\raw\val\07450_Plantae_Tracheophyta_Magnoliopsida_Caryophyllales_Caryophyllaceae_Silene_dioica\f2c930f8-9419-44fa-a83f-5f2f7c6bf09c.jpg,352,352,352 388 447 361 405
data\raw\val\07450_Plantae_Tracheophyta_Magnoliopsida_Caryophyllales_Caryophyllaceae_Silene_dioica\4dd24d02-659c-48f5-9bd1-145e3524063f.jpg,352,352,352 405 447 408 474
data\raw\val\07450_Plantae_Tracheophyta_Magnoliopsida_Caryophyllales_Caryophyllaceae_Silene_dioica\5a2ae3a0-fa4e-4a26-b544-587e0bcb29d4.jpg,352,352,352 405 367 390 362
data\raw\val\07477_Plantae_Tracheophyta_Magnoliopsida_Caryophyllales_Droseraceae_Drosera_intermedia\d1635b5d-6a24-417f-8a28-182100d6eca8.jpg,353,257,257 480 422 354 258
data\raw\val\07477_Plantae_Tracheophyta_Magnoliopsida_Caryophyllales_Droseraceae_Drosera_intermedia\860ee867-e805-4ede-86cd-0c671fc147d7.jpg,353,353,353 354 427 365 420
data\raw\val\07477_Plantae_Tracheophyta_Magnoliopsida_Caryophyllales_Droseraceae_Drosera_intermedia\795c5ebd-880a-44c3-9ccf-0286e2011cea.jpg,353,353,353 354 458 292 480
data\raw\val\07477_Plantae_Tracheophyta_Magnoliopsida_Caryophyllales_Droseraceae_Drosera_intermedia\1e82c65b-6e4e-4232-9eb1-2c32ea6e08ad.jpg,353,353,353 354 344 458 277
data\raw\val\07477_Plantae_Tracheophyta_Magnoliopsida_Caryophyllales_Droseraceae_Drosera_intermedia\247819bb-8b3f-4855-a99a-88f9165ac4f4.jpg,353,353,353 295 354 277 374
data\raw\val\07477_Plantae_Tracheophyta_Magnoliopsida_Caryophyllales_Droseraceae_Drosera_intermedia\7c5b2c10-e648-40cf-a9a9-ac588aec261a.jpg,353,480,480 353 354 344 348
data\raw\val\07477_Plantae_Tracheophyta_Magnoliopsida_Caryophyllales_Droseraceae_Drosera_intermedia\7415026f-de44-493b-8d68-78127c0674d8.jpg,353,353,353 427 277 289 299
data\raw\val\07477_Plantae_Tracheophyta_Magnoliopsida_Caryophyllales_Droseraceae_Drosera_intermedia\2a7fc15b-dc1a-42f6-a39a-4f7d801bc4e3.jpg,353,353,353 354 288 377 480
data\raw\val\07477_Plantae_Tracheophyta_Magnoliopsida_Caryophyllales_Droseraceae_Drosera_intermedia\e5a95a46-7507-47da-a38c-99593a6f72ab.jpg,353,353,353 354 480 190 292
data\raw\val\07477_Plantae_Tracheophyta_Magnoliopsida_Caryophyllales_Droseraceae_Drosera_intermedia\f30d4aaf-6870-49f1-99ee-1677068c4a7d.jpg,353,353,353 354 355 300 458
data\raw\val\07480_Plantae_Tracheophyta_Magnoliopsida_Caryophyllales_Droseraceae_Drosera_spatulata\d92771e5-c172-4003-bed9-586cc698b799.jpg,354,354,354 266 124 246 353
data\raw\val\07480_Plantae_Tracheophyta_Magnoliopsida_Caryophyllales_Droseraceae_Drosera_spatulata\213127f1-edbc-4fad-a785-dcd1d7ffa74b.jpg,354,354,354 353 428 29 422
data\raw\val\07480_Plantae_Tracheophyta_Magnoliopsida_Caryophyllales_Droseraceae_Drosera_spatulata\feadb6d2-8081-43a5-b8d7-dfa367164554.jpg,354,354,354 353 422 476 451
data\raw\val\07480_Plantae_Tracheophyta_Magnoliopsida_Caryophyllales_Droseraceae_Drosera_spatulata\55bda323-6976-4547-9445-667418ee2d6b.jpg,354,354,354 377 422 388 446
data\raw\val\07480_Plantae_Tracheophyta_Magnoliopsida_Caryophyllales_Droseraceae_Drosera_spatulata\c1abeb1f-09b9-4766-ac44-410783893fef.jpg,354,353,353 354 480 292 458
data\raw\val\07480_Plantae_Tracheophyta_Magnoliopsida_Caryophyllales_Droseraceae_Drosera_spatulata\409f17d2-8d99-43df-a2cb-3abf511145e3.jpg,354,354,354 422 413 476 276
data\raw\val\07480_Plantae_Tracheophyta_Magnoliopsida_Caryophyllales_Droseraceae_Drosera_spatulata\d96e124e-1af7-4fd9-95fe-a964360952ae.jpg,354,368,368 424 371 377 450
data\raw\val\07480_Plantae_Tracheophyta_Magnoliopsida_Caryophyllales_Droseraceae_Drosera_spatulata\8abb3291-02f8-4068-8e21-de1a454b503a.jpg,354,354,354 276 422 247 252
data\raw\val\07480_Plantae_Tracheophyta_Magnoliopsida_Caryophyllales_Droseraceae_Drosera_spatulata\4f2b9321-8753-47ad-bb56-cdc2c2ec1370.jpg,354,354,354 353 480 288 287
data\raw\val\07480_Plantae_Tracheophyta_Magnoliopsida_Caryophyllales_Droseraceae_Drosera_spatulata\6ea618b8-338f-435f-9b12-e5a4acb41995.jpg,354,354,354 422 480 124 287
data\raw\val\07576_Plantae_Tracheophyta_Magnoliopsida_Celastrales_Celastraceae_Canotia_holacantha\4642e907-7726-4508-9ecd-fcfaec9d831c.jpg,355,355,355 300 488 278 476
data\raw\val\07576_Plantae_Tracheophyta_Magnoliopsida_Celastrales_Celastraceae_Canotia_holacantha\d6e31b6a-e194-4308-b363-97cc2e9788e9.jpg,355,355,355 347 404 316 376
data\raw\val\07576_Plantae_Tracheophyta_Magnoliopsida_Celastrales_Celastraceae_Canotia_holacantha\811bbaec-08ed-4261-af77-ed4c53a11c3a.jpg,355,347,347 355 487 283 278
data\raw\val\07576_Plantae_Tracheophyta_Magnoliopsida_Celastrales_Celastraceae_Canotia_holacantha\00472160-00b8-4026-af1e-9d1d7b0838ea.jpg,355,316,316 347 458 431 327
data\raw\val\07576_Plantae_Tracheophyta_Magnoliopsida_Celastrales_Celastraceae_Canotia_holacantha\238d1ea3-cd6c-48eb-b324-7e4abaee35e6.jpg,355,355,355 347 487 278 451
data\raw\val\07576_Plantae_Tracheophyta_Magnoliopsida_Celastrales_Celastraceae_Canotia_holacantha\d799070e-acaa-43f9-a272-f2fc3b7d162e.jpg,355,347,347 355 278 283 280
data\raw\val\07576_Plantae_Tracheophyta_Magnoliopsida_Celastrales_Celastraceae_Canotia_holacantha\d165ff14-f169-407f-9e29-af98607df55d.jpg,355,347,347 355 316 348 404
data\raw\val\07576_Plantae_Tracheophyta_Magnoliopsida_Celastrales_Celastraceae_Canotia_holacantha\c9d6ddaa-c206-4dea-a363-60b1c83641b4.jpg,355,355,355 347 487 278 280
data\raw\val\07576_Plantae_Tracheophyta_Magnoliopsida_Celastrales_Celastraceae_Canotia_holacantha\f62a4611-983a-4230-a3a6-7dfe9b3b14df.jpg,355,355,355 300 350 327 320
data\raw\val\07576_Plantae_Tracheophyta_Magnoliopsida_Celastrales_Celastraceae_Canotia_holacantha\182b53be-2c0f-4a44-bd09-2e9ea25ff451.jpg,355,355,355 316 487 348 347
data\raw\val\07577_Plantae_Tracheophyta_Magnoliopsida_Celastrales_Celastraceae_Celastrus_orbiculatus\7d9cd8a3-1685-4c8e-bc98-0365ab0db6a2.jpg,356,360,360 434 470 400 474
data\raw\val\07577_Plantae_Tracheophyta_Magnoliopsida_Celastrales_Celastraceae_Celastrus_orbiculatus\8fab6a72-924c-4794-915a-740c8bb845bb.jpg,356,401,401 469 481 433 470
data\raw\val\07577_Plantae_Tracheophyta_Magnoliopsida_Celastrales_Celastraceae_Celastrus_orbiculatus\a81a70e0-1abc-4991-b341-a55c9ac04ead.jpg,356,312,312 400 477 356 311
data\raw\val\07577_Plantae_Tracheophyta_Magnoliopsida_Celastrales_Celastraceae_Celastrus_orbiculatus\5ef85600-7f3d-4bb9-bc21-86fa5934ecd2.jpg,356,310,310 356 373 475 396
data\raw\val\07577_Plantae_Tracheophyta_Magnoliopsida_Celastrales_Celastraceae_Celastrus_orbiculatus\fde9e5f4-1cc3-4006-a311-27f2a5553fe6.jpg,356,356,356 400 312 475 436
data\raw\val\07577_Plantae_Tracheophyta_Magnoliopsida_Celastrales_Celastraceae_Celastrus_orbiculatus\58024cf2-ae62-4c6d-8132-fa42c3e05436.jpg,356,310,310 311 312 477 317
data\raw\val\07577_Plantae_Tracheophyta_Magnoliopsida_Celastrales_Celastraceae_Celastrus_orbiculatus\a7e344b6-b14a-42f1-973c-c8583a59b3e6.jpg,356,448,448 412 61 66 439
data\raw\val\07577_Plantae_Tracheophyta_Magnoliopsida_Celastrales_Celastraceae_Celastrus_orbiculatus\593c24d1-9c68-4fa8-9dbd-41672fb43341.jpg,356,420,420 356 332 89 90
data\raw\val\07577_Plantae_Tracheophyta_Magnoliopsida_Celastrales_Celastraceae_Celastrus_orbiculatus\a31ba900-7f72-4f19-90cf-cb5e71f4f10d.jpg,356,356,356 396 475 397 477
data\raw\val\07577_Plantae_Tracheophyta_Magnoliopsida_Celastrales_Celastraceae_Celastrus_orbiculatus\c5bf3b3c-6b9f-47a1-8bfd-7cbf268a233a.jpg,356,436,436 311 360 383 400
data\raw\val\07609_Plantae_Tracheophyta_Magnoliopsida_Cornales_Hydrangeaceae_Hydrangea_quercifolia\e92fc35b-2a3a-4b4c-871b-117568a435f8.jpg,357,447,447 411 383 368 485
data\raw\val\07609_Plantae_Tracheophyta_Magnoliopsida_Cornales_Hydrangeaceae_Hydrangea_quercifolia\eef78ed4-f19a-411f-97a4-63c56e80fe8e.jpg,357,373,373 357 60 80 264
data\raw\val\07609_Plantae_Tracheophyta_Magnoliopsida_Cornales_Hydrangeaceae_Hydrangea_quercifolia\82f916cf-32b9-4991-92c5-b06c5e105a68.jpg,357,336,336 321 453 421 340
data\raw\val\07609_Plantae_Tracheophyta_Magnoliopsida_Cornales_Hydrangeaceae_Hydrangea_quercifolia\334432cc-4507-4655-afd8-df2b4359114b.jpg,357,358,358 357 340 14 440
data\raw\val\07609_Plantae_Tracheophyta_Magnoliopsida_Cornales_Hydrangeaceae_Hydrangea_quercifolia\6830be91-7e9d-4ef4-b14a-4b7dbc857c5c.jpg,357,357,357 373 311 477 472
data\raw\val\07609_Plantae_Tracheophyta_Magnoliopsida_Cornales_Hydrangeaceae_Hydrangea_quercifolia\05b5bec4-f17e-4ece-9a0a-81a87973a40d.jpg,357,360,360 400 436 393 401
data\raw\val\07609_Plantae_Tracheophyta_Magnoliopsida_Cornales_Hydrangeaceae_Hydrangea_quercifolia\91bba424-507d-472b-b60f-c360f339468d.jpg,357,472,472 401 403 482 433
data\raw\val\07609_Plantae_Tracheophyta_Magnoliopsida_Cornales_Hydrangeaceae_Hydrangea_quercifolia\f465c5d5-e1d8-4f21-81a2-57c7075cf5e5.jpg,357,357,357 472 401 408 475
data\raw\val\07609_Plantae_Tracheophyta_Magnoliopsida_Cornales_Hydrangeaceae_Hydrangea_quercifolia\f0f4ed62-c367-4a9a-a9ca-79b2744e36b1.jpg,357,357,357 28 435 360 447
data\raw\val\07609_Plantae_Tracheophyta_Magnoliopsida_Cornales_Hydrangeaceae_Hydrangea_quercifolia\81fa4b61-d80a-4a54-aae8-0362927f0f12.jpg,357,358,358 357 373 321 340
data\raw\val\07610_Plantae_Tracheophyta_Magnoliopsida_Cornales_Hydrangeaceae_Philadelphus_lewisii\e696962a-f407-4981-b422-0782f40a2545.jpg,358,370,370 341 358 372 484
data\raw\val\07610_Plantae_Tracheophyta_Magnoliopsida_Cornales_Hydrangeaceae_Philadelphus_lewisii\da0d3dab-2616-4335-8a8a-a06c48d6621e.jpg,358,358,358 340 370 336 357
data\raw\val\07610_Plantae_Tracheophyta_Magnoliopsida_Cornales_Hydrangeaceae_Philadelphus_lewisii\782c50bf-0061-4dde-b7c6-0f348938b9b3.jpg,358,396,396 345 357 466 344
data\raw\val\07610_Plantae_Tracheophyta_Magnoliopsida_Cornales_Hydrangeaceae_Philadelphus_lewisii\539fdd94-bbe8-43de-a969-126c2b9719b4.jpg,358,358,358 485 357 443 452
data\raw\val\07610_Plantae_Tracheophyta_Magnoliopsida_Cornales_Hydrangeaceae_Philadelphus_lewisii\50107dbf-c5d7-447f-97da-e5c37c31db98.jpg,358,358,358 357 321 341 340
data\raw\val\07610_Plantae_Tracheophyta_Magnoliopsida_Cornales_Hydrangeaceae_Philadelphus_lewisii\bd09f659-5994-4a2d-828e-bafb567eef4b.jpg,358,310,310 415 407 482 474
data\raw\val\07610_Plantae_Tracheophyta_Magnoliopsida_Cornales_Hydrangeaceae_Philadelphus_lewisii\9846396a-046d-44c1-9808-349fe17dd577.jpg,358,358,358 485 471 96 357
data\raw\val\07610_Plantae_Tracheophyta_Magnoliopsida_Cornales_Hydrangeaceae_Philadelphus_lewisii\0809be82-b420-4c76-9943-002d77cabe8c.jpg,358,295,295 338 299 281 309
data\raw\val\07610_Plantae_Tracheophyta_Magnoliopsida_Cornales_Hydrangeaceae_Philadelphus_lewisii\f2925c7b-3590-460b-8e3c-ab7b5cc85611.jpg,358,358,358 452 468 370 329
data\raw\val\07610_Plantae_Tracheophyta_Magnoliopsida_Cornales_Hydrangeaceae_Philadelphus_lewisii\48baa237-c2a1-4091-8516-48608f5f7662.jpg,358,358,358 340 365 315 370
data\raw\val\07616_Plantae_Tracheophyta_Magnoliopsida_Cornales_Loasaceae_Petalonyx_thurberi\3c7ba25d-13f8-4def-a77f-a50cd44b806b.jpg,359,316,316 379 359 314 487
data\raw\val\07616_Plantae_Tracheophyta_Magnoliopsida_Cornales_Loasaceae_Petalonyx_thurberi\75c19489-5314-406c-bee4-d55099d5d894.jpg,359,359,359 314 324 319 431
data\raw\val\07616_Plantae_Tracheophyta_Magnoliopsida_Cornales_Loasaceae_Petalonyx_thurberi\d6209e70-dc17-43b0-9635-eb747dfc8d31.jpg,359,324,324 438 331 359 294
data\raw\val\07616_Plantae_Tracheophyta_Magnoliopsida_Cornales_Loasaceae_Petalonyx_thurberi\cd3b591d-0656-4b5a-b35a-833d2d1c407e.jpg,359,314,314 359 438 344 320
data\raw\val\07616_Plantae_Tracheophyta_Magnoliopsida_Cornales_Loasaceae_Petalonyx_thurberi\e86e8753-ac6b-40fb-a75f-c24b739714d8.jpg,359,359,359 314 273 487 418
data\raw\val\07616_Plantae_Tracheophyta_Magnoliopsida_Cornales_Loasaceae_Petalonyx_thurberi\ca2f0812-44b1-4fa3-9b09-256b3db90ae5.jpg,359,463,463 380 359 370 331
data\raw\val\07616_Plantae_Tracheophyta_Magnoliopsida_Cornales_Loasaceae_Petalonyx_thurberi\a344780e-3608-4a49-b092-9ef5d3102fea.jpg,359,359,359 319 437 438 314
data\raw\val\07616_Plantae_Tracheophyta_Magnoliopsida_Cornales_Loasaceae_Petalonyx_thurberi\5b0b3632-84b4-4e68-9dd0-f678691cc723.jpg,359,324,324 359 320 402 418
data\raw\val\07616_Plantae_Tracheophyta_Magnoliopsida_Cornales_Loasaceae_Petalonyx_thurberi\0df494ea-e37a-48d0-bcd0-07f57fc26ac2.jpg,359,359,359 320 314 322 380
data\raw\val\07616_Plantae_Tracheophyta_Magnoliopsida_Cornales_Loasaceae_Petalonyx_thurberi\d5f21cc9-28c2-49a8-a6d5-37b126ace792.jpg,359,319,319 327 402 302 359
data\raw\val\07617_Plantae_Tracheophyta_Magnoliopsida_Cornales_Nyssaceae_Nyssa_sylvatica\1a34c472-45f5-415e-b2c0-b62fea2751bb.jpg,360,288,288 434 451 482 394
data\raw\val\07617_Plantae_Tracheophyta_Magnoliopsida_Cornales_Nyssaceae_Nyssa_sylvatica\c5282d18-04c8-4ba5-a342-97b49eabe11f.jpg,360,393,393 293 399 497 440
data\raw\val\07617_Plantae_Tracheophyta_Magnoliopsida_Cornales_Nyssaceae_Nyssa_sylvatica\142cd8fa-9e91-4b81-9dbc-649bd77fab07.jpg,360,383,383 311 310 436 357
data\raw\val\07617_Plantae_Tracheophyta_Magnoliopsida_Cornales_Nyssaceae_Nyssa_sylvatica\0547d510-a903-412c-9689-2c3bef82e5de.jpg,360,440,440 434 360 401 399
data\raw\val\07617_Plantae_Tracheophyta_Magnoliopsida_Cornales_Nyssaceae_Nyssa_sylvatica\2cfee54d-e11c-4d21-8d3e-69f4fb5d3793.jpg,360,400,400 310 436 383 462
data\raw\val\07617_Plantae_Tracheophyta_Magnoliopsida_Cornales_Nyssaceae_Nyssa_sylvatica\2ec35666-9d95-442a-a311-92cdf4a66073.jpg,360,403,403 321 419 64 432
data\raw\val\07617_Plantae_Tracheophyta_Magnoliopsida_Cornales_Nyssaceae_Nyssa_sylvatica\500eb58c-37a8-4020-af9e-c520e41a6370.jpg,360,474,474 436 400 360 383
data\raw\val\07617_Plantae_Tracheophyta_Magnoliopsida_Cornales_Nyssaceae_Nyssa_sylvatica\2108de3b-507d-447c-9242-d62922a92743.jpg,360,393,393 395 8 467 78
data\raw\val\07617_Plantae_Tracheophyta_Magnoliopsida_Cornales_Nyssaceae_Nyssa_sylvatica\1923b11e-df79-4021-b2c5-3a86fc765670.jpg,360,400,400 475 236 395 239
data\raw\val\07617_Plantae_Tracheophyta_Magnoliopsida_Cornales_Nyssaceae_Nyssa_sylvatica\bc77e9d1-23cf-41bd-adee-eb3576b9b38f.jpg,360,78,78 25 8 476 236
data\raw\val\07634_Plantae_Tracheophyta_Magnoliopsida_Dipsacales_Caprifoliaceae_Centranthus_ruber\682aee22-a2c0-42b7-a55e-4febcb841dc4.jpg,361,361,361 422 346 425 377
data\raw\val\07634_Plantae_Tracheophyta_Magnoliopsida_Dipsacales_Caprifoliaceae_Centranthus_ruber\40888552-fab7-4610-b820-75e320acd080.jpg,361,361,361 346 390 363 307
data\raw\val\07634_Plantae_Tracheophyta_Magnoliopsida_Dipsacales_Caprifoliaceae_Centranthus_ruber\51a08a6c-09bb-4f8d-b380-c498253e2c37.jpg,361,361,361 346 422 451 476
data\raw\val\07634_Plantae_Tracheophyta_Magnoliopsida_Dipsacales_Caprifoliaceae_Centranthus_ruber\e9c9ea13-3966-4574-a157-2dfa1d2bdde6.jpg,361,377,377 361 363 422 354
data\raw\val\07634_Plantae_Tracheophyta_Magnoliopsida_Dipsacales_Caprifoliaceae_Centranthus_ruber\f40afb4c-1eda-49c6-b394-8c3f3346459e.jpg,361,361,361 346 379 405 352
data\raw\val\07634_Plantae_Tracheophyta_Magnoliopsida_Dipsacales_Caprifoliaceae_Centranthus_ruber\8b0d7565-e7a4-4842-bb4b-b752fd62e6f1.jpg,361,361,361 425 461 281 307
data\raw\val\07634_Plantae_Tracheophyta_Magnoliopsida_Dipsacales_Caprifoliaceae_Centranthus_ruber\dd959f25-af86-46d9-893f-4f910a108d82.jpg,361,361,361 290 388 413 352
data\raw\val\07634_Plantae_Tracheophyta_Magnoliopsida_Dipsacales_Caprifoliaceae_Centranthus_ruber\00098ce2-e046-4cfd-a5ed-e7c69224aebe.jpg,361,413,413 290 416 361 423
data\raw\val\07634_Plantae_Tracheophyta_Magnoliopsida_Dipsacales_Caprifoliaceae_Centranthus_ruber\c205464a-54ce-4243-bdd9-78a4ce102c00.jpg,361,290,290 361 388 423 422
data\raw\val\07634_Plantae_Tracheophyta_Magnoliopsida_Dipsacales_Caprifoliaceae_Centranthus_ruber\1d136c78-0409-41fa-af6b-da0770fcc6da.jpg,361,361,361 366 346 377 352
data\raw\val\07640_Plantae_Tracheophyta_Magnoliopsida_Dipsacales_Caprifoliaceae_Leycesteria_formosa\cabd5cc7-fd93-42c1-9920-5c424b5716dc.jpg,362,288,288 362 476 287 361
data\raw\val\07640_Plantae_Tracheophyta_Magnoliopsida_Dipsacales_Caprifoliaceae_Leycesteria_formosa\27d1b8f1-ea71-4b0d-bf98-5a237a453c21.jpg,362,293,293 442 313 369 437
data\raw\val\07640_Plantae_Tracheophyta_Magnoliopsida_Dipsacales_Caprifoliaceae_Leycesteria_formosa\a05192a8-c15d-4758-b151-bcd934f55474.jpg,362,362,362 307 369 425 288
data\raw\val\07640_Plantae_Tracheophyta_Magnoliopsida_Dipsacales_Caprifoliaceae_Leycesteria_formosa\6818b4e5-3fe1-4600-a58a-fc66dc9e286c.jpg,362,362,362 368 408 363 383
data\raw\val\07640_Plantae_Tracheophyta_Magnoliopsida_Dipsacales_Caprifoliaceae_Leycesteria_formosa\df7b9790-3147-4c36-9915-8b44c329958a.jpg,362,474,474 362 311 482 363
data\raw\val\07640_Plantae_Tracheophyta_Magnoliopsida_Dipsacales_Caprifoliaceae_Leycesteria_formosa\628af2cc-321d-488e-8b5f-aacf54bf1849.jpg,362,324,324 496 331 493 379
data\raw\val\07640_Plantae_Tracheophyta_Magnoliopsida_Dipsacales_Caprifoliaceae_Leycesteria_formosa\58bbce18-a8e1-4804-ad98-b488d3ca36d7.jpg,362,362,362 361 473 275 390
data\raw\val\07640_Plantae_Tracheophyta_Magnoliopsida_Dipsacales_Caprifoliaceae_Leycesteria_formosa\31b1fb52-6711-46ec-85b4-bf39c8ae0412.jpg,362,362,362 473 311 481 361
data\raw\val\07640_Plantae_Tracheophyta_Magnoliopsida_Dipsacales_Caprifoliaceae_Leycesteria_formosa\169fa66c-907e-49b3-8535-b57b2782c2ad.jpg,362,453,453 408 472 415 402
data\raw\val\07640_Plantae_Tracheophyta_Magnoliopsida_Dipsacales_Caprifoliaceae_Leycesteria_formosa\520b58fc-eeb0-40e5-a996-ee6ed9af891b.jpg,362,362,362 481 363 474 482
data\raw\val\07652_Plantae_Tracheophyta_Magnoliopsida_Dipsacales_Caprifoliaceae_Lonicera_sempervirens\1688c6b8-10d6-4b30-b2d2-0047f1b496e4.jpg,363,363,363 308 474 377 412
data\raw\val\07652_Plantae_Tracheophyta_Magnoliopsida_Dipsacales_Caprifoliaceae_Lonicera_sempervirens\cdb9679b-ad5a-4b23-8bb2-5b3a530d3d63.jpg,363,491,491 381 495 281 340
data\raw\val\07652_Plantae_Tracheophyta_Magnoliopsida_Dipsacales_Caprifoliaceae_Lonicera_sempervirens\33f8805d-c60e-498d-a65e-bbccb704d3ac.jpg,363,363,363 434 448 258 451
data\raw\val\07652_Plantae_Tracheophyta_Magnoliopsida_Dipsacales_Caprifoliaceae_Lonicera_sempervirens\fa3918e4-3b93-473d-b532-5dbe9ecd0f72.jpg,363,279,279 332 412 313 420
data\raw\val\07652_Plantae_Tracheophyta_Magnoliopsida_Dipsacales_Caprifoliaceae_Lonicera_sempervirens\cde51758-dc7a-4895-9f08-957a2ea244a2.jpg,363,451,451 425 363 473 420
data\raw\val\07652_Plantae_Tracheophyta_Magnoliopsida_Dipsacales_Caprifoliaceae_Lonicera_sempervirens\e0cae06d-94da-45a7-b99a-d412ba3b296e.jpg,363,363,363 308 307 470 478
data\raw\val\07652_Plantae_Tracheophyta_Magnoliopsida_Dipsacales_Caprifoliaceae_Lonicera_sempervirens\894c4d8f-05a2-48b9-8ce0-e2bb0356e6a4.jpg,363,363,363 481 474 307 482
data\raw\val\07652_Plantae_Tracheophyta_Magnoliopsida_Dipsacales_Caprifoliaceae_Lonicera_sempervirens\2b5f4342-7220-443d-9b45-0350d33d46b7.jpg,363,363,363 451 356 448 460
data\raw\val\07652_Plantae_Tracheophyta_Magnoliopsida_Dipsacales_Caprifoliaceae_Lonicera_sempervirens\176f13e5-b255-4daf-87d3-120c17d6903c.jpg,363,363,363 451 369 425 481
data\raw\val\07652_Plantae_Tracheophyta_Magnoliopsida_Dipsacales_Caprifoliaceae_Lonicera_sempervirens\d705dd9d-42da-468f-9669-850a8021b4bb.jpg,363,363,363 451 369 481 284
data\raw\val\07713_Plantae_Tracheophyta_Magnoliopsida_Ericales_Ericaceae_Arctostaphylos_uva-ursi\bc3ec7a2-98f1-40a4-b492-527dd06e25b3.jpg,364,424,424 406 364 368 313
data\raw\val\07713_Plantae_Tracheophyta_Magnoliopsida_Ericales_Ericaceae_Arctostaphylos_uva-ursi\606da91c-5230-47e0-8782-6839378d3221.jpg,364,240,240 407 294 343 499
data\raw\val\07713_Plantae_Tracheophyta_Magnoliopsida_Ericales_Ericaceae_Arctostaphylos_uva-ursi\071469c7-c759-44f8-ac58-ebf83122eaad.jpg,364,121,121 4 420 115 297
data\raw\val\07713_Plantae_Tracheophyta_Magnoliopsida_Ericales_Ericaceae_Arctostaphylos_uva-ursi\b55d95b7-775f-426d-afad-9e75329f0f1a.jpg,364,364,364 437 438 313 469
data\raw\val\07713_Plantae_Tracheophyta_Magnoliopsida_Ericales_Ericaceae_Arctostaphylos_uva-ursi\c41bbe10-3230-4b1f-93c8-1922298bfd68.jpg,364,424,424 434 460 468 470
data\raw\val\07713_Plantae_Tracheophyta_Magnoliopsida_Ericales_Ericaceae_Arctostaphylos_uva-ursi\bd39880c-3b2c-4e6e-b322-e46102e5756a.jpg,364,369,369 366 420 425 364
data\raw\val\07713_Plantae_Tracheophyta_Magnoliopsida_Ericales_Ericaceae_Arctostaphylos_uva-ursi\3b5f1d01-9a8d-4745-8216-64e04904ac04.jpg,364,363,363 474 364 258 481
data\raw\val\07713_Plantae_Tracheophyta_Magnoliopsida_Ericales_Ericaceae_Arctostaphylos_uva-ursi\6df27cbc-1aca-4d8d-b8e0-7586a70b0be8.jpg,364,471,471 364 275 369 484
data\raw\val\07713_Plantae_Tracheophyta_Magnoliopsida_Ericales_Ericaceae_Arctostaphylos_uva-ursi\cc290fb2-8640-4c8e-84d8-6bba136f8e50.jpg,364,434,434 460 364 433 312
data\raw\val\07713_Plantae_Tracheophyta_Magnoliopsida_Ericales_Ericaceae_Arctostaphylos_uva-ursi\051f4329-18e9-4fc6-b662-594c84ceb706.jpg,364,497,497 393 274 492 475
data\raw\val\07735_Plantae_Tracheophyta_Magnoliopsida_Ericales_Ericaceae_Erica_imbricata\afeea0c7-503a-4e9c-a116-daeb4289e52b.jpg,365,206,206 365 207 198 15
data\raw\val\07735_Plantae_Tracheophyta_Magnoliopsida_Ericales_Ericaceae_Erica_imbricata\0b2becd0-2a3d-46f7-8ee2-16765d5a31c2.jpg,365,273,273 365 366 458 429
data\raw\val\07735_Plantae_Tracheophyta_Magnoliopsida_Ericales_Ericaceae_Erica_imbricata\6902d2c2-7072-41e8-bd8d-8910acf9b245.jpg,365,463,463 274 335 322 331
data\raw\val\07735_Plantae_Tracheophyta_Magnoliopsida_Ericales_Ericaceae_Erica_imbricata\23f3fafe-aeaf-46dd-b13f-75cdbecff930.jpg,365,431,431 468 314 490 365
data\raw\val\07735_Plantae_Tracheophyta_Magnoliopsida_Ericales_Ericaceae_Erica_imbricata\17909d2a-379a-4961-b5bd-9549a455bf09.jpg,365,442,442 406 315 372 313
data\raw\val\07735_Plantae_Tracheophyta_Magnoliopsida_Ericales_Ericaceae_Erica_imbricata\9f1e2a0f-93f4-4ca8-940d-72279eff3fd2.jpg,365,402,402 365 418 338 427
data\raw\val\07735_Plantae_Tracheophyta_Magnoliopsida_Ericales_Ericaceae_Erica_imbricata\c0ccdbba-dde7-4aaa-b1de-76af7ab75228.jpg,365,364,364 365 292 366 275
data\raw\val\07735_Plantae_Tracheophyta_Magnoliopsida_Ericales_Ericaceae_Erica_imbricata\f8970d7a-b070-4694-bb10-508df6dcb488.jpg,365,365,365 427 392 442 299
data\raw\val\07735_Plantae_Tracheophyta_Magnoliopsida_Ericales_Ericaceae_Erica_imbricata\2c924b13-d810-49ae-a261-c2294b849028.jpg,365,73,73 365 392 322 295
data\raw\val\07735_Plantae_Tracheophyta_Magnoliopsida_Ericales_Ericaceae_Erica_imbricata\273bc8b2-cae1-4388-84ea-64cc21c206a5.jpg,365,442,442 418 370 372 340
data\raw\val\07752_Plantae_Tracheophyta_Magnoliopsida_Ericales_Ericaceae_Leptecophylla_tameiameiae\354ef3c1-7ce7-44e5-be5b-e1275ad752b8.jpg,366,366,366 275 361 281 487
data\raw\val\07752_Plantae_Tracheophyta_Magnoliopsida_Ericales_Ericaceae_Leptecophylla_tameiameiae\695507bc-f69c-44ef-8535-a6313f4b1869.jpg,366,372,372 315 371 421 328
data\raw\val\07752_Plantae_Tracheophyta_Magnoliopsida_Ericales_Ericaceae_Leptecophylla_tameiameiae\9434af0f-6916-4302-9edc-758f187ea34f.jpg,366,366,366 347 348 351 9
data\raw\val\07752_Plantae_Tracheophyta_Magnoliopsida_Ericales_Ericaceae_Leptecophylla_tameiameiae\d238f31c-9657-4cfe-883c-0110d39ee1f5.jpg,366,405,405 366 351 361 346
data\raw\val\07752_Plantae_Tracheophyta_Magnoliopsida_Ericales_Ericaceae_Leptecophylla_tameiameiae\b49971d9-90b0-46d4-92c8-7c2c96e55fa9.jpg,366,379,379 273 347 318 487
data\raw\val\07752_Plantae_Tracheophyta_Magnoliopsida_Ericales_Ericaceae_Leptecophylla_tameiameiae\53cfab20-7587-497e-92bb-6e4b6a70c4d6.jpg,366,316,316 314 487 431 355
data\raw\val\07752_Plantae_Tracheophyta_Magnoliopsida_Ericales_Ericaceae_Leptecophylla_tameiameiae\74fbe1f5-503a-44b6-913d-5c80253aed1c.jpg,366,366,366 449 372 402 315
data\raw\val\07752_Plantae_Tracheophyta_Magnoliopsida_Ericales_Ericaceae_Leptecophylla_tameiameiae\d3456121-b485-4ca9-97a5-9e5099c15c21.jpg,366,364,364 116 449 437 446
data\raw\val\07752_Plantae_Tracheophyta_Magnoliopsida_Ericales_Ericaceae_Leptecophylla_tameiameiae\2497ee81-2adc-4d6d-838a-7baa7bb56508.jpg,366,312,312 366 418 273 329
data\raw\val\07752_Plantae_Tracheophyta_Magnoliopsida_Ericales_Ericaceae_Leptecophylla_tameiameiae\2e062e5a-30d0-4d13-a2f5-be350e61d658.jpg,366,314,314 418 442 437 366
data\raw\val\07756_Plantae_Tracheophyta_Magnoliopsida_Ericales_Ericaceae_Lyonia_lucida\939a464d-d0bf-4cbf-a3b6-b6e4dbd7bc89.jpg,367,452,452 367 358 441 366
data\raw\val\07756_Plantae_Tracheophyta_Magnoliopsida_Ericales_Ericaceae_Lyonia_lucida\ceecbfa0-c06a-486d-b306-b98154919d90.jpg,367,400,400 483 403 470 360
data\raw\val\07756_Plantae_Tracheophyta_Magnoliopsida_Ericales_Ericaceae_Lyonia_lucida\0f157f67-fa86-4ba7-b617-f4d3129d47e7.jpg,367,367,367 363 481 368 447
data\raw\val\07756_Plantae_Tracheophyta_Magnoliopsida_Ericales_Ericaceae_Lyonia_lucida\14600536-e7b1-4c45-9eeb-163c8b01e2df.jpg,367,368,368 363 367 474 360
data\raw\val\07756_Plantae_Tracheophyta_Magnoliopsida_Ericales_Ericaceae_Lyonia_lucida\52bd8e5b-0991-4995-a4e4-57ad471526a0.jpg,367,363,363 367 362 368 345
data\raw\val\07756_Plantae_Tracheophyta_Magnoliopsida_Ericales_Ericaceae_Lyonia_lucida\05aa400c-d592-4333-aaa8-12a8df556c6d.jpg,367,307,307 481 367 346 363
data\raw\val\07756_Plantae_Tracheophyta_Magnoliopsida_Ericales_Ericaceae_Lyonia_lucida\f918b04b-9ff7-414b-a674-e4dbe9292587.jpg,367,367,367 14 408 308 447
data\raw\val\07756_Plantae_Tracheophyta_Magnoliopsida_Ericales_Ericaceae_Lyonia_lucida\01d5f2da-86c0-452b-961a-2e3ba88a8758.jpg,367,85,85 29 117 91 19
data\raw\val\07756_Plantae_Tracheophyta_Magnoliopsida_Ericales_Ericaceae_Lyonia_lucida\199e5e13-3535-4c3f-8b13-b0e3638b2b1a.jpg,367,438,438 344 437 469 364
data\raw\val\07756_Plantae_Tracheophyta_Magnoliopsida_Ericales_Ericaceae_Lyonia_lucida\930e3914-3d09-49a6-a37e-1588f81aa047.jpg,367,288,288 369 482 434 470
data\raw\val\07785_Plantae_Tracheophyta_Magnoliopsida_Ericales_Ericaceae_Rhododendron_periclymenoides\a6c7669d-b40c-4b57-a777-0eb13a59bb3a.jpg,368,368,368 362 455 281 363
data\raw\val\07785_Plantae_Tracheophyta_Magnoliopsida_Ericales_Ericaceae_Rhododendron_periclymenoides\161ca144-e187-4ce7-96ab-eb5799a2ad60.jpg,368,368,368 416 413 417 415
data\raw\val\07785_Plantae_Tracheophyta_Magnoliopsida_Ericales_Ericaceae_Rhododendron_periclymenoides\ee710829-fb81-448a-9faf-ea24b8fd2d60.jpg,368,368,368 383 455 416 367
data\raw\val\07785_Plantae_Tracheophyta_Magnoliopsida_Ericales_Ericaceae_Rhododendron_periclymenoides\4a48ee58-04b5-45b1-8088-f4ae05d379cb.jpg,368,466,466 307 476 498 459
data\raw\val\07785_Plantae_Tracheophyta_Magnoliopsida_Ericales_Ericaceae_Rhododendron_periclymenoides\a7362666-e173-4027-9a8f-2c1603cdac9c.jpg,368,368,368 416 447 390 388
data\raw\val\07785_Plantae_Tracheophyta_Magnoliopsida_Ericales_Ericaceae_Rhododendron_periclymenoides\09a3878c-d039-476f-a5ad-83bda349ab44.jpg,368,368,368 367 416 390 363
data\raw\val\07785_Plantae_Tracheophyta_Magnoliopsida_Ericales_Ericaceae_Rhododendron_periclymenoides\be7a442c-df8b-4687-abd3-05de11d99d50.jpg,368,383,383 453 368 473 411
data\raw\val\07785_Plantae_Tracheophyta_Magnoliopsida_Ericales_Ericaceae_Rhododendron_periclymenoides\a1ccda05-17c7-4ddf-a93e-955926834382.jpg,368,368,368 455 367 363 369
data\raw\val\07785_Plantae_Tracheophyta_Magnoliopsida_Ericales_Ericaceae_Rhododendron_periclymenoides\4f53e750-d814-4750-bf46-8adc34f4871a.jpg,368,368,368 416 390 290 423
data\raw\val\07785_Plantae_Tracheophyta_Magnoliopsida_Ericales_Ericaceae_Rhododendron_periclymenoides\66e3fd4f-08d0-4e74-a7c7-4efc09e15e82.jpg,368,336,336 468 391 421 358
data\raw\val\07802_Plantae_Tracheophyta_Magnoliopsida_Ericales_Ericaceae_Xylococcus_bicolor\724dc6dc-f93d-4a1a-a1d1-fb2a70d58805.jpg,369,470,470 308 481 460 434
data\raw\val\07802_Plantae_Tracheophyta_Magnoliopsida_Ericales_Ericaceae_Xylococcus_bicolor\2e703437-75e9-486d-8ac8-1b4a4f232f09.jpg,369,363,363 367 481 369 307
data\raw\val\07802_Plantae_Tracheophyta_Magnoliopsida_Ericales_Ericaceae_Xylococcus_bicolor\6e66ee3c-9f94-45dd-a454-6fa130729e23.jpg,369,366,366 437 364 342 369
data\raw\val\07802_Plantae_Tracheophyta_Magnoliopsida_Ericales_Ericaceae_Xylococcus_bicolor\d47afea8-8b5d-48e2-92ff-4a81ed8b645c.jpg,369,468,468 493 275 401 470
data\raw\val\07802_Plantae_Tracheophyta_Magnoliopsida_Ericales_Ericaceae_Xylococcus_bicolor\0965423a-6b34-4a3c-8682-0cb856ff5031.jpg,369,393,393 293 497 284 476
data\raw\val\07802_Plantae_Tracheophyta_Magnoliopsida_Ericales_Ericaceae_Xylococcus_bicolor\25197366-5d67-4111-b105-20cb41ab642e.jpg,369,369,369 364 362 354 281
data\raw\val\07802_Plantae_Tracheophyta_Magnoliopsida_Ericales_Ericaceae_Xylococcus_bicolor\d9b1c17c-d03c-4293-9247-012653e720e5.jpg,369,433,433 470 460 369 308
data\raw\val\07802_Plantae_Tracheophyta_Magnoliopsida_Ericales_Ericaceae_Xylococcus_bicolor\5af7aa0d-8279-4894-afb4-0c5b4e8b850b.jpg,369,496,496 293 490 355 498
data\raw\val\07802_Plantae_Tracheophyta_Magnoliopsida_Ericales_Ericaceae_Xylococcus_bicolor\abb41698-7c63-4c7f-aba5-6b192afa7f32.jpg,369,369,369 367 433 469 364
data\raw\val\07802_Plantae_Tracheophyta_Magnoliopsida_Ericales_Ericaceae_Xylococcus_bicolor\a2e0dcf6-1cce-476f-9531-5dda7a8aa2f3.jpg,369,266,266 190 434 369 353
data\raw\val\07819_Plantae_Tracheophyta_Magnoliopsida_Ericales_Polemoniaceae_Leptosiphon_nuttallii\b5664c7d-76ee-40a1-9626-de52bc12fa27.jpg,370,328,328 371 370 315 329
data\raw\val\07819_Plantae_Tracheophyta_Magnoliopsida_Ericales_Polemoniaceae_Leptosiphon_nuttallii\0d6e4be5-8e8d-49d0-8ffc-e381f8745faa.jpg,370,336,336 421 340 358 341
data\raw\val\07819_Plantae_Tracheophyta_Magnoliopsida_Ericales_Polemoniaceae_Leptosiphon_nuttallii\8b1d0ca6-fbd1-4147-aafe-79376094c901.jpg,370,370,370 328 329 315 421
data\raw\val\07819_Plantae_Tracheophyta_Magnoliopsida_Ericales_Polemoniaceae_Leptosiphon_nuttallii\2faceab4-27a9-432e-9753-9443c2bbb4ae.jpg,370,372,372 370 336 315 328
data\raw\val\07819_Plantae_Tracheophyta_Magnoliopsida_Ericales_Polemoniaceae_Leptosiphon_nuttallii\057abb01-38ac-416b-9e4e-c3ae69070f0d.jpg,370,370,370 328 341 340 421
data\raw\val\07819_Plantae_Tracheophyta_Magnoliopsida_Ericales_Polemoniaceae_Leptosiphon_nuttallii\48d3bfda-e77b-4018-a4b9-4b695c2b9a6c.jpg,370,421,421 372 370 336 328
data\raw\val\07819_Plantae_Tracheophyta_Magnoliopsida_Ericales_Polemoniaceae_Leptosiphon_nuttallii\cd74f030-0c8a-4925-b5a3-eb9e8e552289.jpg,370,370,370 340 321 336 372
data\raw\val\07819_Plantae_Tracheophyta_Magnoliopsida_Ericales_Polemoniaceae_Leptosiphon_nuttallii\d0ab7368-c669-4318-99c9-454360bac1e6.jpg,370,372,372 370 328 315 336
data\raw\val\07819_Plantae_Tracheophyta_Magnoliopsida_Ericales_Polemoniaceae_Leptosiphon_nuttallii\fa0de924-4055-4dec-b708-5564ebbf1255.jpg,370,315,315 372 421 493 434
data\raw\val\07819_Plantae_Tracheophyta_Magnoliopsida_Ericales_Polemoniaceae_Leptosiphon_nuttallii\78f8f7d1-3037-4a5e-9716-41eb57f12e46.jpg,370,372,372 418 315 370 340
data\raw\val\07822_Plantae_Tracheophyta_Magnoliopsida_Ericales_Polemoniaceae_Linanthus_dianthiflorus\f57b5e49-8004-4edd-830c-6c480e958685.jpg,371,371,371 445 444 465 372
data\raw\val\07822_Plantae_Tracheophyta_Magnoliopsida_Ericales_Polemoniaceae_Linanthus_dianthiflorus\995ae96e-f936-4641-ae03-0e64a551f872.jpg,371,465,465 330 323 371 444
data\raw\val\07822_Plantae_Tracheophyta_Magnoliopsida_Ericales_Polemoniaceae_Linanthus_dianthiflorus\c59072a4-4928-429b-81a9-08ed1c0cdb4e.jpg,371,371,371 445 465 330 323
data\raw\val\07822_Plantae_Tracheophyta_Magnoliopsida_Ericales_Polemoniaceae_Linanthus_dianthiflorus\dae80b1d-a84c-47b9-bde5-2ff9ea5beeaf.jpg,371,371,371 430 372 406 444
data\raw\val\07822_Plantae_Tracheophyta_Magnoliopsida_Ericales_Polemoniaceae_Linanthus_dianthiflorus\a3ab2964-d67c-4e18-bc67-f182fc7cf25e.jpg,371,328,328 370 371 372 315
data\raw\val\07822_Plantae_Tracheophyta_Magnoliopsida_Ericales_Polemoniaceae_Linanthus_dianthiflorus\f9445e96-f8a3-4b52-a28f-b8abfa9c17e1.jpg,371,413,413 368 486 489 190
data\raw\val\07822_Plantae_Tracheophyta_Magnoliopsida_Ericales_Polemoniaceae_Linanthus_dianthiflorus\fa0c2fb0-0d9d-4323-bb26-bbfbf9446d33.jpg,371,444,444 371 445 409 323
data\raw\val\07822_Plantae_Tracheophyta_Magnoliopsida_Ericales_Polemoniaceae_Linanthus_dianthiflorus\bf6bc582-63af-4c76-921e-d9fafcb4e345.jpg,371,371,371 444 323 430 372
data\raw\val\07822_Plantae_Tracheophyta_Magnoliopsida_Ericales_Polemoniaceae_Linanthus_dianthiflorus\a4146341-2ee5-46fa-8fdf-dfd0d84c78db.jpg,371,379,379 414 417 429 449
data\raw\val\07822_Plantae_Tracheophyta_Magnoliopsida_Ericales_Polemoniaceae_Linanthus_dianthiflorus\e935cd02-66b0-41c0-9cff-84b32ac3ee80.jpg,371,330,330 323 371 424 456
data\raw\val\07831_Plantae_Tracheophyta_Magnoliopsida_Ericales_Polemoniaceae_Phlox_hoodii\f652bed3-7883-4f50-800b-2b42648aff86.jpg,372,372,372 370 315 328 379
data\raw\val\07831_Plantae_Tracheophyta_Magnoliopsida_Ericales_Polemoniaceae_Phlox_hoodii\91a7eb11-db41-4b33-871d-3f409794fa67.jpg,372,372,372 379 349 370 465
data\raw\val\07831_Plantae_Tracheophyta_Magnoliopsida_Ericales_Polemoniaceae_Phlox_hoodii\f1ba653a-a044-4122-a3bc-2197189e507a.jpg,372,379,379 370 372 350 406
data\raw\val\07831_Plantae_Tracheophyta_Magnoliopsida_Ericales_Polemoniaceae_Phlox_hoodii\6d8bfe92-e7ce-49e5-8a8e-b3a4f17155d4.jpg,372,328,328 372 315 370 358
data\raw\val\07831_Plantae_Tracheophyta_Magnoliopsida_Ericales_Polemoniaceae_Phlox_hoodii\7ce21c16-ef6d-434c-99e3-05909a0f6a2e.jpg,372,370,370 328 372 336 329
data\raw\val\07831_Plantae_Tracheophyta_Magnoliopsida_Ericales_Polemoniaceae_Phlox_hoodii\3a71d8d0-01ea-450a-a0de-067711de866e.jpg,372,372,372 329 370 328 421
data\raw\val\07831_Plantae_Tracheophyta_Magnoliopsida_Ericales_Polemoniaceae_Phlox_hoodii\9e916ccf-78e6-4449-a13a-93194497e25e.jpg,372,372,372 328 330 371 421
data\raw\val\07831_Plantae_Tracheophyta_Magnoliopsida_Ericales_Polemoniaceae_Phlox_hoodii\a90dbf21-f305-4507-8d47-d3fe70c666cd.jpg,372,372,372 315 350 379 67
data\raw\val\07831_Plantae_Tracheophyta_Magnoliopsida_Ericales_Polemoniaceae_Phlox_hoodii\7fb31da6-e61b-4537-8254-4474f809e6ff.jpg,372,370,370 421 328 329 340
data\raw\val\07831_Plantae_Tracheophyta_Magnoliopsida_Ericales_Polemoniaceae_Phlox_hoodii\efb11f9a-941c-4d18-9b16-d8fd49922903.jpg,372,442,442 372 370 413 315
data\raw\val\07851_Plantae_Tracheophyta_Magnoliopsida_Ericales_Primulaceae_Lysimachia_clethroides\0b7325d0-fd9e-4d37-a49a-f9de1087d64e.jpg,373,340,340 97 338 419 453
data\raw\val\07851_Plantae_Tracheophyta_Magnoliopsida_Ericales_Primulaceae_Lysimachia_clethroides\16946ce3-c81c-47e1-b231-250e55b31626.jpg,373,373,373 419 341 340 338
data\raw\val\07851_Plantae_Tracheophyta_Magnoliopsida_Ericales_Primulaceae_Lysimachia_clethroides\47f75b87-c211-4ba3-82d3-addeadfe425f.jpg,373,373,373 309 419 97 80
data\raw\val\07851_Plantae_Tracheophyta_Magnoliopsida_Ericales_Primulaceae_Lysimachia_clethroides\cd1ed004-e236-4f2c-b0d3-c1458f540117.jpg,373,340,340 411 415 419 453
data\raw\val\07851_Plantae_Tracheophyta_Magnoliopsida_Ericales_Primulaceae_Lysimachia_clethroides\89007fe1-66c7-471e-acbf-90ee0e59dfeb.jpg,373,373,373 357 97 88 80
data\raw\val\07851_Plantae_Tracheophyta_Magnoliopsida_Ericales_Primulaceae_Lysimachia_clethroides\81189c32-782b-403c-a5d9-e2d6e1ce0b57.jpg,373,373,373 419 453 357 411
data\raw\val\07851_Plantae_Tracheophyta_Magnoliopsida_Ericales_Primulaceae_Lysimachia_clethroides\c6b67a70-13d3-4f08-88e7-f773a837e3f9.jpg,373,340,340 411 405 383 358
data\raw\val\07851_Plantae_Tracheophyta_Magnoliopsida_Ericales_Primulaceae_Lysimachia_clethroides\3eb45820-b0dd-4928-8021-939c1c4c2dd2.jpg,373,340,340 411 373 341 419
data\raw\val\07851_Plantae_Tracheophyta_Magnoliopsida_Ericales_Primulaceae_Lysimachia_clethroides\2e2400ef-f22a-4b10-a4ef-7b03b1e9b74d.jpg,373,373,373 419 453 415 310
data\raw\val\07851_Plantae_Tracheophyta_Magnoliopsida_Ericales_Primulaceae_Lysimachia_clethroides\30e0280b-27ed-49c6-ac86-0207718bfb41.jpg,373,473,473 466 396 453 317
data\raw\val\07858_Plantae_Tracheophyta_Magnoliopsida_Ericales_Primulaceae_Lysimachia_quadriflora\29f9867d-5b33-4104-a277-d048cd367c4b.jpg,374,374,374 334 289 375 428
data\raw\val\07858_Plantae_Tracheophyta_Magnoliopsida_Ericales_Primulaceae_Lysimachia_quadriflora\e4376a4c-2be8-4fdd-9fc9-533628392339.jpg,374,285,285 374 282 380 325
data\raw\val\07858_Plantae_Tracheophyta_Magnoliopsida_Ericales_Primulaceae_Lysimachia_quadriflora\8de6ea73-a1cb-45d9-8b8a-6836d41be65c.jpg,374,374,374 297 463 384 334
data\raw\val\07858_Plantae_Tracheophyta_Magnoliopsida_Ericales_Primulaceae_Lysimachia_quadriflora\ba63c01f-71c6-4bbe-b293-2215f23f2d39.jpg,374,454,454 439 385 462 386
data\raw\val\07858_Plantae_Tracheophyta_Magnoliopsida_Ericales_Primulaceae_Lysimachia_quadriflora\12a9852f-92e5-4851-9c14-dca0ecfddb30.jpg,374,374,374 297 384 380 325
data\raw\val\07858_Plantae_Tracheophyta_Magnoliopsida_Ericales_Primulaceae_Lysimachia_quadriflora\6b8e7467-cdb6-4e8d-83cc-2e96ffc8c016.jpg,374,295,295 305 304 343 296
data\raw\val\07858_Plantae_Tracheophyta_Magnoliopsida_Ericales_Primulaceae_Lysimachia_quadriflora\1aa3e168-9378-46ef-a975-2904fa5b6826.jpg,374,374,374 297 289 298 334
data\raw\val\07858_Plantae_Tracheophyta_Magnoliopsida_Ericales_Primulaceae_Lysimachia_quadriflora\8bbbc95e-1b25-45fe-b83c-c77811b9b19d.jpg,374,374,374 463 297 334 384
data\raw\val\07858_Plantae_Tracheophyta_Magnoliopsida_Ericales_Primulaceae_Lysimachia_quadriflora\d87094f1-cefe-4f8c-8a6b-ebb933e7dc24.jpg,374,374,374 326 297 298 334
data\raw\val\07858_Plantae_Tracheophyta_Magnoliopsida_Ericales_Primulaceae_Lysimachia_quadriflora\7972be2b-e35d-44e0-af3a-3585bc70afeb.jpg,374,374,374 334 380 333 463
data\raw\val\07889_Plantae_Tracheophyta_Magnoliopsida_Fabales_Fabaceae_Acacia_cyclops\8bfffe55-ee1b-4a1b-af73-2b44392f7d85.jpg,375,300,300 284 459 375 428
data\raw\val\07889_Plantae_Tracheophyta_Magnoliopsida_Fabales_Fabaceae_Acacia_cyclops\c07d9ecc-584d-4ad4-8c75-9327a151a868.jpg,375,386,386 326 333 374 334
data\raw\val\07889_Plantae_Tracheophyta_Magnoliopsida_Fabales_Fabaceae_Acacia_cyclops\7599e41d-e903-4034-8afa-4eb097ab601f.jpg,375,375,375 289 297 298 384
data\raw\val\07889_Plantae_Tracheophyta_Magnoliopsida_Fabales_Fabaceae_Acacia_cyclops\f73ac52e-2a81-4034-a823-decb2b833197.jpg,375,458,458 334 325 376 428
data\raw\val\07889_Plantae_Tracheophyta_Magnoliopsida_Fabales_Fabaceae_Acacia_cyclops\878503f5-e2e9-4a80-8a1b-b7316789c086.jpg,375,353,353 397 375 480 460
data\raw\val\07889_Plantae_Tracheophyta_Magnoliopsida_Fabales_Fabaceae_Acacia_cyclops\a8921875-13fa-4b82-893c-3d51b1fba589.jpg,375,306,306 316 348 293 355
data\raw\val\07889_Plantae_Tracheophyta_Magnoliopsida_Fabales_Fabaceae_Acacia_cyclops\44b70cad-10a7-4f35-a289-c89acad844c0.jpg,375,321,321 336 487 391 479
data\raw\val\07889_Plantae_Tracheophyta_Magnoliopsida_Fabales_Fabaceae_Acacia_cyclops\d062bb65-53e2-430c-bb88-47f80b2301e8.jpg,375,259,259 40 257 470 145
data\raw\val\07889_Plantae_Tracheophyta_Magnoliopsida_Fabales_Fabaceae_Acacia_cyclops\0fc7e8a1-9a6b-4436-be59-22ff38697306.jpg,375,297,297 381 491 299 466
data\raw\val\07889_Plantae_Tracheophyta_Magnoliopsida_Fabales_Fabaceae_Acacia_cyclops\f134902b-1f76-4a08-8659-12264d59bf14.jpg,375,495,495 305 221 274 280
data\raw\val\07897_Plantae_Tracheophyta_Magnoliopsida_Fabales_Fabaceae_Acacia_saligna\6a26c51c-7980-4d00-a430-2262d1ff5c44.jpg,376,382,382 253 327 391 394
data\raw\val\07897_Plantae_Tracheophyta_Magnoliopsida_Fabales_Fabaceae_Acacia_saligna\f57e3e97-123d-4b2d-997f-df7c51118170.jpg,376,428,428 299 498 309 322
data\raw\val\07897_Plantae_Tracheophyta_Magnoliopsida_Fabales_Fabaceae_Acacia_saligna\1625bb21-88ee-444e-961e-15dd2450e97a.jpg,376,245,245 129 244 269 249
data\raw\val\07897_Plantae_Tracheophyta_Magnoliopsida_Fabales_Fabaceae_Acacia_saligna\e424d5e9-e495-4325-87b6-8facb7846f98.jpg,376,458,458 299 384 289 494
data\raw\val\07897_Plantae_Tracheophyta_Magnoliopsida_Fabales_Fabaceae_Acacia_saligna\9563ee01-ea26-4c5d-af12-dfaf40d3e800.jpg,376,431,431 467 393 280 479
data\raw\val\07897_Plantae_Tracheophyta_Magnoliopsida_Fabales_Fabaceae_Acacia_saligna\018a71a5-97d0-4536-a26d-f728094eaf23.jpg,376,303,303 299 294 466 494
data\raw\val\07897_Plantae_Tracheophyta_Magnoliopsida_Fabales_Fabaceae_Acacia_saligna\27f4d482-3500-4e5e-9d00-dbc9e045e886.jpg,376,326,326 289 458 334 299
data\raw\val\07897_Plantae_Tracheophyta_Magnoliopsida_Fabales_Fabaceae_Acacia_saligna\bba56376-4ac7-4545-9837-28f7d6dc519b.jpg,376,337,337 325 333 385 326
data\raw\val\07897_Plantae_Tracheophyta_Magnoliopsida_Fabales_Fabaceae_Acacia_saligna\4580fe65-8240-4135-9f55-f21a0e0f0a2a.jpg,376,467,467 487 347 479 280
data\raw\val\07897_Plantae_Tracheophyta_Magnoliopsida_Fabales_Fabaceae_Acacia_saligna\b53772c5-b148-4848-9278-6b4e653497c7.jpg,376,299,299 285 331 349 292
data\raw\val\07912_Plantae_Tracheophyta_Magnoliopsida_Fabales_Fabaceae_Astragalus_crassicarpus\3afb9455-e65e-4843-a7fb-fd629eb2aee8.jpg,377,350,350 377 446 409 319
data\raw\val\07912_Plantae_Tracheophyta_Magnoliopsida_Fabales_Fabaceae_Astragalus_crassicarpus\c1b75959-b091-454a-92b6-c78b14e53203.jpg,377,316,316 350 377 379 461
data\raw\val\07912_Plantae_Tracheophyta_Magnoliopsida_Fabales_Fabaceae_Astragalus_crassicarpus\8e997908-3629-4bc2-a20d-0717f6240417.jpg,377,449,449 419 429 450 366
data\raw\val\07912_Plantae_Tracheophyta_Magnoliopsida_Fabales_Fabaceae_Astragalus_crassicarpus\d8ec2c07-25ee-44a1-8387-d2232f48b6ee.jpg,377,361,361 377 352 379 390
data\raw\val\07912_Plantae_Tracheophyta_Magnoliopsida_Fabales_Fabaceae_Astragalus_crassicarpus\2fdd713f-f9e3-4eba-bc21-adf539a01f0f.jpg,377,379,379 449 445 366 377
data\raw\val\07912_Plantae_Tracheophyta_Magnoliopsida_Fabales_Fabaceae_Astragalus_crassicarpus\073b7e04-f9ce-4908-8ad2-058049909f6f.jpg,377,346,346 361 390 318 426
data\raw\val\07912_Plantae_Tracheophyta_Magnoliopsida_Fabales_Fabaceae_Astragalus_crassicarpus\e349357d-b1f6-4d52-9557-f95ae2557f45.jpg,377,377,377 402 427 418 331
data\raw\val\07912_Plantae_Tracheophyta_Magnoliopsida_Fabales_Fabaceae_Astragalus_crassicarpus\6a40a899-0680-4a4e-9cf7-da70d10de0c0.jpg,377,258,258 420 354 422 377
data\raw\val\07912_Plantae_Tracheophyta_Magnoliopsida_Fabales_Fabaceae_Astragalus_crassicarpus\58c2f31f-9194-4c49-9bf4-b081ad29fdff.jpg,377,377,377 390 318 419 416
data\raw\val\07912_Plantae_Tracheophyta_Magnoliopsida_Fabales_Fabaceae_Astragalus_crassicarpus\a073cc31-0f76-4499-84d0-97464c69874d.jpg,377,377,377 425 354 350 257
data\raw\val\07913_Plantae_Tracheophyta_Magnoliopsida_Fabales_Fabaceae_Astragalus_danicus\50323ef5-e023-41cb-b565-06541f576c4f.jpg,378,352,352 390 383 290 378
data\raw\val\07913_Plantae_Tracheophyta_Magnoliopsida_Fabales_Fabaceae_Astragalus_danicus\6457cec4-433c-47cb-9748-e3054a9b0a41.jpg,378,378,378 426 290 417 423
data\raw\val\07913_Plantae_Tracheophyta_Magnoliopsida_Fabales_Fabaceae_Astragalus_danicus\6c80e6ee-7cee-415b-9b79-4a5769979552.jpg,378,426,426 378 379 33 444
data\raw\val\07913_Plantae_Tracheophyta_Magnoliopsida_Fabales_Fabaceae_Astragalus_danicus\b5b21d43-0179-48a2-8211-bc299a58c8d7.jpg,378,378,378 352 426 318 410
data\raw\val\07913_Plantae_Tracheophyta_Magnoliopsida_Fabales_Fabaceae_Astragalus_danicus\3a1539ab-fdf9-4d22-8feb-ca01ea3f84a2.jpg,378,378,378 444 426 410 352
data\raw\val\07913_Plantae_Tracheophyta_Magnoliopsida_Fabales_Fabaceae_Astragalus_danicus\f3373758-104f-4392-9394-1392f71bf0a0.jpg,378,426,426 378 290 410 318
data\raw\val\07913_Plantae_Tracheophyta_Magnoliopsida_Fabales_Fabaceae_Astragalus_danicus\63d85e1c-9def-408d-864e-86abc9dfc9c6.jpg,378,290,290 426 378 423 361
data\raw\val\07913_Plantae_Tracheophyta_Magnoliopsida_Fabales_Fabaceae_Astragalus_danicus\613aef92-7f6f-40b1-bc14-70d6ba7022ed.jpg,378,406,406 378 410 426 430
data\raw\val\07913_Plantae_Tracheophyta_Magnoliopsida_Fabales_Fabaceae_Astragalus_danicus\7377bf09-4c5a-4b42-9270-fad3701949c5.jpg,378,378,378 426 410 406 63
data\raw\val\07913_Plantae_Tracheophyta_Magnoliopsida_Fabales_Fabaceae_Astragalus_danicus\6b428ec9-7cb4-4346-8dda-f22cfffe73d7.jpg,378,378,378 410 417 426 377
data\raw\val\07918_Plantae_Tracheophyta_Magnoliopsida_Fabales_Fabaceae_Astragalus_purshii\41efdc42-0456-4626-b757-c54ec2c382ea.jpg,379,379,379 316 350 347 359
data\raw\val\07918_Plantae_Tracheophyta_Magnoliopsida_Fabales_Fabaceae_Astragalus_purshii\e03fe154-cb78-49ae-95b2-a6a7bebd47f7.jpg,379,323,323 450 449 371 330
data\raw\val\07918_Plantae_Tracheophyta_Magnoliopsida_Fabales_Fabaceae_Astragalus_purshii\e31160e0-6b44-4acb-9a65-26c030a0057a.jpg,379,379,379 318 445 366 377
data\raw\val\07918_Plantae_Tracheophyta_Magnoliopsida_Fabales_Fabaceae_Astragalus_purshii\3bfe8f69-ff24-48b8-b181-4f91e26a4f08.jpg,379,379,379 318 445 351 347
data\raw\val\07918_Plantae_Tracheophyta_Magnoliopsida_Fabales_Fabaceae_Astragalus_purshii\9182bdd4-7b01-4a7a-ab51-41b38e7018ad.jpg,379,379,379 324 316 257 377
data\raw\val\07918_Plantae_Tracheophyta_Magnoliopsida_Fabales_Fabaceae_Astragalus_purshii\e839b918-682d-40f1-9fad-22eb15df45a2.jpg,379,323,323 410 371 430 450
data\raw\val\07918_Plantae_Tracheophyta_Magnoliopsida_Fabales_Fabaceae_Astragalus_purshii\fc36c581-df0e-4cb7-82bc-80b562f3330d.jpg,379,379,379 316 350 257 347
data\raw\val\07918_Plantae_Tracheophyta_Magnoliopsida_Fabales_Fabaceae_Astragalus_purshii\ec0e2a22-1f80-40dd-b93e-6d64613cd312.jpg,379,379,379 257 316 314 144
data\raw\val\07918_Plantae_Tracheophyta_Magnoliopsida_Fabales_Fabaceae_Astragalus_purshii\a35a005c-8002-4ceb-bc70-110ae3f04d28.jpg,379,9,9 24 257 7 379
data\raw\val\07918_Plantae_Tracheophyta_Magnoliopsida_Fabales_Fabaceae_Astragalus_purshii\96ae9d98-21ce-4893-b05c-ce36cde6941b.jpg,379,449,449 340 366 445 370
data\raw\val\07944_Plantae_Tracheophyta_Magnoliopsida_Fabales_Fabaceae_Dalea_aurea\dfc328e6-2ecb-4117-b5b8-bb8d3a5c5fda.jpg,380,380,380 386 333 334 463
data\raw\val\07944_Plantae_Tracheophyta_Magnoliopsida_Fabales_Fabaceae_Dalea_aurea\b099e21d-e57a-4a37-809e-0bc1547d5660.jpg,380,380,380 374 282 334 333
data\raw\val\07944_Plantae_Tracheophyta_Magnoliopsida_Fabales_Fabaceae_Dalea_aurea\3a47112e-ee2d-45e1-9c84-b2a4d9021eff.jpg,380,380,380 282 333 432 334
data\raw\val\07944_Plantae_Tracheophyta_Magnoliopsida_Fabales_Fabaceae_Dalea_aurea\58f6324d-020e-4246-b258-3a5d1cabe229.jpg,380,359,359 404 347 330 465
data\raw\val\07944_Plantae_Tracheophyta_Magnoliopsida_Fabales_Fabaceae_Dalea_aurea\24aade33-1377-4056-814c-5bfe87208d17.jpg,380,380,380 327 404 321 463
data\raw\val\07944_Plantae_Tracheophyta_Magnoliopsida_Fabales_Fabaceae_Dalea_aurea\1f2ca720-119d-44d1-a6bd-18521b806804.jpg,380,380,380 463 386 334 335
data\raw\val\07944_Plantae_Tracheophyta_Magnoliopsida_Fabales_Fabaceae_Dalea_aurea\f09c672e-5d7c-47d9-ae42-dbff7db69819.jpg,380,334,334 380 333 480 326
data\raw\val\07944_Plantae_Tracheophyta_Magnoliopsida_Fabales_Fabaceae_Dalea_aurea\ca4c7c9e-8973-4dd1-8e86-b4d7b8d3507d.jpg,380,380,380 282 325 374 463
data\raw\val\07944_Plantae_Tracheophyta_Magnoliopsida_Fabales_Fabaceae_Dalea_aurea\11ede1d4-702c-465b-946f-65266a0d49c8.jpg,380,374,374 334 380 282 326
data\raw\val\07944_Plantae_Tracheophyta_Magnoliopsida_Fabales_Fabaceae_Dalea_aurea\79900fc7-d8c1-42ee-b712-7273066cc073.jpg,380,380,380 374 282 195 389
data\raw\val\07950_Plantae_Tracheophyta_Magnoliopsida_Fabales_Fabaceae_Desmanthus_illinoensis\b9dcde44-5e9b-46b1-a25f-fd17fbf6b938.jpg,381,347,347 381 458 320 273
data\raw\val\07950_Plantae_Tracheophyta_Magnoliopsida_Fabales_Fabaceae_Desmanthus_illinoensis\4a0856b4-4a57-49fe-9080-761177205398.jpg,381,495,495 466 381 491 326
data\raw\val\07950_Plantae_Tracheophyta_Magnoliopsida_Fabales_Fabaceae_Desmanthus_illinoensis\bf2a83a0-a945-49c2-868b-47e1416eb1b9.jpg,381,281,281 491 381 309 305
data\raw\val\07950_Plantae_Tracheophyta_Magnoliopsida_Fabales_Fabaceae_Desmanthus_illinoensis\65aaffff-a938-4d06-9461-bdddd73370bb.jpg,381,381,381 495 28 473 466
data\raw\val\07950_Plantae_Tracheophyta_Magnoliopsida_Fabales_Fabaceae_Desmanthus_illinoensis\3a4560a5-1d6a-438c-b34c-2e0b5d7fe2a6.jpg,381,381,381 384 491 411 4
data\raw\val\07950_Plantae_Tracheophyta_Magnoliopsida_Fabales_Fabaceae_Desmanthus_illinoensis\90d074bd-482e-445d-8f99-4d72f7714105.jpg,381,384,384 381 321 373 402
data\raw\val\07950_Plantae_Tracheophyta_Magnoliopsida_Fabales_Fabaceae_Desmanthus_illinoensis\4a4d8d2b-bd0e-492c-a42f-0e88994c52e1.jpg,381,310,310 495 381 317 491
data\raw\val\07950_Plantae_Tracheophyta_Magnoliopsida_Fabales_Fabaceae_Desmanthus_illinoensis\90f143a6-121c-47b8-adf4-7f34e6da6560.jpg,381,458,458 354 381 423 361
data\raw\val\07950_Plantae_Tracheophyta_Magnoliopsida_Fabales_Fabaceae_Desmanthus_illinoensis\16112a41-97b5-4c96-bce6-ed03bf27beda.jpg,381,495,495 310 317 491 499
data\raw\val\07950_Plantae_Tracheophyta_Magnoliopsida_Fabales_Fabaceae_Desmanthus_illinoensis\4770b40b-50d7-4248-9106-cd08198699c2.jpg,381,267,267 266 274 263 262
data\raw\val\07958_Plantae_Tracheophyta_Magnoliopsida_Fabales_Fabaceae_Erythrostemon_mexicanus\45170830-0ce9-4f7d-a17b-31bbae1eee2f.jpg,382,382,382 412 439 387 386
data\raw\val\07958_Plantae_Tracheophyta_Magnoliopsida_Fabales_Fabaceae_Erythrostemon_mexicanus\b56166af-8ff7-4476-931a-6622c35fb2e6.jpg,382,386,386 333 334 382 454
data\raw\val\07958_Plantae_Tracheophyta_Magnoliopsida_Fabales_Fabaceae_Erythrostemon_mexicanus\cfdddb27-b287-4280-be8e-0bba201f2d5c.jpg,382,391,391 382 376 431 327
data\raw\val\07958_Plantae_Tracheophyta_Magnoliopsida_Fabales_Fabaceae_Erythrostemon_mexicanus\6f3e9159-fea2-44db-912a-41eea5acf1f2.jpg,382,495,495 499 462 310 415
data\raw\val\07958_Plantae_Tracheophyta_Magnoliopsida_Fabales_Fabaceae_Erythrostemon_mexicanus\dd517756-0cff-470f-81f5-e0d08d2ac8d3.jpg,382,187,187 189 0 174 170
data\raw\val\07958_Plantae_Tracheophyta_Magnoliopsida_Fabales_Fabaceae_Erythrostemon_mexicanus\de1a9cc0-80d7-4c11-80f4-6f313ffae070.jpg,382,382,382 391 394 376 321
data\raw\val\07958_Plantae_Tracheophyta_Magnoliopsida_Fabales_Fabaceae_Erythrostemon_mexicanus\751cc503-6d77-4475-b16c-266db4cd6a8d.jpg,382,382,382 391 188 448 336
data\raw\val\07958_Plantae_Tracheophyta_Magnoliopsida_Fabales_Fabaceae_Erythrostemon_mexicanus\212256d9-0bee-4af3-a862-f5246e65ecd0.jpg,382,135,135 137 495 136 246
data\raw\val\07958_Plantae_Tracheophyta_Magnoliopsida_Fabales_Fabaceae_Erythrostemon_mexicanus\95f185ed-4ba6-4a6f-8b20-142ad561b2c0.jpg,382,382,382 386 460 333 334
data\raw\val\07958_Plantae_Tracheophyta_Magnoliopsida_Fabales_Fabaceae_Erythrostemon_mexicanus\80b4f51f-8de2-4e64-bf6b-a8401ce4d65d.jpg,382,382,382 31 332 386 412
data\raw\val\07974_Plantae_Tracheophyta_Magnoliopsida_Fabales_Fabaceae_Hylodesmum_glutinosum\aa60930d-991f-4c70-9ae2-b1674b23f9e1.jpg,383,383,383 352 419 417 390
data\raw\val\07974_Plantae_Tracheophyta_Magnoliopsida_Fabales_Fabaceae_Hylodesmum_glutinosum\ef431cc5-20f9-45d6-8518-36f339e151a4.jpg,383,429,429 383 341 430 421
data\raw\val\07974_Plantae_Tracheophyta_Magnoliopsida_Fabales_Fabaceae_Hylodesmum_glutinosum\3d170a55-068a-450f-8f46-ced746db1c64.jpg,383,383,383 419 408 287 417
data\raw\val\07974_Plantae_Tracheophyta_Magnoliopsida_Fabales_Fabaceae_Hylodesmum_glutinosum\36317e57-e7c9-4501-80b2-ef6203fcce11.jpg,383,383,383 408 368 411 453
data\raw\val\07974_Plantae_Tracheophyta_Magnoliopsida_Fabales_Fabaceae_Hylodesmum_glutinosum\306a61f3-609c-4a19-9402-46d855dd6df3.jpg,383,484,484 341 453 383 408
data\raw\val\07974_Plantae_Tracheophyta_Magnoliopsida_Fabales_Fabaceae_Hylodesmum_glutinosum\e0941a21-993f-4782-8666-a6cb1fc0277e.jpg,383,383,383 419 411 416 408
data\raw\val\07974_Plantae_Tracheophyta_Magnoliopsida_Fabales_Fabaceae_Hylodesmum_glutinosum\4c5629c9-1221-43fc-8641-933c1dfc3ed5.jpg,383,383,383 419 408 368 415
data\raw\val\07974_Plantae_Tracheophyta_Magnoliopsida_Fabales_Fabaceae_Hylodesmum_glutinosum\4c415b45-ef35-4011-be41-e2efa004da48.jpg,383,415,415 419 453 340 429
data\raw\val\07974_Plantae_Tracheophyta_Magnoliopsida_Fabales_Fabaceae_Hylodesmum_glutinosum\88c02a29-f82f-4f31-b432-f5ce1cfa8149.jpg,383,415,415 453 383 419 310
data\raw\val\07974_Plantae_Tracheophyta_Magnoliopsida_Fabales_Fabaceae_Hylodesmum_glutinosum\efa61bd9-e1f4-4633-b76c-a8042d83581e.jpg,383,383,383 311 453 424 408
data\raw\val\07989_Plantae_Tracheophyta_Magnoliopsida_Fabales_Fabaceae_Lespedeza_capitata\6b0d7cb7-dd5d-4660-9ff4-3413982821de.jpg,384,384,384 321 463 297 432
data\raw\val\07989_Plantae_Tracheophyta_Magnoliopsida_Fabales_Fabaceae_Lespedeza_capitata\947916ce-658c-44ac-862d-6c40d83be7c6.jpg,384,392,392 421 429 414 450
data\raw\val\07989_Plantae_Tracheophyta_Magnoliopsida_Fabales_Fabaceae_Lespedeza_capitata\a4f0f167-c87a-438e-9ae6-98823881af8b.jpg,384,162,162 493 314 499 232
data\raw\val\07989_Plantae_Tracheophyta_Magnoliopsida_Fabales_Fabaceae_Lespedeza_capitata\56a0fcf0-37eb-4d3a-84e4-280aa3bc924c.jpg,384,355,355 211 278 476 354
data\raw\val\07989_Plantae_Tracheophyta_Magnoliopsida_Fabales_Fabaceae_Lespedeza_capitata\3a4228e6-0783-4a6e-ae9e-7a74896430bc.jpg,384,224,224 347 215 156 211
data\raw\val\07989_Plantae_Tracheophyta_Magnoliopsida_Fabales_Fabaceae_Lespedeza_capitata\685f6d30-3f0d-4e5b-9c8a-9a31101b2ce1.jpg,384,493,493 487 347 496 490
data\raw\val\07989_Plantae_Tracheophyta_Magnoliopsida_Fabales_Fabaceae_Lespedeza_capitata\f6d29672-db42-4efe-ab0f-8f05edf7cb03.jpg,384,281,281 273 397 498 364
data\raw\val\07989_Plantae_Tracheophyta_Magnoliopsida_Fabales_Fabaceae_Lespedeza_capitata\91191d45-0a09-43e1-b595-8e5bdc307597.jpg,384,321,321 403 402 463 331
data\raw\val\07989_Plantae_Tracheophyta_Magnoliopsida_Fabales_Fabaceae_Lespedeza_capitata\97cef0f1-5759-4470-aede-e5a5a9b41f9d.jpg,384,432,432 384 308 299 459
data\raw\val\07989_Plantae_Tracheophyta_Magnoliopsida_Fabales_Fabaceae_Lespedeza_capitata\d8d2f1d8-7d69-4653-91dc-2865af1161a6.jpg,384,428,428 327 374 334 201
data\raw\val\07994_Plantae_Tracheophyta_Magnoliopsida_Fabales_Fabaceae_Lotus_corniculatus\ebeaac53-e618-4afe-a7a2-10cf94265d34.jpg,385,387,387 385 386 374 333
data\raw\val\07994_Plantae_Tracheophyta_Magnoliopsida_Fabales_Fabaceae_Lotus_corniculatus\2ac6732f-9f0b-4e67-a7a1-c90d4cfaebb5.jpg,385,386,386 385 334 333 326
data\raw\val\07994_Plantae_Tracheophyta_Magnoliopsida_Fabales_Fabaceae_Lotus_corniculatus\e1293c9f-27b8-46e3-9604-3d462e6c5cbe.jpg,385,385,385 386 337 382 391
data\raw\val\07994_Plantae_Tracheophyta_Magnoliopsida_Fabales_Fabaceae_Lotus_corniculatus\1b437cfd-b077-4e6f-b37e-ee3652851f7d.jpg,385,385,385 454 439 457 462
data\raw\val\07994_Plantae_Tracheophyta_Magnoliopsida_Fabales_Fabaceae_Lotus_corniculatus\09548309-3f13-46d0-a2c1-537302234fb1.jpg,385,337,337 285 462 385 333
data\raw\val\07994_Plantae_Tracheophyta_Magnoliopsida_Fabales_Fabaceae_Lotus_corniculatus\3d238fe8-9563-417c-ae1e-92a07e519f92.jpg,385,386,386 333 332 385 334
data\raw\val\07994_Plantae_Tracheophyta_Magnoliopsida_Fabales_Fabaceae_Lotus_corniculatus\810738cb-1783-4a7d-a04b-d3d64e803988.jpg,385,396,396 452 358 312 345
data\raw\val\07994_Plantae_Tracheophyta_Magnoliopsida_Fabales_Fabaceae_Lotus_corniculatus\6e36aebe-80f3-43ab-a473-49063750ba6e.jpg,385,385,385 374 386 454 337
data\raw\val\07994_Plantae_Tracheophyta_Magnoliopsida_Fabales_Fabaceae_Lotus_corniculatus\27e7fb51-56da-45e6-afb8-68e1d5fead89.jpg,385,285,285 457 337 480 279
data\raw\val\07994_Plantae_Tracheophyta_Magnoliopsida_Fabales_Fabaceae_Lotus_corniculatus\6153483f-702f-4d0c-abb7-12541a2b7e20.jpg,385,385,385 386 333 334 332
data\raw\val\07995_Plantae_Tracheophyta_Magnoliopsida_Fabales_Fabaceae_Lotus_pedunculatus\77e0572e-3bb8-449d-a41a-02165aee3098.jpg,386,385,385 386 387 333 454
data\raw\val\07995_Plantae_Tracheophyta_Magnoliopsida_Fabales_Fabaceae_Lotus_pedunculatus\a54cbac1-e221-4430-bd05-6eb9c964799a.jpg,386,385,385 326 285 337 386
data\raw\val\07995_Plantae_Tracheophyta_Magnoliopsida_Fabales_Fabaceae_Lotus_pedunculatus\efcf657a-223d-4625-bf01-46867e15a8c1.jpg,386,312,312 373 396 475 356
data\raw\val\07995_Plantae_Tracheophyta_Magnoliopsida_Fabales_Fabaceae_Lotus_pedunculatus\aa7e2081-05dd-4cca-8fdc-4e3be1392119.jpg,386,385,385 454 462 386 439
data\raw\val\07995_Plantae_Tracheophyta_Magnoliopsida_Fabales_Fabaceae_Lotus_pedunculatus\a0e145a8-d4e7-4b4b-93fc-393973acd4f4.jpg,386,333,333 386 332 334 385
data\raw\val\07995_Plantae_Tracheophyta_Magnoliopsida_Fabales_Fabaceae_Lotus_pedunculatus\8ec01bea-1512-4fdb-b1d0-1cca8536552d.jpg,386,454,454 462 382 387 439
data\raw\val\07995_Plantae_Tracheophyta_Magnoliopsida_Fabales_Fabaceae_Lotus_pedunculatus\2e7c85fe-4aaf-4372-8727-fca2aae63206.jpg,386,385,385 454 386 462 439
data\raw\val\07995_Plantae_Tracheophyta_Magnoliopsida_Fabales_Fabaceae_Lotus_pedunculatus\df214fac-d192-4596-8a11-dacad68068ed.jpg,386,385,385 389 386 333 334
data\raw\val\07995_Plantae_Tracheophyta_Magnoliopsida_Fabales_Fabaceae_Lotus_pedunculatus\d75bc6bb-aa4b-485a-a6a0-e288efdc0bfc.jpg,386,442,442 240 302 313 345
data\raw\val\07995_Plantae_Tracheophyta_Magnoliopsida_Fabales_Fabaceae_Lotus_pedunculatus\353a5048-738f-46fd-9990-435b41a0ec1c.jpg,386,385,385 386 382 454 391
data\raw\val\08020_Plantae_Tracheophyta_Magnoliopsida_Fabales_Fabaceae_Medicago_lupulina\0cd0a166-1b2a-4893-af23-1216bf38201f.jpg,387,387,387 454 386 439 385
data\raw\val\08020_Plantae_Tracheophyta_Magnoliopsida_Fabales_Fabaceae_Medicago_lupulina\1d39bb45-0464-426f-8663-20e34bb3b1ea.jpg,387,374,374 277 446 295 296
data\raw\val\08020_Plantae_Tracheophyta_Magnoliopsida_Fabales_Fabaceae_Medicago_lupulina\5c619576-e3d7-484f-984f-e521f28939cd.jpg,387,387,387 385 454 386 382
data\raw\val\08020_Plantae_Tracheophyta_Magnoliopsida_Fabales_Fabaceae_Medicago_lupulina\3d4b5fa6-d0d0-4534-90c3-0768886aa354.jpg,387,387,387 386 317 385 335
data\raw\val\08020_Plantae_Tracheophyta_Magnoliopsida_Fabales_Fabaceae_Medicago_lupulina\a34490d4-a7cf-495f-a8aa-242b2494c035.jpg,387,387,387 462 382 317 386
data\raw\val\08020_Plantae_Tracheophyta_Magnoliopsida_Fabales_Fabaceae_Medicago_lupulina\9f1e7695-6708-4cb1-9321-d994ac391c41.jpg,387,387,387 457 120 342 20
data\raw\val\08020_Plantae_Tracheophyta_Magnoliopsida_Fabales_Fabaceae_Medicago_lupulina\b76a9c46-fbe3-4cde-8923-725368825bf7.jpg,387,447,447 356 408 373 387
data\raw\val\08020_Plantae_Tracheophyta_Magnoliopsida_Fabales_Fabaceae_Medicago_lupulina\3271676f-4303-49af-9f27-18b3d4ee2194.jpg,387,339,339 296 336 343 387
data\raw\val\08020_Plantae_Tracheophyta_Magnoliopsida_Fabales_Fabaceae_Medicago_lupulina\1c3cd447-25a7-4da8-b3f7-663b834466f5.jpg,387,387,387 329 463 335 342
data\raw\val\08020_Plantae_Tracheophyta_Magnoliopsida_Fabales_Fabaceae_Medicago_lupulina\a81af20d-be89-4aa7-aa9f-d2f5d9ff68a2.jpg,387,438,438 437 402 468 369
data\raw\val\08028_Plantae_Tracheophyta_Magnoliopsida_Fabales_Fabaceae_Mimosa_nuttallii\c8fea930-b641-45fc-b723-4d9dd5957d4e.jpg,388,388,388 361 422 447 352
data\raw\val\08028_Plantae_Tracheophyta_Magnoliopsida_Fabales_Fabaceae_Mimosa_nuttallii\38953e97-0435-4029-b625-d623226db2e7.jpg,388,409,409 352 405 390 406
data\raw\val\08028_Plantae_Tracheophyta_Magnoliopsida_Fabales_Fabaceae_Mimosa_nuttallii\f30ac098-b296-412c-bfa1-ca869d5180df.jpg,388,388,388 377 361 352 409
data\raw\val\08028_Plantae_Tracheophyta_Magnoliopsida_Fabales_Fabaceae_Mimosa_nuttallii\09a98477-8c83-435c-858a-f6c75fe7e623.jpg,388,388,388 352 290 446 447
data\raw\val\08028_Plantae_Tracheophyta_Magnoliopsida_Fabales_Fabaceae_Mimosa_nuttallii\9d3dfb0d-2872-4d74-beb0-ce53061fd358.jpg,388,361,361 246 476 311 288
data\raw\val\08028_Plantae_Tracheophyta_Magnoliopsida_Fabales_Fabaceae_Mimosa_nuttallii\b83aa465-13fc-48c9-b34f-78e93c001cac.jpg,388,290,290 63 388 361 123
data\raw\val\08028_Plantae_Tracheophyta_Magnoliopsida_Fabales_Fabaceae_Mimosa_nuttallii\edd531db-3417-4641-ae55-87beb980b633.jpg,388,290,290 388 423 286 63
data\raw\val\08028_Plantae_Tracheophyta_Magnoliopsida_Fabales_Fabaceae_Mimosa_nuttallii\5bb313c7-c50e-497b-81ca-ad6679ae8e63.jpg,388,388,388 290 447 446 377
data\raw\val\08028_Plantae_Tracheophyta_Magnoliopsida_Fabales_Fabaceae_Mimosa_nuttallii\bd005126-406b-416d-a55c-b041ca16c8b1.jpg,388,388,388 290 446 447 63
data\raw\val\08028_Plantae_Tracheophyta_Magnoliopsida_Fabales_Fabaceae_Mimosa_nuttallii\5966aeb2-a791-4244-b246-1312f06b00b9.jpg,388,402,402 331 224 243 263
data\raw\val\08062_Plantae_Tracheophyta_Magnoliopsida_Fabales_Fabaceae_Senna_armata\571872e9-5e04-4d91-bd73-2f56a758a861.jpg,389,314,314 389 359 442 355
data\raw\val\08062_Plantae_Tracheophyta_Magnoliopsida_Fabales_Fabaceae_Senna_armata\1abc53b8-f199-4f9e-af96-b4cc0d449fa0.jpg,389,389,389 327 376 333 299
data\raw\val\08062_Plantae_Tracheophyta_Magnoliopsida_Fabales_Fabaceae_Senna_armata\82ba4c18-caa0-4d41-b5a6-d1fe86710bd5.jpg,389,337,337 389 326 385 382
data\raw\val\08062_Plantae_Tracheophyta_Magnoliopsida_Fabales_Fabaceae_Senna_armata\087f750b-24e1-42ae-ad73-9fc4cceac61b.jpg,389,389,389 327 355 404 282
data\raw\val\08062_Plantae_Tracheophyta_Magnoliopsida_Fabales_Fabaceae_Senna_armata\7d9e7674-658c-4ab7-9aa4-cc110331d1a8.jpg,389,389,389 314 359 327 404
data\raw\val\08062_Plantae_Tracheophyta_Magnoliopsida_Fabales_Fabaceae_Senna_armata\a5b669a4-76ed-42e1-826d-8984f8e343b7.jpg,389,389,389 327 391 326 376
data\raw\val\08062_Plantae_Tracheophyta_Magnoliopsida_Fabales_Fabaceae_Senna_armata\d3954478-cae3-44ea-8152-b15d2b3afcf3.jpg,389,389,389 325 376 326 333
data\raw\val\08062_Plantae_Tracheophyta_Magnoliopsida_Fabales_Fabaceae_Senna_armata\b6633b63-e306-4ae3-8ced-5824f562c52b.jpg,389,389,389 256 325 376 327
data\raw\val\08062_Plantae_Tracheophyta_Magnoliopsida_Fabales_Fabaceae_Senna_armata\2a978cd1-f79c-4b30-9548-317845712fc1.jpg,389,319,319 234 302 157 242
data\raw\val\08062_Plantae_Tracheophyta_Magnoliopsida_Fabales_Fabaceae_Senna_armata\853056bf-c958-401f-b7f4-b9b1e0081f12.jpg,389,394,394 376 347 389 278
data\raw\val\08095_Plantae_Tracheophyta_Magnoliopsida_Fabales_Fabaceae_Trifolium_lupinaster\c7ca9562-5566-466d-80d0-d1fab4b89b35.jpg,390,296,296 343 297 310 304
data\raw\val\08095_Plantae_Tracheophyta_Magnoliopsida_Fabales_Fabaceae_Trifolium_lupinaster\887bfc55-164c-4dd0-ba1f-6337f6a08b42.jpg,390,331,331 390 417 419 402
data\raw\val\08095_Plantae_Tracheophyta_Magnoliopsida_Fabales_Fabaceae_Trifolium_lupinaster\6b6bef05-eb00-4c6e-9e18-639acb48c86e.jpg,390,418,418 289 324 299 384
data\raw\val\08095_Plantae_Tracheophyta_Magnoliopsida_Fabales_Fabaceae_Trifolium_lupinaster\f5c55a48-c09b-4e87-9365-9aa6980860d8.jpg,390,468,468 484 421 341 331
data\raw\val\08095_Plantae_Tracheophyta_Magnoliopsida_Fabales_Fabaceae_Trifolium_lupinaster\8e5b1994-08e4-44b1-9263-6fb125cb6d7b.jpg,390,28,28 468 402 288 64
data\raw\val\08095_Plantae_Tracheophyta_Magnoliopsida_Fabales_Fabaceae_Trifolium_lupinaster\e7264f4e-f08e-4e38-92e6-880e383e6d03.jpg,390,352,352 388 361 390 346
data\raw\val\08095_Plantae_Tracheophyta_Magnoliopsida_Fabales_Fabaceae_Trifolium_lupinaster\ecf15fe5-cb13-498e-893c-239b51e4e1b6.jpg,390,381,381 411 415 419 417
data\raw\val\08095_Plantae_Tracheophyta_Magnoliopsida_Fabales_Fabaceae_Trifolium_lupinaster\0185a89d-9161-435c-8df0-18aa6486c6c9.jpg,390,390,390 346 352 318 409
data\raw\val\08095_Plantae_Tracheophyta_Magnoliopsida_Fabales_Fabaceae_Trifolium_lupinaster\f1ebd319-c652-47ea-ab09-d4222f3d7bf9.jpg,390,421,421 336 484 455 429
data\raw\val\08095_Plantae_Tracheophyta_Magnoliopsida_Fabales_Fabaceae_Trifolium_lupinaster\4125d4a3-6481-4068-b141-f2931bfd462f.jpg,390,308,308 394 460 478 470
data\raw\val\08106_Plantae_Tracheophyta_Magnoliopsida_Fabales_Fabaceae_Vachellia_farnesiana\bfe5b0e6-9cea-40bd-8823-53becadb6d9d.jpg,391,467,467 376 451 316 431
data\raw\val\08106_Plantae_Tracheophyta_Magnoliopsida_Fabales_Fabaceae_Vachellia_farnesiana\30a21fc2-9db5-4cee-964a-a58f4ec10bfa.jpg,391,374,374 304 384 295 305
data\raw\val\08106_Plantae_Tracheophyta_Magnoliopsida_Fabales_Fabaceae_Vachellia_farnesiana\f26b9853-6b5e-4309-88bb-c1ba03da7850.jpg,391,469,469 313 437 329 431
data\raw\val\08106_Plantae_Tracheophyta_Magnoliopsida_Fabales_Fabaceae_Vachellia_farnesiana\6cacff61-6914-443e-b8c0-ce1cdc4220f0.jpg,391,320,320 359 224 305 384
data\raw\val\08106_Plantae_Tracheophyta_Magnoliopsida_Fabales_Fabaceae_Vachellia_farnesiana\a8ab8891-1196-4d11-ad53-bcdab6c7129a.jpg,391,431,431 391 382 394 441
data\raw\val\08106_Plantae_Tracheophyta_Magnoliopsida_Fabales_Fabaceae_Vachellia_farnesiana\6344d652-a304-47a2-a20c-06e5769d9ee7.jpg,391,391,391 412 279 382 327
data\raw\val\08106_Plantae_Tracheophyta_Magnoliopsida_Fabales_Fabaceae_Vachellia_farnesiana\e78b0743-d7df-4708-a9f9-47fd2fdaaa8a.jpg,391,369,369 335 396 415 336
data\raw\val\08106_Plantae_Tracheophyta_Magnoliopsida_Fabales_Fabaceae_Vachellia_farnesiana\230a0faf-dcc9-4fe3-bea9-0ebd564d9bc3.jpg,391,279,279 386 412 332 385
data\raw\val\08106_Plantae_Tracheophyta_Magnoliopsida_Fabales_Fabaceae_Vachellia_farnesiana\2f4e547e-09a1-4164-92f8-9b819c6beeef.jpg,391,347,347 140 489 487 490
data\raw\val\08106_Plantae_Tracheophyta_Magnoliopsida_Fabales_Fabaceae_Vachellia_farnesiana\4cec863d-74d5-4276-bbb4-24c892f66937.jpg,391,431,431 394 391 441 487
data\raw\val\08127_Plantae_Tracheophyta_Magnoliopsida_Fabales_Polygalaceae_Polygala_alba\46845410-3175-44b2-a15d-cc6c6f283007.jpg,392,392,392 277 365 427 305
data\raw\val\08127_Plantae_Tracheophyta_Magnoliopsida_Fabales_Polygalaceae_Polygala_alba\9eae70b9-21c1-4b6b-b2ac-bea7d78fa5f1.jpg,392,492,492 262 343 349 331
data\raw\val\08127_Plantae_Tracheophyta_Magnoliopsida_Fabales_Polygalaceae_Polygala_alba\25ec54cc-bea6-4236-b67d-32a0309b50ab.jpg,392,388,388 447 446 485 260
data\raw\val\08127_Plantae_Tracheophyta_Magnoliopsida_Fabales_Polygalaceae_Polygala_alba\b51de987-156b-44c9-92fc-2274d652fc67.jpg,392,321,321 402 418 327 336
data\raw\val\08127_Plantae_Tracheophyta_Magnoliopsida_Fabales_Polygalaceae_Polygala_alba\04849e58-dead-43ad-8c83-98645e362b7c.jpg,392,392,392 319 359 414 314
data\raw\val\08127_Plantae_Tracheophyta_Magnoliopsida_Fabales_Polygalaceae_Polygala_alba\b027f7ed-3224-4e90-a1d1-3bee8b8d0bce.jpg,392,455,455 305 281 286 392
data\raw\val\08127_Plantae_Tracheophyta_Magnoliopsida_Fabales_Polygalaceae_Polygala_alba\81bf7d7d-7b76-4d1b-aa91-db21115d76ea.jpg,392,325,325 392 306 389 327
data\raw\val\08127_Plantae_Tracheophyta_Magnoliopsida_Fabales_Polygalaceae_Polygala_alba\f1d1c64a-2089-42bd-8e18-d30711159d62.jpg,392,277,277 365 392 427 484
data\raw\val\08127_Plantae_Tracheophyta_Magnoliopsida_Fabales_Polygalaceae_Polygala_alba\b097afc9-01bb-4e64-85ba-6ecd9424f2f1.jpg,392,392,392 319 316 324 331
data\raw\val\08127_Plantae_Tracheophyta_Magnoliopsida_Fabales_Polygalaceae_Polygala_alba\9541f121-7d91-4fa7-9492-16ecc97089c8.jpg,392,392,392 319 427 365 331
data\raw\val\08154_Plantae_Tracheophyta_Magnoliopsida_Fagales_Betulaceae_Carpinus_caroliniana\3c63e20c-0252-4170-b08d-939ad9a3e60e.jpg,393,393,393 162 479 436 475
data\raw\val\08154_Plantae_Tracheophyta_Magnoliopsida_Fagales_Betulaceae_Carpinus_caroliniana\d93a7c88-d3b4-4bc7-8550-7275a83b8916.jpg,393,204,204 225 393 199 222
data\raw\val\08154_Plantae_Tracheophyta_Magnoliopsida_Fagales_Betulaceae_Carpinus_caroliniana\9421b210-f52c-411b-b2dc-1c6435207076.jpg,393,457,457 448 480 249 33
data\raw\val\08154_Plantae_Tracheophyta_Magnoliopsida_Fagales_Betulaceae_Carpinus_caroliniana\677347a2-d98e-4425-90f8-dea85d729807.jpg,393,206,206 121 0 197 110
data\raw\val\08154_Plantae_Tracheophyta_Magnoliopsida_Fagales_Betulaceae_Carpinus_caroliniana\82f3b9a3-f653-4acf-9840-de4b092df2e6.jpg,393,467,467 8 414 442 314
data\raw\val\08154_Plantae_Tracheophyta_Magnoliopsida_Fagales_Betulaceae_Carpinus_caroliniana\f91fb8ec-b792-4511-9df3-bc76af34f83b.jpg,393,475,475 400 436 360 483
data\raw\val\08154_Plantae_Tracheophyta_Magnoliopsida_Fagales_Betulaceae_Carpinus_caroliniana\51694cec-e3d1-488f-aa8e-678d4c58c6ac.jpg,393,312,312 499 492 497 493
data\raw\val\08154_Plantae_Tracheophyta_Magnoliopsida_Fagales_Betulaceae_Carpinus_caroliniana\0ac4547f-d817-4aab-82d7-14f3c95dff5a.jpg,393,239,239 192 191 234 223
data\raw\val\08154_Plantae_Tracheophyta_Magnoliopsida_Fagales_Betulaceae_Carpinus_caroliniana\e4d4af02-6b4b-43c0-bdb1-0147796085e3.jpg,393,384,384 466 403 419 297
data\raw\val\08154_Plantae_Tracheophyta_Magnoliopsida_Fagales_Betulaceae_Carpinus_caroliniana\b543cc5d-2063-4ebc-bb8d-eee6daa2bca8.jpg,393,393,393 280 475 431 293
data\raw\val\08162_Plantae_Tracheophyta_Magnoliopsida_Fagales_Fagaceae_Chrysolepis_chrysophylla\5823cb04-19a3-45f0-8084-6874e2b6060b.jpg,394,308,308 479 384 403 478
data\raw\val\08162_Plantae_Tracheophyta_Magnoliopsida_Fagales_Fagaceae_Chrysolepis_chrysophylla\5ece07bb-b520-488a-b12d-d8764d571d05.jpg,394,231,231 312 434 313 394
data\raw\val\08162_Plantae_Tracheophyta_Magnoliopsida_Fagales_Fagaceae_Chrysolepis_chrysophylla\61751370-decc-44ca-a2f9-17aa161710d8.jpg,394,448,448 445 412 317 313
data\raw\val\08162_Plantae_Tracheophyta_Magnoliopsida_Fagales_Fagaceae_Chrysolepis_chrysophylla\b3a98f3f-9121-4998-b2cf-6342a6c16316.jpg,394,398,398 209 448 313 396
data\raw\val\08162_Plantae_Tracheophyta_Magnoliopsida_Fagales_Fagaceae_Chrysolepis_chrysophylla\9755ef33-3262-4e2e-9953-46477b9797cc.jpg,394,492,492 357 493 272 399
data\raw\val\08162_Plantae_Tracheophyta_Magnoliopsida_Fagales_Fagaceae_Chrysolepis_chrysophylla\a9635030-a9e8-4c2c-9ab9-c299807ed41e.jpg,394,448,448 434 435 477 439
data\raw\val\08162_Plantae_Tracheophyta_Magnoliopsida_Fagales_Fagaceae_Chrysolepis_chrysophylla\a58a43c2-0bf7-4e9f-8f5a-011ea6bc40f6.jpg,394,460,460 435 470 308 498
data\raw\val\08162_Plantae_Tracheophyta_Magnoliopsida_Fagales_Fagaceae_Chrysolepis_chrysophylla\1b3430fd-26a1-44ec-ae4e-570dfe8af60b.jpg,394,469,469 433 468 364 438
data\raw\val\08162_Plantae_Tracheophyta_Magnoliopsida_Fagales_Fagaceae_Chrysolepis_chrysophylla\6543cf9c-5ce1-4bee-b679-0dfe64e18228.jpg,394,483,483 470 394 382 317
data\raw\val\08162_Plantae_Tracheophyta_Magnoliopsida_Fagales_Fagaceae_Chrysolepis_chrysophylla\02166326-a885-401e-9944-34848e2d070c.jpg,394,398,398 394 488 431 413
data\raw\val\08168_Plantae_Tracheophyta_Magnoliopsida_Fagales_Fagaceae_Quercus_alba\ed5e2eb2-3d4c-4b05-b6a7-e92639a9eadf.jpg,395,310,310 317 466 495 415
data\raw\val\08168_Plantae_Tracheophyta_Magnoliopsida_Fagales_Fagaceae_Quercus_alba\e686aaf4-6977-44ed-9d33-eaafffb341ae.jpg,395,368,368 369 455 281 482
data\raw\val\08168_Plantae_Tracheophyta_Magnoliopsida_Fagales_Fagaceae_Quercus_alba\e8c7f0ae-e5c0-4110-ab4d-ff8d9ad50b23.jpg,395,407,407 415 343 310 399
data\raw\val\08168_Plantae_Tracheophyta_Magnoliopsida_Fagales_Fagaceae_Quercus_alba\298f180f-d48d-410c-beac-ac5b42658c95.jpg,395,309,309 393 497 395 475
data\raw\val\08168_Plantae_Tracheophyta_Magnoliopsida_Fagales_Fagaceae_Quercus_alba\a9266fda-2b42-48ff-a909-1acd3dc79521.jpg,395,312,312 357 401 440 431
data\raw\val\08168_Plantae_Tracheophyta_Magnoliopsida_Fagales_Fagaceae_Quercus_alba\0ab2cf76-6990-481e-9aa0-338f51c4576d.jpg,395,398,398 134 136 137 312
data\raw\val\08168_Plantae_Tracheophyta_Magnoliopsida_Fagales_Fagaceae_Quercus_alba\d4faa63a-5384-4385-8cfb-30ba0d9379fb.jpg,395,289,289 407 324 494 343
data\raw\val\08168_Plantae_Tracheophyta_Magnoliopsida_Fagales_Fagaceae_Quercus_alba\e595da34-8123-4edf-bc56-aafc3b9d1fc2.jpg,395,436,436 360 400 443 482
data\raw\val\08168_Plantae_Tracheophyta_Magnoliopsida_Fagales_Fagaceae_Quercus_alba\be43e920-c4dc-40b1-8720-8e93096ac665.jpg,395,190,190 130 131 244 222
data\raw\val\08168_Plantae_Tracheophyta_Magnoliopsida_Fagales_Fagaceae_Quercus_alba\fcde3550-7537-4fa2-8c46-3a0d0888cbb0.jpg,395,146,146 25 191 488 174
data\raw\val\08171_Plantae_Tracheophyta_Magnoliopsida_Fagales_Fagaceae_Quercus_buckleyi\bdc6d911-8210-412d-9544-2060bee43df2.jpg,396,453,453 396 340 312 408
data\raw\val\08171_Plantae_Tracheophyta_Magnoliopsida_Fagales_Fagaceae_Quercus_buckleyi\5ea49fe2-0a72-4db1-80b3-168b5b5cd44b.jpg,396,354,354 266 276 124 451
data\raw\val\08171_Plantae_Tracheophyta_Magnoliopsida_Fagales_Fagaceae_Quercus_buckleyi\783bf795-bab2-4179-84f2-2da52c824f7b.jpg,396,497,497 474 472 473 482
data\raw\val\08171_Plantae_Tracheophyta_Magnoliopsida_Fagales_Fagaceae_Quercus_buckleyi\92109fa5-cc39-480d-a0a3-423ebab887ed.jpg,396,434,434 401 440 399 431
data\raw\val\08171_Plantae_Tracheophyta_Magnoliopsida_Fagales_Fagaceae_Quercus_buckleyi\2ff7ddfc-363b-4cd5-929a-5a475a4cd933.jpg,396,275,275 366 499 492 273
data\raw\val\08171_Plantae_Tracheophyta_Magnoliopsida_Fagales_Fagaceae_Quercus_buckleyi\98bf325b-dd3d-4760-9b74-c1ae2a90cb26.jpg,396,341,341 421 460 484 468
data\raw\val\08171_Plantae_Tracheophyta_Magnoliopsida_Fagales_Fagaceae_Quercus_buckleyi\88a63e70-7755-41d6-828d-ffa99597438b.jpg,396,431,431 314 441 468 313
data\raw\val\08171_Plantae_Tracheophyta_Magnoliopsida_Fagales_Fagaceae_Quercus_buckleyi\fd873411-000f-4ec4-9557-61eba8bd6d3f.jpg,396,499,499 407 310 462 383
data\raw\val\08171_Plantae_Tracheophyta_Magnoliopsida_Fagales_Fagaceae_Quercus_buckleyi\140baa36-3170-4c22-9e7c-b20b3ea0f7ee.jpg,396,367,367 363 478 360 470
data\raw\val\08171_Plantae_Tracheophyta_Magnoliopsida_Fagales_Fagaceae_Quercus_buckleyi\a3500f7a-6cd4-41dd-8700-7f81c1d101c5.jpg,396,433,433 345 324 470 441
data\raw\val\08189_Plantae_Tracheophyta_Magnoliopsida_Fagales_Fagaceae_Quercus_laevis\e911185e-9d1f-408b-be5a-f7ab91db96fc.jpg,397,342,342 285 480 292 334
data\raw\val\08189_Plantae_Tracheophyta_Magnoliopsida_Fagales_Fagaceae_Quercus_laevis\583fd08c-808b-471f-b20e-4c4205244a45.jpg,397,284,284 369 362 367 278
data\raw\val\08189_Plantae_Tracheophyta_Magnoliopsida_Fagales_Fagaceae_Quercus_laevis\9c4e4ceb-1ce1-4ccf-b4cb-467d93456908.jpg,397,400,400 397 475 95 356
data\raw\val\08189_Plantae_Tracheophyta_Magnoliopsida_Fagales_Fagaceae_Quercus_laevis\a193cefc-5b2b-4427-a2d8-27d46aaaa8ab.jpg,397,258,258 269 236 356 162
data\raw\val\08189_Plantae_Tracheophyta_Magnoliopsida_Fagales_Fagaceae_Quercus_laevis\38de7ae9-1da6-4d7a-9a39-b5e3233fef03.jpg,397,487,487 441 398 488 467
data\raw\val\08189_Plantae_Tracheophyta_Magnoliopsida_Fagales_Fagaceae_Quercus_laevis\67ba56bd-39cb-41f7-bb16-7c07f5ac5b13.jpg,397,398,398 396 401 477 440
data\raw\val\08189_Plantae_Tracheophyta_Magnoliopsida_Fagales_Fagaceae_Quercus_laevis\74fee3bf-d690-45e3-b570-c68a555c67b4.jpg,397,362,362 367 408 275 455
data\raw\val\08189_Plantae_Tracheophyta_Magnoliopsida_Fagales_Fagaceae_Quercus_laevis\5e367168-0721-41f6-a6dd-4a4c76360db7.jpg,397,493,493 499 396 407 343
data\raw\val\08189_Plantae_Tracheophyta_Magnoliopsida_Fagales_Fagaceae_Quercus_laevis\4e7e27e4-d1be-41f0-ae50-1901b8c64930.jpg,397,257,257 350 124 397 190
data\raw\val\08189_Plantae_Tracheophyta_Magnoliopsida_Fagales_Fagaceae_Quercus_laevis\d3aba50d-682a-4189-aed8-ef570906ffc8.jpg,397,494,494 281 498 289 295
data\raw\val\08190_Plantae_Tracheophyta_Magnoliopsida_Fagales_Fagaceae_Quercus_lobata\8c03a9e2-2fa3-49a9-80ae-d1a5f5d98a3c.jpg,398,488,488 398 487 355 278
data\raw\val\08190_Plantae_Tracheophyta_Magnoliopsida_Fagales_Fagaceae_Quercus_lobata\06bc7cc5-b84e-4cb0-ae4b-8bf62f1b7835.jpg,398,363,363 447 398 448 358
data\raw\val\08190_Plantae_Tracheophyta_Magnoliopsida_Fagales_Fagaceae_Quercus_lobata\9d396381-7619-4a36-a4cc-187e7483c38b.jpg,398,312,312 493 492 499 497
data\raw\val\08190_Plantae_Tracheophyta_Magnoliopsida_Fagales_Fagaceae_Quercus_lobata\bc71ca4c-6cad-494a-8c84-f1de58911467.jpg,398,398,398 488 355 347 394
data\raw\val\08190_Plantae_Tracheophyta_Magnoliopsida_Fagales_Fagaceae_Quercus_lobata\59e56637-fd23-4cea-890d-37d6647b6771.jpg,398,398,398 396 395 191 476
data\raw\val\08190_Plantae_Tracheophyta_Magnoliopsida_Fagales_Fagaceae_Quercus_lobata\9ef503a1-b5aa-4e25-8937-4154122263a8.jpg,398,435,435 399 360 475 470
data\raw\val\08190_Plantae_Tracheophyta_Magnoliopsida_Fagales_Fagaceae_Quercus_lobata\fc4d3f15-5cd7-4085-a424-4e09e65a0224.jpg,398,453,453 499 383 496 407
data\raw\val\08190_Plantae_Tracheophyta_Magnoliopsida_Fagales_Fagaceae_Quercus_lobata\851317f8-105f-4ca0-a063-38c9c50ea894.jpg,398,477,477 395 95 440 475
data\raw\val\08190_Plantae_Tracheophyta_Magnoliopsida_Fagales_Fagaceae_Quercus_lobata\6c37584b-8829-4215-919d-1813dc39de05.jpg,398,10,10 438 424 482 400
data\raw\val\08190_Plantae_Tracheophyta_Magnoliopsida_Fagales_Fagaceae_Quercus_lobata\9b7ec1d2-c259-4307-b95e-5a27ef3f1c5b.jpg,398,256,256 488 497 400 489
data\raw\val\08196_Plantae_Tracheophyta_Magnoliopsida_Fagales_Fagaceae_Quercus_nigra\4380799d-b210-4ae6-907c-d83e74ca4710.jpg,399,435,435 434 399 433 280
data\raw\val\08196_Plantae_Tracheophyta_Magnoliopsida_Fagales_Fagaceae_Quercus_nigra\ae551327-d851-484f-b70f-84dc90ab4b36.jpg,399,401,401 435 134 398 400
data\raw\val\08196_Plantae_Tracheophyta_Magnoliopsida_Fagales_Fagaceae_Quercus_nigra\adcf295f-bd40-410e-aed8-751892061db1.jpg,399,310,310 296 345 407 121
data\raw\val\08196_Plantae_Tracheophyta_Magnoliopsida_Fagales_Fagaceae_Quercus_nigra\be04b0ef-7144-428a-b4a1-0a15b18e8f07.jpg,399,125,125 250 128 129 133
data\raw\val\08196_Plantae_Tracheophyta_Magnoliopsida_Fagales_Fagaceae_Quercus_nigra\33e3fe28-22e6-423c-8a3f-a88733120259.jpg,399,360,360 436 400 401 399
data\raw\val\08196_Plantae_Tracheophyta_Magnoliopsida_Fagales_Fagaceae_Quercus_nigra\8ce4a738-51eb-41b9-b3c7-362f44ed7e74.jpg,399,400,400 401 436 360 435
data\raw\val\08196_Plantae_Tracheophyta_Magnoliopsida_Fagales_Fagaceae_Quercus_nigra\caa94f1f-daf0-49a5-9466-d5b9f40b3be9.jpg,399,395,395 398 479 399 396
data\raw\val\08196_Plantae_Tracheophyta_Magnoliopsida_Fagales_Fagaceae_Quercus_nigra\9420bf23-87fc-4e9d-bba7-8210b9479a44.jpg,399,460,460 396 401 470 433
data\raw\val\08196_Plantae_Tracheophyta_Magnoliopsida_Fagales_Fagaceae_Quercus_nigra\eb171a3d-544f-4d92-8deb-5611510c1e5e.jpg,399,354,354 461 420 425 422
data\raw\val\08196_Plantae_Tracheophyta_Magnoliopsida_Fagales_Fagaceae_Quercus_nigra\266a0368-80e3-42dc-9df9-af138bfd5372.jpg,399,486,486 479 398 440 168
data\raw\val\08214_Plantae_Tracheophyta_Magnoliopsida_Fagales_Juglandaceae_Carya_tomentosa\4967a9e4-3330-4e00-a8fd-3894faa76f6a.jpg,400,266,266 434 268 482 471
data\raw\val\08214_Plantae_Tracheophyta_Magnoliopsida_Fagales_Juglandaceae_Carya_tomentosa\c70417c7-ca56-4d3c-92a9-ef361f3f7a99.jpg,400,360,360 440 400 475 436
data\raw\val\08214_Plantae_Tracheophyta_Magnoliopsida_Fagales_Juglandaceae_Carya_tomentosa\547fa49e-17e9-472e-b6fd-08a099aff914.jpg,400,436,436 479 393 281 399
data\raw\val\08214_Plantae_Tracheophyta_Magnoliopsida_Fagales_Juglandaceae_Carya_tomentosa\aaeff1fd-a5e5-4899-902a-3e0ac204d947.jpg,400,400,400 360 436 475 357
data\raw\val\08214_Plantae_Tracheophyta_Magnoliopsida_Fagales_Juglandaceae_Carya_tomentosa\3356c03a-6903-4208-80d3-8af3824d536f.jpg,400,256,256 218 393 269 395
data\raw\val\08214_Plantae_Tracheophyta_Magnoliopsida_Fagales_Juglandaceae_Carya_tomentosa\174decf6-6e02-493f-a45a-f5c0bf4566c2.jpg,400,360,360 475 399 393 401
data\raw\val\08214_Plantae_Tracheophyta_Magnoliopsida_Fagales_Juglandaceae_Carya_tomentosa\564192da-77e4-44e3-80ee-5b1d1bb48d4f.jpg,400,470,470 401 331 335 403
data\raw\val\08214_Plantae_Tracheophyta_Magnoliopsida_Fagales_Juglandaceae_Carya_tomentosa\96677a8b-e233-4233-90b1-7fd22f641b65.jpg,400,95,95 110 96 403 111
data\raw\val\08214_Plantae_Tracheophyta_Magnoliopsida_Fagales_Juglandaceae_Carya_tomentosa\687e1df2-a13c-4cf3-b515-9b6d2293da76.jpg,400,482,482 367 342 474 437
data\raw\val\08214_Plantae_Tracheophyta_Magnoliopsida_Fagales_Juglandaceae_Carya_tomentosa\36b3f308-d7b1-457d-aa80-bf4161f0305f.jpg,400,391,391 274 138 256 130
data\raw\val\08227_Plantae_Tracheophyta_Magnoliopsida_Garryales_Garryaceae_Garrya_lindheimeri\dd90e08b-ff60-4aad-830f-6e98679489ba.jpg,401,312,312 469 431 478 433
data\raw\val\08227_Plantae_Tracheophyta_Magnoliopsida_Garryales_Garryaceae_Garrya_lindheimeri\ccf73961-32e8-469d-ae20-fca737531925.jpg,401,440,440 360 401 399 436
data\raw\val\08227_Plantae_Tracheophyta_Magnoliopsida_Garryales_Garryaceae_Garrya_lindheimeri\6ea69b3c-02c3-4449-8fe9-b68f1e0fde7d.jpg,401,401,401 436 400 363 360
data\raw\val\08227_Plantae_Tracheophyta_Magnoliopsida_Garryales_Garryaceae_Garrya_lindheimeri\685ef7d3-f5d5-465d-a5c3-2dcbad6ff718.jpg,401,408,408 469 367 433 307
data\raw\val\08227_Plantae_Tracheophyta_Magnoliopsida_Garryales_Garryaceae_Garrya_lindheimeri\4f04cd31-e6e3-4070-944a-ad2fd5a77769.jpg,401,313,313 468 442 441 431
data\raw\val\08227_Plantae_Tracheophyta_Magnoliopsida_Garryales_Garryaceae_Garrya_lindheimeri\6ff8fd56-97cb-40c6-a65a-866339ec7e84.jpg,401,387,387 470 4 335 415
data\raw\val\08227_Plantae_Tracheophyta_Magnoliopsida_Garryales_Garryaceae_Garrya_lindheimeri\b21ffb1b-9720-4001-86a9-1d5d883f816b.jpg,401,468,468 470 438 399 396
data\raw\val\08227_Plantae_Tracheophyta_Magnoliopsida_Garryales_Garryaceae_Garrya_lindheimeri\9cdd86b0-4e35-4b72-a3cb-884810b487fc.jpg,401,387,387 344 469 433 396
data\raw\val\08227_Plantae_Tracheophyta_Magnoliopsida_Garryales_Garryaceae_Garrya_lindheimeri\7dff865c-9b17-42e4-bf71-d457b864b13d.jpg,401,403,403 482 477 95 457
data\raw\val\08227_Plantae_Tracheophyta_Magnoliopsida_Garryales_Garryaceae_Garrya_lindheimeri\32c65017-cd7d-48ee-866a-d2fbed55ece8.jpg,401,193,193 401 424 444 426
data\raw\val\08235_Plantae_Tracheophyta_Magnoliopsida_Gentianales_Apocynaceae_Asclepias_asperula\d17c3118-7fd6-4387-a5b9-927781204eb1.jpg,402,402,402 468 438 453 437
data\raw\val\08235_Plantae_Tracheophyta_Magnoliopsida_Gentianales_Apocynaceae_Asclepias_asperula\cb99d121-203e-4760-90a3-c6df232305b9.jpg,402,377,377 402 364 437 324
data\raw\val\08235_Plantae_Tracheophyta_Magnoliopsida_Gentianales_Apocynaceae_Asclepias_asperula\c3f02572-940a-4428-909a-914c622817f3.jpg,402,384,384 321 402 277 309
data\raw\val\08235_Plantae_Tracheophyta_Magnoliopsida_Gentianales_Apocynaceae_Asclepias_asperula\bbc591ed-9c12-4b21-bbca-e3b99b89f609.jpg,402,292,292 319 303 327 301
data\raw\val\08235_Plantae_Tracheophyta_Magnoliopsida_Gentianales_Apocynaceae_Asclepias_asperula\1cb0ff93-fe13-4d22-bce9-6b07a2ef737b.jpg,402,428,428 402 299 334 327
data\raw\val\08235_Plantae_Tracheophyta_Magnoliopsida_Gentianales_Apocynaceae_Asclepias_asperula\17a17565-8a2f-46e5-bbb9-0b4433d48ce8.jpg,402,402,402 324 331 428 466
data\raw\val\08235_Plantae_Tracheophyta_Magnoliopsida_Gentianales_Apocynaceae_Asclepias_asperula\28a6700a-b39b-4b07-8ef3-308bbad146f2.jpg,402,374,374 334 454 297 326
data\raw\val\08235_Plantae_Tracheophyta_Magnoliopsida_Gentianales_Apocynaceae_Asclepias_asperula\190fbf7b-ff76-4d85-b1e3-e57aacb5a59c.jpg,402,403,403 402 299 494 345
data\raw\val\08235_Plantae_Tracheophyta_Magnoliopsida_Gentianales_Apocynaceae_Asclepias_asperula\8a725aa1-376f-4ed4-be8e-7c425e374364.jpg,402,455,455 402 390 362 338
data\raw\val\08235_Plantae_Tracheophyta_Magnoliopsida_Gentianales_Apocynaceae_Asclepias_asperula\2fe242ca-96f4-44d2-807d-f77be635042c.jpg,402,463,463 384 334 402 321
data\raw\val\08249_Plantae_Tracheophyta_Magnoliopsida_Gentianales_Apocynaceae_Asclepias_oenotheroides\78996dab-f10c-4bf8-997c-c2f0b52da51c.jpg,403,314,314 359 324 320 344
data\raw\val\08249_Plantae_Tracheophyta_Magnoliopsida_Gentianales_Apocynaceae_Asclepias_oenotheroides\da86b613-3359-465a-8e2a-3617107e57ec.jpg,403,468,468 470 438 120 317
data\raw\val\08249_Plantae_Tracheophyta_Magnoliopsida_Gentianales_Apocynaceae_Asclepias_oenotheroides\604c7858-60f9-4681-b2fb-bf9918b9f2fa.jpg,403,492,492 493 359 450 449
data\raw\val\08249_Plantae_Tracheophyta_Magnoliopsida_Gentianales_Apocynaceae_Asclepias_oenotheroides\24cbd99f-d1ea-46bb-aa37-fcb19f7540ac.jpg,403,403,403 299 494 466 324
data\raw\val\08249_Plantae_Tracheophyta_Magnoliopsida_Gentianales_Apocynaceae_Asclepias_oenotheroides\1ab5fa5c-fd0e-47dd-be96-fd9e8397de69.jpg,403,408,408 419 411 447 417
data\raw\val\08249_Plantae_Tracheophyta_Magnoliopsida_Gentianales_Apocynaceae_Asclepias_oenotheroides\3018f9c8-4036-444d-a98a-d573347457dc.jpg,403,403,403 468 402 321 324
data\raw\val\08249_Plantae_Tracheophyta_Magnoliopsida_Gentianales_Apocynaceae_Asclepias_oenotheroides\33a41218-76bd-4662-9452-347fef133e1d.jpg,403,403,403 345 331 335 402
data\raw\val\08249_Plantae_Tracheophyta_Magnoliopsida_Gentianales_Apocynaceae_Asclepias_oenotheroides\02f563d2-0907-46ad-87e4-52040bcb5c3f.jpg,403,403,403 384 466 478 321
data\raw\val\08249_Plantae_Tracheophyta_Magnoliopsida_Gentianales_Apocynaceae_Asclepias_oenotheroides\9cd7ae9c-2b84-4c55-aa9f-606a5cd5ca18.jpg,403,403,403 402 299 331 466
data\raw\val\08249_Plantae_Tracheophyta_Magnoliopsida_Gentianales_Apocynaceae_Asclepias_oenotheroides\8468b87f-4d28-4c6f-afb1-7dae2a5059eb.jpg,403,403,403 321 402 463 318
data\raw\val\08254_Plantae_Tracheophyta_Magnoliopsida_Gentianales_Apocynaceae_Asclepias_subulata\d3885771-b5a0-4154-aa90-0aee03be8ee9.jpg,404,327,327 404 380 282 325
data\raw\val\08254_Plantae_Tracheophyta_Magnoliopsida_Gentianales_Apocynaceae_Asclepias_subulata\2b76462c-c8e3-44a3-b886-a48a4b529c9f.jpg,404,320,320 321 386 306 325
data\raw\val\08254_Plantae_Tracheophyta_Magnoliopsida_Gentianales_Apocynaceae_Asclepias_subulata\11ccaf26-3ae4-4003-82a5-d95ceb21dc8b.jpg,404,355,355 301 347 404 316
data\raw\val\08254_Plantae_Tracheophyta_Magnoliopsida_Gentianales_Apocynaceae_Asclepias_subulata\ba07418e-65d4-4bc1-9781-ea3571f8db99.jpg,404,404,404 389 301 327 320
data\raw\val\08254_Plantae_Tracheophyta_Magnoliopsida_Gentianales_Apocynaceae_Asclepias_subulata\f1a85368-da75-4ec9-9a48-3e7f9172149c.jpg,404,404,404 327 299 314 394
data\raw\val\08254_Plantae_Tracheophyta_Magnoliopsida_Gentianales_Apocynaceae_Asclepias_subulata\fa302ade-51c9-40b5-ab80-709c0aae5fe0.jpg,404,359,359 325 319 347 301
data\raw\val\08254_Plantae_Tracheophyta_Magnoliopsida_Gentianales_Apocynaceae_Asclepias_subulata\dc3ed5b8-61b9-443c-a407-7e1302f38464.jpg,404,359,359 327 314 404 414
data\raw\val\08254_Plantae_Tracheophyta_Magnoliopsida_Gentianales_Apocynaceae_Asclepias_subulata\aeebfd6c-d742-48c5-8810-b49f375427d3.jpg,404,314,314 404 359 327 282
data\raw\val\08254_Plantae_Tracheophyta_Magnoliopsida_Gentianales_Apocynaceae_Asclepias_subulata\d68503f9-3a0d-4521-8aae-acdae9f1def1.jpg,404,355,355 71 70 316 404
data\raw\val\08254_Plantae_Tracheophyta_Magnoliopsida_Gentianales_Apocynaceae_Asclepias_subulata\865143a6-0f44-476a-9d2e-9b5c5ecefac7.jpg,404,404,404 389 327 347 359
data\raw\val\08267_Plantae_Tracheophyta_Magnoliopsida_Gentianales_Apocynaceae_Catharanthus_roseus\8981bf26-37cd-4c44-861e-0df32c51b4f2.jpg,405,405,405 447 352 449 445
data\raw\val\08267_Plantae_Tracheophyta_Magnoliopsida_Gentianales_Apocynaceae_Catharanthus_roseus\9649b3ba-f47a-4429-9094-aa163f235df7.jpg,405,352,352 405 409 388 446
data\raw\val\08267_Plantae_Tracheophyta_Magnoliopsida_Gentianales_Apocynaceae_Catharanthus_roseus\b80b1ed9-d716-4be3-8884-58aad010fcb7.jpg,405,408,408 352 383 405 447
data\raw\val\08267_Plantae_Tracheophyta_Magnoliopsida_Gentianales_Apocynaceae_Catharanthus_roseus\769a04ec-edda-47f5-af4a-2f4daff84ee1.jpg,405,405,405 352 408 416 417
data\raw\val\08267_Plantae_Tracheophyta_Magnoliopsida_Gentianales_Apocynaceae_Catharanthus_roseus\93bef44d-bbac-4b8a-aa9f-5b61cbd9b152.jpg,405,424,424 450 368 405 456
data\raw\val\08267_Plantae_Tracheophyta_Magnoliopsida_Gentianales_Apocynaceae_Catharanthus_roseus\16193b15-3cd2-4da5-ae4b-ebde494ac588.jpg,405,447,447 405 485 352 388
data\raw\val\08267_Plantae_Tracheophyta_Magnoliopsida_Gentianales_Apocynaceae_Catharanthus_roseus\227ffe6b-0218-419c-9513-7f0853734e67.jpg,405,34,34 96 346 342 95
data\raw\val\08267_Plantae_Tracheophyta_Magnoliopsida_Gentianales_Apocynaceae_Catharanthus_roseus\e5a7809c-1856-4eba-bfb1-b03142991710.jpg,405,405,405 409 424 464 406
data\raw\val\08267_Plantae_Tracheophyta_Magnoliopsida_Gentianales_Apocynaceae_Catharanthus_roseus\c689969f-4ebd-40fd-9b1e-33fbe4cf6a4f.jpg,405,485,485 443 341 464 358
data\raw\val\08267_Plantae_Tracheophyta_Magnoliopsida_Gentianales_Apocynaceae_Catharanthus_roseus\7596b5ce-30c6-43f6-8b99-3c3edf6a9a12.jpg,405,415,415 411 453 405 408
data\raw\val\08283_Plantae_Tracheophyta_Magnoliopsida_Gentianales_Apocynaceae_Vinca_minor\0db14d9b-e1b7-4dad-8af1-9440a8af23fb.jpg,406,430,430 406 464 429 424
data\raw\val\08283_Plantae_Tracheophyta_Magnoliopsida_Gentianales_Apocynaceae_Vinca_minor\f197d150-f73d-4966-9fe1-b1933fd247fb.jpg,406,430,430 406 340 418 487
data\raw\val\08283_Plantae_Tracheophyta_Magnoliopsida_Gentianales_Apocynaceae_Vinca_minor\9eacfd6e-72ef-405c-a17b-c46e461632e1.jpg,406,406,406 444 140 11 409
data\raw\val\08283_Plantae_Tracheophyta_Magnoliopsida_Gentianales_Apocynaceae_Vinca_minor\28311be7-bc2e-40da-9d48-4134060c477f.jpg,406,345,345 401 313 171 468
data\raw\val\08283_Plantae_Tracheophyta_Magnoliopsida_Gentianales_Apocynaceae_Vinca_minor\0884875f-12f7-448c-871c-2c11542dce1d.jpg,406,406,406 409 444 450 429
data\raw\val\08283_Plantae_Tracheophyta_Magnoliopsida_Gentianales_Apocynaceae_Vinca_minor\34767bcd-96a6-4adc-a5bf-977cf510de05.jpg,406,406,406 429 411 341 410
data\raw\val\08283_Plantae_Tracheophyta_Magnoliopsida_Gentianales_Apocynaceae_Vinca_minor\3d4de5e9-8435-4bb4-85a1-342540e3d8e3.jpg,406,406,406 378 430 426 410
data\raw\val\08283_Plantae_Tracheophyta_Magnoliopsida_Gentianales_Apocynaceae_Vinca_minor\4ffa805d-139c-4b8e-bb07-91db26ca1b3c.jpg,406,464,464 406 430 378 424
data\raw\val\08283_Plantae_Tracheophyta_Magnoliopsida_Gentianales_Apocynaceae_Vinca_minor\61de7ad3-170c-4060-8bce-86be2937049f.jpg,406,406,406 444 430 426 378
data\raw\val\08283_Plantae_Tracheophyta_Magnoliopsida_Gentianales_Apocynaceae_Vinca_minor\98de60ed-e6e3-419b-b907-8fb81df28b26.jpg,406,464,464 456 323 406 465
data\raw\val\08344_Plantae_Tracheophyta_Magnoliopsida_Gentianales_Rubiaceae_Galium_triflorum\9845addc-3501-4d5f-b710-36d0304e4d1f.jpg,407,473,473 499 411 415 317
data\raw\val\08344_Plantae_Tracheophyta_Magnoliopsida_Gentianales_Rubiaceae_Galium_triflorum\b9bbc462-db4c-4a7f-a4a1-fcab727ed5e5.jpg,407,407,407 415 495 403 310
data\raw\val\08344_Plantae_Tracheophyta_Magnoliopsida_Gentianales_Rubiaceae_Galium_triflorum\1cc7d410-fa61-4ce5-b0e7-7252c3ff4162.jpg,407,438,438 407 453 396 470
data\raw\val\08344_Plantae_Tracheophyta_Magnoliopsida_Gentianales_Rubiaceae_Galium_triflorum\ab0a5150-c968-489a-b81e-38d11e818355.jpg,407,310,310 407 311 453 383
data\raw\val\08344_Plantae_Tracheophyta_Magnoliopsida_Gentianales_Rubiaceae_Galium_triflorum\7e03c48c-4242-4ab6-a956-3b15fa99baff.jpg,407,499,499 310 407 495 317
data\raw\val\08344_Plantae_Tracheophyta_Magnoliopsida_Gentianales_Rubiaceae_Galium_triflorum\98c02d3c-7065-4bfe-9867-872d08734bf7.jpg,407,343,343 407 499 294 492
data\raw\val\08344_Plantae_Tracheophyta_Magnoliopsida_Gentianales_Rubiaceae_Galium_triflorum\993c0adc-6e05-42ff-a506-502be6eaba6e.jpg,407,491,491 492 494 499 343
data\raw\val\08344_Plantae_Tracheophyta_Magnoliopsida_Gentianales_Rubiaceae_Galium_triflorum\91b859d3-2574-4415-9c46-c75780791f32.jpg,407,499,499 407 310 317 343
data\raw\val\08344_Plantae_Tracheophyta_Magnoliopsida_Gentianales_Rubiaceae_Galium_triflorum\d67d6170-1304-4b73-a4c7-46cd0c78c6d7.jpg,407,407,407 499 492 343 495
data\raw\val\08344_Plantae_Tracheophyta_Magnoliopsida_Gentianales_Rubiaceae_Galium_triflorum\56a59685-678a-4055-a0ce-1d2f6712d056.jpg,407,499,499 407 343 495 497
data\raw\val\08358_Plantae_Tracheophyta_Magnoliopsida_Gentianales_Rubiaceae_Paederia_foetida\6747056c-89fb-4429-9131-aa59bde9d4f6.jpg,408,383,383 368 408 416 345
data\raw\val\08358_Plantae_Tracheophyta_Magnoliopsida_Gentianales_Rubiaceae_Paederia_foetida\c1cf9351-a5e5-48e5-ad4b-2b300e80079a.jpg,408,407,407 393 482 400 436
data\raw\val\08358_Plantae_Tracheophyta_Magnoliopsida_Gentianales_Rubiaceae_Paederia_foetida\ed253cb2-369b-487a-be7a-f17fc365b3d0.jpg,408,383,383 311 408 474 482
data\raw\val\08358_Plantae_Tracheophyta_Magnoliopsida_Gentianales_Rubiaceae_Paederia_foetida\3c0c9db8-f4bc-4457-9385-9d7aa7fd001b.jpg,408,408,408 368 455 367 419
data\raw\val\08358_Plantae_Tracheophyta_Magnoliopsida_Gentianales_Rubiaceae_Paederia_foetida\800e7bf8-4b28-4cb3-8d18-fcdb688344e4.jpg,408,440,440 435 398 393 396
data\raw\val\08358_Plantae_Tracheophyta_Magnoliopsida_Gentianales_Rubiaceae_Paederia_foetida\7610bff5-1061-4a5e-b337-b2a390f70514.jpg,408,408,408 424 383 448 481
data\raw\val\08358_Plantae_Tracheophyta_Magnoliopsida_Gentianales_Rubiaceae_Paederia_foetida\83bc89a7-4ca9-4d7b-810f-9d305b4f1186.jpg,408,456,456 452 408 34 433
data\raw\val\08358_Plantae_Tracheophyta_Magnoliopsida_Gentianales_Rubiaceae_Paederia_foetida\b2b8b681-f1af-4ca9-b19d-5242bc164f66.jpg,408,407,407 499 310 343 495
data\raw\val\08358_Plantae_Tracheophyta_Magnoliopsida_Gentianales_Rubiaceae_Paederia_foetida\5f87d24c-6840-4af7-8d7b-ce0246716c8f.jpg,408,453,453 481 383 311 93
data\raw\val\08358_Plantae_Tracheophyta_Magnoliopsida_Gentianales_Rubiaceae_Paederia_foetida\6b02d934-946a-4a59-9754-5bfb52b65997.jpg,408,408,408 71 66 412 363
data\raw\val\08369_Plantae_Tracheophyta_Magnoliopsida_Geraniales_Geraniaceae_Erodium_texanum\f4f1abe3-3f8c-469a-b578-1eaad6bea07c.jpg,409,409,409 377 405 450 318
data\raw\val\08369_Plantae_Tracheophyta_Magnoliopsida_Geraniales_Geraniaceae_Erodium_texanum\474e2a79-47a2-4282-b702-d99e6fa6da3d.jpg,409,446,446 352 23 409 405
data\raw\val\08369_Plantae_Tracheophyta_Magnoliopsida_Geraniales_Geraniaceae_Erodium_texanum\f562b468-b71a-4960-ae3f-6399bf906ce5.jpg,409,499,499 473 415 474 407
data\raw\val\08369_Plantae_Tracheophyta_Magnoliopsida_Geraniales_Geraniaceae_Erodium_texanum\78a4b596-6539-4f6a-9f1c-a407f1783075.jpg,409,415,415 411 408 482 453
data\raw\val\08369_Plantae_Tracheophyta_Magnoliopsida_Geraniales_Geraniaceae_Erodium_texanum\6bb114ff-a96b-453b-8269-48ab2cc5e943.jpg,409,409,409 405 352 444 445
data\raw\val\08369_Plantae_Tracheophyta_Magnoliopsida_Geraniales_Geraniaceae_Erodium_texanum\3c74ba87-b961-4e38-8e6a-53c290a301ac.jpg,409,409,409 438 482 474 473
data\raw\val\08369_Plantae_Tracheophyta_Magnoliopsida_Geraniales_Geraniaceae_Erodium_texanum\f6693a05-295d-4a81-aada-f052700cae85.jpg,409,409,409 352 445 444 388
data\raw\val\08369_Plantae_Tracheophyta_Magnoliopsida_Geraniales_Geraniaceae_Erodium_texanum\758d9e12-5888-4d0a-87c0-f186d40243aa.jpg,409,405,405 445 449 447 371
data\raw\val\08369_Plantae_Tracheophyta_Magnoliopsida_Geraniales_Geraniaceae_Erodium_texanum\d680a6b5-e0d1-4874-8df6-52f5c5427fd4.jpg,409,364,364 369 438 437 367
data\raw\val\08369_Plantae_Tracheophyta_Magnoliopsida_Geraniales_Geraniaceae_Erodium_texanum\864e232f-8be8-4912-81df-b668d1f93c2f.jpg,409,409,409 379 445 350 444
data\raw\val\08379_Plantae_Tracheophyta_Magnoliopsida_Geraniales_Geraniaceae_Geranium_pratense\4b220590-82df-465e-8cdc-5bf189b009d5.jpg,410,410,410 444 378 406 445
data\raw\val\08379_Plantae_Tracheophyta_Magnoliopsida_Geraniales_Geraniaceae_Geranium_pratense\8b5e7946-d910-4358-b6e6-083025e87321.jpg,410,379,379 444 410 409 445
data\raw\val\08379_Plantae_Tracheophyta_Magnoliopsida_Geraniales_Geraniaceae_Geranium_pratense\63759604-28f9-4763-8e2f-ad49aa1c26c1.jpg,410,410,410 426 378 430 444
data\raw\val\08379_Plantae_Tracheophyta_Magnoliopsida_Geraniales_Geraniaceae_Geranium_pratense\6c9abb1c-6129-4c58-9411-338faa93d8a1.jpg,410,410,410 378 426 318 430
data\raw\val\08379_Plantae_Tracheophyta_Magnoliopsida_Geraniales_Geraniaceae_Geranium_pratense\7c06be18-0ea5-48cf-a3e8-218e512a0525.jpg,410,410,410 426 323 465 414
data\raw\val\08379_Plantae_Tracheophyta_Magnoliopsida_Geraniales_Geraniaceae_Geranium_pratense\3fea5c38-168a-4d1f-90b9-2017134cb74d.jpg,410,137,137 135 246 136 131
data\raw\val\08379_Plantae_Tracheophyta_Magnoliopsida_Geraniales_Geraniaceae_Geranium_pratense\ca6ac0c2-8dc2-4b66-aa4c-37cf200e0a2c.jpg,410,426,426 378 450 330 377
data\raw\val\08379_Plantae_Tracheophyta_Magnoliopsida_Geraniales_Geraniaceae_Geranium_pratense\aff9e8c7-29c4-482e-97d5-0a66750e4f7d.jpg,410,410,410 430 378 444 406
data\raw\val\08379_Plantae_Tracheophyta_Magnoliopsida_Geraniales_Geraniaceae_Geranium_pratense\ab016052-db5e-4516-8b81-2c65bedc908b.jpg,410,410,410 378 406 426 445
data\raw\val\08379_Plantae_Tracheophyta_Magnoliopsida_Geraniales_Geraniaceae_Geranium_pratense\ca0df8f6-0aaf-4990-97ce-fa30728ffa83.jpg,410,410,410 426 406 444 378
data\raw\val\08386_Plantae_Tracheophyta_Magnoliopsida_Geraniales_Geraniaceae_Geranium_sibiricum\d920cbea-fded-43c1-a201-3d881a686e77.jpg,411,410,410 419 378 417 411
data\raw\val\08386_Plantae_Tracheophyta_Magnoliopsida_Geraniales_Geraniaceae_Geranium_sibiricum\d8afd640-4cea-4e9f-af0b-f2fbc1433680.jpg,411,411,411 429 341 430 464
data\raw\val\08386_Plantae_Tracheophyta_Magnoliopsida_Geraniales_Geraniaceae_Geranium_sibiricum\7ef25b8f-06bf-4614-9743-5a1048564fe7.jpg,411,469,469 367 0 433 481
data\raw\val\08386_Plantae_Tracheophyta_Magnoliopsida_Geraniales_Geraniaceae_Geranium_sibiricum\aceb0019-d57b-4e59-9726-2884b930729e.jpg,411,383,383 411 373 464 424
data\raw\val\08386_Plantae_Tracheophyta_Magnoliopsida_Geraniales_Geraniaceae_Geranium_sibiricum\0ba9361e-bcc6-4a29-9a37-b4eb4aaa7554.jpg,411,14,14 71 291 37 408
data\raw\val\08386_Plantae_Tracheophyta_Magnoliopsida_Geraniales_Geraniaceae_Geranium_sibiricum\3f79829f-c5d7-45a4-96d7-59c086d6048f.jpg,411,373,373 443 43 424 411
data\raw\val\08386_Plantae_Tracheophyta_Magnoliopsida_Geraniales_Geraniaceae_Geranium_sibiricum\008a00f5-7c16-4fa9-8e6f-b3a269834c6f.jpg,411,499,499 482 407 343 473
data\raw\val\08386_Plantae_Tracheophyta_Magnoliopsida_Geraniales_Geraniaceae_Geranium_sibiricum\baa4cb6d-b6ee-458b-a1b0-77b8c5cb2bb8.jpg,411,341,341 424 443 411 464
data\raw\val\08386_Plantae_Tracheophyta_Magnoliopsida_Geraniales_Geraniaceae_Geranium_sibiricum\eff13cd1-3a7b-4502-9019-fe4148b9729f.jpg,411,366,366 450 367 455 383
data\raw\val\08386_Plantae_Tracheophyta_Magnoliopsida_Geraniales_Geraniaceae_Geranium_sibiricum\10d4d1a8-3ab3-4e21-b6de-825f1ec890f6.jpg,411,411,411 383 429 430 453
data\raw\val\08410_Plantae_Tracheophyta_Magnoliopsida_Lamiales_Acanthaceae_Thunbergia_alata\be5c2312-ff94-47ba-b0f6-f5debeb41b61.jpg,412,396,396 460 403 478 397
data\raw\val\08410_Plantae_Tracheophyta_Magnoliopsida_Lamiales_Acanthaceae_Thunbergia_alata\c920b4b7-d750-4a97-8f9c-7342b02fceb9.jpg,412,412,412 279 462 386 332
data\raw\val\08410_Plantae_Tracheophyta_Magnoliopsida_Lamiales_Acanthaceae_Thunbergia_alata\a9924b08-0e18-4563-9ccb-e390766621c4.jpg,412,279,279 412 332 337 82
data\raw\val\08410_Plantae_Tracheophyta_Magnoliopsida_Lamiales_Acanthaceae_Thunbergia_alata\af599e7c-3cca-4230-be27-320d19809895.jpg,412,412,412 462 439 454 448
data\raw\val\08410_Plantae_Tracheophyta_Magnoliopsida_Lamiales_Acanthaceae_Thunbergia_alata\d5562a1e-b302-4857-aded-bc8339f32216.jpg,412,412,412 462 386 382 31
data\raw\val\08410_Plantae_Tracheophyta_Magnoliopsida_Lamiales_Acanthaceae_Thunbergia_alata\87d1d291-e78f-49e1-9335-ddbb707cc426.jpg,412,412,412 462 439 279 261
data\raw\val\08410_Plantae_Tracheophyta_Magnoliopsida_Lamiales_Acanthaceae_Thunbergia_alata\a8b3886f-1181-459d-bb46-7ac00b6dc108.jpg,412,412,412 439 462 454 385
data\raw\val\08410_Plantae_Tracheophyta_Magnoliopsida_Lamiales_Acanthaceae_Thunbergia_alata\340599d8-b1d5-4bce-9c2b-66bc2b5ee809.jpg,412,412,412 209 252 279 196
data\raw\val\08410_Plantae_Tracheophyta_Magnoliopsida_Lamiales_Acanthaceae_Thunbergia_alata\8a45004a-1d91-4977-854c-799d6d15f978.jpg,412,412,412 89 461 71 471
data\raw\val\08410_Plantae_Tracheophyta_Magnoliopsida_Lamiales_Acanthaceae_Thunbergia_alata\5317978c-1eba-4473-83f5-e040d680433a.jpg,412,385,385 386 387 326 454
data\raw\val\08419_Plantae_Tracheophyta_Magnoliopsida_Lamiales_Bignoniaceae_Tabebuia_rosea\55289100-f83a-44cc-9533-d8b442db75dd.jpg,413,413,413 284 356 1 124
data\raw\val\08419_Plantae_Tracheophyta_Magnoliopsida_Lamiales_Bignoniaceae_Tabebuia_rosea\f556a9fb-349a-4419-ae93-1f4781f6efca.jpg,413,413,413 476 209 207 448
data\raw\val\08419_Plantae_Tracheophyta_Magnoliopsida_Lamiales_Bignoniaceae_Tabebuia_rosea\0e59237b-6515-4c98-87ee-43616484ebb1.jpg,413,442,442 413 149 175 431
data\raw\val\08419_Plantae_Tracheophyta_Magnoliopsida_Lamiales_Bignoniaceae_Tabebuia_rosea\9cd25dc2-9a9b-448e-96ca-7f7c33afa6a0.jpg,413,413,413 246 176 245 375
data\raw\val\08419_Plantae_Tracheophyta_Magnoliopsida_Lamiales_Bignoniaceae_Tabebuia_rosea\1fb6b3e8-c011-4883-be8a-6c003ea8ee7e.jpg,413,246,246 361 413 348 276
data\raw\val\08419_Plantae_Tracheophyta_Magnoliopsida_Lamiales_Bignoniaceae_Tabebuia_rosea\7a39593b-3e42-4514-b5dd-f9abc3c703cc.jpg,413,413,413 284 375 300 483
data\raw\val\08419_Plantae_Tracheophyta_Magnoliopsida_Lamiales_Bignoniaceae_Tabebuia_rosea\dd4c9e78-b2dd-4d51-ba9a-d1f480b59e4b.jpg,413,283,283 278 355 488 253
data\raw\val\08419_Plantae_Tracheophyta_Magnoliopsida_Lamiales_Bignoniaceae_Tabebuia_rosea\d48e07be-7325-44a8-ac97-ce62cb003fd1.jpg,413,488,488 413 191 398 486
data\raw\val\08419_Plantae_Tracheophyta_Magnoliopsida_Lamiales_Bignoniaceae_Tabebuia_rosea\01b69e20-f899-4258-9305-66513508cd94.jpg,413,368,368 485 388 447 80
data\raw\val\08419_Plantae_Tracheophyta_Magnoliopsida_Lamiales_Bignoniaceae_Tabebuia_rosea\e525f1fc-b92d-46ca-8843-d372e54d5a09.jpg,413,413,413 397 476 246 396
data\raw\val\08437_Plantae_Tracheophyta_Magnoliopsida_Lamiales_Lamiaceae_Condea_emoryi\8cf66077-70fe-40ad-9a7f-dad6cc767a6e.jpg,414,404,404 283 355 347 389
data\raw\val\08437_Plantae_Tracheophyta_Magnoliopsida_Lamiales_Lamiaceae_Condea_emoryi\66408eba-5ee6-4532-b9e6-425d0035eaa9.jpg,414,355,355 414 404 300 376
data\raw\val\08437_Plantae_Tracheophyta_Magnoliopsida_Lamiales_Lamiaceae_Condea_emoryi\0b50bdd8-4850-4719-b8a6-387b4be34692.jpg,414,342,342 414 450 366 449
data\raw\val\08437_Plantae_Tracheophyta_Magnoliopsida_Lamiales_Lamiaceae_Condea_emoryi\fcc3a2ef-4c0f-4d6d-9150-c2773324471a.jpg,414,414,414 426 379 318 70
data\raw\val\08437_Plantae_Tracheophyta_Magnoliopsida_Lamiales_Lamiaceae_Condea_emoryi\00e356f1-9e6c-41a7-9e7b-f4a7a8371580.jpg,414,336,336 418 339 414 71
data\raw\val\08437_Plantae_Tracheophyta_Magnoliopsida_Lamiales_Lamiaceae_Condea_emoryi\e224072f-6688-4e05-ab5f-ab0ba0f5c98a.jpg,414,366,366 449 377 379 351
data\raw\val\08437_Plantae_Tracheophyta_Magnoliopsida_Lamiales_Lamiaceae_Condea_emoryi\908d835c-986a-4a21-9d5f-0e439d174b4d.jpg,414,359,359 319 314 389 414
data\raw\val\08437_Plantae_Tracheophyta_Magnoliopsida_Lamiales_Lamiaceae_Condea_emoryi\919e96a2-8794-4c99-8258-7b8be8cd0c18.jpg,414,347,347 314 359 275 7
data\raw\val\08437_Plantae_Tracheophyta_Magnoliopsida_Lamiales_Lamiaceae_Condea_emoryi\9c3d1682-496a-491b-926f-50aa7ca2f3c3.jpg,414,414,414 219 70 246 417
data\raw\val\08437_Plantae_Tracheophyta_Magnoliopsida_Lamiales_Lamiaceae_Condea_emoryi\d86c5220-9647-4f54-abbd-3511a3c95ba3.jpg,414,366,366 449 414 9 255
data\raw\val\08453_Plantae_Tracheophyta_Magnoliopsida_Lamiales_Lamiaceae_Leonurus_cardiaca\742fc13a-b84b-40dd-b037-c8fdbf8b8e25.jpg,415,310,310 311 495 357 479
data\raw\val\08453_Plantae_Tracheophyta_Magnoliopsida_Lamiales_Lamiaceae_Leonurus_cardiaca\e007353d-02c1-4f27-bc0b-c9fde00ca266.jpg,415,140,140 453 415 288 429
data\raw\val\08453_Plantae_Tracheophyta_Magnoliopsida_Lamiales_Lamiaceae_Leonurus_cardiaca\1bbe9108-f767-42c9-8d63-ade404b4493b.jpg,415,415,415 494 310 453 419
data\raw\val\08453_Plantae_Tracheophyta_Magnoliopsida_Lamiales_Lamiaceae_Leonurus_cardiaca\6fbb571f-da74-4e45-99f4-51895cce7fbf.jpg,415,415,415 417 419 453 416
data\raw\val\08453_Plantae_Tracheophyta_Magnoliopsida_Lamiales_Lamiaceae_Leonurus_cardiaca\a347852b-610b-4e4d-88d3-b1cf621d98be.jpg,415,495,495 415 310 381 466
data\raw\val\08453_Plantae_Tracheophyta_Magnoliopsida_Lamiales_Lamiaceae_Leonurus_cardiaca\11a61465-a714-4ee2-915b-36891ce61bf1.jpg,415,415,415 462 497 495 499
data\raw\val\08453_Plantae_Tracheophyta_Magnoliopsida_Lamiales_Lamiaceae_Leonurus_cardiaca\8d7de70e-5b64-4669-8fa4-a43ff91722c1.jpg,415,497,497 407 499 492 343
data\raw\val\08453_Plantae_Tracheophyta_Magnoliopsida_Lamiales_Lamiaceae_Leonurus_cardiaca\96bb75bb-39c0-490c-b71f-3807a31f4b38.jpg,415,499,499 443 462 493 474
data\raw\val\08453_Plantae_Tracheophyta_Magnoliopsida_Lamiales_Lamiaceae_Leonurus_cardiaca\51f94c05-8299-46f1-bf6e-91eaadcc4507.jpg,415,415,415 419 335 345 417
data\raw\val\08453_Plantae_Tracheophyta_Magnoliopsida_Lamiales_Lamiaceae_Leonurus_cardiaca\95a0754c-40c4-4dc8-861e-7317132991ed.jpg,415,415,415 362 311 481 496
data\raw\val\08475_Plantae_Tracheophyta_Magnoliopsida_Lamiales_Lamiaceae_Origanum_vulgare\72b6b074-8dde-409f-93fa-bfd1684b2a27.jpg,416,416,416 368 413 423 290
data\raw\val\08475_Plantae_Tracheophyta_Magnoliopsida_Lamiales_Lamiaceae_Origanum_vulgare\c80d2317-6f59-4a33-b960-1017a166bca2.jpg,416,361,361 290 423 416 413
data\raw\val\08475_Plantae_Tracheophyta_Magnoliopsida_Lamiales_Lamiaceae_Origanum_vulgare\cfedf021-8a97-43bc-8255-d1763905cc2d.jpg,416,416,416 368 362 367 408
data\raw\val\08475_Plantae_Tracheophyta_Magnoliopsida_Lamiales_Lamiaceae_Origanum_vulgare\44361a9b-d61d-4ae8-b74f-22788cb3bfa4.jpg,416,423,423 290 286 416 63
data\raw\val\08475_Plantae_Tracheophyta_Magnoliopsida_Lamiales_Lamiaceae_Origanum_vulgare\31273da2-9239-4d0f-9d09-4b5e0fa14608.jpg,416,416,416 368 290 417 361
data\raw\val\08475_Plantae_Tracheophyta_Magnoliopsida_Lamiales_Lamiaceae_Origanum_vulgare\f481b301-7394-4289-be1d-3b0e645bb942.jpg,416,416,416 417 368 455 383
data\raw\val\08475_Plantae_Tracheophyta_Magnoliopsida_Lamiales_Lamiaceae_Origanum_vulgare\573b4223-51ed-4b1c-bc81-302647c3f7ce.jpg,416,426,426 33 378 94 416
data\raw\val\08475_Plantae_Tracheophyta_Magnoliopsida_Lamiales_Lamiaceae_Origanum_vulgare\5ec565f6-3e4f-4939-bb61-5b23d6b9685b.jpg,416,416,416 368 472 415 417
data\raw\val\08475_Plantae_Tracheophyta_Magnoliopsida_Lamiales_Lamiaceae_Origanum_vulgare\1c6e0f96-fbfa-4cba-a718-130b6c86736c.jpg,416,310,310 383 482 474 462
data\raw\val\08475_Plantae_Tracheophyta_Magnoliopsida_Lamiales_Lamiaceae_Origanum_vulgare\581f7e26-c56f-4cb0-a378-7e4a27bb5c1c.jpg,416,311,311 483 357 308 64
data\raw\val\08477_Plantae_Tracheophyta_Magnoliopsida_Lamiales_Lamiaceae_Phlomoides_tuberosa\490dcf65-f9c4-4d4d-959e-82cf5c2c0c97.jpg,417,417,417 423 287 415 346
data\raw\val\08477_Plantae_Tracheophyta_Magnoliopsida_Lamiales_Lamiaceae_Phlomoides_tuberosa\5bb8794e-7c28-4d6c-9e1d-d02ca7356cfa.jpg,417,416,416 361 405 417 352
data\raw\val\08477_Plantae_Tracheophyta_Magnoliopsida_Lamiales_Lamiaceae_Phlomoides_tuberosa\5a675b00-bd9a-4195-89d6-06d2161653d1.jpg,417,413,413 1 193 171 346
data\raw\val\08477_Plantae_Tracheophyta_Magnoliopsida_Lamiales_Lamiaceae_Phlomoides_tuberosa\71e7c73c-a223-4778-8d18-65da0b7fd737.jpg,417,342,342 450 377 368 318
data\raw\val\08477_Plantae_Tracheophyta_Magnoliopsida_Lamiales_Lamiaceae_Phlomoides_tuberosa\2c9708b8-b04b-4385-8585-0a75ef3a358d.jpg,417,417,417 411 419 383 416
data\raw\val\08477_Plantae_Tracheophyta_Magnoliopsida_Lamiales_Lamiaceae_Phlomoides_tuberosa\36fdcea3-f852-411b-9a79-00b64174f21a.jpg,417,302,302 322 331 303 320
data\raw\val\08477_Plantae_Tracheophyta_Magnoliopsida_Lamiales_Lamiaceae_Phlomoides_tuberosa\e8bcfb30-971e-4646-822f-ac6c44bec50e.jpg,417,290,290 416 417 423 378
data\raw\val\08477_Plantae_Tracheophyta_Magnoliopsida_Lamiales_Lamiaceae_Phlomoides_tuberosa\8965527f-3cbe-475d-b37a-9faf0291a553.jpg,417,455,455 417 346 96 383
data\raw\val\08477_Plantae_Tracheophyta_Magnoliopsida_Lamiales_Lamiaceae_Phlomoides_tuberosa\c31b78d2-eb7b-4237-8edd-8f432b09826f.jpg,417,417,417 426 449 414 378
data\raw\val\08477_Plantae_Tracheophyta_Magnoliopsida_Lamiales_Lamiaceae_Phlomoides_tuberosa\6aec24bd-6267-4e13-98d5-8b109dd5a5a0.jpg,417,417,417 423 185 287 34
data\raw\val\08492_Plantae_Tracheophyta_Magnoliopsida_Lamiales_Lamiaceae_Salvia_mellifera\911a35fe-aa04-46f2-ad98-313a3ca68b51.jpg,418,418,418 339 421 414 417
data\raw\val\08492_Plantae_Tracheophyta_Magnoliopsida_Lamiales_Lamiaceae_Salvia_mellifera\a7bab384-d84c-42e6-8f66-e1bc74a0803b.jpg,418,468,468 313 437 469 441
data\raw\val\08492_Plantae_Tracheophyta_Magnoliopsida_Lamiales_Lamiaceae_Salvia_mellifera\34070f41-d9d9-4005-a785-3669cd32f919.jpg,418,498,498 322 274 494 299
data\raw\val\08492_Plantae_Tracheophyta_Magnoliopsida_Lamiales_Lamiaceae_Salvia_mellifera\e58998a8-8469-48e1-8f7f-34ea55c1f4d3.jpg,418,419,419 429 340 421 411
data\raw\val\08492_Plantae_Tracheophyta_Magnoliopsida_Lamiales_Lamiaceae_Salvia_mellifera\94211f8e-9bfa-4f69-9ccd-8fddb82f4479.jpg,418,418,418 414 365 487 449
data\raw\val\08492_Plantae_Tracheophyta_Magnoliopsida_Lamiales_Lamiaceae_Salvia_mellifera\ec923208-6f2a-4fc1-b269-e980513c7c32.jpg,418,455,455 206 413 193 358
data\raw\val\08492_Plantae_Tracheophyta_Magnoliopsida_Lamiales_Lamiaceae_Salvia_mellifera\58d99ec9-7c8c-452e-a1dc-a8b710821da2.jpg,418,366,366 418 362 275 496
data\raw\val\08492_Plantae_Tracheophyta_Magnoliopsida_Lamiales_Lamiaceae_Salvia_mellifera\6ef45c16-9d40-4444-b3f9-e7f0e9775c52.jpg,418,437,437 313 442 364 418
data\raw\val\08492_Plantae_Tracheophyta_Magnoliopsida_Lamiales_Lamiaceae_Salvia_mellifera\bacd50d6-6a4e-4ccf-8428-709d899e7429.jpg,418,450,450 429 464 342 424
data\raw\val\08492_Plantae_Tracheophyta_Magnoliopsida_Lamiales_Lamiaceae_Salvia_mellifera\aeb40701-3e62-44d0-adf1-986976b0a8ec.jpg,418,299,299 402 334 494 463
data\raw\val\08515_Plantae_Tracheophyta_Magnoliopsida_Lamiales_Lamiaceae_Teucrium_canadense\d96fef64-cf56-4147-ba6b-1c224fcc3568.jpg,419,417,417 383 419 368 416
data\raw\val\08515_Plantae_Tracheophyta_Magnoliopsida_Lamiales_Lamiaceae_Teucrium_canadense\b1c398f1-e31a-44e7-aae2-14f82c27cf48.jpg,419,378,378 419 417 318 415
data\raw\val\08515_Plantae_Tracheophyta_Magnoliopsida_Lamiales_Lamiaceae_Teucrium_canadense\8d8991d0-b911-4a9a-adee-f9b33cec8129.jpg,419,453,453 407 443 341 493
data\raw\val\08515_Plantae_Tracheophyta_Magnoliopsida_Lamiales_Lamiaceae_Teucrium_canadense\9c9eab63-4d0f-4e20-b8b0-922bc5b3f6b6.jpg,419,0,0 432 419 415 304
data\raw\val\08515_Plantae_Tracheophyta_Magnoliopsida_Lamiales_Lamiaceae_Teucrium_canadense\b6eb213d-38ca-4ac8-92ec-c3921dde91cd.jpg,419,419,419 373 381 415 418
data\raw\val\08515_Plantae_Tracheophyta_Magnoliopsida_Lamiales_Lamiaceae_Teucrium_canadense\57c55fe9-1097-434e-a453-0f66926dcd6b.jpg,419,411,411 430 383 429 419
data\raw\val\08515_Plantae_Tracheophyta_Magnoliopsida_Lamiales_Lamiaceae_Teucrium_canadense\90613e4d-f410-40a5-9139-a765e7427deb.jpg,419,291,291 414 450 419 318
data\raw\val\08515_Plantae_Tracheophyta_Magnoliopsida_Lamiales_Lamiaceae_Teucrium_canadense\0fbaa32a-5566-4583-9bc2-b405f58425f9.jpg,419,419,419 415 432 417 318
data\raw\val\08515_Plantae_Tracheophyta_Magnoliopsida_Lamiales_Lamiaceae_Teucrium_canadense\9b0582b3-c920-4e94-b4df-35172e7d9ef7.jpg,419,419,419 415 417 340 429
data\raw\val\08515_Plantae_Tracheophyta_Magnoliopsida_Lamiales_Lamiaceae_Teucrium_canadense\0f387035-33c6-4dc1-8473-2f62742aff80.jpg,419,419,419 415 453 429 383
data\raw\val\08587_Plantae_Tracheophyta_Magnoliopsida_Lamiales_Orobanchaceae_Castilleja_tenuiflora\dd7292c2-a680-46de-aec2-e36c319271a7.jpg,420,461,461 422 420 363 377
data\raw\val\08587_Plantae_Tracheophyta_Magnoliopsida_Lamiales_Orobanchaceae_Castilleja_tenuiflora\80fe46a8-8f68-4e69-96b3-3da15b3880d8.jpg,420,420,420 279 461 446 377
data\raw\val\08587_Plantae_Tracheophyta_Magnoliopsida_Lamiales_Orobanchaceae_Castilleja_tenuiflora\33591397-4879-43c5-8acd-733827bd11da.jpg,420,420,420 425 451 259 356
data\raw\val\08587_Plantae_Tracheophyta_Magnoliopsida_Lamiales_Orobanchaceae_Castilleja_tenuiflora\c6ee35aa-d2b3-46c1-b23c-f50dad086875.jpg,420,461,461 474 363 420 361
data\raw\val\08587_Plantae_Tracheophyta_Magnoliopsida_Lamiales_Orobanchaceae_Castilleja_tenuiflora\e12638b8-0e8d-4704-905b-57d15997b260.jpg,420,36,36 258 420 118 425
data\raw\val\08587_Plantae_Tracheophyta_Magnoliopsida_Lamiales_Orobanchaceae_Castilleja_tenuiflora\6a896d21-53d0-4506-a459-cd4d85052186.jpg,420,425,425 420 348 353 354
data\raw\val\08587_Plantae_Tracheophyta_Magnoliopsida_Lamiales_Orobanchaceae_Castilleja_tenuiflora\c475c351-94b8-4297-8b79-350054d0a3ca.jpg,420,461,461 361 422 420 425
data\raw\val\08587_Plantae_Tracheophyta_Magnoliopsida_Lamiales_Orobanchaceae_Castilleja_tenuiflora\7358c577-fd11-460c-a891-7f4ce51815a6.jpg,420,481,481 356 451 363 420
data\raw\val\08587_Plantae_Tracheophyta_Magnoliopsida_Lamiales_Orobanchaceae_Castilleja_tenuiflora\19171ecb-63bf-495c-9c41-9768d8728c7a.jpg,420,420,420 354 377 353 425
data\raw\val\08587_Plantae_Tracheophyta_Magnoliopsida_Lamiales_Orobanchaceae_Castilleja_tenuiflora\900c58ea-eb9b-47bb-8850-c58614b9cf84.jpg,420,420,420 461 377 279 425
data\raw\val\08593_Plantae_Tracheophyta_Magnoliopsida_Lamiales_Orobanchaceae_Euphrasia_nemorosa\bb3d7bf3-87a6-467a-8ba7-50f70e5ddc20.jpg,421,421,421 339 65 43 336
data\raw\val\08593_Plantae_Tracheophyta_Magnoliopsida_Lamiales_Orobanchaceae_Euphrasia_nemorosa\e3d9751a-fe04-4493-8543-3d30306ea734.jpg,421,450,450 421 392 322 429
data\raw\val\08593_Plantae_Tracheophyta_Magnoliopsida_Lamiales_Orobanchaceae_Euphrasia_nemorosa\5d2ac9ed-d1a9-4ca1-aa49-8a4e53d56391.jpg,421,275,275 499 493 496 377
data\raw\val\08593_Plantae_Tracheophyta_Magnoliopsida_Lamiales_Orobanchaceae_Euphrasia_nemorosa\840d82b1-9e84-4fdd-880f-c44fe125103f.jpg,421,450,450 342 320 289 322
data\raw\val\08593_Plantae_Tracheophyta_Magnoliopsida_Lamiales_Orobanchaceae_Euphrasia_nemorosa\c17c0a08-fb75-45ed-bea6-e67983382cd9.jpg,421,430,430 411 340 429 421
data\raw\val\08593_Plantae_Tracheophyta_Magnoliopsida_Lamiales_Orobanchaceae_Euphrasia_nemorosa\babf2872-9de9-4e38-990b-30c41638ee64.jpg,421,341,341 340 421 484 430
data\raw\val\08593_Plantae_Tracheophyta_Magnoliopsida_Lamiales_Orobanchaceae_Euphrasia_nemorosa\62b5f3dc-a1fb-4fb4-b337-f462473d1005.jpg,421,336,336 328 471 323 329
data\raw\val\08593_Plantae_Tracheophyta_Magnoliopsida_Lamiales_Orobanchaceae_Euphrasia_nemorosa\c35a3b25-e296-4679-83b5-08e3080550ff.jpg,421,336,336 328 421 370 329
data\raw\val\08593_Plantae_Tracheophyta_Magnoliopsida_Lamiales_Orobanchaceae_Euphrasia_nemorosa\85e85997-22f5-412e-ad0b-137b8658d106.jpg,421,419,419 418 321 432 384
data\raw\val\08593_Plantae_Tracheophyta_Magnoliopsida_Lamiales_Orobanchaceae_Euphrasia_nemorosa\587222ec-a7cf-46db-9065-64ab533ad5a0.jpg,421,365,365 359 129 250 125
data\raw\val\08594_Plantae_Tracheophyta_Magnoliopsida_Lamiales_Orobanchaceae_Hyobanche_sanguinea\06f92d5f-fd09-47a4-8b26-11751c25b425.jpg,422,422,422 461 363 307 451
data\raw\val\08594_Plantae_Tracheophyta_Magnoliopsida_Lamiales_Orobanchaceae_Hyobanche_sanguinea\6c801259-bdd5-4ab2-9945-0e2c8ab7c64e.jpg,422,422,422 361 363 258 354
data\raw\val\08594_Plantae_Tracheophyta_Magnoliopsida_Lamiales_Orobanchaceae_Hyobanche_sanguinea\1045de34-8f09-42f8-ace3-7d4feab1cef9.jpg,422,354,354 422 252 288 276
data\raw\val\08594_Plantae_Tracheophyta_Magnoliopsida_Lamiales_Orobanchaceae_Hyobanche_sanguinea\5188ac48-c95f-4846-a7db-b88fac738e31.jpg,422,422,422 361 350 476 461
data\raw\val\08594_Plantae_Tracheophyta_Magnoliopsida_Lamiales_Orobanchaceae_Hyobanche_sanguinea\60d9098c-afef-47fc-ae76-a87eb262a5d7.jpg,422,422,422 363 451 354 461
data\raw\val\08594_Plantae_Tracheophyta_Magnoliopsida_Lamiales_Orobanchaceae_Hyobanche_sanguinea\974b4bc4-2c1a-485f-86dc-94704353b819.jpg,422,422,422 350 351 349 425
data\raw\val\08594_Plantae_Tracheophyta_Magnoliopsida_Lamiales_Orobanchaceae_Hyobanche_sanguinea\34e4a22c-3f2b-408f-a82c-87e3fd30c2e0.jpg,422,422,422 461 363 258 451
data\raw\val\08594_Plantae_Tracheophyta_Magnoliopsida_Lamiales_Orobanchaceae_Hyobanche_sanguinea\ffdcb4e0-8bd6-49c8-82ab-673df53d4266.jpg,422,422,422 351 461 258 350
data\raw\val\08594_Plantae_Tracheophyta_Magnoliopsida_Lamiales_Orobanchaceae_Hyobanche_sanguinea\2d2850eb-4eeb-461c-8a0f-adcff9e3fdd2.jpg,422,422,422 420 425 461 363
data\raw\val\08594_Plantae_Tracheophyta_Magnoliopsida_Lamiales_Orobanchaceae_Hyobanche_sanguinea\87225c72-acdd-4b83-bddd-3972cf2b3edd.jpg,422,422,422 349 350 354 425
data\raw\val\08607_Plantae_Tracheophyta_Magnoliopsida_Lamiales_Orobanchaceae_Pedicularis_groenlandica\04bd1c65-f824-4f12-a34e-def993e4e337.jpg,423,423,423 417 432 290 70
data\raw\val\08607_Plantae_Tracheophyta_Magnoliopsida_Lamiales_Orobanchaceae_Pedicularis_groenlandica\0c0a98ba-0172-44bc-9e87-933ac27dc86f.jpg,423,423,423 290 286 287 416
data\raw\val\08607_Plantae_Tracheophyta_Magnoliopsida_Lamiales_Orobanchaceae_Pedicularis_groenlandica\aae7e29f-d663-4fc7-b1dd-8f37a4276147.jpg,423,416,416 368 402 423 362
data\raw\val\08607_Plantae_Tracheophyta_Magnoliopsida_Lamiales_Orobanchaceae_Pedicularis_groenlandica\c57f9291-4d67-4ff8-82fd-2b0179b795ae.jpg,423,423,423 287 286 288 417
data\raw\val\08607_Plantae_Tracheophyta_Magnoliopsida_Lamiales_Orobanchaceae_Pedicularis_groenlandica\29c07477-14b6-450e-9f49-cfb95ea25a66.jpg,423,423,423 286 290 346 287
data\raw\val\08607_Plantae_Tracheophyta_Magnoliopsida_Lamiales_Orobanchaceae_Pedicularis_groenlandica\5b933d3c-8329-4d45-8024-aec8e0be32f8.jpg,423,423,423 287 286 346 288
data\raw\val\08607_Plantae_Tracheophyta_Magnoliopsida_Lamiales_Orobanchaceae_Pedicularis_groenlandica\6a447acf-b6a0-429a-8ee3-69593131613c.jpg,423,423,423 287 288 361 346
data\raw\val\08607_Plantae_Tracheophyta_Magnoliopsida_Lamiales_Orobanchaceae_Pedicularis_groenlandica\d3afa818-f6ef-48db-96fd-b1a3d5117992.jpg,423,286,286 427 423 277 287
data\raw\val\08607_Plantae_Tracheophyta_Magnoliopsida_Lamiales_Orobanchaceae_Pedicularis_groenlandica\41fc9054-55ca-441b-9d9d-3301c590c9dd.jpg,423,423,423 287 286 1 117
data\raw\val\08607_Plantae_Tracheophyta_Magnoliopsida_Lamiales_Orobanchaceae_Pedicularis_groenlandica\d308e47c-af9f-40b8-8bea-829ff86f904f.jpg,423,423,423 286 346 417 1
data\raw\val\08641_Plantae_Tracheophyta_Magnoliopsida_Lamiales_Plantaginaceae_Cymbalaria_muralis\ecbdc391-1a59-4025-b22d-61fd425f1eca.jpg,424,464,464 424 410 444 406
data\raw\val\08641_Plantae_Tracheophyta_Magnoliopsida_Lamiales_Plantaginaceae_Cymbalaria_muralis\1d77ac27-6592-45d2-acb5-083a86982207.jpg,424,424,424 472 357 344 401
data\raw\val\08641_Plantae_Tracheophyta_Magnoliopsida_Lamiales_Plantaginaceae_Cymbalaria_muralis\9faee78e-56e1-4834-a538-583f3e98d9fd.jpg,424,424,424 408 341 443 358
data\raw\val\08641_Plantae_Tracheophyta_Magnoliopsida_Lamiales_Plantaginaceae_Cymbalaria_muralis\a68701f6-6d04-436f-be3b-c43e20d0f9d1.jpg,424,424,424 383 408 484 341
data\raw\val\08641_Plantae_Tracheophyta_Magnoliopsida_Lamiales_Plantaginaceae_Cymbalaria_muralis\29f4dfce-767f-4c18-a419-301d3781b612.jpg,424,408,408 433 424 312 472
data\raw\val\08641_Plantae_Tracheophyta_Magnoliopsida_Lamiales_Plantaginaceae_Cymbalaria_muralis\cb0a2805-dd35-4539-ac16-a54c027dc8e6.jpg,424,424,424 371 406 430 405
data\raw\val\08641_Plantae_Tracheophyta_Magnoliopsida_Lamiales_Plantaginaceae_Cymbalaria_muralis\8ce8d3e3-9e1c-4f8e-8c82-17448bace5e8.jpg,424,424,424 408 405 456 383
data\raw\val\08641_Plantae_Tracheophyta_Magnoliopsida_Lamiales_Plantaginaceae_Cymbalaria_muralis\59bd7744-af31-4d94-b854-24481a848c1e.jpg,424,424,424 405 406 383 464
data\raw\val\08641_Plantae_Tracheophyta_Magnoliopsida_Lamiales_Plantaginaceae_Cymbalaria_muralis\e98bec67-7334-4a3e-b7ba-ff4cd55e6123.jpg,424,424,424 416 287 345 383
data\raw\val\08641_Plantae_Tracheophyta_Magnoliopsida_Lamiales_Plantaginaceae_Cymbalaria_muralis\7b3435b3-3161-4b51-9a8c-8b3bbc72e254.jpg,424,345,345 14 405 312 424
data\raw\val\08659_Plantae_Tracheophyta_Magnoliopsida_Lamiales_Plantaginaceae_Penstemon_centranthifolius\ff838bdb-d450-4980-8bfb-286bc7ac1c42.jpg,425,11,11 10 401 351 414
data\raw\val\08659_Plantae_Tracheophyta_Magnoliopsida_Lamiales_Plantaginaceae_Penstemon_centranthifolius\390b804d-6afe-4717-a9bc-35ea33039208.jpg,425,425,425 420 437 481 363
data\raw\val\08659_Plantae_Tracheophyta_Magnoliopsida_Lamiales_Plantaginaceae_Penstemon_centranthifolius\3403ee0c-7388-48e8-abb4-5e77db7b64ed.jpg,425,425,425 459 355 284 307
data\raw\val\08659_Plantae_Tracheophyta_Magnoliopsida_Lamiales_Plantaginaceae_Penstemon_centranthifolius\1a98f5b1-35f3-4a72-beac-7df944b0f894.jpg,425,425,425 451 473 363 481
data\raw\val\08659_Plantae_Tracheophyta_Magnoliopsida_Lamiales_Plantaginaceae_Penstemon_centranthifolius\eaa74e59-4197-42aa-8fb0-a14d59ac537d.jpg,425,468,468 369 425 366 401
data\raw\val\08659_Plantae_Tracheophyta_Magnoliopsida_Lamiales_Plantaginaceae_Penstemon_centranthifolius\a5617ae7-47e3-4702-9358-53c865288d69.jpg,425,420,420 425 461 36 258
data\raw\val\08659_Plantae_Tracheophyta_Magnoliopsida_Lamiales_Plantaginaceae_Penstemon_centranthifolius\67403736-617f-469f-bdc4-931aa8dd5466.jpg,425,319,319 379 377 350 409
data\raw\val\08659_Plantae_Tracheophyta_Magnoliopsida_Lamiales_Plantaginaceae_Penstemon_centranthifolius\6a32d520-7170-486b-98d3-d442c67ac80d.jpg,425,425,425 420 307 348 284
data\raw\val\08659_Plantae_Tracheophyta_Magnoliopsida_Lamiales_Plantaginaceae_Penstemon_centranthifolius\48bfc2d2-5bfb-4e80-90fa-fd1487c9527c.jpg,425,425,425 432 286 25 355
data\raw\val\08659_Plantae_Tracheophyta_Magnoliopsida_Lamiales_Plantaginaceae_Penstemon_centranthifolius\9edaad9d-2eb5-4a38-be28-d846b2e1ea54.jpg,425,425,425 355 300 348 284
data\raw\val\08669_Plantae_Tracheophyta_Magnoliopsida_Lamiales_Plantaginaceae_Penstemon_procerus\4d5b5503-f14f-41fa-9fdf-67b6865561ab.jpg,426,426,426 378 377 290 423
data\raw\val\08669_Plantae_Tracheophyta_Magnoliopsida_Lamiales_Plantaginaceae_Penstemon_procerus\b96f2946-b00e-4e93-b7df-1291543073e3.jpg,426,423,423 109 34 1 287
data\raw\val\08669_Plantae_Tracheophyta_Magnoliopsida_Lamiales_Plantaginaceae_Penstemon_procerus\59367936-fa78-49cc-9911-13ad7df825cf.jpg,426,426,426 378 290 410 417
data\raw\val\08669_Plantae_Tracheophyta_Magnoliopsida_Lamiales_Plantaginaceae_Penstemon_procerus\31036a09-909b-4ac3-af9f-2d8417c5d796.jpg,426,426,426 378 33 406 430
data\raw\val\08669_Plantae_Tracheophyta_Magnoliopsida_Lamiales_Plantaginaceae_Penstemon_procerus\ad5656c1-9a16-4025-8fb4-d8e693fb2fd8.jpg,426,426,426 406 291 410 378
data\raw\val\08669_Plantae_Tracheophyta_Magnoliopsida_Lamiales_Plantaginaceae_Penstemon_procerus\9d823742-3f02-4eb0-8e14-6d079c43ab0c.jpg,426,426,426 406 430 444 410
data\raw\val\08669_Plantae_Tracheophyta_Magnoliopsida_Lamiales_Plantaginaceae_Penstemon_procerus\5e684843-d331-4b9f-bb91-80209af1be2a.jpg,426,426,426 378 377 318 290
data\raw\val\08669_Plantae_Tracheophyta_Magnoliopsida_Lamiales_Plantaginaceae_Penstemon_procerus\6667d790-4a5b-4e12-bb9c-383f88c86fb3.jpg,426,426,426 378 444 406 94
data\raw\val\08669_Plantae_Tracheophyta_Magnoliopsida_Lamiales_Plantaginaceae_Penstemon_procerus\118d59e0-f95d-4041-96cb-edee9eb61d02.jpg,426,378,378 426 430 406 377
data\raw\val\08669_Plantae_Tracheophyta_Magnoliopsida_Lamiales_Plantaginaceae_Penstemon_procerus\7c0c0b3a-69a6-405b-87a9-c84f65825f2e.jpg,426,378,378 429 419 464 341
data\raw\val\08675_Plantae_Tracheophyta_Magnoliopsida_Lamiales_Plantaginaceae_Plantago_erecta\5138ab02-9ff0-475a-9b82-c2f78bb2088d.jpg,427,125,125 126 251 248 46
data\raw\val\08675_Plantae_Tracheophyta_Magnoliopsida_Lamiales_Plantaginaceae_Plantago_erecta\02a849ab-e9e5-4114-af23-336776ba9d8f.jpg,427,342,342 349 465 427 353
data\raw\val\08675_Plantae_Tracheophyta_Magnoliopsida_Lamiales_Plantaginaceae_Plantago_erecta\0dc97ad4-d9db-4dcc-8496-37e381f72c27.jpg,427,487,487 358 441 479 452
data\raw\val\08675_Plantae_Tracheophyta_Magnoliopsida_Lamiales_Plantaginaceae_Plantago_erecta\ba451579-90af-4496-94a3-00e60af20fe6.jpg,427,359,359 273 324 427 314
data\raw\val\08675_Plantae_Tracheophyta_Magnoliopsida_Lamiales_Plantaginaceae_Plantago_erecta\07842176-8171-45bf-99bd-18d9b14d8179.jpg,427,339,339 418 426 427 185
data\raw\val\08675_Plantae_Tracheophyta_Magnoliopsida_Lamiales_Plantaginaceae_Plantago_erecta\63814bdf-58e8-4420-8045-c83b149d8f54.jpg,427,301,301 300 404 376 355
data\raw\val\08675_Plantae_Tracheophyta_Magnoliopsida_Lamiales_Plantaginaceae_Plantago_erecta\b2c296a3-f509-4dcc-8cdb-936d8eba0028.jpg,427,430,430 421 418 429 365
data\raw\val\08675_Plantae_Tracheophyta_Magnoliopsida_Lamiales_Plantaginaceae_Plantago_erecta\118a1589-1172-441a-ab82-77b57a7ac75e.jpg,427,295,295 296 320 343 304
data\raw\val\08675_Plantae_Tracheophyta_Magnoliopsida_Lamiales_Plantaginaceae_Plantago_erecta\81c81a40-6047-491b-9803-f7f00e31cb70.jpg,427,277,277 289 427 112 331
data\raw\val\08675_Plantae_Tracheophyta_Magnoliopsida_Lamiales_Plantaginaceae_Plantago_erecta\1a5d3f96-1cae-4104-88a7-e2bf2527712e.jpg,427,450,450 201 430 265 446
data\raw\val\08678_Plantae_Tracheophyta_Magnoliopsida_Lamiales_Plantaginaceae_Plantago_maritima\4e7968c8-c55b-46b2-9c41-335472a635c6.jpg,428,294,294 494 343 304 324
data\raw\val\08678_Plantae_Tracheophyta_Magnoliopsida_Lamiales_Plantaginaceae_Plantago_maritima\ff639686-82d5-42d2-a95f-d3464bfea162.jpg,428,289,289 494 294 304 428
data\raw\val\08678_Plantae_Tracheophyta_Magnoliopsida_Lamiales_Plantaginaceae_Plantago_maritima\cfd8d5f7-00b9-46c9-a24a-fb98f3136c68.jpg,428,325,325 458 327 389 314
data\raw\val\08678_Plantae_Tracheophyta_Magnoliopsida_Lamiales_Plantaginaceae_Plantago_maritima\93f96dcf-20e2-410f-b952-042f33486b4e.jpg,428,301,301 306 226 319 428
data\raw\val\08678_Plantae_Tracheophyta_Magnoliopsida_Lamiales_Plantaginaceae_Plantago_maritima\084def80-9e7d-442b-886d-ef1e8ba5a5a7.jpg,428,403,403 494 335 466 343
data\raw\val\08678_Plantae_Tracheophyta_Magnoliopsida_Lamiales_Plantaginaceae_Plantago_maritima\19098cd9-6da6-4268-b82c-d326e7d252b2.jpg,428,428,428 427 299 365 282
data\raw\val\08678_Plantae_Tracheophyta_Magnoliopsida_Lamiales_Plantaginaceae_Plantago_maritima\6479bcca-ce78-4cd6-9ae0-3b5691e2d788.jpg,428,300,300 301 159 200 284
data\raw\val\08678_Plantae_Tracheophyta_Magnoliopsida_Lamiales_Plantaginaceae_Plantago_maritima\7b285879-5fab-497f-b390-81a302603fb2.jpg,428,428,428 294 283 498 295
data\raw\val\08678_Plantae_Tracheophyta_Magnoliopsida_Lamiales_Plantaginaceae_Plantago_maritima\37b00324-1bfe-455a-90b4-49b4584a75d5.jpg,428,301,301 404 300 428 283
data\raw\val\08678_Plantae_Tracheophyta_Magnoliopsida_Lamiales_Plantaginaceae_Plantago_maritima\cc1b6611-18fc-49e5-90a6-fd5a611a26a8.jpg,428,428,428 300 309 289 301
data\raw\val\08688_Plantae_Tracheophyta_Magnoliopsida_Lamiales_Plantaginaceae_Veronica_anagallis-aquatica\f68d1c03-addc-464f-872b-d4302da5944a.jpg,429,366,366 433 463 489 398
data\raw\val\08688_Plantae_Tracheophyta_Magnoliopsida_Lamiales_Plantaginaceae_Veronica_anagallis-aquatica\662d5c1c-d408-4edc-912e-c1e4404e6e5a.jpg,429,359,359 324 429 365 418
data\raw\val\08688_Plantae_Tracheophyta_Magnoliopsida_Lamiales_Plantaginaceae_Veronica_anagallis-aquatica\7c37838f-e105-442f-9c60-6c55e8ff15cd.jpg,429,340,340 429 396 430 421
data\raw\val\08688_Plantae_Tracheophyta_Magnoliopsida_Lamiales_Plantaginaceae_Veronica_anagallis-aquatica\7da11882-c024-4a81-bcaf-98485f92ca4f.jpg,429,429,429 421 450 339 340
data\raw\val\08688_Plantae_Tracheophyta_Magnoliopsida_Lamiales_Plantaginaceae_Veronica_anagallis-aquatica\cf0c6783-a336-454b-86d9-fab69da3d292.jpg,429,415,415 429 339 419 453
data\raw\val\08688_Plantae_Tracheophyta_Magnoliopsida_Lamiales_Plantaginaceae_Veronica_anagallis-aquatica\8604e706-3160-414c-ba9b-332b2960e6c6.jpg,429,314,314 359 418 366 312
data\raw\val\08688_Plantae_Tracheophyta_Magnoliopsida_Lamiales_Plantaginaceae_Veronica_anagallis-aquatica\ac7897ad-13b4-4046-827b-7e978fa503eb.jpg,429,63,63 28 40 32 170
data\raw\val\08688_Plantae_Tracheophyta_Magnoliopsida_Lamiales_Plantaginaceae_Veronica_anagallis-aquatica\5f79eab7-434a-46cd-8996-f652c2a25681.jpg,429,419,419 429 455 338 309
data\raw\val\08688_Plantae_Tracheophyta_Magnoliopsida_Lamiales_Plantaginaceae_Veronica_anagallis-aquatica\b7ab22e4-12f7-41f6-bebf-ea983a33ad4d.jpg,429,340,340 97 321 421 392
data\raw\val\08688_Plantae_Tracheophyta_Magnoliopsida_Lamiales_Plantaginaceae_Veronica_anagallis-aquatica\19cbeb7f-8862-4723-8d27-454873972404.jpg,429,343,343 407 438 492 497
data\raw\val\08693_Plantae_Tracheophyta_Magnoliopsida_Lamiales_Plantaginaceae_Veronica_filiformis\298c21a6-c6a4-4feb-a987-426ba3cd5de5.jpg,430,340,340 430 421 336 418
data\raw\val\08693_Plantae_Tracheophyta_Magnoliopsida_Lamiales_Plantaginaceae_Veronica_filiformis\f6f27893-6a51-40e0-b5a1-12b14fb792a2.jpg,430,430,430 410 378 444 429
data\raw\val\08693_Plantae_Tracheophyta_Magnoliopsida_Lamiales_Plantaginaceae_Veronica_filiformis\4cd9be52-6096-4a9d-a512-5559e98da0e4.jpg,430,430,430 406 429 424 444
data\raw\val\08693_Plantae_Tracheophyta_Magnoliopsida_Lamiales_Plantaginaceae_Veronica_filiformis\aa94efa1-d33d-4d26-99fa-4ac8268d96e0.jpg,430,310,310 497 495 477 311
data\raw\val\08693_Plantae_Tracheophyta_Magnoliopsida_Lamiales_Plantaginaceae_Veronica_filiformis\607a2fad-2b5d-4165-9ed5-f87e8ebbc148.jpg,430,485,485 447 411 430 464
data\raw\val\08693_Plantae_Tracheophyta_Magnoliopsida_Lamiales_Plantaginaceae_Veronica_filiformis\16265456-d9a5-44f1-ae87-af59901f2507.jpg,430,430,430 329 328 371 421
data\raw\val\08693_Plantae_Tracheophyta_Magnoliopsida_Lamiales_Plantaginaceae_Veronica_filiformis\901b4b97-6453-4d86-aa98-5742b5bfcb9a.jpg,430,429,429 464 338 430 373
data\raw\val\08693_Plantae_Tracheophyta_Magnoliopsida_Lamiales_Plantaginaceae_Veronica_filiformis\432bf42b-1aa5-445f-a0e6-23367cfad3f6.jpg,430,430,430 371 410 444 406
data\raw\val\08693_Plantae_Tracheophyta_Magnoliopsida_Lamiales_Plantaginaceae_Veronica_filiformis\0519b430-6981-4a74-aad1-9932fb1f35ed.jpg,430,424,424 312 383 453 429
data\raw\val\08693_Plantae_Tracheophyta_Magnoliopsida_Lamiales_Plantaginaceae_Veronica_filiformis\05ebcf50-d7f4-4647-b1ce-d53dbe416af1.jpg,430,430,430 406 464 429 341
data\raw\val\08708_Plantae_Tracheophyta_Magnoliopsida_Lamiales_Scrophulariaceae_Buddleja_cordata\4e512b85-8351-491b-80e4-29f38a3213b2.jpg,431,432,432 299 298 314 322
data\raw\val\08708_Plantae_Tracheophyta_Magnoliopsida_Lamiales_Scrophulariaceae_Buddleja_cordata\1fc90262-5d2a-446c-a50a-04ded868b1f8.jpg,431,497,497 431 312 403 373
data\raw\val\08708_Plantae_Tracheophyta_Magnoliopsida_Lamiales_Scrophulariaceae_Buddleja_cordata\dfef7657-c760-44c7-897a-069c24ffcab4.jpg,431,398,398 478 394 441 467
data\raw\val\08708_Plantae_Tracheophyta_Magnoliopsida_Lamiales_Scrophulariaceae_Buddleja_cordata\38278d99-94e7-4de6-b60a-01104738df3a.jpg,431,469,469 441 312 418 358
data\raw\val\08708_Plantae_Tracheophyta_Magnoliopsida_Lamiales_Scrophulariaceae_Buddleja_cordata\76016cc9-e61c-4587-8897-192edf61a524.jpg,431,431,431 435 468 313 442
data\raw\val\08708_Plantae_Tracheophyta_Magnoliopsida_Lamiales_Scrophulariaceae_Buddleja_cordata\74324c9b-dd20-4831-8804-315bef303d19.jpg,431,449,449 487 366 316 347
data\raw\val\08708_Plantae_Tracheophyta_Magnoliopsida_Lamiales_Scrophulariaceae_Buddleja_cordata\22e3c763-001f-4334-a75f-f2a35b36566d.jpg,431,316,316 269 496 489 213
data\raw\val\08708_Plantae_Tracheophyta_Magnoliopsida_Lamiales_Scrophulariaceae_Buddleja_cordata\d3708335-1ff5-4056-8919-c8db34d362f8.jpg,431,275,275 468 366 313 469
data\raw\val\08708_Plantae_Tracheophyta_Magnoliopsida_Lamiales_Scrophulariaceae_Buddleja_cordata\55cac1b4-3cb7-43b3-bb03-440ed2206a3b.jpg,431,134,134 135 131 104 244
data\raw\val\08708_Plantae_Tracheophyta_Magnoliopsida_Lamiales_Scrophulariaceae_Buddleja_cordata\a481c1ba-3629-42dd-bfbd-fa89711a6d1a.jpg,431,470,470 401 403 472 438
data\raw\val\08717_Plantae_Tracheophyta_Magnoliopsida_Lamiales_Scrophulariaceae_Verbascum_nigrum\2c174a65-b3b8-4c9c-ba44-1ff67c0d79de.jpg,432,432,432 298 299 428 297
data\raw\val\08717_Plantae_Tracheophyta_Magnoliopsida_Lamiales_Scrophulariaceae_Verbascum_nigrum\01757fb8-a349-45d6-92df-59d289c7dd24.jpg,432,485,485 456 447 464 312
data\raw\val\08717_Plantae_Tracheophyta_Magnoliopsida_Lamiales_Scrophulariaceae_Verbascum_nigrum\c5295a99-c8f4-4021-9c72-390191122e9f.jpg,432,432,432 384 334 299 466
data\raw\val\08717_Plantae_Tracheophyta_Magnoliopsida_Lamiales_Scrophulariaceae_Verbascum_nigrum\6ad94561-f2b7-4f30-8f9b-26ac8b76a322.jpg,432,432,432 334 384 299 376
data\raw\val\08717_Plantae_Tracheophyta_Magnoliopsida_Lamiales_Scrophulariaceae_Verbascum_nigrum\d9eb3a1f-531f-4f9b-a93f-adf39f475e61.jpg,432,432,432 311 387 333 317
data\raw\val\08717_Plantae_Tracheophyta_Magnoliopsida_Lamiales_Scrophulariaceae_Verbascum_nigrum\aaf84eda-43f9-4e5c-836b-052cfa5c3ff8.jpg,432,432,432 282 333 332 20
data\raw\val\08717_Plantae_Tracheophyta_Magnoliopsida_Lamiales_Scrophulariaceae_Verbascum_nigrum\82ffa4e3-c65e-43c0-9a5e-f5432f3607c7.jpg,432,432,432 384 334 458 308
data\raw\val\08717_Plantae_Tracheophyta_Magnoliopsida_Lamiales_Scrophulariaceae_Verbascum_nigrum\ce08ce1f-00cf-4546-b2f2-b9d022166b87.jpg,432,94,94 478 307 447 476
data\raw\val\08717_Plantae_Tracheophyta_Magnoliopsida_Lamiales_Scrophulariaceae_Verbascum_nigrum\88cf2b19-d9ad-4451-9e48-5adff86b76a0.jpg,432,403,403 432 326 322 302
data\raw\val\08717_Plantae_Tracheophyta_Magnoliopsida_Lamiales_Scrophulariaceae_Verbascum_nigrum\959a822b-035a-4e14-a0fb-782044ef7515.jpg,432,432,432 334 333 298 384
data\raw\val\08750_Plantae_Tracheophyta_Magnoliopsida_Laurales_Lauraceae_Laurus_nobilis\e90cac8b-b101-491b-9957-9f4d2054ee30.jpg,433,433,433 312 470 469 358
data\raw\val\08750_Plantae_Tracheophyta_Magnoliopsida_Laurales_Lauraceae_Laurus_nobilis\bef07e8a-3319-4a02-8772-56de0d598fcd.jpg,433,257,257 460 470 493 396
data\raw\val\08750_Plantae_Tracheophyta_Magnoliopsida_Laurales_Lauraceae_Laurus_nobilis\7064e587-8deb-4c56-bab9-9053b4559d85.jpg,433,38,38 387 437 23 469
data\raw\val\08750_Plantae_Tracheophyta_Magnoliopsida_Laurales_Lauraceae_Laurus_nobilis\f4af1f68-9f35-4d82-8ad7-7d4ae3912bd8.jpg,433,324,324 403 38 494 469
data\raw\val\08750_Plantae_Tracheophyta_Magnoliopsida_Laurales_Lauraceae_Laurus_nobilis\af9524d8-293d-4406-9905-f31a5195ae25.jpg,433,433,433 469 441 460 435
data\raw\val\08750_Plantae_Tracheophyta_Magnoliopsida_Laurales_Lauraceae_Laurus_nobilis\8f539cfd-5eda-4403-a4a3-ceb9d4c91c67.jpg,433,308,308 432 394 384 478
data\raw\val\08750_Plantae_Tracheophyta_Magnoliopsida_Laurales_Lauraceae_Laurus_nobilis\32ae8c61-ad2c-4c7f-958b-facf7c56c3d2.jpg,433,307,307 433 470 481 345
data\raw\val\08750_Plantae_Tracheophyta_Magnoliopsida_Laurales_Lauraceae_Laurus_nobilis\f85d022e-57e5-4c73-a4aa-c0d6c6f92499.jpg,433,311,311 470 436 400 356
data\raw\val\08750_Plantae_Tracheophyta_Magnoliopsida_Laurales_Lauraceae_Laurus_nobilis\b90d8d4a-ae90-44d8-8c5a-cf94b590a3af.jpg,433,477,477 356 475 400 436
data\raw\val\08750_Plantae_Tracheophyta_Magnoliopsida_Laurales_Lauraceae_Laurus_nobilis\c3dfc7f4-a896-4202-8b0a-cc2e13a1e8c2.jpg,433,469,469 394 384 344 403
data\raw\val\08755_Plantae_Tracheophyta_Magnoliopsida_Laurales_Monimiaceae_Hedycarya_arborea\24036647-fb32-44dd-9868-c4248a09e9a1.jpg,434,400,400 460 440 441 397
data\raw\val\08755_Plantae_Tracheophyta_Magnoliopsida_Laurales_Monimiaceae_Hedycarya_arborea\4e6b6ab6-7322-4b64-a714-2b4a2af85804.jpg,434,95,95 475 360 440 477
data\raw\val\08755_Plantae_Tracheophyta_Magnoliopsida_Laurales_Monimiaceae_Hedycarya_arborea\54f3d015-161c-4ed3-93aa-e76d303eb14e.jpg,434,401,401 434 406 470 360
data\raw\val\08755_Plantae_Tracheophyta_Magnoliopsida_Laurales_Monimiaceae_Hedycarya_arborea\101bdb93-f593-43e2-880b-2784062e1f3f.jpg,434,312,312 479 396 399 476
data\raw\val\08755_Plantae_Tracheophyta_Magnoliopsida_Laurales_Monimiaceae_Hedycarya_arborea\d4bdd6c4-440a-4ffb-b1cc-08ae327cddb7.jpg,434,403,403 360 394 400 179
data\raw\val\08755_Plantae_Tracheophyta_Magnoliopsida_Laurales_Monimiaceae_Hedycarya_arborea\3c002a63-0d95-43ba-bb01-3c1a5f5d8b1f.jpg,434,266,266 270 231 443 230
data\raw\val\08755_Plantae_Tracheophyta_Magnoliopsida_Laurales_Monimiaceae_Hedycarya_arborea\50dbe6b5-242a-4589-b87d-b41dc7c7a8c5.jpg,434,435,435 400 440 441 396
data\raw\val\08755_Plantae_Tracheophyta_Magnoliopsida_Laurales_Monimiaceae_Hedycarya_arborea\6e4122cf-0b7f-40fe-bad6-0a0a04de5646.jpg,434,252,252 261 31 19 279
data\raw\val\08755_Plantae_Tracheophyta_Magnoliopsida_Laurales_Monimiaceae_Hedycarya_arborea\1aced7d9-31ed-40ba-a942-f4a8da142dc9.jpg,434,401,401 400 470 360 436
data\raw\val\08755_Plantae_Tracheophyta_Magnoliopsida_Laurales_Monimiaceae_Hedycarya_arborea\5edc8697-3a83-4df1-8a3e-0b3906e3b78e.jpg,434,493,493 499 492 140 231
data\raw\val\08761_Plantae_Tracheophyta_Magnoliopsida_Magnoliales_Magnoliaceae_Magnolia_grandiflora\8db7ec9e-12ac-4057-b9bb-dcb6203505c7.jpg,435,405,405 447 408 363 474
data\raw\val\08761_Plantae_Tracheophyta_Magnoliopsida_Magnoliales_Magnoliaceae_Magnolia_grandiflora\b32ffd11-4760-4c5b-a5db-5e6a0ce618db.jpg,435,435,435 433 469 38 470
data\raw\val\08761_Plantae_Tracheophyta_Magnoliopsida_Magnoliales_Magnoliaceae_Magnolia_grandiflora\e20a8831-a4b0-4db3-ab8a-de0e983dcdf3.jpg,435,280,280 486 488 278 221
data\raw\val\08761_Plantae_Tracheophyta_Magnoliopsida_Magnoliales_Magnoliaceae_Magnolia_grandiflora\5997a953-747a-4909-8961-2d063d3a5ff8.jpg,435,435,435 448 398 209 198
data\raw\val\08761_Plantae_Tracheophyta_Magnoliopsida_Magnoliales_Magnoliaceae_Magnolia_grandiflora\762440e3-bf1e-4e55-bb22-bd4c093fcecc.jpg,435,469,469 433 435 307 308
data\raw\val\08761_Plantae_Tracheophyta_Magnoliopsida_Magnoliales_Magnoliaceae_Magnolia_grandiflora\a361dab0-dd85-4eb2-acd7-d715b3fb8da5.jpg,435,308,308 470 401 440 434
data\raw\val\08761_Plantae_Tracheophyta_Magnoliopsida_Magnoliales_Magnoliaceae_Magnolia_grandiflora\7a917f42-e52a-44ac-9066-78ad0dc24e91.jpg,435,435,435 470 401 460 399
data\raw\val\08761_Plantae_Tracheophyta_Magnoliopsida_Magnoliales_Magnoliaceae_Magnolia_grandiflora\3e848384-3b5e-49ac-b517-db117798d496.jpg,435,470,470 308 433 401 435
data\raw\val\08761_Plantae_Tracheophyta_Magnoliopsida_Magnoliales_Magnoliaceae_Magnolia_grandiflora\3e7fe9c1-e32c-43c0-8629-4bd862b028be.jpg,435,360,360 440 434 393 436
data\raw\val\08761_Plantae_Tracheophyta_Magnoliopsida_Magnoliales_Magnoliaceae_Magnolia_grandiflora\b6eed00f-6f49-4d4c-8fcf-1c4129d2c719.jpg,435,399,399 393 360 396 401
data\raw\val\08763_Plantae_Tracheophyta_Magnoliopsida_Magnoliales_Magnoliaceae_Magnolia_tripetala\bc874ef7-568f-416b-865b-0ae6b9c0834f.jpg,436,403,403 295 397 281 285
data\raw\val\08763_Plantae_Tracheophyta_Magnoliopsida_Magnoliales_Magnoliaceae_Magnolia_tripetala\9a0d9860-cdbc-4880-b6d3-461d76c14fee.jpg,436,472,472 92 397 381 145
data\raw\val\08763_Plantae_Tracheophyta_Magnoliopsida_Magnoliales_Magnoliaceae_Magnolia_tripetala\cd11422c-c221-490e-9664-ed70ec08db53.jpg,436,395,395 256 400 497 398
data\raw\val\08763_Plantae_Tracheophyta_Magnoliopsida_Magnoliales_Magnoliaceae_Magnolia_tripetala\a32e6a2d-124f-4a76-a582-85834aaa6e44.jpg,436,483,483 311 356 400 477
data\raw\val\08763_Plantae_Tracheophyta_Magnoliopsida_Magnoliales_Magnoliaceae_Magnolia_tripetala\cf44fc3d-659e-41fd-bb26-2f9c6585bc5d.jpg,436,434,434 312 435 440 401
data\raw\val\08763_Plantae_Tracheophyta_Magnoliopsida_Magnoliales_Magnoliaceae_Magnolia_tripetala\1ce89af3-bfe2-451a-b23d-7a19217f0532.jpg,436,436,436 400 401 440 393
data\raw\val\08763_Plantae_Tracheophyta_Magnoliopsida_Magnoliales_Magnoliaceae_Magnolia_tripetala\38879925-3a55-4597-ba88-80d3c4ef8c2f.jpg,436,373,373 443 338 472 484
data\raw\val\08763_Plantae_Tracheophyta_Magnoliopsida_Magnoliales_Magnoliaceae_Magnolia_tripetala\4af38f20-fadd-423c-96aa-f7af5cb7a26e.jpg,436,360,360 415 474 470 399
data\raw\val\08763_Plantae_Tracheophyta_Magnoliopsida_Magnoliales_Magnoliaceae_Magnolia_tripetala\001530ea-e36e-4196-98ec-2e609f408ab5.jpg,436,482,482 311 400 483 310
data\raw\val\08763_Plantae_Tracheophyta_Magnoliopsida_Magnoliales_Magnoliaceae_Magnolia_tripetala\fc54d105-da8d-4bdf-8c44-6e516fbb9dc3.jpg,436,400,400 436 311 470 356
data\raw\val\08800_Plantae_Tracheophyta_Magnoliopsida_Malpighiales_Euphorbiaceae_Euphorbia_misera\75b75a27-1173-4ba6-9572-ef6a18a44de7.jpg,437,437,437 10 438 291 468
data\raw\val\08800_Plantae_Tracheophyta_Magnoliopsida_Malpighiales_Euphorbiaceae_Euphorbia_misera\1e576984-dcf3-4fde-b3d4-508202deb2a8.jpg,437,364,364 275 438 369 473
data\raw\val\08800_Plantae_Tracheophyta_Magnoliopsida_Malpighiales_Euphorbiaceae_Euphorbia_misera\354a6d57-5f21-4010-9f07-922ef1ef2c5c.jpg,437,347,347 355 487 316 449
data\raw\val\08800_Plantae_Tracheophyta_Magnoliopsida_Malpighiales_Euphorbiaceae_Euphorbia_misera\3f5a7f59-8d05-42a4-8e4d-423dfb85b42a.jpg,437,345,345 437 206 15 408
data\raw\val\08800_Plantae_Tracheophyta_Magnoliopsida_Malpighiales_Euphorbiaceae_Euphorbia_misera\dc851dc0-1e3d-48b1-bf38-03fb6596e350.jpg,437,401,401 288 313 434 470
data\raw\val\08800_Plantae_Tracheophyta_Magnoliopsida_Malpighiales_Euphorbiaceae_Euphorbia_misera\1d2a3bd4-e847-42fa-b80b-7d742c3797f0.jpg,437,376,376 404 347 355 300
data\raw\val\08800_Plantae_Tracheophyta_Magnoliopsida_Malpighiales_Euphorbiaceae_Euphorbia_misera\6084a1a5-9871-45b8-9809-2f00997e5f10.jpg,437,468,468 438 437 369 345
data\raw\val\08800_Plantae_Tracheophyta_Magnoliopsida_Malpighiales_Euphorbiaceae_Euphorbia_misera\41bf9471-1d4d-4b94-b409-3402ecace55b.jpg,437,437,437 367 481 291 342
data\raw\val\08800_Plantae_Tracheophyta_Magnoliopsida_Malpighiales_Euphorbiaceae_Euphorbia_misera\e7a0e885-abd5-4091-8eb6-f1abb640a691.jpg,437,231,231 64 463 448 317
data\raw\val\08800_Plantae_Tracheophyta_Magnoliopsida_Malpighiales_Euphorbiaceae_Euphorbia_misera\b55b94b0-55c6-4df9-92a6-710bc5174e61.jpg,437,437,437 313 369 438 364
data\raw\val\08810_Plantae_Tracheophyta_Magnoliopsida_Malpighiales_Euphorbiaceae_Euphorbia_serpillifolia\f3eae872-a4d8-4f3c-a60b-d3b747ea8aca.jpg,438,344,344 495 317 340 471
data\raw\val\08810_Plantae_Tracheophyta_Magnoliopsida_Malpighiales_Euphorbiaceae_Euphorbia_serpillifolia\060b21dd-804b-46c0-9115-c8484288da42.jpg,438,438,438 10 409 437 402
data\raw\val\08810_Plantae_Tracheophyta_Magnoliopsida_Malpighiales_Euphorbiaceae_Euphorbia_serpillifolia\856c7773-d924-4715-8091-9fede3256a32.jpg,438,438,438 470 257 10 437
data\raw\val\08810_Plantae_Tracheophyta_Magnoliopsida_Malpighiales_Euphorbiaceae_Euphorbia_serpillifolia\2922a458-de37-4c84-90f0-e6f0575d770c.jpg,438,377,377 379 324 318 468
data\raw\val\08810_Plantae_Tracheophyta_Magnoliopsida_Malpighiales_Euphorbiaceae_Euphorbia_serpillifolia\637e7f5c-02c1-4430-acb5-34aa63a3ee83.jpg,438,324,324 403 359 493 449
data\raw\val\08810_Plantae_Tracheophyta_Magnoliopsida_Malpighiales_Euphorbiaceae_Euphorbia_serpillifolia\1fa7b690-ef15-4857-8b78-444294c39644.jpg,438,438,438 470 311 453 383
data\raw\val\08810_Plantae_Tracheophyta_Magnoliopsida_Malpighiales_Euphorbiaceae_Euphorbia_serpillifolia\d060af38-4522-42ff-95c5-98bb65838799.jpg,438,288,288 287 140 135 246
data\raw\val\08810_Plantae_Tracheophyta_Magnoliopsida_Malpighiales_Euphorbiaceae_Euphorbia_serpillifolia\22003b76-52e8-4258-a002-f1a0817a728d.jpg,438,275,275 499 473 345 495
data\raw\val\08810_Plantae_Tracheophyta_Magnoliopsida_Malpighiales_Euphorbiaceae_Euphorbia_serpillifolia\a8b3705f-bd6a-4dd8-97d7-f8eb9a021eb2.jpg,438,438,438 437 468 367 345
data\raw\val\08810_Plantae_Tracheophyta_Magnoliopsida_Malpighiales_Euphorbiaceae_Euphorbia_serpillifolia\b94ada06-cfb6-4b6c-9efd-f33bd617a395.jpg,438,438,438 344 437 345 10
data\raw\val\08851_Plantae_Tracheophyta_Magnoliopsida_Malpighiales_Passifloraceae_Turnera_ulmifolia\e13e24b7-48ee-43dc-919a-8ef129505a5f.jpg,439,439,439 462 477 412 448
data\raw\val\08851_Plantae_Tracheophyta_Magnoliopsida_Malpighiales_Passifloraceae_Turnera_ulmifolia\e63c73f9-322b-4ac2-88e0-5206e2646d47.jpg,439,457,457 329 387 335 462
data\raw\val\08851_Plantae_Tracheophyta_Magnoliopsida_Malpighiales_Passifloraceae_Turnera_ulmifolia\ddf3d7d0-13a4-48ed-a85e-fd35f91e0e43.jpg,439,439,439 454 462 385 386
data\raw\val\08851_Plantae_Tracheophyta_Magnoliopsida_Malpighiales_Passifloraceae_Turnera_ulmifolia\08bdcb82-0ce8-427a-a318-cd815645022b.jpg,439,337,337 454 385 382 462
data\raw\val\08851_Plantae_Tracheophyta_Magnoliopsida_Malpighiales_Passifloraceae_Turnera_ulmifolia\ba83eb15-156b-4803-9665-d6cc4609a735.jpg,439,439,439 462 387 454 457
data\raw\val\08851_Plantae_Tracheophyta_Magnoliopsida_Malpighiales_Passifloraceae_Turnera_ulmifolia\9afc3862-fa6d-4737-8e38-57a8d1cb2b34.jpg,439,439,439 454 462 385 386
data\raw\val\08851_Plantae_Tracheophyta_Magnoliopsida_Malpighiales_Passifloraceae_Turnera_ulmifolia\c549450a-c245-42ac-b159-be050b9d6206.jpg,439,439,439 454 462 385 457
data\raw\val\08851_Plantae_Tracheophyta_Magnoliopsida_Malpighiales_Passifloraceae_Turnera_ulmifolia\c6f78c3c-d7d8-4a83-a24f-ac2db5c6b6dc.jpg,439,439,439 454 462 385 457
data\raw\val\08851_Plantae_Tracheophyta_Magnoliopsida_Malpighiales_Passifloraceae_Turnera_ulmifolia\12ce254b-e486-4993-a8e0-f113e19a5a68.jpg,439,439,439 462 454 385 412
data\raw\val\08851_Plantae_Tracheophyta_Magnoliopsida_Malpighiales_Passifloraceae_Turnera_ulmifolia\cd4d48a4-ab2e-4e6a-9139-5c8a89b030ed.jpg,439,439,439 462 454 385 337
data\raw\val\08852_Plantae_Tracheophyta_Magnoliopsida_Malpighiales_Phyllanthaceae_Bischofia_javanica\2c747802-4ac0-46ce-8f33-1b9a452a53a9.jpg,440,397,397 478 308 394 476
data\raw\val\08852_Plantae_Tracheophyta_Magnoliopsida_Malpighiales_Phyllanthaceae_Bischofia_javanica\9a3f9b80-0bf2-4f6f-9a78-2b168a82d2b0.jpg,440,469,469 433 312 356 470
data\raw\val\08852_Plantae_Tracheophyta_Magnoliopsida_Malpighiales_Phyllanthaceae_Bischofia_javanica\63067b9a-71ee-4a56-b759-aa89df1a9d81.jpg,440,435,435 400 452 440 197
data\raw\val\08852_Plantae_Tracheophyta_Magnoliopsida_Malpighiales_Phyllanthaceae_Bischofia_javanica\4cce85e4-7aaf-4594-be4c-4b390478e188.jpg,440,440,440 395 401 308 360
data\raw\val\08852_Plantae_Tracheophyta_Magnoliopsida_Malpighiales_Phyllanthaceae_Bischofia_javanica\2e26df50-c68b-4947-b332-92c402525151.jpg,440,486,486 168 440 451 312
data\raw\val\08852_Plantae_Tracheophyta_Magnoliopsida_Malpighiales_Phyllanthaceae_Bischofia_javanica\070ecbad-06e7-4635-ad94-fda0134e61ab.jpg,440,486,486 398 440 479 395
data\raw\val\08852_Plantae_Tracheophyta_Magnoliopsida_Malpighiales_Phyllanthaceae_Bischofia_javanica\e1310b0f-a1e9-4f97-bb4b-2455ecaaa04e.jpg,440,440,440 460 360 399 396
data\raw\val\08852_Plantae_Tracheophyta_Magnoliopsida_Malpighiales_Phyllanthaceae_Bischofia_javanica\b7825cb5-4bd9-4110-95c4-7e66a599042f.jpg,440,466,466 478 494 495 403
data\raw\val\08852_Plantae_Tracheophyta_Magnoliopsida_Malpighiales_Phyllanthaceae_Bischofia_javanica\48d54969-7424-471c-b24c-c36d98dec13e.jpg,440,470,470 433 360 472 401
data\raw\val\08852_Plantae_Tracheophyta_Magnoliopsida_Malpighiales_Phyllanthaceae_Bischofia_javanica\f0e56d26-9590-4ff6-b68e-a1b60a96a8d7.jpg,440,367,367 397 459 375 280
data\raw\val\08875_Plantae_Tracheophyta_Magnoliopsida_Malpighiales_Salicaceae_Salix_laevigata\054277fe-3477-45c1-8a2a-d3687cfc4ea0.jpg,441,494,494 466 497 303 293
data\raw\val\08875_Plantae_Tracheophyta_Magnoliopsida_Malpighiales_Salicaceae_Salix_laevigata\309567d0-3a6a-4a1e-a209-01c4385a5df1.jpg,441,475,475 417 441 280 479
data\raw\val\08875_Plantae_Tracheophyta_Magnoliopsida_Malpighiales_Salicaceae_Salix_laevigata\112c7b2d-7a6d-4a95-adc0-1d9c7cb2afee.jpg,441,415,415 407 403 335 419
data\raw\val\08875_Plantae_Tracheophyta_Magnoliopsida_Malpighiales_Salicaceae_Salix_laevigata\36b5e199-1de5-4aba-8f08-b084ad7cac96.jpg,441,294,294 299 297 324 121
data\raw\val\08875_Plantae_Tracheophyta_Magnoliopsida_Malpighiales_Salicaceae_Salix_laevigata\93b52e7b-563b-482d-b12c-59a0b8c1a161.jpg,441,280,280 441 375 467 293
data\raw\val\08875_Plantae_Tracheophyta_Magnoliopsida_Malpighiales_Salicaceae_Salix_laevigata\9c2dc21d-dcea-491a-a2ea-6f8f97558304.jpg,441,376,376 334 394 384 308
data\raw\val\08875_Plantae_Tracheophyta_Magnoliopsida_Malpighiales_Salicaceae_Salix_laevigata\68700a33-f221-482e-a9e6-c42611160317.jpg,441,278,278 369 365 397 367
data\raw\val\08875_Plantae_Tracheophyta_Magnoliopsida_Malpighiales_Salicaceae_Salix_laevigata\43f635a4-6150-4c25-8c9a-9473578f7409.jpg,441,294,294 433 498 345 308
data\raw\val\08875_Plantae_Tracheophyta_Magnoliopsida_Malpighiales_Salicaceae_Salix_laevigata\e06b1b42-9068-41f4-bcda-95c8f741f4a6.jpg,441,280,280 289 397 475 403
data\raw\val\08875_Plantae_Tracheophyta_Magnoliopsida_Malpighiales_Salicaceae_Salix_laevigata\68820fb7-29d1-4835-a413-0cc823c687e4.jpg,441,441,441 431 469 312 391
data\raw\val\08882_Plantae_Tracheophyta_Magnoliopsida_Malpighiales_Violaceae_Melicytus_alpinus\b25c3899-17f5-4a2a-80f6-bf7492859aaa.jpg,442,468,468 442 437 313 431
data\raw\val\08882_Plantae_Tracheophyta_Magnoliopsida_Malpighiales_Violaceae_Melicytus_alpinus\e94bbc12-3308-4fde-ac8b-779e5b46e656.jpg,442,442,442 73 178 349 234
data\raw\val\08882_Plantae_Tracheophyta_Magnoliopsida_Malpighiales_Violaceae_Melicytus_alpinus\987a3e89-fb33-4073-a7ce-9d3a2469d19c.jpg,442,442,442 179 10 315 452
data\raw\val\08882_Plantae_Tracheophyta_Magnoliopsida_Malpighiales_Violaceae_Melicytus_alpinus\3b7be997-4cf7-4f98-830d-ff7b00892402.jpg,442,437,437 468 364 408 315
data\raw\val\08882_Plantae_Tracheophyta_Magnoliopsida_Malpighiales_Violaceae_Melicytus_alpinus\789c86d1-500c-42c7-813a-fc8600c5154e.jpg,442,437,437 314 389 438 313
data\raw\val\08882_Plantae_Tracheophyta_Magnoliopsida_Malpighiales_Violaceae_Melicytus_alpinus\588182ec-dbd3-4115-9fa4-1f9f86209fe5.jpg,442,442,442 365 392 315 418
data\raw\val\08882_Plantae_Tracheophyta_Magnoliopsida_Malpighiales_Violaceae_Melicytus_alpinus\7aa378eb-fddb-43ec-ae59-e8f025d112da.jpg,442,9,9 92 90 372 91
data\raw\val\08882_Plantae_Tracheophyta_Magnoliopsida_Malpighiales_Violaceae_Melicytus_alpinus\6fc3ff02-8587-486d-9b3f-15f1a0ccb21e.jpg,442,442,442 313 437 365 468
data\raw\val\08882_Plantae_Tracheophyta_Magnoliopsida_Malpighiales_Violaceae_Melicytus_alpinus\e8bf6bc6-5856-4c60-b718-bb93481acbfd.jpg,442,9,9 437 442 315 313
data\raw\val\08882_Plantae_Tracheophyta_Magnoliopsida_Malpighiales_Violaceae_Melicytus_alpinus\dae02a06-5ece-4c98-88e7-d79959bb264f.jpg,442,313,313 442 437 314 469
data\raw\val\08888_Plantae_Tracheophyta_Magnoliopsida_Malpighiales_Violaceae_Viola_blanda\5965e72f-d372-47d6-b4d5-a18cacc3e40e.jpg,443,294,294 407 331 338 285
data\raw\val\08888_Plantae_Tracheophyta_Magnoliopsida_Malpighiales_Violaceae_Viola_blanda\4b46d32b-c6db-484b-8e3f-3fdfb9cea6fe.jpg,443,310,310 383 311 462 453
data\raw\val\08888_Plantae_Tracheophyta_Magnoliopsida_Malpighiales_Violaceae_Viola_blanda\cba59693-1c05-4c31-9960-37040356b011.jpg,443,443,443 95 357 400 436
data\raw\val\08888_Plantae_Tracheophyta_Magnoliopsida_Malpighiales_Violaceae_Viola_blanda\f4855dd6-4d7d-4c40-9508-45a372be08dc.jpg,443,294,294 407 341 484 453
data\raw\val\08888_Plantae_Tracheophyta_Magnoliopsida_Malpighiales_Violaceae_Viola_blanda\bd59f77a-f162-4ba1-9f70-84561511570f.jpg,443,403,403 95 472 443 342
data\raw\val\08888_Plantae_Tracheophyta_Magnoliopsida_Malpighiales_Violaceae_Viola_blanda\9cc38501-51b0-4faf-bfb0-7c5ae290fcf1.jpg,443,443,443 436 464 360 400
data\raw\val\08888_Plantae_Tracheophyta_Magnoliopsida_Malpighiales_Violaceae_Viola_blanda\8a7a1f85-1e21-42b1-a4b6-9a91cfcfbd48.jpg,443,367,367 433 470 408 369
data\raw\val\08888_Plantae_Tracheophyta_Magnoliopsida_Malpighiales_Violaceae_Viola_blanda\e880e87a-349f-402d-9b9c-1eaa4d52ce04.jpg,443,443,443 341 407 360 464
data\raw\val\08888_Plantae_Tracheophyta_Magnoliopsida_Malpighiales_Violaceae_Viola_blanda\645b92e2-0eca-40a2-93ce-a8d2211ee71e.jpg,443,103,103 453 310 411 4
data\raw\val\08888_Plantae_Tracheophyta_Magnoliopsida_Malpighiales_Violaceae_Viola_blanda\c968198b-660f-40e7-87a6-b5dd8d7a8bfc.jpg,443,341,341 358 443 484 424
data\raw\val\08917_Plantae_Tracheophyta_Magnoliopsida_Malpighiales_Violaceae_Viola_tricolor\83a69685-69f7-42d6-b109-10f04422a0c9.jpg,444,406,406 429 464 450 444
data\raw\val\08917_Plantae_Tracheophyta_Magnoliopsida_Malpighiales_Violaceae_Viola_tricolor\79535cba-9516-4c41-a55d-3e6b42bf02a7.jpg,444,444,444 430 323 410 97
data\raw\val\08917_Plantae_Tracheophyta_Magnoliopsida_Malpighiales_Violaceae_Viola_tricolor\7c9a2cc0-9931-460e-a2ef-8d5a4586f28e.jpg,444,444,444 445 371 465 323
data\raw\val\08917_Plantae_Tracheophyta_Magnoliopsida_Malpighiales_Violaceae_Viola_tricolor\fcc656a0-1c14-41d5-88e1-4eeefe0be8e0.jpg,444,329,329 285 444 337 465
data\raw\val\08917_Plantae_Tracheophyta_Magnoliopsida_Malpighiales_Violaceae_Viola_tricolor\bff8e7e3-8841-4e18-807e-1a6859dbaa4d.jpg,444,444,444 406 410 409 426
data\raw\val\08917_Plantae_Tracheophyta_Magnoliopsida_Malpighiales_Violaceae_Viola_tricolor\b197af3d-650c-4aff-885c-e01ccecf3c9f.jpg,444,444,444 409 446 352 94
data\raw\val\08917_Plantae_Tracheophyta_Magnoliopsida_Malpighiales_Violaceae_Viola_tricolor\6fd11e9f-e21e-4b4a-b95d-9bf6318f7888.jpg,444,444,444 323 430 410 426
data\raw\val\08917_Plantae_Tracheophyta_Magnoliopsida_Malpighiales_Violaceae_Viola_tricolor\f7e54b59-e14f-475b-a845-b6c653a0e626.jpg,444,444,444 409 410 445 323
data\raw\val\08917_Plantae_Tracheophyta_Magnoliopsida_Malpighiales_Violaceae_Viola_tricolor\0dfcfcfa-71fc-46d2-b2a9-18d1ae2012e6.jpg,444,444,444 33 430 371 445
data\raw\val\08917_Plantae_Tracheophyta_Magnoliopsida_Malpighiales_Violaceae_Viola_tricolor\2b6c072a-c7b3-4a05-b5ca-e327ead9d0a8.jpg,444,285,285 463 387 380 317
data\raw\val\08920_Plantae_Tracheophyta_Magnoliopsida_Malvales_Cistaceae_Cistus_albidus\8d420757-05ea-45e3-97e6-6c952b61bf19.jpg,445,366,366 379 405 445 349
data\raw\val\08920_Plantae_Tracheophyta_Magnoliopsida_Malvales_Cistaceae_Cistus_albidus\5af805e2-5e98-49c7-80bd-7afa872789b6.jpg,445,445,445 444 323 371 330
data\raw\val\08920_Plantae_Tracheophyta_Magnoliopsida_Malvales_Cistaceae_Cistus_albidus\c591f446-6954-44d6-91e8-33a76f2e21f6.jpg,445,445,445 444 409 23 371
data\raw\val\08920_Plantae_Tracheophyta_Magnoliopsida_Malvales_Cistaceae_Cistus_albidus\c29484c2-2397-40de-97b4-4fb339f27870.jpg,445,445,445 314 324 431 316
data\raw\val\08920_Plantae_Tracheophyta_Magnoliopsida_Malvales_Cistaceae_Cistus_albidus\f9423dab-cc6e-453b-ab63-f4fc82242337.jpg,445,445,445 444 405 471 430
data\raw\val\08920_Plantae_Tracheophyta_Magnoliopsida_Malvales_Cistaceae_Cistus_albidus\0b72d32c-762d-41bc-ae1b-db271f33173f.jpg,445,445,445 371 330 424 406
data\raw\val\08920_Plantae_Tracheophyta_Magnoliopsida_Malvales_Cistaceae_Cistus_albidus\65826895-7f3d-48e0-bd5b-4be11b645a82.jpg,445,445,445 447 485 330 388
data\raw\val\08920_Plantae_Tracheophyta_Magnoliopsida_Malvales_Cistaceae_Cistus_albidus\c0a9fe4d-abec-4bce-b225-1499540569bb.jpg,445,355,355 324 278 316 459
data\raw\val\08920_Plantae_Tracheophyta_Magnoliopsida_Malvales_Cistaceae_Cistus_albidus\cc6d319c-29e7-4410-9efe-d1f9aebf52df.jpg,445,316,316 425 348 355 365
data\raw\val\08920_Plantae_Tracheophyta_Magnoliopsida_Malvales_Cistaceae_Cistus_albidus\7542089b-031b-4bd3-9677-a01e3eb057c2.jpg,445,445,445 371 350 409 405
data\raw\val\08936_Plantae_Tracheophyta_Magnoliopsida_Malvales_Malvaceae_Callirhoe_pedata\43bdec78-3af6-49e6-bd2b-28a4b54a14c5.jpg,446,409,409 446 352 422 388
data\raw\val\08936_Plantae_Tracheophyta_Magnoliopsida_Malvales_Malvaceae_Callirhoe_pedata\ee04bcd7-80ce-415d-96d0-c272d0a17a59.jpg,446,260,260 471 446 485 374
data\raw\val\08936_Plantae_Tracheophyta_Magnoliopsida_Malvales_Malvaceae_Callirhoe_pedata\521159f0-6f08-456a-8236-42f370e3d343.jpg,446,260,260 485 446 265 471
data\raw\val\08936_Plantae_Tracheophyta_Magnoliopsida_Malvales_Malvaceae_Callirhoe_pedata\bfd4d95d-acd1-4434-953e-4f787b5046a1.jpg,446,446,446 409 352 193 444
data\raw\val\08936_Plantae_Tracheophyta_Magnoliopsida_Malvales_Malvaceae_Callirhoe_pedata\fa247cf0-00e8-4a57-804b-dce0acf63d1c.jpg,446,446,446 318 193 409 388
data\raw\val\08936_Plantae_Tracheophyta_Magnoliopsida_Malvales_Malvaceae_Callirhoe_pedata\158dd89d-0ef0-4369-8050-e3d28839d070.jpg,446,446,446 346 318 352 390
data\raw\val\08936_Plantae_Tracheophyta_Magnoliopsida_Malvales_Malvaceae_Callirhoe_pedata\41cafe2b-6477-434f-948f-3b36f7974eac.jpg,446,265,265 260 264 262 266
data\raw\val\08936_Plantae_Tracheophyta_Magnoliopsida_Malvales_Malvaceae_Callirhoe_pedata\0e026ddc-2bd9-4340-90dd-b91553e714dd.jpg,446,446,446 409 444 388 377
data\raw\val\08936_Plantae_Tracheophyta_Magnoliopsida_Malvales_Malvaceae_Callirhoe_pedata\42b2f57a-acc5-4713-a896-bcd38255463e.jpg,446,346,346 446 117 352 71
data\raw\val\08936_Plantae_Tracheophyta_Magnoliopsida_Malvales_Malvaceae_Callirhoe_pedata\254937d8-20e9-44a5-a6ed-dc1b3a0d11e8.jpg,446,446,446 409 388 352 444
data\raw\val\08946_Plantae_Tracheophyta_Magnoliopsida_Malvales_Malvaceae_Hibiscus_moscheutos\7c55eab5-065c-4dc4-9f60-588a3ca70719.jpg,447,447,447 405 474 260 448
data\raw\val\08946_Plantae_Tracheophyta_Magnoliopsida_Malvales_Malvaceae_Hibiscus_moscheutos\9ffc1e12-6f5a-495f-b804-82b8a0beb637.jpg,447,459,459 447 485 260 331
data\raw\val\08946_Plantae_Tracheophyta_Magnoliopsida_Malvales_Malvaceae_Hibiscus_moscheutos\60067a7b-6c4c-4c00-8450-9b38aa31be3d.jpg,447,447,447 23 448 405 445
data\raw\val\08946_Plantae_Tracheophyta_Magnoliopsida_Malvales_Malvaceae_Hibiscus_moscheutos\518dc858-2b2e-42ce-95ee-8cfd87e4f056.jpg,447,459,459 367 458 369 375
data\raw\val\08946_Plantae_Tracheophyta_Magnoliopsida_Malvales_Malvaceae_Hibiscus_moscheutos\64202f47-f6ff-4f63-9498-69917f24fdc7.jpg,447,367,367 408 352 447 346
data\raw\val\08946_Plantae_Tracheophyta_Magnoliopsida_Malvales_Malvaceae_Hibiscus_moscheutos\3cc6b36d-f225-47cc-8a83-f4ed6b0f8c55.jpg,447,447,447 352 155 405 388
data\raw\val\08946_Plantae_Tracheophyta_Magnoliopsida_Malvales_Malvaceae_Hibiscus_moscheutos\7aa6fd3b-670a-499c-aa96-d71079e65613.jpg,447,447,447 485 405 388 411
data\raw\val\08946_Plantae_Tracheophyta_Magnoliopsida_Malvales_Malvaceae_Hibiscus_moscheutos\fbc4911f-0fb7-4c65-bda7-c95a6882c2c0.jpg,447,447,447 405 485 471 446
data\raw\val\08946_Plantae_Tracheophyta_Magnoliopsida_Malvales_Malvaceae_Hibiscus_moscheutos\a75aef31-0feb-4e30-81c5-9df1d403c054.jpg,447,447,447 471 266 405 358
data\raw\val\08946_Plantae_Tracheophyta_Magnoliopsida_Malvales_Malvaceae_Hibiscus_moscheutos\7be2eadd-3d22-4e05-9434-a47f61e5217c.jpg,447,447,447 405 485 474 352
data\raw\val\08949_Plantae_Tracheophyta_Magnoliopsida_Malvales_Malvaceae_Hibiscus_tiliaceus\00beeeb3-7aff-452a-9f48-1226c756cd10.jpg,448,412,412 448 16 209 18
data\raw\val\08949_Plantae_Tracheophyta_Magnoliopsida_Malvales_Malvaceae_Hibiscus_tiliaceus\0c26a548-27da-4c40-b572-9e5eba8cbb7d.jpg,448,363,363 461 451 434 481
data\raw\val\08949_Plantae_Tracheophyta_Magnoliopsida_Malvales_Malvaceae_Hibiscus_tiliaceus\93b50963-a7fb-4bc6-9b9f-5b39cbc9cedd.jpg,448,363,363 448 420 474 307
data\raw\val\08949_Plantae_Tracheophyta_Magnoliopsida_Malvales_Malvaceae_Hibiscus_tiliaceus\a736f26c-2a27-40ab-8ced-66d41b2aa5a1.jpg,448,448,448 454 412 439 196
data\raw\val\08949_Plantae_Tracheophyta_Magnoliopsida_Malvales_Malvaceae_Hibiscus_tiliaceus\d4ed1474-d1f4-4ddf-9a25-6ba5c0185e4a.jpg,448,453,453 472 383 483 357
data\raw\val\08949_Plantae_Tracheophyta_Magnoliopsida_Malvales_Malvaceae_Hibiscus_tiliaceus\1d29c105-364c-4969-9ca6-45a6d82df69e.jpg,448,448,448 206 66 291 412
data\raw\val\08949_Plantae_Tracheophyta_Magnoliopsida_Malvales_Malvaceae_Hibiscus_tiliaceus\d477a5b9-efb3-413d-b28d-5f2243e929f5.jpg,448,448,448 412 439 454 462
data\raw\val\08949_Plantae_Tracheophyta_Magnoliopsida_Malvales_Malvaceae_Hibiscus_tiliaceus\33f87967-8362-4327-b694-5e63a2c597ac.jpg,448,252,252 412 434 478 448
data\raw\val\08949_Plantae_Tracheophyta_Magnoliopsida_Malvales_Malvaceae_Hibiscus_tiliaceus\b9356422-3636-4595-ab1d-317ab4ce8d32.jpg,448,394,394 478 448 308 244
data\raw\val\08949_Plantae_Tracheophyta_Magnoliopsida_Malvales_Malvaceae_Hibiscus_tiliaceus\c515a57f-2fcc-4f4f-888b-c494c73270fc.jpg,448,358,358 452 336 460 440
data\raw\val\08954_Plantae_Tracheophyta_Magnoliopsida_Malvales_Malvaceae_Malacothamnus_fasciculatus\118a3e40-bddf-40aa-8363-15d8ce6b6d3f.jpg,449,405,405 416 417 424 445
data\raw\val\08954_Plantae_Tracheophyta_Magnoliopsida_Malvales_Malvaceae_Malacothamnus_fasciculatus\e780a31f-5e0a-469e-9d2c-1d4691890db3.jpg,449,415,415 340 418 419 372
data\raw\val\08954_Plantae_Tracheophyta_Magnoliopsida_Malvales_Malvaceae_Malacothamnus_fasciculatus\04d021bc-51fb-40bb-8181-15ba31b32b59.jpg,449,377,377 366 449 379 361
data\raw\val\08954_Plantae_Tracheophyta_Magnoliopsida_Malvales_Malvaceae_Malacothamnus_fasciculatus\63de3081-05ac-4417-bb97-cd602d3cc68a.jpg,449,141,141 218 96 41 76
data\raw\val\08954_Plantae_Tracheophyta_Magnoliopsida_Malvales_Malvaceae_Malacothamnus_fasciculatus\5cb7a55b-cd96-40e3-a8f4-9a5116045753.jpg,449,449,449 445 447 352 318
data\raw\val\08954_Plantae_Tracheophyta_Magnoliopsida_Malvales_Malvaceae_Malacothamnus_fasciculatus\8a681e45-b935-46a4-bf87-9f732fe599a3.jpg,449,396,396 317 335 415 453
data\raw\val\08954_Plantae_Tracheophyta_Magnoliopsida_Malvales_Malvaceae_Malacothamnus_fasciculatus\6084029a-5d49-443a-8275-810c75b4c564.jpg,449,447,447 405 449 352 445
data\raw\val\08954_Plantae_Tracheophyta_Magnoliopsida_Malvales_Malvaceae_Malacothamnus_fasciculatus\7864ee4d-0770-4c4c-a8bd-974dd78a354c.jpg,449,449,449 368 447 388 291
data\raw\val\08954_Plantae_Tracheophyta_Magnoliopsida_Malvales_Malvaceae_Malacothamnus_fasciculatus\47780ca9-2c55-4f78-ab67-831b2ec1374d.jpg,449,312,312 324 478 356 433
data\raw\val\08954_Plantae_Tracheophyta_Magnoliopsida_Malvales_Malvaceae_Malacothamnus_fasciculatus\31568ea5-671d-49b2-bf20-7fd65f3571e0.jpg,449,449,449 366 352 318 377
data\raw\val\09001_Plantae_Tracheophyta_Magnoliopsida_Myrtales_Lythraceae_Lythrum_hyssopifolia\f9ba5c9a-60a2-4017-a84d-c14d025afc6a.jpg,450,419,419 378 290 417 388
data\raw\val\09001_Plantae_Tracheophyta_Magnoliopsida_Myrtales_Lythraceae_Lythrum_hyssopifolia\9414d227-81ec-41d7-86ec-9c5bc57d3f29.jpg,450,438,438 409 450 482 311
data\raw\val\09001_Plantae_Tracheophyta_Magnoliopsida_Myrtales_Lythraceae_Lythrum_hyssopifolia\3745d419-f46d-40ad-a76c-95848929001f.jpg,450,450,450 429 419 421 341
data\raw\val\09001_Plantae_Tracheophyta_Magnoliopsida_Myrtales_Lythraceae_Lythrum_hyssopifolia\2e9419b6-b9bc-4f02-a63b-ec57bcd9ff78.jpg,450,394,394 273 460 364 313
data\raw\val\09001_Plantae_Tracheophyta_Magnoliopsida_Myrtales_Lythraceae_Lythrum_hyssopifolia\bd8176f8-e4d9-4f70-a051-1399602e7b29.jpg,450,318,318 352 346 390 291
data\raw\val\09001_Plantae_Tracheophyta_Magnoliopsida_Myrtales_Lythraceae_Lythrum_hyssopifolia\e1eaf11e-92d4-4bc7-af30-0bb6f5635bfe.jpg,450,450,450 424 429 383 342
data\raw\val\09001_Plantae_Tracheophyta_Magnoliopsida_Myrtales_Lythraceae_Lythrum_hyssopifolia\04ddb9d6-cc25-4ee6-9dc3-f51b69978d12.jpg,450,429,429 450 421 430 341
data\raw\val\09001_Plantae_Tracheophyta_Magnoliopsida_Myrtales_Lythraceae_Lythrum_hyssopifolia\b2b9acec-3bb9-4583-ad70-6c9c297118af.jpg,450,473,473 425 451 363 369
data\raw\val\09001_Plantae_Tracheophyta_Magnoliopsida_Myrtales_Lythraceae_Lythrum_hyssopifolia\e1bb611f-7770-4f5d-850e-238830335e85.jpg,450,421,421 277 339 304 336
data\raw\val\09001_Plantae_Tracheophyta_Magnoliopsida_Myrtales_Lythraceae_Lythrum_hyssopifolia\60c0da15-7fd8-47a4-b64b-ffb4737d3b17.jpg,450,446,446 268 331 296 263
data\raw\val\09021_Plantae_Tracheophyta_Magnoliopsida_Myrtales_Myrtaceae_Metrosideros_umbellata\d47ce0a4-4e29-4e0e-9ba0-f177b8c7069f.jpg,451,451,451 425 420 460 361
data\raw\val\09021_Plantae_Tracheophyta_Magnoliopsida_Myrtales_Myrtaceae_Metrosideros_umbellata\26407621-7d39-4a6d-bb77-4984a06c1ec2.jpg,451,369,369 365 375 353 397
data\raw\val\09021_Plantae_Tracheophyta_Magnoliopsida_Myrtales_Myrtaceae_Metrosideros_umbellata\51951167-774e-4056-a588-32184908d442.jpg,451,425,425 420 363 461 451
data\raw\val\09021_Plantae_Tracheophyta_Magnoliopsida_Myrtales_Myrtaceae_Metrosideros_umbellata\32c30705-0973-41b6-b458-29b0126a9374.jpg,451,296,296 298 121 297 294
data\raw\val\09021_Plantae_Tracheophyta_Magnoliopsida_Myrtales_Myrtaceae_Metrosideros_umbellata\c1556862-8042-4e27-b79c-09407cefac08.jpg,451,103,103 408 364 474 116
data\raw\val\09021_Plantae_Tracheophyta_Magnoliopsida_Myrtales_Myrtaceae_Metrosideros_umbellata\9d52b8b6-4416-4745-a555-ac6ebdb462c2.jpg,451,467,467 293 393 441 397
data\raw\val\09021_Plantae_Tracheophyta_Magnoliopsida_Myrtales_Myrtaceae_Metrosideros_umbellata\a1a45670-9cf9-4016-86ca-34f66740543c.jpg,451,58,58 231 118 230 128
data\raw\val\09021_Plantae_Tracheophyta_Magnoliopsida_Myrtales_Myrtaceae_Metrosideros_umbellata\c3935224-499d-4560-9731-44788eaec390.jpg,451,451,451 420 460 369 354
data\raw\val\09021_Plantae_Tracheophyta_Magnoliopsida_Myrtales_Myrtaceae_Metrosideros_umbellata\3a948e0f-5ef8-4d42-bd87-a77d28297c29.jpg,451,451,451 460 470 363 396
data\raw\val\09021_Plantae_Tracheophyta_Magnoliopsida_Myrtales_Myrtaceae_Metrosideros_umbellata\eae2dcd8-db49-42a8-a018-bb4b9cb62470.jpg,451,313,313 293 434 442 469
data\raw\val\09022_Plantae_Tracheophyta_Magnoliopsida_Myrtales_Myrtaceae_Myrtus_communis\3f77525f-ce29-4fa5-96f6-ae07386b9aa0.jpg,452,358,358 452 357 262 96
data\raw\val\09022_Plantae_Tracheophyta_Magnoliopsida_Myrtales_Myrtaceae_Myrtus_communis\2b6dfbc8-5b01-43bd-8291-ddc03f5ecd61.jpg,452,431,431 186 401 194 313
data\raw\val\09022_Plantae_Tracheophyta_Magnoliopsida_Myrtales_Myrtaceae_Myrtus_communis\42a791b5-ab8a-47b6-be0f-eade26fcb51d.jpg,452,382,382 387 448 321 358
data\raw\val\09022_Plantae_Tracheophyta_Magnoliopsida_Myrtales_Myrtaceae_Myrtus_communis\db8badeb-944a-4c2d-acda-033bb69c9860.jpg,452,452,452 364 367 362 460
data\raw\val\09022_Plantae_Tracheophyta_Magnoliopsida_Myrtales_Myrtaceae_Myrtus_communis\c6760784-8847-4eba-822d-8778f13189dc.jpg,452,314,314 316 9 140 136
data\raw\val\09022_Plantae_Tracheophyta_Magnoliopsida_Myrtales_Myrtaceae_Myrtus_communis\7cc582f9-1c53-4fc5-a0cd-2d9b26432a7e.jpg,452,336,336 445 370 366 449
data\raw\val\09022_Plantae_Tracheophyta_Magnoliopsida_Myrtales_Myrtaceae_Myrtus_communis\f317c1ed-403d-4e8c-a089-b6179d2715f3.jpg,452,312,312 358 469 452 396
data\raw\val\09022_Plantae_Tracheophyta_Magnoliopsida_Myrtales_Myrtaceae_Myrtus_communis\52e9135e-4c29-4847-861c-cb1612e179f9.jpg,452,364,364 367 460 452 369
data\raw\val\09022_Plantae_Tracheophyta_Magnoliopsida_Myrtales_Myrtaceae_Myrtus_communis\655872e9-0d21-4745-8f13-8146b6bd00fb.jpg,452,341,341 358 484 471 340
data\raw\val\09022_Plantae_Tracheophyta_Magnoliopsida_Myrtales_Myrtaceae_Myrtus_communis\7701445e-215a-4528-8e9b-51c4e8f4db0a.jpg,452,452,452 367 364 397 418
data\raw\val\09033_Plantae_Tracheophyta_Magnoliopsida_Myrtales_Onagraceae_Circaea_lutetiana\d7202c61-a240-4c19-9d12-eec7353a82ee.jpg,453,407,407 285 296 288 443
data\raw\val\09033_Plantae_Tracheophyta_Magnoliopsida_Myrtales_Onagraceae_Circaea_lutetiana\e63576e0-447d-4d8c-a507-8ddbadf371bc.jpg,453,473,473 453 415 311 493
data\raw\val\09033_Plantae_Tracheophyta_Magnoliopsida_Myrtales_Onagraceae_Circaea_lutetiana\a3665420-ee3e-4f56-add4-66dd1ebea38c.jpg,453,383,383 311 310 453 499
data\raw\val\09033_Plantae_Tracheophyta_Magnoliopsida_Myrtales_Onagraceae_Circaea_lutetiana\c16c9c8d-56a8-441d-97a2-480a75efaca9.jpg,453,421,421 450 339 429 296
data\raw\val\09033_Plantae_Tracheophyta_Magnoliopsida_Myrtales_Onagraceae_Circaea_lutetiana\3374ddb7-551a-4906-8a15-c1d4f7fed0cd.jpg,453,383,383 310 453 499 407
data\raw\val\09033_Plantae_Tracheophyta_Magnoliopsida_Myrtales_Onagraceae_Circaea_lutetiana\c39c5477-8f2b-444c-b48c-b9760c5a421b.jpg,453,310,310 357 477 311 483
data\raw\val\09033_Plantae_Tracheophyta_Magnoliopsida_Myrtales_Onagraceae_Circaea_lutetiana\843fabee-f18b-4660-b333-7932cafca6eb.jpg,453,421,421 434 453 186 468
data\raw\val\09033_Plantae_Tracheophyta_Magnoliopsida_Myrtales_Onagraceae_Circaea_lutetiana\81bf5042-57ca-4ef6-83ea-c5e8cb115e56.jpg,453,383,383 311 453 407 424
data\raw\val\09033_Plantae_Tracheophyta_Magnoliopsida_Myrtales_Onagraceae_Circaea_lutetiana\9b02a256-1f0f-4c7f-8643-f95dda50a4c7.jpg,453,453,453 383 310 415 411
data\raw\val\09033_Plantae_Tracheophyta_Magnoliopsida_Myrtales_Onagraceae_Circaea_lutetiana\2be8952e-fefe-4013-815f-04fc0194ef31.jpg,453,453,453 419 415 340 310
data\raw\val\09055_Plantae_Tracheophyta_Magnoliopsida_Myrtales_Onagraceae_Ludwigia_peruviana\938f64db-d681-4683-8d85-221fb0b49050.jpg,454,439,439 454 462 385 457
data\raw\val\09055_Plantae_Tracheophyta_Magnoliopsida_Myrtales_Onagraceae_Ludwigia_peruviana\415d2421-497a-4751-bda5-b98e75bbb38e.jpg,454,454,454 439 448 463 374
data\raw\val\09055_Plantae_Tracheophyta_Magnoliopsida_Myrtales_Onagraceae_Ludwigia_peruviana\ca0ac054-bbc9-42ee-9fd7-2d1d625af7a0.jpg,454,412,412 439 462 454 279
data\raw\val\09055_Plantae_Tracheophyta_Magnoliopsida_Myrtales_Onagraceae_Ludwigia_peruviana\0d05d148-3966-4cd8-9834-bd6b36fd0f6a.jpg,454,439,439 462 454 385 386
data\raw\val\09055_Plantae_Tracheophyta_Magnoliopsida_Myrtales_Onagraceae_Ludwigia_peruviana\e1e727ad-ca20-4a8d-9e6e-136b74e83f2d.jpg,454,439,439 454 385 462 386
data\raw\val\09055_Plantae_Tracheophyta_Magnoliopsida_Myrtales_Onagraceae_Ludwigia_peruviana\b163cb53-f186-4d59-a841-22ed8ff61728.jpg,454,454,454 385 439 386 462
data\raw\val\09055_Plantae_Tracheophyta_Magnoliopsida_Myrtales_Onagraceae_Ludwigia_peruviana\08c82bd6-7e90-4c08-b9db-62ee151de12f.jpg,454,457,457 454 462 439 385
data\raw\val\09055_Plantae_Tracheophyta_Magnoliopsida_Myrtales_Onagraceae_Ludwigia_peruviana\982dc5c9-95f4-43bd-ae32-02dba563cf34.jpg,454,487,487 376 326 466 375
data\raw\val\09055_Plantae_Tracheophyta_Magnoliopsida_Myrtales_Onagraceae_Ludwigia_peruviana\8e4cbfdf-64f3-4ab4-b890-74cca4463e6c.jpg,454,380,380 463 317 386 497
data\raw\val\09055_Plantae_Tracheophyta_Magnoliopsida_Myrtales_Onagraceae_Ludwigia_peruviana\ec0a900d-c1f7-42ee-9da2-07a7e04e494a.jpg,454,454,454 448 382 439 457
data\raw\val\09063_Plantae_Tracheophyta_Magnoliopsida_Myrtales_Onagraceae_Oenothera_gaura\c9b05917-bf0f-4e36-be1d-bf1c04c80fd2.jpg,455,455,455 416 368 336 281
data\raw\val\09063_Plantae_Tracheophyta_Magnoliopsida_Myrtales_Onagraceae_Oenothera_gaura\56849f9b-cd75-48f3-b4c0-a000b21de79a.jpg,455,377,377 318 388 368 416
data\raw\val\09063_Plantae_Tracheophyta_Magnoliopsida_Myrtales_Onagraceae_Oenothera_gaura\89526e9f-f470-4515-9309-1977b49fd6d6.jpg,455,455,455 368 367 416 277
data\raw\val\09063_Plantae_Tracheophyta_Magnoliopsida_Myrtales_Onagraceae_Oenothera_gaura\abf0c5b4-cec9-486d-ada2-9df6ebe9397c.jpg,455,344,344 455 367 366 368
data\raw\val\09063_Plantae_Tracheophyta_Magnoliopsida_Myrtales_Onagraceae_Oenothera_gaura\f0729837-7cbc-457b-ba22-398a60675bed.jpg,455,455,455 363 277 482 367
data\raw\val\09063_Plantae_Tracheophyta_Magnoliopsida_Myrtales_Onagraceae_Oenothera_gaura\2c47d0f2-e1a0-418d-851f-ffdbb8766867.jpg,455,417,417 455 362 416 367
data\raw\val\09063_Plantae_Tracheophyta_Magnoliopsida_Myrtales_Onagraceae_Oenothera_gaura\27ed466a-be4f-40f8-b03f-db8881172292.jpg,455,336,336 321 340 419 453
data\raw\val\09063_Plantae_Tracheophyta_Magnoliopsida_Myrtales_Onagraceae_Oenothera_gaura\35d4c4fe-0c3a-4101-98de-592ed476853b.jpg,455,367,367 455 286 402 417
data\raw\val\09063_Plantae_Tracheophyta_Magnoliopsida_Myrtales_Onagraceae_Oenothera_gaura\07c387c2-c5ff-4c3e-88d1-39975f0bdf88.jpg,455,281,281 305 381 491 306
data\raw\val\09063_Plantae_Tracheophyta_Magnoliopsida_Myrtales_Onagraceae_Oenothera_gaura\fbfd1156-a590-4019-be63-a553261336b6.jpg,455,339,339 484 421 112 455
data\raw\val\09085_Plantae_Tracheophyta_Magnoliopsida_Nymphaeales_Nymphaeaceae_Nymphaea_nouchali\8ca301b5-47f4-4dec-9009-f516d7f79b17.jpg,456,456,456 323 68 33 89
data\raw\val\09085_Plantae_Tracheophyta_Magnoliopsida_Nymphaeales_Nymphaeaceae_Nymphaea_nouchali\532ce0ab-c48a-4cae-a060-51394934118e.jpg,456,143,143 39 64 253 38
data\raw\val\09085_Plantae_Tracheophyta_Magnoliopsida_Nymphaeales_Nymphaeaceae_Nymphaea_nouchali\9bc2cc5a-e42e-4f46-8998-29505ba8cac3.jpg,456,330,330 291 456 445 424
data\raw\val\09085_Plantae_Tracheophyta_Magnoliopsida_Nymphaeales_Nymphaeaceae_Nymphaea_nouchali\8d1dfa0c-712a-488b-963e-349646d1cf78.jpg,456,309,309 321 419 336 338
data\raw\val\09085_Plantae_Tracheophyta_Magnoliopsida_Nymphaeales_Nymphaeaceae_Nymphaea_nouchali\1072cfaf-910b-4fea-ac72-8a3ebd9040ff.jpg,456,342,342 456 0 157 132
data\raw\val\09085_Plantae_Tracheophyta_Magnoliopsida_Nymphaeales_Nymphaeaceae_Nymphaea_nouchali\b3feee6b-6d07-49d2-9a30-aa48b505ac9f.jpg,456,95,95 312 456 400 434
data\raw\val\09085_Plantae_Tracheophyta_Magnoliopsida_Nymphaeales_Nymphaeaceae_Nymphaea_nouchali\56c19422-7fa6-454b-b1a1-62e180c67428.jpg,456,405,405 352 390 367 71
data\raw\val\09085_Plantae_Tracheophyta_Magnoliopsida_Nymphaeales_Nymphaeaceae_Nymphaea_nouchali\6f0bc051-9df3-4e43-903e-76f723122492.jpg,456,444,444 34 456 23 445
data\raw\val\09085_Plantae_Tracheophyta_Magnoliopsida_Nymphaeales_Nymphaeaceae_Nymphaea_nouchali\5ae98eba-380d-4bd9-a6d4-cd053494a7b4.jpg,456,456,456 424 406 464 444
data\raw\val\09085_Plantae_Tracheophyta_Magnoliopsida_Nymphaeales_Nymphaeaceae_Nymphaea_nouchali\46642572-49de-4f92-beb4-3afad1f56b64.jpg,456,456,456 464 429 104 424
data\raw\val\09099_Plantae_Tracheophyta_Magnoliopsida_Oxalidales_Oxalidaceae_Oxalis_luteola\a2d802cf-2332-4bde-ade5-1cddbc854f1d.jpg,457,457,457 285 462 61 95
data\raw\val\09099_Plantae_Tracheophyta_Magnoliopsida_Oxalidales_Oxalidaceae_Oxalis_luteola\1cf36018-8a04-4aa9-a20e-4609cea5b80a.jpg,457,454,454 463 439 385 380
data\raw\val\09099_Plantae_Tracheophyta_Magnoliopsida_Oxalidales_Oxalidaceae_Oxalis_luteola\e5361caf-381c-45c9-82e6-649bb328e126.jpg,457,457,457 462 439 61 454
data\raw\val\09099_Plantae_Tracheophyta_Magnoliopsida_Oxalidales_Oxalidaceae_Oxalis_luteola\e9b0f38c-1a99-4106-bc78-9a1b0595dcf7.jpg,457,457,457 439 337 387 285
data\raw\val\09099_Plantae_Tracheophyta_Magnoliopsida_Oxalidales_Oxalidaceae_Oxalis_luteola\cbf88db6-a2fa-4ba9-876f-4a4df596d81a.jpg,457,457,457 462 412 454 285
data\raw\val\09099_Plantae_Tracheophyta_Magnoliopsida_Oxalidales_Oxalidaceae_Oxalis_luteola\98d40740-5934-4eea-a4dd-f95304129833.jpg,457,457,457 439 454 462 285
data\raw\val\09099_Plantae_Tracheophyta_Magnoliopsida_Oxalidales_Oxalidaceae_Oxalis_luteola\55091de8-6f60-41d8-b2b4-ebc24093b6ec.jpg,457,457,457 462 439 454 285
data\raw\val\09099_Plantae_Tracheophyta_Magnoliopsida_Oxalidales_Oxalidaceae_Oxalis_luteola\77ca9ac4-2ec0-4c86-b211-b96be8d2dcd5.jpg,457,457,457 285 439 454 462
data\raw\val\09099_Plantae_Tracheophyta_Magnoliopsida_Oxalidales_Oxalidaceae_Oxalis_luteola\5e688212-2b0f-4603-8973-45da09d06c47.jpg,457,337,337 457 285 439 454
data\raw\val\09099_Plantae_Tracheophyta_Magnoliopsida_Oxalidales_Oxalidaceae_Oxalis_luteola\201e2c21-64ba-4540-9afe-ea5dfa477281.jpg,457,337,337 454 279 457 439
data\raw\val\09130_Plantae_Tracheophyta_Magnoliopsida_Proteales_Proteaceae_Leucadendron_salignum\4b21a5d4-4520-487c-a1f6-1cc801ec6cef.jpg,458,327,327 380 314 316 334
data\raw\val\09130_Plantae_Tracheophyta_Magnoliopsida_Proteales_Proteaceae_Leucadendron_salignum\b966e559-0c89-47c4-9bc9-6933579015d3.jpg,458,304,304 375 322 309 326
data\raw\val\09130_Plantae_Tracheophyta_Magnoliopsida_Proteales_Proteaceae_Leucadendron_salignum\dd1826be-30d8-448a-858e-51ea3db9c2b3.jpg,458,312,312 340 495 494 309
data\raw\val\09130_Plantae_Tracheophyta_Magnoliopsida_Proteales_Proteaceae_Leucadendron_salignum\b1504f0a-2fcf-40d9-b34a-c6faba3f372c.jpg,458,283,283 347 459 299 384
data\raw\val\09130_Plantae_Tracheophyta_Magnoliopsida_Proteales_Proteaceae_Leucadendron_salignum\d2277835-75ef-48cd-a5f1-70f2e5ea664b.jpg,458,458,458 497 347 144 256
data\raw\val\09130_Plantae_Tracheophyta_Magnoliopsida_Proteales_Proteaceae_Leucadendron_salignum\06181e22-9eb1-45d9-8072-111be862c94e.jpg,458,458,458 334 326 432 384
data\raw\val\09130_Plantae_Tracheophyta_Magnoliopsida_Proteales_Proteaceae_Leucadendron_salignum\b465eb09-369d-4a6d-9633-269733b82dbe.jpg,458,354,354 451 353 369 420
data\raw\val\09130_Plantae_Tracheophyta_Magnoliopsida_Proteales_Proteaceae_Leucadendron_salignum\d48fe06c-4e5e-472b-9838-491f1ce52722.jpg,458,284,284 220 283 376 278
data\raw\val\09130_Plantae_Tracheophyta_Magnoliopsida_Proteales_Proteaceae_Leucadendron_salignum\0f348a83-6172-4440-854c-ba5d707601fe.jpg,458,458,458 495 384 487 417
data\raw\val\09130_Plantae_Tracheophyta_Magnoliopsida_Proteales_Proteaceae_Leucadendron_salignum\b10d6811-131c-40d5-91ae-b40e390affff.jpg,458,463,463 452 358 441 342
data\raw\val\09139_Plantae_Tracheophyta_Magnoliopsida_Proteales_Proteaceae_Protea_repens\9821a387-82e7-41ed-9bc4-7d802f338f2e.jpg,459,459,459 428 327 331 316
data\raw\val\09139_Plantae_Tracheophyta_Magnoliopsida_Proteales_Proteaceae_Protea_repens\1c15f3e5-8392-4f87-9fd6-6b332256c0dc.jpg,459,375,375 300 459 428 355
data\raw\val\09139_Plantae_Tracheophyta_Magnoliopsida_Proteales_Proteaceae_Protea_repens\091fef3e-aed9-40f4-aa95-8562eb974a60.jpg,459,459,459 420 307 284 425
data\raw\val\09139_Plantae_Tracheophyta_Magnoliopsida_Proteales_Proteaceae_Protea_repens\2b295a50-5c77-429d-a6da-7a57e23f7087.jpg,459,458,458 459 297 463 284
data\raw\val\09139_Plantae_Tracheophyta_Magnoliopsida_Proteales_Proteaceae_Protea_repens\9243fc53-81ab-410b-8421-7616edf825bd.jpg,459,459,459 292 375 428 308
data\raw\val\09139_Plantae_Tracheophyta_Magnoliopsida_Proteales_Proteaceae_Protea_repens\d29b94ca-c97f-4224-9df0-8f8ce34260e9.jpg,459,369,369 292 354 367 363
data\raw\val\09139_Plantae_Tracheophyta_Magnoliopsida_Proteales_Proteaceae_Protea_repens\809abe43-f90c-4e99-9536-7434895c8ff5.jpg,459,461,461 425 420 459 307
data\raw\val\09139_Plantae_Tracheophyta_Magnoliopsida_Proteales_Proteaceae_Protea_repens\06adb6b9-907d-4e2a-b4df-36279429c6cc.jpg,459,316,316 355 466 375 459
data\raw\val\09139_Plantae_Tracheophyta_Magnoliopsida_Proteales_Proteaceae_Protea_repens\c2c1d2bd-c1e4-4ad9-a902-83c56a0196ce.jpg,459,487,487 489 458 459 417
data\raw\val\09139_Plantae_Tracheophyta_Magnoliopsida_Proteales_Proteaceae_Protea_repens\6a349686-2638-472c-9238-760c5c3c196e.jpg,459,459,459 458 420 363 292
data\raw\val\09142_Plantae_Tracheophyta_Magnoliopsida_Ranunculales_Berberidaceae_Berberis_aquifolium\d82521ef-3a5f-4ffd-adff-107d46febf3c.jpg,460,394,394 333 327 308 334
data\raw\val\09142_Plantae_Tracheophyta_Magnoliopsida_Ranunculales_Berberidaceae_Berberis_aquifolium\dc189786-0b02-4eb0-a597-27eb87374f56.jpg,460,460,460 397 416 452 418
data\raw\val\09142_Plantae_Tracheophyta_Magnoliopsida_Ranunculales_Berberidaceae_Berberis_aquifolium\f0fa2c78-e842-4cfd-9183-2e88ba02fd09.jpg,460,365,365 453 468 484 341
data\raw\val\09142_Plantae_Tracheophyta_Magnoliopsida_Ranunculales_Berberidaceae_Berberis_aquifolium\2b697a80-5a94-4b25-87ab-9e2f503a754e.jpg,460,397,397 391 339 478 88
data\raw\val\09142_Plantae_Tracheophyta_Magnoliopsida_Ranunculales_Berberidaceae_Berberis_aquifolium\e1b19fc4-55ae-4e7b-a0aa-1af117b10b7e.jpg,460,460,460 416 473 408 421
data\raw\val\09142_Plantae_Tracheophyta_Magnoliopsida_Ranunculales_Berberidaceae_Berberis_aquifolium\483d6428-d878-4627-9856-d8b19c476441.jpg,460,382,382 308 394 386 432
data\raw\val\09142_Plantae_Tracheophyta_Magnoliopsida_Ranunculales_Berberidaceae_Berberis_aquifolium\3fbd3a8c-0269-4ece-b83e-3762ddbbe82c.jpg,460,460,460 312 396 433 440
data\raw\val\09142_Plantae_Tracheophyta_Magnoliopsida_Ranunculales_Berberidaceae_Berberis_aquifolium\89bcf806-2fda-47d3-a495-8a6032226d3e.jpg,460,333,333 463 334 480 374
data\raw\val\09142_Plantae_Tracheophyta_Magnoliopsida_Ranunculales_Berberidaceae_Berberis_aquifolium\9dd6a69b-2e76-4134-8473-916c0d9c4733.jpg,460,470,470 460 434 433 435
data\raw\val\09142_Plantae_Tracheophyta_Magnoliopsida_Ranunculales_Berberidaceae_Berberis_aquifolium\9dbea741-d4f9-4be4-bded-31a2b8077e4b.jpg,460,397,397 441 452 459 396
data\raw\val\09186_Plantae_Tracheophyta_Magnoliopsida_Ranunculales_Papaveraceae_Papaver_rhoeas\76fa0581-74d2-483e-9a7e-54dea0d41826.jpg,461,461,461 261 420 258 252
data\raw\val\09186_Plantae_Tracheophyta_Magnoliopsida_Ranunculales_Papaveraceae_Papaver_rhoeas\62a58b9f-815a-45ac-b2e9-59ccf04eada9.jpg,461,461,461 252 420 412 279
data\raw\val\09186_Plantae_Tracheophyta_Magnoliopsida_Ranunculales_Papaveraceae_Papaver_rhoeas\6e68e0fd-38b7-4141-9337-7dd3114ae9b9.jpg,461,461,461 377 258 422 420
data\raw\val\09186_Plantae_Tracheophyta_Magnoliopsida_Ranunculales_Papaveraceae_Papaver_rhoeas\304d841f-6422-4b9d-81ee-2ef663719a3c.jpg,461,461,461 422 258 252 36
data\raw\val\09186_Plantae_Tracheophyta_Magnoliopsida_Ranunculales_Papaveraceae_Papaver_rhoeas\8df90e42-af2b-4202-80f8-90b9894cf55f.jpg,461,461,461 422 258 363 252
data\raw\val\09186_Plantae_Tracheophyta_Magnoliopsida_Ranunculales_Papaveraceae_Papaver_rhoeas\53fa3594-2894-4a33-80ac-b61b53ed0561.jpg,461,461,461 258 422 474 363
data\raw\val\09186_Plantae_Tracheophyta_Magnoliopsida_Ranunculales_Papaveraceae_Papaver_rhoeas\9cccff8f-732d-458d-9106-2d76e3274c8f.jpg,461,461,461 279 420 36 412
data\raw\val\09186_Plantae_Tracheophyta_Magnoliopsida_Ranunculales_Papaveraceae_Papaver_rhoeas\6dac18d3-f84c-4696-a6ee-0639d5e82eaf.jpg,461,461,461 422 420 451 363
data\raw\val\09186_Plantae_Tracheophyta_Magnoliopsida_Ranunculales_Papaveraceae_Papaver_rhoeas\d349e183-17c1-44ff-9a5d-87d4c6501501.jpg,461,461,461 258 422 363 36
data\raw\val\09186_Plantae_Tracheophyta_Magnoliopsida_Ranunculales_Papaveraceae_Papaver_rhoeas\98750789-308c-4b0b-9823-1d4d677f76e0.jpg,461,461,461 422 258 363 420
data\raw\val\09192_Plantae_Tracheophyta_Magnoliopsida_Ranunculales_Papaveraceae_Stylophorum_diphyllum\e7b413db-e806-41fe-9a5d-3508e61a7c46.jpg,462,343,343 407 415 497 492
data\raw\val\09192_Plantae_Tracheophyta_Magnoliopsida_Ranunculales_Papaveraceae_Stylophorum_diphyllum\6487e89e-4721-4217-b504-79fbc21b8f25.jpg,462,462,462 439 454 457 279
data\raw\val\09192_Plantae_Tracheophyta_Magnoliopsida_Ranunculales_Papaveraceae_Stylophorum_diphyllum\21abb9dd-2d71-4a3e-81ad-ba8764547d3d.jpg,462,412,412 439 462 454 66
data\raw\val\09192_Plantae_Tracheophyta_Magnoliopsida_Ranunculales_Papaveraceae_Stylophorum_diphyllum\16c982f9-24e2-496d-948e-6a72501a9181.jpg,462,462,462 439 454 386 412
data\raw\val\09192_Plantae_Tracheophyta_Magnoliopsida_Ranunculales_Papaveraceae_Stylophorum_diphyllum\b7a9703b-e6f7-43b1-a861-dc58c85333f8.jpg,462,311,311 483 357 383 310
data\raw\val\09192_Plantae_Tracheophyta_Magnoliopsida_Ranunculales_Papaveraceae_Stylophorum_diphyllum\3d620c5c-d015-4b68-892d-92e36e153c59.jpg,462,462,462 439 412 454 385
data\raw\val\09192_Plantae_Tracheophyta_Magnoliopsida_Ranunculales_Papaveraceae_Stylophorum_diphyllum\f5209b20-78a8-4933-a7af-276f969ba587.jpg,462,462,462 310 311 383 477
data\raw\val\09192_Plantae_Tracheophyta_Magnoliopsida_Ranunculales_Papaveraceae_Stylophorum_diphyllum\d0eb3c88-2eb0-42cc-a333-d6e95878431c.jpg,462,385,385 382 387 454 386
data\raw\val\09192_Plantae_Tracheophyta_Magnoliopsida_Ranunculales_Papaveraceae_Stylophorum_diphyllum\1149bbdf-b39b-4270-aa7c-2ec46f38bddf.jpg,462,454,454 462 386 385 326
data\raw\val\09192_Plantae_Tracheophyta_Magnoliopsida_Ranunculales_Papaveraceae_Stylophorum_diphyllum\f2e9f17b-59f7-486d-b595-56188ded817b.jpg,462,462,462 477 482 497 443
data\raw\val\09219_Plantae_Tracheophyta_Magnoliopsida_Ranunculales_Ranunculaceae_Aquilegia_flavescens\eab6e796-cdfd-4578-a308-85b339e7de5e.jpg,463,463,463 391 382 447 478
data\raw\val\09219_Plantae_Tracheophyta_Magnoliopsida_Ranunculales_Ranunculaceae_Aquilegia_flavescens\b10b4144-adca-4433-ae3b-7485596cfe5b.jpg,463,492,492 299 317 387 463
data\raw\val\09219_Plantae_Tracheophyta_Magnoliopsida_Ranunculales_Ranunculaceae_Aquilegia_flavescens\8caebc4e-b6f4-49ef-893b-17f7c6eb87c9.jpg,463,387,387 463 432 386 326
data\raw\val\09219_Plantae_Tracheophyta_Magnoliopsida_Ranunculales_Ranunculaceae_Aquilegia_flavescens\9281710d-4f3a-422a-8b2d-d81a70a55dae.jpg,463,387,387 463 285 289 454
data\raw\val\09219_Plantae_Tracheophyta_Magnoliopsida_Ranunculales_Ranunculaceae_Aquilegia_flavescens\dec02080-dfba-4fb4-847d-37d3d51b9d47.jpg,463,463,463 374 297 380 454
data\raw\val\09219_Plantae_Tracheophyta_Magnoliopsida_Ranunculales_Ranunculaceae_Aquilegia_flavescens\d2175c46-4c99-4615-a8d3-1eea1cb64860.jpg,463,463,463 374 387 454 285
data\raw\val\09219_Plantae_Tracheophyta_Magnoliopsida_Ranunculales_Ranunculaceae_Aquilegia_flavescens\fe71457b-b2ad-445f-a104-6386b0ce5d57.jpg,463,463,463 317 387 335 454
data\raw\val\09219_Plantae_Tracheophyta_Magnoliopsida_Ranunculales_Ranunculaceae_Aquilegia_flavescens\0495ea9e-4086-4dbb-8f9f-af0f6f7867bf.jpg,463,374,374 463 385 334 454
data\raw\val\09219_Plantae_Tracheophyta_Magnoliopsida_Ranunculales_Ranunculaceae_Aquilegia_flavescens\36f9912f-25a6-4eb8-8caa-85e954d485c7.jpg,463,386,386 334 454 463 385
data\raw\val\09219_Plantae_Tracheophyta_Magnoliopsida_Ranunculales_Ranunculaceae_Aquilegia_flavescens\967f1f19-06fe-4a5f-8958-10475f240d3a.jpg,463,310,310 317 495 462 383
data\raw\val\09230_Plantae_Tracheophyta_Magnoliopsida_Ranunculales_Ranunculaceae_Clematis_occidentalis\78b184b0-b430-4164-bd4f-1db49b4ee2e9.jpg,464,262,262 331 60 268 260
data\raw\val\09230_Plantae_Tracheophyta_Magnoliopsida_Ranunculales_Ranunculaceae_Clematis_occidentalis\9622f2ce-a51e-4b97-b653-31d140df226a.jpg,464,388,388 464 290 378 330
data\raw\val\09230_Plantae_Tracheophyta_Magnoliopsida_Ranunculales_Ranunculaceae_Clematis_occidentalis\1d971e87-705f-40bc-bfca-1f5d83dacfbf.jpg,464,406,406 464 410 378 430
data\raw\val\09230_Plantae_Tracheophyta_Magnoliopsida_Ranunculales_Ranunculaceae_Clematis_occidentalis\491dff05-074a-4534-b542-2255dc3026f5.jpg,464,464,464 417 378 406 383
data\raw\val\09230_Plantae_Tracheophyta_Magnoliopsida_Ranunculales_Ranunculaceae_Clematis_occidentalis\b174c180-3d69-49aa-ab3b-2a200b96ab23.jpg,464,406,406 464 410 378 430
data\raw\val\09230_Plantae_Tracheophyta_Magnoliopsida_Ranunculales_Ranunculaceae_Clematis_occidentalis\4db62e95-5674-46de-9778-f157e3da8225.jpg,464,424,424 443 371 406 315
data\raw\val\09230_Plantae_Tracheophyta_Magnoliopsida_Ranunculales_Ranunculaceae_Clematis_occidentalis\e61f5fb7-07e9-4f6b-bd28-d748ca13ee67.jpg,464,371,371 464 349 365 291
data\raw\val\09230_Plantae_Tracheophyta_Magnoliopsida_Ranunculales_Ranunculaceae_Clematis_occidentalis\b9a20da9-bf4a-4923-85b7-fd129e835177.jpg,464,378,378 464 406 410 426
data\raw\val\09230_Plantae_Tracheophyta_Magnoliopsida_Ranunculales_Ranunculaceae_Clematis_occidentalis\1efc47f5-7cff-4cce-a595-1b3bba12ac51.jpg,464,312,312 477 398 497 396
data\raw\val\09230_Plantae_Tracheophyta_Magnoliopsida_Ranunculales_Ranunculaceae_Clematis_occidentalis\48c2e97a-19f2-414e-a1af-af48ca071f94.jpg,464,496,496 494 324 331 349
data\raw\val\09256_Plantae_Tracheophyta_Magnoliopsida_Ranunculales_Ranunculaceae_Pulsatilla_nuttalliana\e7a1374f-2cdf-4ffe-a14e-ca584500957d.jpg,465,371,371 465 323 330 444
data\raw\val\09256_Plantae_Tracheophyta_Magnoliopsida_Ranunculales_Ranunculaceae_Pulsatilla_nuttalliana\d4817916-4291-40c2-ad67-081d485e329f.jpg,465,465,465 328 330 457 444
data\raw\val\09256_Plantae_Tracheophyta_Magnoliopsida_Ranunculales_Ranunculaceae_Pulsatilla_nuttalliana\6282ff3e-580b-477c-a4e5-7f8c439bee21.jpg,465,465,465 406 410 426 409
data\raw\val\09256_Plantae_Tracheophyta_Magnoliopsida_Ranunculales_Ranunculaceae_Pulsatilla_nuttalliana\20b73876-2329-4f0a-bc73-7934c2f3bc5c.jpg,465,445,445 350 349 465 371
data\raw\val\09256_Plantae_Tracheophyta_Magnoliopsida_Ranunculales_Ranunculaceae_Pulsatilla_nuttalliana\f114b63d-782b-4c5a-b08e-b7b4f9a30de2.jpg,465,494,494 281 492 493 486
data\raw\val\09256_Plantae_Tracheophyta_Magnoliopsida_Ranunculales_Ranunculaceae_Pulsatilla_nuttalliana\c9483c61-4d35-4b47-b4bc-5b997105cc5b.jpg,465,465,465 371 328 330 372
data\raw\val\09256_Plantae_Tracheophyta_Magnoliopsida_Ranunculales_Ranunculaceae_Pulsatilla_nuttalliana\d88a39ce-842f-4a5c-aa77-cb31da8d356a.jpg,465,465,465 371 328 330 315
data\raw\val\09256_Plantae_Tracheophyta_Magnoliopsida_Ranunculales_Ranunculaceae_Pulsatilla_nuttalliana\d765560a-fdf2-441a-997a-d2704a0de064.jpg,465,465,465 371 323 330 445
data\raw\val\09256_Plantae_Tracheophyta_Magnoliopsida_Ranunculales_Ranunculaceae_Pulsatilla_nuttalliana\6d551826-787a-4dbf-89a1-3b31598c7753.jpg,465,465,465 372 379 371 350
data\raw\val\09256_Plantae_Tracheophyta_Magnoliopsida_Ranunculales_Ranunculaceae_Pulsatilla_nuttalliana\a573bd81-e210-487f-bc15-8880470cd1d6.jpg,465,465,465 330 328 372 371
data\raw\val\09288_Plantae_Tracheophyta_Magnoliopsida_Rosales_Cannabaceae_Cannabis_sativa\f7a06f38-c325-4730-be26-19befaf49203.jpg,466,499,499 495 317 493 415
data\raw\val\09288_Plantae_Tracheophyta_Magnoliopsida_Rosales_Cannabaceae_Cannabis_sativa\7b558354-5da1-4fff-84fb-c84c67e9dd40.jpg,466,491,491 281 466 326 303
data\raw\val\09288_Plantae_Tracheophyta_Magnoliopsida_Rosales_Cannabaceae_Cannabis_sativa\f2cac33f-60a9-4b51-930f-9c5e0315d1d5.jpg,466,373,373 466 495 419 415
data\raw\val\09288_Plantae_Tracheophyta_Magnoliopsida_Rosales_Cannabaceae_Cannabis_sativa\9ad71fb1-7dc2-482b-8377-b2b42d548542.jpg,466,305,305 491 495 320 381
data\raw\val\09288_Plantae_Tracheophyta_Magnoliopsida_Rosales_Cannabaceae_Cannabis_sativa\9dd385e4-778c-4145-8f0c-43186ba30b99.jpg,466,347,347 466 273 384 299
data\raw\val\09288_Plantae_Tracheophyta_Magnoliopsida_Rosales_Cannabaceae_Cannabis_sativa\532d2876-812d-4d4b-ad4c-4179cfe4dd18.jpg,466,335,335 322 407 281 294
data\raw\val\09288_Plantae_Tracheophyta_Magnoliopsida_Rosales_Cannabaceae_Cannabis_sativa\4f68e3bb-1ed8-42ef-9955-f31243927b0d.jpg,466,498,498 415 489 417 494
data\raw\val\09288_Plantae_Tracheophyta_Magnoliopsida_Rosales_Cannabaceae_Cannabis_sativa\ccdadd56-a4f8-4928-abbe-4061168ec732.jpg,466,355,355 301 347 404 300
data\raw\val\09288_Plantae_Tracheophyta_Magnoliopsida_Rosales_Cannabaceae_Cannabis_sativa\f2640255-e18e-4521-916b-079c2f5b8271.jpg,466,466,466 491 381 326 494
data\raw\val\09288_Plantae_Tracheophyta_Magnoliopsida_Rosales_Cannabaceae_Cannabis_sativa\33cc6331-17d1-4c12-bf71-93cf3f9f1d5e.jpg,466,289,289 338 373 478 310
data\raw\val\09309_Plantae_Tracheophyta_Magnoliopsida_Rosales_Moraceae_Ficus_petiolaris\8a365cd8-e48c-4679-af5c-9830c366dbe2.jpg,467,466,466 431 498 494 320
data\raw\val\09309_Plantae_Tracheophyta_Magnoliopsida_Rosales_Moraceae_Ficus_petiolaris\839dcc1a-f6d2-4bd5-96b4-a246c6bd1840.jpg,467,316,316 467 431 347 348
data\raw\val\09309_Plantae_Tracheophyta_Magnoliopsida_Rosales_Moraceae_Ficus_petiolaris\a83b9725-eac8-483c-8838-c453ab44d488.jpg,467,467,467 441 358 435 440
data\raw\val\09309_Plantae_Tracheophyta_Magnoliopsida_Rosales_Moraceae_Ficus_petiolaris\65177d9b-9ce7-4d2e-a79f-4d85784a3217.jpg,467,498,498 293 278 322 201
data\raw\val\09309_Plantae_Tracheophyta_Magnoliopsida_Rosales_Moraceae_Ficus_petiolaris\632cb222-410e-4279-80b1-d9b29e837a2a.jpg,467,349,349 316 293 355 314
data\raw\val\09309_Plantae_Tracheophyta_Magnoliopsida_Rosales_Moraceae_Ficus_petiolaris\f6328e41-0d17-44ff-825f-b906309813a9.jpg,467,393,393 467 436 440 475
data\raw\val\09309_Plantae_Tracheophyta_Magnoliopsida_Rosales_Moraceae_Ficus_petiolaris\b26835a2-2704-4983-b816-c78b404479b9.jpg,467,289,289 387 497 403 95
data\raw\val\09309_Plantae_Tracheophyta_Magnoliopsida_Rosales_Moraceae_Ficus_petiolaris\c6067b88-82b6-4563-9b34-011792dd7fc2.jpg,467,308,308 403 433 472 397
data\raw\val\09309_Plantae_Tracheophyta_Magnoliopsida_Rosales_Moraceae_Ficus_petiolaris\827ac79c-1999-4d31-a7b3-2981b56c4d9d.jpg,467,280,280 497 143 173 467
data\raw\val\09309_Plantae_Tracheophyta_Magnoliopsida_Rosales_Moraceae_Ficus_petiolaris\2ed503e6-f6bd-4f88-ac8a-55d98e8c8fe8.jpg,467,467,467 393 293 431 490
data\raw\val\09333_Plantae_Tracheophyta_Magnoliopsida_Rosales_Rhamnaceae_Ceanothus_verrucosus\ba0970b4-edd1-41cd-9f69-87842518ac22.jpg,468,455,455 367 413 300 345
data\raw\val\09333_Plantae_Tracheophyta_Magnoliopsida_Rosales_Rhamnaceae_Ceanothus_verrucosus\00f6891d-2dc0-4886-aee1-cf0416a1ba33.jpg,468,365,365 418 484 338 366
data\raw\val\09333_Plantae_Tracheophyta_Magnoliopsida_Rosales_Rhamnaceae_Ceanothus_verrucosus\3abae90e-1fbc-4270-92c2-c64ebc928e7a.jpg,468,468,468 340 418 315 442
data\raw\val\09333_Plantae_Tracheophyta_Magnoliopsida_Rosales_Rhamnaceae_Ceanothus_verrucosus\8164841f-811e-4d69-96e0-04b9e057179a.jpg,468,438,438 437 313 469 468
data\raw\val\09333_Plantae_Tracheophyta_Magnoliopsida_Rosales_Rhamnaceae_Ceanothus_verrucosus\3a38b570-78cf-4c6a-91ba-34153e0823d2.jpg,468,468,468 434 470 399 438
data\raw\val\09333_Plantae_Tracheophyta_Magnoliopsida_Rosales_Rhamnaceae_Ceanothus_verrucosus\1e8310db-df43-47ec-b313-82ef4f0b03e9.jpg,468,314,314 437 468 359 313
data\raw\val\09333_Plantae_Tracheophyta_Magnoliopsida_Rosales_Rhamnaceae_Ceanothus_verrucosus\38652bb4-050b-4a5b-85e8-c234576ce1a3.jpg,468,468,468 313 314 431 418
data\raw\val\09333_Plantae_Tracheophyta_Magnoliopsida_Rosales_Rhamnaceae_Ceanothus_verrucosus\320bc2a6-f397-4803-b5d0-1cea0ff780a3.jpg,468,366,366 313 452 468 418
data\raw\val\09333_Plantae_Tracheophyta_Magnoliopsida_Rosales_Rhamnaceae_Ceanothus_verrucosus\577dceec-017f-4c64-840f-e1ad6a0de371.jpg,468,442,442 468 418 313 414
data\raw\val\09333_Plantae_Tracheophyta_Magnoliopsida_Rosales_Rhamnaceae_Ceanothus_verrucosus\269672b3-07e1-4f1d-992d-e50586a728a2.jpg,468,468,468 437 442 313 314
data\raw\val\09338_Plantae_Tracheophyta_Magnoliopsida_Rosales_Rhamnaceae_Frangula_californica\22445a9f-c6fe-46fe-a509-79ad0b9a2d36.jpg,469,438,438 437 469 468 344
data\raw\val\09338_Plantae_Tracheophyta_Magnoliopsida_Rosales_Rhamnaceae_Frangula_californica\9cbf8940-b372-4ef4-af7c-d5e34bb94312.jpg,469,470,470 460 360 399 434
data\raw\val\09338_Plantae_Tracheophyta_Magnoliopsida_Rosales_Rhamnaceae_Frangula_californica\4de2b9a1-55ef-4157-a639-724f9d570951.jpg,469,441,441 448 452 460 433
data\raw\val\09338_Plantae_Tracheophyta_Magnoliopsida_Rosales_Rhamnaceae_Frangula_californica\0c95f8d4-4a1f-4e07-b029-ac60c902e6e7.jpg,469,401,401 431 472 314 403
data\raw\val\09338_Plantae_Tracheophyta_Magnoliopsida_Rosales_Rhamnaceae_Frangula_californica\c9a283ac-f20c-4ab4-8fe2-4f906fcf911f.jpg,469,387,387 317 469 445 431
data\raw\val\09338_Plantae_Tracheophyta_Magnoliopsida_Rosales_Rhamnaceae_Frangula_californica\f10f3d76-9f9c-4045-a592-70f81b98aeaa.jpg,469,438,438 437 348 282 344
data\raw\val\09338_Plantae_Tracheophyta_Magnoliopsida_Rosales_Rhamnaceae_Frangula_californica\af915332-867d-442a-99fd-0ba17efb38f0.jpg,469,434,434 470 396 399 468
data\raw\val\09338_Plantae_Tracheophyta_Magnoliopsida_Rosales_Rhamnaceae_Frangula_californica\43571e29-5a78-40f0-bf2a-e416a1cd5386.jpg,469,369,369 313 364 468 437
data\raw\val\09338_Plantae_Tracheophyta_Magnoliopsida_Rosales_Rhamnaceae_Frangula_californica\75e68870-882c-4aa9-9f68-f67df810cf58.jpg,469,469,469 369 431 364 394
data\raw\val\09338_Plantae_Tracheophyta_Magnoliopsida_Rosales_Rhamnaceae_Frangula_californica\8f7070eb-d3ec-4593-be8f-51070586b3f8.jpg,469,460,460 451 394 363 398
data\raw\val\09404_Plantae_Tracheophyta_Magnoliopsida_Rosales_Rosaceae_Photinia_serratifolia\0281aff1-b9de-447d-9c1f-aabe9ec6cb72.jpg,470,470,470 367 307 481 408
data\raw\val\09404_Plantae_Tracheophyta_Magnoliopsida_Rosales_Rosaceae_Photinia_serratifolia\bf476747-c56b-46b4-8060-92d0b3255266.jpg,470,493,493 492 275 445 497
data\raw\val\09404_Plantae_Tracheophyta_Magnoliopsida_Rosales_Rosaceae_Photinia_serratifolia\345d7be8-de6c-4575-812a-bdb71a2500fd.jpg,470,307,307 470 481 474 405
data\raw\val\09404_Plantae_Tracheophyta_Magnoliopsida_Rosales_Rosaceae_Photinia_serratifolia\234f64ea-0a75-41f1-9532-18669eff1746.jpg,470,438,438 10 345 409 437
data\raw\val\09404_Plantae_Tracheophyta_Magnoliopsida_Rosales_Rosaceae_Photinia_serratifolia\93fc9f73-62d7-4696-8aec-c8fd97076cdb.jpg,470,477,477 482 403 474 472
data\raw\val\09404_Plantae_Tracheophyta_Magnoliopsida_Rosales_Rosaceae_Photinia_serratifolia\219d8163-26c1-4228-9330-040570830534.jpg,470,308,308 470 433 460 472
data\raw\val\09404_Plantae_Tracheophyta_Magnoliopsida_Rosales_Rosaceae_Photinia_serratifolia\8ade64ef-6c39-4ce9-b6a2-45086a45f80a.jpg,470,470,470 401 400 440 453
data\raw\val\09404_Plantae_Tracheophyta_Magnoliopsida_Rosales_Rosaceae_Photinia_serratifolia\d46c624b-bdd7-4c7b-9a6c-a393c2397d1e.jpg,470,445,445 314 321 468 431
data\raw\val\09404_Plantae_Tracheophyta_Magnoliopsida_Rosales_Rosaceae_Photinia_serratifolia\cf617091-81f3-4c1e-9ec1-6151767ef889.jpg,470,398,398 396 460 448 468
data\raw\val\09404_Plantae_Tracheophyta_Magnoliopsida_Rosales_Rosaceae_Photinia_serratifolia\13cbd704-7aa4-4e0e-8e05-9ed7b0a30e56.jpg,470,162,162 369 36 409 377
data\raw\val\09444_Plantae_Tracheophyta_Magnoliopsida_Rosales_Rosaceae_Rosa_bracteata\22e95361-b026-4786-8630-3d0f0fdbadbe.jpg,471,471,471 445 412 439 463
data\raw\val\09444_Plantae_Tracheophyta_Magnoliopsida_Rosales_Rosaceae_Rosa_bracteata\0b2e6592-20ae-438d-b953-e423a2ef6102.jpg,471,471,471 261 328 260 330
data\raw\val\09444_Plantae_Tracheophyta_Magnoliopsida_Rosales_Rosaceae_Rosa_bracteata\1de720f7-f04e-4dc5-ace8-463e1c4fd883.jpg,471,340,340 275 312 430 406
data\raw\val\09444_Plantae_Tracheophyta_Magnoliopsida_Rosales_Rosaceae_Rosa_bracteata\c92fae20-0589-40e0-a03c-6edf41470951.jpg,471,471,471 328 261 329 412
data\raw\val\09444_Plantae_Tracheophyta_Magnoliopsida_Rosales_Rosaceae_Rosa_bracteata\7f9e92a6-83d9-4b12-9e56-ff86ccd3c999.jpg,471,471,471 328 485 358 330
data\raw\val\09444_Plantae_Tracheophyta_Magnoliopsida_Rosales_Rosaceae_Rosa_bracteata\18a317e5-6a25-407d-b679-fcfed2ead970.jpg,471,471,471 328 330 358 463
data\raw\val\09444_Plantae_Tracheophyta_Magnoliopsida_Rosales_Rosaceae_Rosa_bracteata\e565241d-9ae9-47e7-b517-92b889e68d49.jpg,471,471,471 328 330 463 329
data\raw\val\09444_Plantae_Tracheophyta_Magnoliopsida_Rosales_Rosaceae_Rosa_bracteata\70b9f122-b1cd-4d41-ab8d-eacf2eca92ff.jpg,471,313,313 468 469 441 418
data\raw\val\09444_Plantae_Tracheophyta_Magnoliopsida_Rosales_Rosaceae_Rosa_bracteata\ef72218b-293d-4b3f-a4e3-6bfef77d4817.jpg,471,471,471 358 485 328 371
data\raw\val\09444_Plantae_Tracheophyta_Magnoliopsida_Rosales_Rosaceae_Rosa_bracteata\83878fe5-68b1-4c4b-952a-a2f4a983b02c.jpg,471,336,336 321 421 205 463
data\raw\val\09460_Plantae_Tracheophyta_Magnoliopsida_Rosales_Rosaceae_Rubus_bifrons\aadaafee-4fbe-4fb1-b63b-0beb441d1461.jpg,472,311,311 383 310 400 436
data\raw\val\09460_Plantae_Tracheophyta_Magnoliopsida_Rosales_Rosaceae_Rubus_bifrons\f581858a-6dce-44d3-9def-04a14b486658.jpg,472,477,477 311 411 373 485
data\raw\val\09460_Plantae_Tracheophyta_Magnoliopsida_Rosales_Rosaceae_Rubus_bifrons\58758649-ae8b-4797-a16b-919cb2ad03bf.jpg,472,262,262 93 493 312 492
data\raw\val\09460_Plantae_Tracheophyta_Magnoliopsida_Rosales_Rosaceae_Rubus_bifrons\c37015c9-7fd4-4631-8e93-0e5d4888f8b4.jpg,472,418,418 302 322 284 295
data\raw\val\09460_Plantae_Tracheophyta_Magnoliopsida_Rosales_Rosaceae_Rubus_bifrons\72033db7-cedc-4211-b36c-94c1e3c5cc51.jpg,472,470,470 401 472 431 433
data\raw\val\09460_Plantae_Tracheophyta_Magnoliopsida_Rosales_Rosaceae_Rubus_bifrons\719726e1-1857-4b3a-b43f-3cb976cc3c5b.jpg,472,401,401 472 403 470 483
data\raw\val\09460_Plantae_Tracheophyta_Magnoliopsida_Rosales_Rosaceae_Rubus_bifrons\c66858d7-111d-4e5a-9975-225aa73a751d.jpg,472,357,357 453 383 408 373
data\raw\val\09460_Plantae_Tracheophyta_Magnoliopsida_Rosales_Rosaceae_Rubus_bifrons\040f7fef-98ab-4e50-86f7-2096c546ff5c.jpg,472,470,470 472 445 308 473
data\raw\val\09460_Plantae_Tracheophyta_Magnoliopsida_Rosales_Rosaceae_Rubus_bifrons\4887abd8-3575-4425-83a6-2235c39bf9d9.jpg,472,310,310 499 495 383 415
data\raw\val\09460_Plantae_Tracheophyta_Magnoliopsida_Rosales_Rosaceae_Rubus_bifrons\52f71fd9-c56b-4452-acde-6e2d35532e84.jpg,472,383,383 419 411 357 447
data\raw\val\09468_Plantae_Tracheophyta_Magnoliopsida_Rosales_Rosaceae_Rubus_laciniatus\9872d8ef-5a07-43d8-bef9-084c60040a72.jpg,473,403,403 466 495 384 324
data\raw\val\09468_Plantae_Tracheophyta_Magnoliopsida_Rosales_Rosaceae_Rubus_laciniatus\66bd7ef8-ae88-4250-aa3d-714db7b9d7e0.jpg,473,453,453 408 468 336 358
data\raw\val\09468_Plantae_Tracheophyta_Magnoliopsida_Rosales_Rosaceae_Rubus_laciniatus\26553bc2-639b-47f2-8504-15cd061b2b48.jpg,473,363,363 307 474 481 470
data\raw\val\09468_Plantae_Tracheophyta_Magnoliopsida_Rosales_Rosaceae_Rubus_laciniatus\4d5a7eb4-a2c7-4a29-b2db-1f812986470b.jpg,473,473,473 29 362 307 361
data\raw\val\09468_Plantae_Tracheophyta_Magnoliopsida_Rosales_Rosaceae_Rubus_laciniatus\ba07c373-2e13-4b71-9a35-1d2c930e5939.jpg,473,473,473 362 499 311 472
data\raw\val\09468_Plantae_Tracheophyta_Magnoliopsida_Rosales_Rosaceae_Rubus_laciniatus\bcd64498-6b44-4dae-b814-b2732846e912.jpg,473,310,310 495 415 317 494
data\raw\val\09468_Plantae_Tracheophyta_Magnoliopsida_Rosales_Rosaceae_Rubus_laciniatus\60db9243-1ece-4162-9be1-df7494c242c7.jpg,473,468,468 315 470 433 437
data\raw\val\09468_Plantae_Tracheophyta_Magnoliopsida_Rosales_Rosaceae_Rubus_laciniatus\68c0e1ae-8892-4ce0-9262-62748fe4b645.jpg,473,28,28 453 408 472 473
data\raw\val\09468_Plantae_Tracheophyta_Magnoliopsida_Rosales_Rosaceae_Rubus_laciniatus\9f006a54-e2b5-4498-b2da-2e295d59a0eb.jpg,473,470,470 460 473 440 396
data\raw\val\09468_Plantae_Tracheophyta_Magnoliopsida_Rosales_Rosaceae_Rubus_laciniatus\8457e46e-2815-4a77-a78d-53045230203f.jpg,473,308,308 470 433 460 394
data\raw\val\09476_Plantae_Tracheophyta_Magnoliopsida_Rosales_Rosaceae_Rubus_saxatilis\69bf4aaf-9f57-4b81-8f58-f1600153a4a5.jpg,474,474,474 363 307 481 364
data\raw\val\09476_Plantae_Tracheophyta_Magnoliopsida_Rosales_Rosaceae_Rubus_saxatilis\bccec1c5-c3cd-481f-b279-a571ce01ec46.jpg,474,474,474 369 364 363 482
data\raw\val\09476_Plantae_Tracheophyta_Magnoliopsida_Rosales_Rosaceae_Rubus_saxatilis\02e96774-2e71-4de7-ba54-1a5284e7b1ea.jpg,474,482,482 397 474 475 360
data\raw\val\09476_Plantae_Tracheophyta_Magnoliopsida_Rosales_Rosaceae_Rubus_saxatilis\c9863420-612c-4bda-8c2f-83bbfc957b70.jpg,474,474,474 362 476 363 307
data\raw\val\09476_Plantae_Tracheophyta_Magnoliopsida_Rosales_Rosaceae_Rubus_saxatilis\03fceb70-5495-4582-b4ee-6dfaa1768e91.jpg,474,474,474 363 436 481 207
data\raw\val\09476_Plantae_Tracheophyta_Magnoliopsida_Rosales_Rosaceae_Rubus_saxatilis\2454ae16-ef7d-4f25-ae7f-5e9e855fc6a9.jpg,474,474,474 363 307 481 364
data\raw\val\09476_Plantae_Tracheophyta_Magnoliopsida_Rosales_Rosaceae_Rubus_saxatilis\5c30ef65-8d61-47f3-b5d7-92908eb2ad47.jpg,474,481,481 474 363 356 448
data\raw\val\09476_Plantae_Tracheophyta_Magnoliopsida_Rosales_Rosaceae_Rubus_saxatilis\9de73f95-9216-4af0-a45e-5cec72cb3409.jpg,474,474,474 482 481 360 470
data\raw\val\09476_Plantae_Tracheophyta_Magnoliopsida_Rosales_Rosaceae_Rubus_saxatilis\2109dbc0-a97e-4d04-8a42-6db0fe39f593.jpg,474,436,436 310 400 483 360
data\raw\val\09476_Plantae_Tracheophyta_Magnoliopsida_Rosales_Rosaceae_Rubus_saxatilis\81194746-2b4d-4196-86a9-0ec1846951e7.jpg,474,438,438 353 364 344 315
data\raw\val\09499_Plantae_Tracheophyta_Magnoliopsida_Rosales_Ulmaceae_Ulmus_americana\6627d367-f74b-4001-886a-e80a91ba2a3a.jpg,475,311,311 357 400 483 477
data\raw\val\09499_Plantae_Tracheophyta_Magnoliopsida_Rosales_Ulmaceae_Ulmus_americana\e9f72628-8187-47e6-958f-9c9d74ad987e.jpg,475,253,253 14 39 40 75
data\raw\val\09499_Plantae_Tracheophyta_Magnoliopsida_Rosales_Ulmaceae_Ulmus_americana\ecf710e5-8773-4aef-9880-e1b508ec9d7c.jpg,475,50,50 195 165 181 61
data\raw\val\09499_Plantae_Tracheophyta_Magnoliopsida_Rosales_Ulmaceae_Ulmus_americana\f5588fd3-a3a2-43e8-ad3c-70a96719d998.jpg,475,477,477 356 357 436 475
data\raw\val\09499_Plantae_Tracheophyta_Magnoliopsida_Rosales_Ulmaceae_Ulmus_americana\8fae50f9-e1b3-43f8-a247-ee74d3054ec4.jpg,475,1,1 25 112 294 108
data\raw\val\09499_Plantae_Tracheophyta_Magnoliopsida_Rosales_Ulmaceae_Ulmus_americana\d5111bdc-20dc-444c-8ec2-33b446f2d3b1.jpg,475,96,96 95 477 485 41
data\raw\val\09499_Plantae_Tracheophyta_Magnoliopsida_Rosales_Ulmaceae_Ulmus_americana\555c8462-0ea1-4ec1-8b79-fe55d8295cab.jpg,475,184,184 233 236 240 226
data\raw\val\09499_Plantae_Tracheophyta_Magnoliopsida_Rosales_Ulmaceae_Ulmus_americana\d28ceb15-e1a3-404e-9a50-7017ce97c956.jpg,475,312,312 310 407 383 311
data\raw\val\09499_Plantae_Tracheophyta_Magnoliopsida_Rosales_Ulmaceae_Ulmus_americana\d6756489-618b-4055-9df0-202ce9e314d3.jpg,475,397,397 403 464 415 497
data\raw\val\09499_Plantae_Tracheophyta_Magnoliopsida_Rosales_Ulmaceae_Ulmus_americana\381340cb-0b4e-4236-ac42-b0ee57808c3e.jpg,475,400,400 436 360 483 482
data\raw\val\09541_Plantae_Tracheophyta_Magnoliopsida_Sapindales_Anacardiaceae_Rhus_typhina\13dd74ae-855a-41a9-bbcd-3c228653d5a4.jpg,476,312,312 479 281 476 436
data\raw\val\09541_Plantae_Tracheophyta_Magnoliopsida_Sapindales_Anacardiaceae_Rhus_typhina\c0162f5f-7443-4110-a393-50a3d9320cfb.jpg,476,476,476 474 307 436 481
data\raw\val\09541_Plantae_Tracheophyta_Magnoliopsida_Sapindales_Anacardiaceae_Rhus_typhina\f52b0d93-95a8-49ca-abd0-a65785cba568.jpg,476,447,447 388 352 263 474
data\raw\val\09541_Plantae_Tracheophyta_Magnoliopsida_Sapindales_Anacardiaceae_Rhus_typhina\ed59394e-962d-4441-a1db-be92277c23fd.jpg,476,307,307 476 362 363 361
data\raw\val\09541_Plantae_Tracheophyta_Magnoliopsida_Sapindales_Anacardiaceae_Rhus_typhina\4f14d69b-4b9f-4081-aadc-1a8f0f9dc38c.jpg,476,363,363 436 307 476 481
data\raw\val\09541_Plantae_Tracheophyta_Magnoliopsida_Sapindales_Anacardiaceae_Rhus_typhina\e364183c-d81c-4a5a-adf2-dee09fa05266.jpg,476,211,211 100 215 8 49
data\raw\val\09541_Plantae_Tracheophyta_Magnoliopsida_Sapindales_Anacardiaceae_Rhus_typhina\f4c6ac0b-f6de-4d61-97ff-8e99490b3b57.jpg,476,476,476 363 307 288 474
data\raw\val\09541_Plantae_Tracheophyta_Magnoliopsida_Sapindales_Anacardiaceae_Rhus_typhina\007a9983-bdf1-4893-ad39-e2da05073ce9.jpg,476,87,87 476 86 130 207
data\raw\val\09541_Plantae_Tracheophyta_Magnoliopsida_Sapindales_Anacardiaceae_Rhus_typhina\70d3b981-52b9-42f6-a2f7-1ec377886e31.jpg,476,220,220 199 376 280 214
data\raw\val\09541_Plantae_Tracheophyta_Magnoliopsida_Sapindales_Anacardiaceae_Rhus_typhina\6b05d77f-7336-4569-b280-ed1ca0a632de.jpg,476,461,461 425 459 422 307
data\raw\val\09573_Plantae_Tracheophyta_Magnoliopsida_Sapindales_Sapindaceae_Acer_nigrum\1135213d-92e0-4bc5-baa1-25261f7b35ca.jpg,477,340,340 357 312 358 479
data\raw\val\09573_Plantae_Tracheophyta_Magnoliopsida_Sapindales_Sapindaceae_Acer_nigrum\cd42c39c-6472-4fe5-85e5-983213ceaafa.jpg,477,482,482 357 311 483 356
data\raw\val\09573_Plantae_Tracheophyta_Magnoliopsida_Sapindales_Sapindaceae_Acer_nigrum\a96d35e0-476e-4d74-b9b9-8e16fd51e795.jpg,477,477,477 475 356 400 483
data\raw\val\09573_Plantae_Tracheophyta_Magnoliopsida_Sapindales_Sapindaceae_Acer_nigrum\feb23d56-0b4e-49bf-8321-1904c1269b9b.jpg,477,483,483 400 310 475 477
data\raw\val\09573_Plantae_Tracheophyta_Magnoliopsida_Sapindales_Sapindaceae_Acer_nigrum\07f2fea7-8a3c-4327-80a6-ba0881941a87.jpg,477,312,312 440 497 493 396
data\raw\val\09573_Plantae_Tracheophyta_Magnoliopsida_Sapindales_Sapindaceae_Acer_nigrum\c6124b1d-0aec-4d31-8405-3f5977f69475.jpg,477,475,475 483 477 400 95
data\raw\val\09573_Plantae_Tracheophyta_Magnoliopsida_Sapindales_Sapindaceae_Acer_nigrum\013af47c-b343-4850-b299-77178f7b556d.jpg,477,95,95 482 443 477 483
data\raw\val\09573_Plantae_Tracheophyta_Magnoliopsida_Sapindales_Sapindaceae_Acer_nigrum\f11f436d-8d2e-4a5f-906e-857d7474e637.jpg,477,395,395 435 477 399 400
data\raw\val\09573_Plantae_Tracheophyta_Magnoliopsida_Sapindales_Sapindaceae_Acer_nigrum\b0eaa4ed-f54a-47ef-9b63-f57e3fd4c750.jpg,477,435,435 391 394 397 398
data\raw\val\09573_Plantae_Tracheophyta_Magnoliopsida_Sapindales_Sapindaceae_Acer_nigrum\effb5d40-bcfa-4546-b170-908cf2645f1a.jpg,477,436,436 400 475 311 356
data\raw\val\09584_Plantae_Tracheophyta_Magnoliopsida_Sapindales_Sapindaceae_Aesculus_glabra\59943210-24e2-44db-adaa-9c958db1ff13.jpg,478,482,482 360 400 436 440
data\raw\val\09584_Plantae_Tracheophyta_Magnoliopsida_Sapindales_Sapindaceae_Aesculus_glabra\956be45f-d459-4148-a677-c05941e8d8b3.jpg,478,477,477 478 356 400 357
data\raw\val\09584_Plantae_Tracheophyta_Magnoliopsida_Sapindales_Sapindaceae_Aesculus_glabra\cbb1505b-a581-4c6a-90a7-cb727c75d782.jpg,478,297,297 374 334 463 298
data\raw\val\09584_Plantae_Tracheophyta_Magnoliopsida_Sapindales_Sapindaceae_Aesculus_glabra\a64a5d8c-a322-440d-9a10-d1c181115e35.jpg,478,240,240 274 268 497 233
data\raw\val\09584_Plantae_Tracheophyta_Magnoliopsida_Sapindales_Sapindaceae_Aesculus_glabra\5ee4c730-bf4c-4c30-a6fd-767a5ef2c987.jpg,478,322,322 299 298 297 309
data\raw\val\09584_Plantae_Tracheophyta_Magnoliopsida_Sapindales_Sapindaceae_Aesculus_glabra\722d7aff-8798-4207-a34a-fc402d6df9e7.jpg,478,308,308 432 384 478 299
data\raw\val\09584_Plantae_Tracheophyta_Magnoliopsida_Sapindales_Sapindaceae_Aesculus_glabra\507618bb-2740-491e-b5fc-f1d311f2038b.jpg,478,398,398 436 476 413 395
data\raw\val\09584_Plantae_Tracheophyta_Magnoliopsida_Sapindales_Sapindaceae_Aesculus_glabra\2d595419-3a8a-40cc-b807-bfc494c692a3.jpg,478,308,308 356 469 433 470
data\raw\val\09584_Plantae_Tracheophyta_Magnoliopsida_Sapindales_Sapindaceae_Aesculus_glabra\770fda9b-d2e3-47fa-851e-e34e2547cbca.jpg,478,308,308 478 394 403 299
data\raw\val\09584_Plantae_Tracheophyta_Magnoliopsida_Sapindales_Sapindaceae_Aesculus_glabra\84a70250-060a-4f6d-9138-d01f7ad63cf8.jpg,478,34,34 15 433 222 23
data\raw\val\09593_Plantae_Tracheophyta_Magnoliopsida_Sapindales_Simaroubaceae_Ailanthus_altissima\c6ce3d65-7a91-4b3f-b99b-abd7b2f02fb6.jpg,479,310,310 311 383 495 483
data\raw\val\09593_Plantae_Tracheophyta_Magnoliopsida_Sapindales_Simaroubaceae_Ailanthus_altissima\cc0025e3-343e-4334-b4f2-32a873c2cd91.jpg,479,396,396 440 408 479 481
data\raw\val\09593_Plantae_Tracheophyta_Magnoliopsida_Sapindales_Simaroubaceae_Ailanthus_altissima\2f95c17f-7695-4981-b7b7-4d7051a970a7.jpg,479,473,473 482 275 344 369
data\raw\val\09593_Plantae_Tracheophyta_Magnoliopsida_Sapindales_Simaroubaceae_Ailanthus_altissima\dd0a2685-f407-408c-a087-243adc9f7ce2.jpg,479,355,355 278 476 280 488
data\raw\val\09593_Plantae_Tracheophyta_Magnoliopsida_Sapindales_Simaroubaceae_Ailanthus_altissima\16bc3dff-56b9-4659-b999-de16663a0d92.jpg,479,407,407 343 345 289 403
data\raw\val\09593_Plantae_Tracheophyta_Magnoliopsida_Sapindales_Simaroubaceae_Ailanthus_altissima\81ac8c2d-cb5e-4e8f-acad-85908bf70404.jpg,479,274,274 326 320 403 302
data\raw\val\09593_Plantae_Tracheophyta_Magnoliopsida_Sapindales_Simaroubaceae_Ailanthus_altissima\66e2072f-4f82-4e96-a2ee-547e0b95f7d9.jpg,479,318,318 377 324 493 445
data\raw\val\09593_Plantae_Tracheophyta_Magnoliopsida_Sapindales_Simaroubaceae_Ailanthus_altissima\6b37940a-445a-4f92-b15f-78dc7f43465d.jpg,479,395,395 398 479 489 488
data\raw\val\09593_Plantae_Tracheophyta_Magnoliopsida_Sapindales_Simaroubaceae_Ailanthus_altissima\a43da66b-53de-445d-8260-98df1cc35732.jpg,479,347,347 131 489 136 283
data\raw\val\09593_Plantae_Tracheophyta_Magnoliopsida_Sapindales_Simaroubaceae_Ailanthus_altissima\5dfdc451-efdf-4f31-98d9-8571be9efac7.jpg,479,463,463 335 403 381 317
data\raw\val\09615_Plantae_Tracheophyta_Magnoliopsida_Saxifragales_Crassulaceae_Sedum_lanceolatum\6259768a-7857-4a67-8859-2a76c87ffabd.jpg,480,480,480 334 333 256 274
data\raw\val\09615_Plantae_Tracheophyta_Magnoliopsida_Saxifragales_Crassulaceae_Sedum_lanceolatum\56efbf56-9f5a-4062-beaa-132e9273d0cb.jpg,480,480,480 282 404 256 428
data\raw\val\09615_Plantae_Tracheophyta_Magnoliopsida_Saxifragales_Crassulaceae_Sedum_lanceolatum\44e45b46-5503-457c-9b52-16b1bfffe1c4.jpg,480,480,480 337 325 334 326
data\raw\val\09615_Plantae_Tracheophyta_Magnoliopsida_Saxifragales_Crassulaceae_Sedum_lanceolatum\835bc0ed-8d21-442a-abb1-7fd370033a1e.jpg,480,256,256 458 441 273 325
data\raw\val\09615_Plantae_Tracheophyta_Magnoliopsida_Saxifragales_Crassulaceae_Sedum_lanceolatum\6e91b8a8-d04f-4c50-8182-d5f97ddc504a.jpg,480,344,344 422 354 348 116
data\raw\val\09615_Plantae_Tracheophyta_Magnoliopsida_Saxifragales_Crassulaceae_Sedum_lanceolatum\e60b5021-eb81-4d59-a660-af0dc72a126b.jpg,480,257,257 124 276 246 480
data\raw\val\09615_Plantae_Tracheophyta_Magnoliopsida_Saxifragales_Crassulaceae_Sedum_lanceolatum\d768e6b6-b947-487b-8db0-91e755329542.jpg,480,480,480 348 350 369 337
data\raw\val\09615_Plantae_Tracheophyta_Magnoliopsida_Saxifragales_Crassulaceae_Sedum_lanceolatum\73bc9d21-814f-436f-89e1-4e00ae36de21.jpg,480,314,314 438 324 437 316
data\raw\val\09615_Plantae_Tracheophyta_Magnoliopsida_Saxifragales_Crassulaceae_Sedum_lanceolatum\546d302e-e0f8-454a-be73-3bd55a87661f.jpg,480,480,480 282 342 92 90
data\raw\val\09615_Plantae_Tracheophyta_Magnoliopsida_Saxifragales_Crassulaceae_Sedum_lanceolatum\6d0d516b-4587-4a38-9a97-68b55460813e.jpg,480,480,480 326 334 333 332
data\raw\val\09636_Plantae_Tracheophyta_Magnoliopsida_Saxifragales_Grossulariaceae_Ribes_rubrum\e8469c79-bc9b-4d3a-9efa-d9bec5fa8e71.jpg,481,481,481 474 408 363 356
data\raw\val\09636_Plantae_Tracheophyta_Magnoliopsida_Saxifragales_Grossulariaceae_Ribes_rubrum\05c93158-62a6-4e31-a268-3517addb50d3.jpg,481,481,481 363 307 460 356
data\raw\val\09636_Plantae_Tracheophyta_Magnoliopsida_Saxifragales_Grossulariaceae_Ribes_rubrum\f62f3e49-360e-4f1f-8aa9-76115287c12e.jpg,481,493,493 496 492 489 499
data\raw\val\09636_Plantae_Tracheophyta_Magnoliopsida_Saxifragales_Grossulariaceae_Ribes_rubrum\03f622cb-49a9-43c5-9fc8-1e663236e721.jpg,481,274,274 497 492 343 480
data\raw\val\09636_Plantae_Tracheophyta_Magnoliopsida_Saxifragales_Grossulariaceae_Ribes_rubrum\397f43ca-9afe-4804-81d4-a3bfd862395a.jpg,481,363,363 481 362 474 307
data\raw\val\09636_Plantae_Tracheophyta_Magnoliopsida_Saxifragales_Grossulariaceae_Ribes_rubrum\8e8d6328-e466-4831-a02a-86f8122182f1.jpg,481,311,311 310 483 4 383
data\raw\val\09636_Plantae_Tracheophyta_Magnoliopsida_Saxifragales_Grossulariaceae_Ribes_rubrum\07bec2f0-890b-40d0-a289-4a57b07d356f.jpg,481,499,499 310 383 411 407
data\raw\val\09636_Plantae_Tracheophyta_Magnoliopsida_Saxifragales_Grossulariaceae_Ribes_rubrum\ab559409-45c7-46f0-b1e0-05b217c1b2db.jpg,481,342,342 289 95 387 403
data\raw\val\09636_Plantae_Tracheophyta_Magnoliopsida_Saxifragales_Grossulariaceae_Ribes_rubrum\b3e83bb7-1e35-4a19-bbdb-cbb7287f8dc7.jpg,481,364,364 407 275 338 408
data\raw\val\09636_Plantae_Tracheophyta_Magnoliopsida_Saxifragales_Grossulariaceae_Ribes_rubrum\19a403d6-1415-42d1-844e-189d17300a81.jpg,481,481,481 362 363 473 307
data\raw\val\09639_Plantae_Tracheophyta_Magnoliopsida_Saxifragales_Grossulariaceae_Ribes_triste\3021c4cd-9a2b-496a-8f5a-7cc1c9774ad0.jpg,482,474,474 482 403 440 472
data\raw\val\09639_Plantae_Tracheophyta_Magnoliopsida_Saxifragales_Grossulariaceae_Ribes_triste\f20dabc1-2c31-47e1-b393-6fcc01c1e45d.jpg,482,331,331 369 403 327 377
data\raw\val\09639_Plantae_Tracheophyta_Magnoliopsida_Saxifragales_Grossulariaceae_Ribes_triste\88a579b3-10d0-4a0f-beec-cbd56f7a809d.jpg,482,403,403 95 472 478 477
data\raw\val\09639_Plantae_Tracheophyta_Magnoliopsida_Saxifragales_Grossulariaceae_Ribes_triste\3f3c8eb4-c1f7-4e60-bf3f-e4a0cf3ef2ec.jpg,482,266,266 123 482 267 249
data\raw\val\09639_Plantae_Tracheophyta_Magnoliopsida_Saxifragales_Grossulariaceae_Ribes_triste\76250043-f61d-4142-ba41-68ccea5a60e6.jpg,482,311,311 482 472 438 403
data\raw\val\09639_Plantae_Tracheophyta_Magnoliopsida_Saxifragales_Grossulariaceae_Ribes_triste\644322f5-34e1-487d-8084-0b5e057d3144.jpg,482,433,433 460 312 345 453
data\raw\val\09639_Plantae_Tracheophyta_Magnoliopsida_Saxifragales_Grossulariaceae_Ribes_triste\5d9d3bbd-7b6f-4659-a852-7a45a15e05a9.jpg,482,353,353 491 294 482 295
data\raw\val\09639_Plantae_Tracheophyta_Magnoliopsida_Saxifragales_Grossulariaceae_Ribes_triste\2e04dfe4-7b10-4a4c-b657-aa34dee8230d.jpg,482,353,353 438 344 450 473
data\raw\val\09639_Plantae_Tracheophyta_Magnoliopsida_Saxifragales_Grossulariaceae_Ribes_triste\f52f1f07-0c25-4027-b649-4b4bd62e3194.jpg,482,360,360 434 482 399 400
data\raw\val\09639_Plantae_Tracheophyta_Magnoliopsida_Saxifragales_Grossulariaceae_Ribes_triste\cba98bab-92ef-412d-9d15-ba9cf3ae7b8d.jpg,482,482,482 443 357 477 474
data\raw\val\09644_Plantae_Tracheophyta_Magnoliopsida_Saxifragales_Hamamelidaceae_Hamamelis_virginiana\6bf76fe0-e61e-4ace-8b12-23c5e34044ce.jpg,483,383,383 453 311 408 462
data\raw\val\09644_Plantae_Tracheophyta_Magnoliopsida_Saxifragales_Hamamelidaceae_Hamamelis_virginiana\be5f06e9-02b2-49e3-a961-7286ef306f8b.jpg,483,327,327 131 253 394 404
data\raw\val\09644_Plantae_Tracheophyta_Magnoliopsida_Saxifragales_Hamamelidaceae_Hamamelis_virginiana\f57e4795-7922-4516-8d70-ece0d50343eb.jpg,483,400,400 431 434 475 435
data\raw\val\09644_Plantae_Tracheophyta_Magnoliopsida_Saxifragales_Hamamelidaceae_Hamamelis_virginiana\d97a3f73-8315-4421-8b3a-8bfa3e8fe33d.jpg,483,400,400 360 436 482 443
data\raw\val\09644_Plantae_Tracheophyta_Magnoliopsida_Saxifragales_Hamamelidaceae_Hamamelis_virginiana\b226e74f-7ccd-4362-b302-afdce7425705.jpg,483,482,482 360 443 400 436
data\raw\val\09644_Plantae_Tracheophyta_Magnoliopsida_Saxifragales_Hamamelidaceae_Hamamelis_virginiana\b71a174e-c819-4b0e-9dd2-b3663ce09a1d.jpg,483,400,400 483 470 356 479
data\raw\val\09644_Plantae_Tracheophyta_Magnoliopsida_Saxifragales_Hamamelidaceae_Hamamelis_virginiana\bf2043ba-5bfb-4257-a012-811e5aa7b541.jpg,483,313,313 483 456 253 38
data\raw\val\09644_Plantae_Tracheophyta_Magnoliopsida_Saxifragales_Hamamelidaceae_Hamamelis_virginiana\0548e1b1-5363-43f8-8086-6642a9dc8b55.jpg,483,299,299 289 404 304 297
data\raw\val\09644_Plantae_Tracheophyta_Magnoliopsida_Saxifragales_Hamamelidaceae_Hamamelis_virginiana\582e06e4-707c-4b61-aad1-4815f74dad8b.jpg,483,401,401 360 483 470 307
data\raw\val\09644_Plantae_Tracheophyta_Magnoliopsida_Saxifragales_Hamamelidaceae_Hamamelis_virginiana\9271f2aa-7a85-4f1c-a71e-42a29e08b214.jpg,483,313,313 497 434 312 289
data\raw\val\09659_Plantae_Tracheophyta_Magnoliopsida_Saxifragales_Saxifragaceae_Micranthes_californica\1bfa212f-d5f5-430b-aba2-6fe47b01069b.jpg,484,368,368 484 449 455 291
data\raw\val\09659_Plantae_Tracheophyta_Magnoliopsida_Saxifragales_Saxifragaceae_Micranthes_californica\029eb23f-315a-4bdd-b9f2-9fd0b9a174ae.jpg,484,484,484 315 372 330 328
data\raw\val\09659_Plantae_Tracheophyta_Magnoliopsida_Saxifragales_Saxifragaceae_Micranthes_californica\44afd2f1-156b-4ec3-bca2-0138e05fbd3c.jpg,484,365,365 315 484 336 427
data\raw\val\09659_Plantae_Tracheophyta_Magnoliopsida_Saxifragales_Saxifragaceae_Micranthes_californica\dbad83ca-5ff3-40ad-b071-8a377e2433a4.jpg,484,484,484 421 341 330 424
data\raw\val\09659_Plantae_Tracheophyta_Magnoliopsida_Saxifragales_Saxifragaceae_Micranthes_californica\56dfe6f7-ac4e-4986-8f7f-0c75b0b30791.jpg,484,421,421 450 339 484 340
data\raw\val\09659_Plantae_Tracheophyta_Magnoliopsida_Saxifragales_Saxifragaceae_Micranthes_californica\29a5d3c3-ac3c-48ce-99ea-cf8f685bcae7.jpg,484,484,484 455 368 330 408
data\raw\val\09659_Plantae_Tracheophyta_Magnoliopsida_Saxifragales_Saxifragaceae_Micranthes_californica\37afc4fe-f08b-4234-82fc-68b7e01dde6f.jpg,484,365,365 455 366 484 468
data\raw\val\09659_Plantae_Tracheophyta_Magnoliopsida_Saxifragales_Saxifragaceae_Micranthes_californica\be929f1b-f67d-4abc-ace3-38551f08fb67.jpg,484,484,484 336 330 341 421
data\raw\val\09659_Plantae_Tracheophyta_Magnoliopsida_Saxifragales_Saxifragaceae_Micranthes_californica\ced095b1-98b9-4f45-b136-15be46cd7684.jpg,484,288,288 287 474 482 363
data\raw\val\09659_Plantae_Tracheophyta_Magnoliopsida_Saxifragales_Saxifragaceae_Micranthes_californica\5855f8fe-592c-45d7-b68b-e3a24417c657.jpg,484,455,455 484 277 383 336
data\raw\val\09677_Plantae_Tracheophyta_Magnoliopsida_Solanales_Convolvulaceae_Calystegia_sepium\d46b7512-45e7-4e7b-bb64-15de3007c670.jpg,485,485,485 341 443 424 405
data\raw\val\09677_Plantae_Tracheophyta_Magnoliopsida_Solanales_Convolvulaceae_Calystegia_sepium\639ce297-d27e-47bf-b094-ef79252bf485.jpg,485,485,485 447 411 373 357
data\raw\val\09677_Plantae_Tracheophyta_Magnoliopsida_Solanales_Convolvulaceae_Calystegia_sepium\be064e13-5b0a-42bc-bf53-bc214d2ade74.jpg,485,485,485 447 443 405 357
data\raw\val\09677_Plantae_Tracheophyta_Magnoliopsida_Solanales_Convolvulaceae_Calystegia_sepium\675d52ad-c0c2-49cb-b4e8-1d8b99ab2d0c.jpg,485,460,460 396 399 440 433
data\raw\val\09677_Plantae_Tracheophyta_Magnoliopsida_Solanales_Convolvulaceae_Calystegia_sepium\b1240060-a2b8-47cb-972a-fa571ba4d138.jpg,485,358,358 340 436 440 373
data\raw\val\09677_Plantae_Tracheophyta_Magnoliopsida_Solanales_Convolvulaceae_Calystegia_sepium\53bec666-327b-4045-93c5-2b1300a264d3.jpg,485,405,405 485 447 371 464
data\raw\val\09677_Plantae_Tracheophyta_Magnoliopsida_Solanales_Convolvulaceae_Calystegia_sepium\e455b44b-5cd7-4dea-b1eb-a897a069c88e.jpg,485,485,485 447 358 443 405
data\raw\val\09677_Plantae_Tracheophyta_Magnoliopsida_Solanales_Convolvulaceae_Calystegia_sepium\cbd70072-c69d-4fbb-a51f-7eb3600f637c.jpg,485,485,485 447 471 358 357
data\raw\val\09677_Plantae_Tracheophyta_Magnoliopsida_Solanales_Convolvulaceae_Calystegia_sepium\1a048de3-0037-4eed-89b3-0cf2aa25c702.jpg,485,485,485 341 411 330 464
data\raw\val\09677_Plantae_Tracheophyta_Magnoliopsida_Solanales_Convolvulaceae_Calystegia_sepium\a48beb88-1c48-491d-abd1-c2c33c85156a.jpg,485,485,485 231 471 61 456
data\raw\val\09776_Plantae_Tracheophyta_Pinopsida_Pinales_Cupressaceae_Cupressus_macrocarpa\c4349458-ab83-4f8b-b38c-d2a1467f8885.jpg,486,9,9 372 265 315 379
data\raw\val\09776_Plantae_Tracheophyta_Pinopsida_Pinales_Cupressaceae_Cupressus_macrocarpa\796970de-d39b-45ba-9715-66d655f94e6f.jpg,486,467,467 212 347 192 278
data\raw\val\09776_Plantae_Tracheophyta_Pinopsida_Pinales_Cupressaceae_Cupressus_macrocarpa\0512f624-5f13-44e4-9f47-24de651a0316.jpg,486,486,486 398 479 399 436
data\raw\val\09776_Plantae_Tracheophyta_Pinopsida_Pinales_Cupressaceae_Cupressus_macrocarpa\b2a8f288-d168-45b9-a23a-077e08a210a8.jpg,486,486,486 274 204 488 190
data\raw\val\09776_Plantae_Tracheophyta_Pinopsida_Pinales_Cupressaceae_Cupressus_macrocarpa\0b8216e8-bd57-4b39-abd5-04026820a654.jpg,486,398,398 210 395 486 270
data\raw\val\09776_Plantae_Tracheophyta_Pinopsida_Pinales_Cupressaceae_Cupressus_macrocarpa\53551490-c7da-45ac-b360-b53392494651.jpg,486,486,486 24 88 44 168
data\raw\val\09776_Plantae_Tracheophyta_Pinopsida_Pinales_Cupressaceae_Cupressus_macrocarpa\9fe9b38a-1a9e-4a62-a487-11fee0b800dc.jpg,486,343,343 281 295 263 274
data\raw\val\09776_Plantae_Tracheophyta_Pinopsida_Pinales_Cupressaceae_Cupressus_macrocarpa\bce3d540-64a3-41b8-b504-1742f182c504.jpg,486,486,486 489 487 274 213
data\raw\val\09776_Plantae_Tracheophyta_Pinopsida_Pinales_Cupressaceae_Cupressus_macrocarpa\dd515404-002c-4ed5-837f-670b0d116e18.jpg,486,467,467 398 488 487 278
data\raw\val\09776_Plantae_Tracheophyta_Pinopsida_Pinales_Cupressaceae_Cupressus_macrocarpa\bb86ef11-67c7-423d-b4eb-028b1c05b1d7.jpg,486,447,447 489 486 476 220
data\raw\val\09786_Plantae_Tracheophyta_Pinopsida_Pinales_Cupressaceae_Juniperus_osteosperma\d2ed435a-4a26-428e-af03-6be4b1d9c04b.jpg,487,487,487 340 273 320 275
data\raw\val\09786_Plantae_Tracheophyta_Pinopsida_Pinales_Cupressaceae_Juniperus_osteosperma\7f4ce063-94e6-497e-bb20-6025a7d488f5.jpg,487,273,273 347 359 299 458
data\raw\val\09786_Plantae_Tracheophyta_Pinopsida_Pinales_Cupressaceae_Juniperus_osteosperma\121e8d8a-519b-4898-9535-62e350ef7279.jpg,487,487,487 355 327 449 366
data\raw\val\09786_Plantae_Tracheophyta_Pinopsida_Pinales_Cupressaceae_Juniperus_osteosperma\237e33c5-2141-478d-b0dd-0881b9b98530.jpg,487,355,355 431 398 488 467
data\raw\val\09786_Plantae_Tracheophyta_Pinopsida_Pinales_Cupressaceae_Juniperus_osteosperma\2c6207c7-33c9-48a8-9db4-bf701a5bbb2c.jpg,487,438,438 471 375 257 469
data\raw\val\09786_Plantae_Tracheophyta_Pinopsida_Pinales_Cupressaceae_Juniperus_osteosperma\8fce9c7d-fd54-4fe6-81b4-3ce9fc49246b.jpg,487,487,487 418 391 431 441
data\raw\val\09786_Plantae_Tracheophyta_Pinopsida_Pinales_Cupressaceae_Juniperus_osteosperma\175cfbce-ccc0-4fed-b422-019036492227.jpg,487,214,214 156 213 347 280
data\raw\val\09786_Plantae_Tracheophyta_Pinopsida_Pinales_Cupressaceae_Juniperus_osteosperma\dd1e996e-f676-4123-a410-d14720063570.jpg,487,487,487 489 366 451 354
data\raw\val\09786_Plantae_Tracheophyta_Pinopsida_Pinales_Cupressaceae_Juniperus_osteosperma\15b37202-3bf4-41d2-9604-6bf3175aeb57.jpg,487,280,280 284 293 487 467
data\raw\val\09786_Plantae_Tracheophyta_Pinopsida_Pinales_Cupressaceae_Juniperus_osteosperma\58f100f7-2351-419a-b9fb-b6700d594bcd.jpg,487,487,487 489 372 490 370
data\raw\val\09825_Plantae_Tracheophyta_Pinopsida_Pinales_Pinaceae_Pinus_lambertiana\fc17dd84-bb54-4e7e-bb6c-bbf6fcb91503.jpg,488,175,175 146 149 488 193
data\raw\val\09825_Plantae_Tracheophyta_Pinopsida_Pinales_Pinaceae_Pinus_lambertiana\d4e160b7-9d84-4896-9572-90890f2aa4f9.jpg,488,488,488 489 486 278 413
data\raw\val\09825_Plantae_Tracheophyta_Pinopsida_Pinales_Pinaceae_Pinus_lambertiana\307f889b-03db-4408-8435-f900ff005658.jpg,488,283,283 488 355 278 489
data\raw\val\09825_Plantae_Tracheophyta_Pinopsida_Pinales_Pinaceae_Pinus_lambertiana\40249d97-3f7b-43d6-bf78-3833a32e19cb.jpg,488,488,488 489 278 355 283
data\raw\val\09825_Plantae_Tracheophyta_Pinopsida_Pinales_Pinaceae_Pinus_lambertiana\a0fcca74-f999-4919-8aed-db83448bedde.jpg,488,86,86 269 63 78 236
data\raw\val\09825_Plantae_Tracheophyta_Pinopsida_Pinales_Pinaceae_Pinus_lambertiana\4692046a-5db4-4292-81a5-591fc8976385.jpg,488,488,488 398 486 489 391
data\raw\val\09825_Plantae_Tracheophyta_Pinopsida_Pinales_Pinaceae_Pinus_lambertiana\6a008e38-bac3-422a-8d85-468e1a923a72.jpg,488,372,372 418 487 315 329
data\raw\val\09825_Plantae_Tracheophyta_Pinopsida_Pinales_Pinaceae_Pinus_lambertiana\53a611cf-c078-4739-b50a-a12ee64ab0a6.jpg,488,431,431 413 398 442 487
data\raw\val\09825_Plantae_Tracheophyta_Pinopsida_Pinales_Pinaceae_Pinus_lambertiana\26f1acd2-0907-4985-a079-ba0b57b3d937.jpg,488,488,488 486 489 490 209
data\raw\val\09825_Plantae_Tracheophyta_Pinopsida_Pinales_Pinaceae_Pinus_lambertiana\a51318c6-231b-43c2-8e50-e07181c206e0.jpg,488,431,431 487 489 486 391
data\raw\val\09847_Plantae_Tracheophyta_Pinopsida_Pinales_Pinaceae_Tsuga_mertensiana\bc0e03cb-0c10-4e19-a469-5300b281a7bc.jpg,489,479,479 358 487 498 440
data\raw\val\09847_Plantae_Tracheophyta_Pinopsida_Pinales_Pinaceae_Tsuga_mertensiana\3b075d80-05ae-4cfd-aa22-23d52bfeaee7.jpg,489,496,496 489 490 487 316
data\raw\val\09847_Plantae_Tracheophyta_Pinopsida_Pinales_Pinaceae_Tsuga_mertensiana\17b44868-6001-4730-b3d2-97c67c6bb69c.jpg,489,275,275 489 490 496 273
data\raw\val\09847_Plantae_Tracheophyta_Pinopsida_Pinales_Pinaceae_Tsuga_mertensiana\30ef6e9c-40e7-45c5-8c99-ff2a9acf5d9b.jpg,489,278,278 489 486 488 487
data\raw\val\09847_Plantae_Tracheophyta_Pinopsida_Pinales_Pinaceae_Tsuga_mertensiana\8c3389f6-a362-4bef-960e-d77109f91994.jpg,489,489,489 493 494 281 486
data\raw\val\09847_Plantae_Tracheophyta_Pinopsida_Pinales_Pinaceae_Tsuga_mertensiana\2ec2c64c-735e-4099-be2f-4b6a9c632756.jpg,489,413,413 489 246 397 490
data\raw\val\09847_Plantae_Tracheophyta_Pinopsida_Pinales_Pinaceae_Tsuga_mertensiana\bba3569f-95ef-4bed-8014-218120a97687.jpg,489,398,398 489 487 488 395
data\raw\val\09847_Plantae_Tracheophyta_Pinopsida_Pinales_Pinaceae_Tsuga_mertensiana\a52d4cec-9ef3-43f5-9c61-e7a51b413634.jpg,489,486,486 488 489 278 284
data\raw\val\09847_Plantae_Tracheophyta_Pinopsida_Pinales_Pinaceae_Tsuga_mertensiana\a38f715b-f332-401e-bb1d-67366595b233.jpg,489,495,495 473 493 499 466
data\raw\val\09847_Plantae_Tracheophyta_Pinopsida_Pinales_Pinaceae_Tsuga_mertensiana\6000dea1-de8f-474e-ac80-51dd4529b084.jpg,489,343,343 274 320 335 317
data\raw\val\09855_Plantae_Tracheophyta_Pinopsida_Pinales_Podocarpaceae_Prumnopitys_taxifolia\818d4975-a3b2-480e-ae3a-5e49db92a173.jpg,490,309,309 340 489 321 487
data\raw\val\09855_Plantae_Tracheophyta_Pinopsida_Pinales_Podocarpaceae_Prumnopitys_taxifolia\1de8d16f-2cd9-4e32-8e9f-6fcaec6070ec.jpg,490,319,319 316 257 187 258
data\raw\val\09855_Plantae_Tracheophyta_Pinopsida_Pinales_Podocarpaceae_Prumnopitys_taxifolia\a258ddee-7b3d-4954-80db-f0a44d51c12c.jpg,490,313,313 484 468 369 364
data\raw\val\09855_Plantae_Tracheophyta_Pinopsida_Pinales_Podocarpaceae_Prumnopitys_taxifolia\f2ab92cb-00a8-49c3-b11f-c08667c0c8e5.jpg,490,493,493 496 399 440 473
data\raw\val\09855_Plantae_Tracheophyta_Pinopsida_Pinales_Podocarpaceae_Prumnopitys_taxifolia\024cecc2-9576-42a7-a588-8fef033b7a44.jpg,490,493,493 496 275 401 468
data\raw\val\09855_Plantae_Tracheophyta_Pinopsida_Pinales_Podocarpaceae_Prumnopitys_taxifolia\25c1cb91-80f7-4623-a59d-32a80bb0e206.jpg,490,273,273 384 403 449 458
data\raw\val\09855_Plantae_Tracheophyta_Pinopsida_Pinales_Podocarpaceae_Prumnopitys_taxifolia\8f8b74cb-6371-4ede-aeec-4ff8dab22584.jpg,490,487,487 489 488 451 398
data\raw\val\09855_Plantae_Tracheophyta_Pinopsida_Pinales_Podocarpaceae_Prumnopitys_taxifolia\53e35a39-f772-4c70-a259-43aefffded87.jpg,490,413,413 397 88 399 431
data\raw\val\09855_Plantae_Tracheophyta_Pinopsida_Pinales_Podocarpaceae_Prumnopitys_taxifolia\9d182a42-5005-47b3-9077-ded031afd72c.jpg,490,492,492 497 314 393 256
data\raw\val\09855_Plantae_Tracheophyta_Pinopsida_Pinales_Podocarpaceae_Prumnopitys_taxifolia\4e608a7e-d2c4-45d2-bcb6-058f2e4c7ee3.jpg,490,499,499 471 345 473 407
data\raw\val\09870_Plantae_Tracheophyta_Polypodiopsida_Equisetales_Equisetaceae_Equisetum_pratense\da42300e-d51f-40b8-bfe8-ca2412ebde24.jpg,491,281,281 306 309 495 466
data\raw\val\09870_Plantae_Tracheophyta_Polypodiopsida_Equisetales_Equisetaceae_Equisetum_pratense\77443d01-a7a1-44ad-8d96-53e35fb7a4fd.jpg,491,491,491 495 494 498 466
data\raw\val\09870_Plantae_Tracheophyta_Polypodiopsida_Equisetales_Equisetaceae_Equisetum_pratense\53468692-5e0d-4ab4-89a4-937b68447748.jpg,491,491,491 281 305 309 326
data\raw\val\09870_Plantae_Tracheophyta_Polypodiopsida_Equisetales_Equisetaceae_Equisetum_pratense\0c479a8b-1ec9-4de3-b2fe-4401acf820b0.jpg,491,324,324 496 494 322 402
data\raw\val\09870_Plantae_Tracheophyta_Polypodiopsida_Equisetales_Equisetaceae_Equisetum_pratense\3706f61e-4459-4c83-961c-4bfc5b6717b7.jpg,491,432,432 277 322 304 289
data\raw\val\09870_Plantae_Tracheophyta_Polypodiopsida_Equisetales_Equisetaceae_Equisetum_pratense\52f9f4ee-ad0d-42f1-a0b3-568b6118f3fe.jpg,491,495,495 317 310 381 499
data\raw\val\09870_Plantae_Tracheophyta_Polypodiopsida_Equisetales_Equisetaceae_Equisetum_pratense\f05aa3b4-454d-4d19-b1a5-bcb124ca9f0d.jpg,491,322,322 302 294 466 498
data\raw\val\09870_Plantae_Tracheophyta_Polypodiopsida_Equisetales_Equisetaceae_Equisetum_pratense\bacdcafa-e05b-4dae-9645-58e5877a6f24.jpg,491,381,381 491 281 343 495
data\raw\val\09870_Plantae_Tracheophyta_Polypodiopsida_Equisetales_Equisetaceae_Equisetum_pratense\0e0fbf7c-0292-45f2-9245-0d962b090fd4.jpg,491,491,491 303 305 309 306
data\raw\val\09870_Plantae_Tracheophyta_Polypodiopsida_Equisetales_Equisetaceae_Equisetum_pratense\04c69973-6789-4002-ac17-0a8d285f4dae.jpg,491,491,491 343 296 294 495
data\raw\val\09907_Plantae_Tracheophyta_Polypodiopsida_Polypodiales_Aspleniaceae_Asplenium_viride\5d5a0b6f-91f9-4675-91cf-e4abc4437430.jpg,492,499,499 493 492 497 453
data\raw\val\09907_Plantae_Tracheophyta_Polypodiopsida_Polypodiales_Aspleniaceae_Asplenium_viride\4d45baee-0995-4dcc-adb3-54c82577d0df.jpg,492,320,320 302 305 304 322
data\raw\val\09907_Plantae_Tracheophyta_Polypodiopsida_Polypodiales_Aspleniaceae_Asplenium_viride\d0c3f690-ff36-45b2-be8d-350b38239aa0.jpg,492,492,492 274 343 493 497
data\raw\val\09907_Plantae_Tracheophyta_Polypodiopsida_Polypodiales_Aspleniaceae_Asplenium_viride\6ed8b1f6-c1e2-4694-9f7e-467364e610a8.jpg,492,492,492 493 497 499 494
data\raw\val\09907_Plantae_Tracheophyta_Polypodiopsida_Polypodiales_Aspleniaceae_Asplenium_viride\8fb9023b-c0e0-4d8c-841c-117ba0d5dd67.jpg,492,492,492 144 497 299 256
data\raw\val\09907_Plantae_Tracheophyta_Polypodiopsida_Polypodiales_Aspleniaceae_Asplenium_viride\d77b9d31-c0ff-4d57-8fa0-bf90fcfa3761.jpg,492,492,492 493 499 497 496
data\raw\val\09907_Plantae_Tracheophyta_Polypodiopsida_Polypodiales_Aspleniaceae_Asplenium_viride\191baff8-0c06-47e6-98c9-e8473f81e98b.jpg,492,322,322 492 274 320 299
data\raw\val\09907_Plantae_Tracheophyta_Polypodiopsida_Polypodiales_Aspleniaceae_Asplenium_viride\33fa487e-6b8c-4918-9514-5b7db7ca0076.jpg,492,497,497 492 457 311 493
data\raw\val\09907_Plantae_Tracheophyta_Polypodiopsida_Polypodiales_Aspleniaceae_Asplenium_viride\7973e5a6-2d61-41c4-87f1-2b547e21712f.jpg,492,496,496 492 493 275 491
data\raw\val\09907_Plantae_Tracheophyta_Polypodiopsida_Polypodiales_Aspleniaceae_Asplenium_viride\d1b521b2-939d-448c-85bd-5db6d686fe99.jpg,492,497,497 492 457 342 343
data\raw\val\09912_Plantae_Tracheophyta_Polypodiopsida_Polypodiales_Blechnaceae_Blechnum_filiforme\9a662301-b7b3-402e-bb5c-65c6d84b2069.jpg,493,468,468 257 396 460 470
data\raw\val\09912_Plantae_Tracheophyta_Polypodiopsida_Polypodiales_Blechnaceae_Blechnum_filiforme\0c55551e-b4ce-4d18-a656-0c202170fba4.jpg,493,493,493 415 499 497 494
data\raw\val\09912_Plantae_Tracheophyta_Polypodiopsida_Polypodiales_Blechnaceae_Blechnum_filiforme\2543345b-a1e8-4727-9c3f-6fc309fb8338.jpg,493,312,312 313 434 231 499
data\raw\val\09912_Plantae_Tracheophyta_Polypodiopsida_Polypodiales_Blechnaceae_Blechnum_filiforme\7fb4e617-9194-4510-bda9-3b89108a38c9.jpg,493,489,489 490 487 497 210
data\raw\val\09912_Plantae_Tracheophyta_Polypodiopsida_Polypodiales_Blechnaceae_Blechnum_filiforme\f892dd5b-571b-4d06-8a82-556c6880f27a.jpg,493,496,496 493 492 489 497
data\raw\val\09912_Plantae_Tracheophyta_Polypodiopsida_Polypodiales_Blechnaceae_Blechnum_filiforme\911637ac-fcc0-490d-9c16-6f33c2bba9b7.jpg,493,493,493 492 496 499 275
data\raw\val\09912_Plantae_Tracheophyta_Polypodiopsida_Polypodiales_Blechnaceae_Blechnum_filiforme\1b250507-999a-47d9-a23f-f2025aec8b2c.jpg,493,496,496 497 492 493 393
data\raw\val\09912_Plantae_Tracheophyta_Polypodiopsida_Polypodiales_Blechnaceae_Blechnum_filiforme\4c5e7566-6252-486e-bbc2-6777c9c9d2a3.jpg,493,496,496 493 492 489 275
data\raw\val\09912_Plantae_Tracheophyta_Polypodiopsida_Polypodiales_Blechnaceae_Blechnum_filiforme\85f68c9b-fda1-4506-9f1b-2631d75487e3.jpg,493,275,275 496 493 324 492
data\raw\val\09912_Plantae_Tracheophyta_Polypodiopsida_Polypodiales_Blechnaceae_Blechnum_filiforme\73d3d051-e56a-4c82-baf1-42e9de36ccca.jpg,493,492,492 493 496 497 499
data\raw\val\09920_Plantae_Tracheophyta_Polypodiopsida_Polypodiales_Blechnaceae_Telmatoblechnum_serrulatum\7065a90b-00e5-4a15-8864-d7f9f6f460b1.jpg,494,466,466 494 310 479 403
data\raw\val\09920_Plantae_Tracheophyta_Polypodiopsida_Polypodiales_Blechnaceae_Telmatoblechnum_serrulatum\0f33d69e-c36e-4f5b-972e-b1d55eaf901f.jpg,494,494,494 498 491 281 495
data\raw\val\09920_Plantae_Tracheophyta_Polypodiopsida_Polypodiales_Blechnaceae_Telmatoblechnum_serrulatum\628295d0-8fef-4977-b78e-d4e16531dfe5.jpg,494,403,403 397 434 431 460
data\raw\val\09920_Plantae_Tracheophyta_Polypodiopsida_Polypodiales_Blechnaceae_Telmatoblechnum_serrulatum\7e4fa682-3947-4326-a7f4-813302948d4d.jpg,494,494,494 275 493 499 495
data\raw\val\09920_Plantae_Tracheophyta_Polypodiopsida_Polypodiales_Blechnaceae_Telmatoblechnum_serrulatum\71572310-253f-43ed-9b8c-cf00bd30f960.jpg,494,494,494 495 273 487 489
data\raw\val\09920_Plantae_Tracheophyta_Polypodiopsida_Polypodiales_Blechnaceae_Telmatoblechnum_serrulatum\d1062d65-dace-4885-b2ee-7a78f5e63476.jpg,494,338,338 284 105 289 106
data\raw\val\09920_Plantae_Tracheophyta_Polypodiopsida_Polypodiales_Blechnaceae_Telmatoblechnum_serrulatum\2463330f-f8e3-4226-8bd4-41e2873cce05.jpg,494,498,498 494 479 496 491
data\raw\val\09920_Plantae_Tracheophyta_Polypodiopsida_Polypodiales_Blechnaceae_Telmatoblechnum_serrulatum\e4843d71-1bce-4c88-babc-a964efc98cb7.jpg,494,489,489 497 384 299 432
data\raw\val\09920_Plantae_Tracheophyta_Polypodiopsida_Polypodiales_Blechnaceae_Telmatoblechnum_serrulatum\b5405f28-512c-49ab-85bd-642b434b0c18.jpg,494,494,494 314 324 275 418
data\raw\val\09920_Plantae_Tracheophyta_Polypodiopsida_Polypodiales_Blechnaceae_Telmatoblechnum_serrulatum\880a0c92-801b-446c-b56e-f50869bf4c10.jpg,494,494,494 495 498 491 281
data\raw\val\09932_Plantae_Tracheophyta_Polypodiopsida_Polypodiales_Dennstaedtiaceae_Pteridium_aquilinum\4d42813d-ac4b-409c-a26d-6a351454f5ce.jpg,495,495,495 497 466 415 499
data\raw\val\09932_Plantae_Tracheophyta_Polypodiopsida_Polypodiales_Dennstaedtiaceae_Pteridium_aquilinum\c7463265-4d88-433f-8dd6-741c9028006a.jpg,495,324,324 359 320 335 322
data\raw\val\09932_Plantae_Tracheophyta_Polypodiopsida_Polypodiales_Dennstaedtiaceae_Pteridium_aquilinum\f5a83683-9b6a-43df-b940-2fffc8d47fc0.jpg,495,495,495 310 415 462 381
data\raw\val\09932_Plantae_Tracheophyta_Polypodiopsida_Polypodiales_Dennstaedtiaceae_Pteridium_aquilinum\1d2cca59-e149-4b81-8b02-10bd760b7e5a.jpg,495,495,495 415 381 466 491
data\raw\val\09932_Plantae_Tracheophyta_Polypodiopsida_Polypodiales_Dennstaedtiaceae_Pteridium_aquilinum\dd5abe94-59de-4fb0-9a28-93257c46ed82.jpg,495,451,451 436 440 396 382
data\raw\val\09932_Plantae_Tracheophyta_Polypodiopsida_Polypodiales_Dennstaedtiaceae_Pteridium_aquilinum\3d2d5289-b333-45bc-aae9-1eb8bd7b409b.jpg,495,495,495 310 477 462 415
data\raw\val\09932_Plantae_Tracheophyta_Polypodiopsida_Polypodiales_Dennstaedtiaceae_Pteridium_aquilinum\20775e58-90f9-493d-bdac-1a740d40cfb7.jpg,495,349,349 333 240 302 285
data\raw\val\09932_Plantae_Tracheophyta_Polypodiopsida_Polypodiales_Dennstaedtiaceae_Pteridium_aquilinum\267f9691-a789-47d5-b40d-ffe1e47a7201.jpg,495,495,495 491 281 494 499
data\raw\val\09932_Plantae_Tracheophyta_Polypodiopsida_Polypodiales_Dennstaedtiaceae_Pteridium_aquilinum\4655c4cf-0350-45fe-8a84-6475d37e82ff.jpg,495,274,274 344 343 403 335
data\raw\val\09932_Plantae_Tracheophyta_Polypodiopsida_Polypodiales_Dennstaedtiaceae_Pteridium_aquilinum\f4bdc98a-9ba6-43b5-8230-bcd3db8e104e.jpg,495,495,495 466 494 491 498
data\raw\val\09955_Plantae_Tracheophyta_Polypodiopsida_Polypodiales_Polypodiaceae_Microsorum_scandens\ce403fb6-aa9f-4687-ac2a-1ce4f3f1b83b.jpg,496,491,491 343 281 309 496
data\raw\val\09955_Plantae_Tracheophyta_Polypodiopsida_Polypodiales_Polypodiaceae_Microsorum_scandens\37638f0d-aa93-4a21-aae1-af7946d76617.jpg,496,496,496 493 489 492 498
data\raw\val\09955_Plantae_Tracheophyta_Polypodiopsida_Polypodiales_Polypodiaceae_Microsorum_scandens\a2895fb5-ec27-494e-98da-5b0629c2b37a.jpg,496,324,324 438 402 359 314
data\raw\val\09955_Plantae_Tracheophyta_Polypodiopsida_Polypodiales_Polypodiaceae_Microsorum_scandens\40dcb29a-bfbe-4ed3-a0fa-66ee989e9be5.jpg,496,385,385 454 386 387 333
data\raw\val\09955_Plantae_Tracheophyta_Polypodiopsida_Polypodiales_Polypodiaceae_Microsorum_scandens\e0952fcf-3005-496e-b3e9-c1ade8e72302.jpg,496,496,496 494 489 493 498
data\raw\val\09955_Plantae_Tracheophyta_Polypodiopsida_Polypodiales_Polypodiaceae_Microsorum_scandens\11c8c820-56dc-4542-9d9c-8a1543ba33dc.jpg,496,496,496 493 492 498 275
data\raw\val\09955_Plantae_Tracheophyta_Polypodiopsida_Polypodiales_Polypodiaceae_Microsorum_scandens\df7c5c82-8167-45f7-ba9e-149ab06e3e7c.jpg,496,496,496 324 498 273 494
data\raw\val\09955_Plantae_Tracheophyta_Polypodiopsida_Polypodiales_Polypodiaceae_Microsorum_scandens\56e0e4cb-982a-4cc4-9028-dc72450c054a.jpg,496,496,496 498 489 490 494
data\raw\val\09955_Plantae_Tracheophyta_Polypodiopsida_Polypodiales_Polypodiaceae_Microsorum_scandens\798e268d-9654-4df1-8819-235f387570e2.jpg,496,493,493 498 496 308 494
data\raw\val\09955_Plantae_Tracheophyta_Polypodiopsida_Polypodiales_Polypodiaceae_Microsorum_scandens\25ceaff3-fc26-4cdc-aaea-3b060da58045.jpg,496,73,73 496 140 305 492
data\raw\val\09958_Plantae_Tracheophyta_Polypodiopsida_Polypodiales_Polypodiaceae_Pleopeltis_michauxiana\28c6f146-70f1-47e2-83ab-53733014d552.jpg,497,312,312 440 311 407 310
data\raw\val\09958_Plantae_Tracheophyta_Polypodiopsida_Polypodiales_Polypodiaceae_Pleopeltis_michauxiana\b2bd729c-4e2a-4682-b8e5-90283a1ce4d5.jpg,497,310,310 383 407 499 311
data\raw\val\09958_Plantae_Tracheophyta_Polypodiopsida_Polypodiales_Polypodiaceae_Pleopeltis_michauxiana\0e49b5a9-1788-4b44-bd74-94f9aa2cbc5a.jpg,497,440,440 358 398 431 441
data\raw\val\09958_Plantae_Tracheophyta_Polypodiopsida_Polypodiales_Polypodiaceae_Pleopeltis_michauxiana\4097be7a-74ee-485d-bb3e-7e4fa4457f70.jpg,497,497,497 492 274 343 494
data\raw\val\09958_Plantae_Tracheophyta_Polypodiopsida_Polypodiales_Polypodiaceae_Pleopeltis_michauxiana\0ec38ede-edb5-4426-992e-103f4e19ce9c.jpg,497,431,431 345 479 312 469
data\raw\val\09958_Plantae_Tracheophyta_Polypodiopsida_Polypodiales_Polypodiaceae_Pleopeltis_michauxiana\c572ac77-0bf1-477b-9a75-60241af62a96.jpg,497,497,497 462 477 495 499
data\raw\val\09958_Plantae_Tracheophyta_Polypodiopsida_Polypodiales_Polypodiaceae_Pleopeltis_michauxiana\86a5b4c4-30aa-4c80-9290-7ceac16bca9f.jpg,497,479,479 495 373 466 415
data\raw\val\09958_Plantae_Tracheophyta_Polypodiopsida_Polypodiales_Polypodiaceae_Pleopeltis_michauxiana\1dd37e8b-b23d-4424-b704-d724421a792f.jpg,497,175,175 340 468 9 398
data\raw\val\09958_Plantae_Tracheophyta_Polypodiopsida_Polypodiales_Polypodiaceae_Pleopeltis_michauxiana\ac1cc78f-2d69-48b7-97b5-21acbb0fb38b.jpg,497,497,497 496 493 393 494
data\raw\val\09958_Plantae_Tracheophyta_Polypodiopsida_Polypodiales_Polypodiaceae_Pleopeltis_michauxiana\7336835f-2ce6-4d88-8818-9c831b711ef2.jpg,497,495,495 311 310 499 497
data\raw\val\09965_Plantae_Tracheophyta_Polypodiopsida_Polypodiales_Pteridaceae_Acrostichum_danaeifolium\c2be6d16-72fa-47b0-96cf-86266ce979d2.jpg,498,496,496 498 494 493 281
data\raw\val\09965_Plantae_Tracheophyta_Polypodiopsida_Polypodiales_Pteridaceae_Acrostichum_danaeifolium\b1bcf430-6712-4bb5-9838-ac8ad41092f5.jpg,498,498,498 494 479 307 308
data\raw\val\09965_Plantae_Tracheophyta_Polypodiopsida_Polypodiales_Pteridaceae_Acrostichum_danaeifolium\bd7ac085-3c80-44e6-a209-4bec74f8f74d.jpg,498,498,498 293 496 281 284
data\raw\val\09965_Plantae_Tracheophyta_Polypodiopsida_Polypodiales_Pteridaceae_Acrostichum_danaeifolium\2db90bd3-d8e3-4b9a-b267-ef656272272b.jpg,498,498,498 494 281 274 491
data\raw\val\09965_Plantae_Tracheophyta_Polypodiopsida_Polypodiales_Pteridaceae_Acrostichum_danaeifolium\dd481bcd-6660-4bf9-a27f-2c246f8c1a37.jpg,498,307,307 302 420 466 363
data\raw\val\09965_Plantae_Tracheophyta_Polypodiopsida_Polypodiales_Pteridaceae_Acrostichum_danaeifolium\7d226142-bfce-46b0-9ab1-54a5c5b02943.jpg,498,494,494 343 281 495 491
data\raw\val\09965_Plantae_Tracheophyta_Polypodiopsida_Polypodiales_Pteridaceae_Acrostichum_danaeifolium\500d3a70-e619-4701-9ca8-9e6f821e379f.jpg,498,495,495 466 479 28 473
data\raw\val\09965_Plantae_Tracheophyta_Polypodiopsida_Polypodiales_Pteridaceae_Acrostichum_danaeifolium\0365b971-e9ef-41d6-a3ed-fb57788927a2.jpg,498,498,498 496 489 308 293
data\raw\val\09965_Plantae_Tracheophyta_Polypodiopsida_Polypodiales_Pteridaceae_Acrostichum_danaeifolium\3b32d2f4-8aca-4fbf-9441-ee441aa61609.jpg,498,308,308 479 311 307 478
data\raw\val\09965_Plantae_Tracheophyta_Polypodiopsida_Polypodiales_Pteridaceae_Acrostichum_danaeifolium\6380aea8-bcd1-4f6e-b4ba-fd7e1aba229d.jpg,498,369,369 394 459 375 469
data\raw\val\09985_Plantae_Tracheophyta_Polypodiopsida_Polypodiales_Pteridaceae_Pteris_macilenta\a9fb2048-755e-4876-afdf-44e13c57cf6a.jpg,499,493,493 492 379 499 275
data\raw\val\09985_Plantae_Tracheophyta_Polypodiopsida_Polypodiales_Pteridaceae_Pteris_macilenta\f5742ce7-2d87-420b-88ed-062f5a0d9634.jpg,499,499,499 310 415 495 407
data\raw\val\09985_Plantae_Tracheophyta_Polypodiopsida_Polypodiales_Pteridaceae_Pteris_macilenta\c10bf765-8aa7-4295-9183-fc27d763e0bf.jpg,499,275,275 499 492 493 340
data\raw\val\09985_Plantae_Tracheophyta_Polypodiopsida_Polypodiales_Pteridaceae_Pteris_macilenta\4a2068a2-eba4-43cc-904b-2971c6d8e343.jpg,499,497,497 312 499 311 481
data\raw\val\09985_Plantae_Tracheophyta_Polypodiopsida_Polypodiales_Pteridaceae_Pteris_macilenta\322022ba-634a-4f8f-b63f-02227f08c6bc.jpg,499,499,499 495 453 473 310
data\raw\val\09985_Plantae_Tracheophyta_Polypodiopsida_Polypodiales_Pteridaceae_Pteris_macilenta\69b3671a-9439-4906-af38-b3b064bb4dbe.jpg,499,497,497 312 273 492 343
data\raw\val\09985_Plantae_Tracheophyta_Polypodiopsida_Polypodiales_Pteridaceae_Pteris_macilenta\44e236dd-6eb9-4a0d-bb97-b2b96e7941c0.jpg,499,312,312 497 499 492 407
data\raw\val\09985_Plantae_Tracheophyta_Polypodiopsida_Polypodiales_Pteridaceae_Pteris_macilenta\61610822-8e23-491c-83d7-115ca8960411.jpg,499,493,493 275 492 499 496
data\raw\val\09985_Plantae_Tracheophyta_Polypodiopsida_Polypodiales_Pteridaceae_Pteris_macilenta\96f3572c-23e2-46b7-ab00-0b5ac0a9b111.jpg,499,499,499 310 383 311 453
data\raw\val\09985_Plantae_Tracheophyta_Polypodiopsida_Polypodiales_Pteridaceae_Pteris_macilenta\e7f91b13-03c4-492b-a4fe-6edcc4735869.jpg,499,499,499 494 495 343 275
