image_path,true_idx,pred_idx,top5_idx,top1_confidence
data\raw\val\00044_Animalia_Arthropoda_Arachnida_Araneae_Araneidae_Trichonephila_clavata\b118ce80-030d-4215-8655-a1e737a8ea09.jpg,0,485,485 439 266 412 456,0.03462233775336291
data\raw\val\00044_Animalia_Arthropoda_Arachnida_Araneae_Araneidae_Trichonephila_clavata\0d598c0c-9440-4943-901f-8b3aabe9927a.jpg,0,252,252 129 394 255 124,0.06140652855545989
data\raw\val\00044_Animalia_Arthropoda_Arachnida_Araneae_Araneidae_Trichonephila_clavata\4138bcc1-935e-4238-ab10-88cb57e3867f.jpg,0,1,1 4 0 231 65,0.07742338500425595
data\raw\val\00044_Animalia_Arthropoda_Arachnida_Araneae_Araneidae_Trichonephila_clavata\f17bd6bd-5808-424b-861f-beae97458134.jpg,0,164,164 185 180 0 205,0.016741446094285004
data\raw\val\00044_Animalia_Arthropoda_Arachnida_Araneae_Araneidae_Trichonephila_clavata\9e3aaa09-75b3-4056-a786-237faeb1937f.jpg,0,0,0 202 3 1 219,0.014331893068259787
data\raw\val\00044_Animalia_Arthropoda_Arachnida_Araneae_Araneidae_Trichonephila_clavata\74a0fcae-4617-45c0-b41e-0c5bf950c63d.jpg,0,53,53 96 3 64 456,0.023918134707810863
data\raw\val\00044_Animalia_Arthropoda_Arachnida_Araneae_Araneidae_Trichonephila_clavata\6033a916-8e8a-4c4d-9822-f199464cf19c.jpg,0,298,298 142 229 305 200,0.03533405388964251
data\raw\val\00044_Animalia_Arthropoda_Arachnida_Araneae_Araneidae_Trichonephila_clavata\db3425a1-2bb3-41da-b3c9-91134ef619ad.jpg,0,199,199 213 476 417 414,0.007739066140170235
data\raw\val\00044_Animalia_Arthropoda_Arachnida_Araneae_Araneidae_Trichonephila_clavata\07ed32d8-c4a7-44e5-9bbe-b6985a943b6e.jpg,0,17,17 244 132 134 32,0.012792917363309664
data\raw\val\00044_Animalia_Arthropoda_Arachnida_Araneae_Araneidae_Trichonephila_clavata\a25891c0-0c5e-4560-bc19-a5611644732e.jpg,0,122,122 53 153 231 103,0.031631118922161756
data\raw\val\00046_Animalia_Arthropoda_Arachnida_Araneae_Araneidae_Trichonephila_edulis\c4e363c0-eb3f-44e5-b17f-46811eaff409.jpg,1,287,287 490 363 295 334,0.014550043810154513
data\raw\val\00046_Animalia_Arthropoda_Arachnida_Araneae_Araneidae_Trichonephila_edulis\87d8ff7d-7253-438d-a87d-fadefc765bc6.jpg,1,22,22 116 187 206 3,0.019104338016061692
data\raw\val\00046_Animalia_Arthropoda_Arachnida_Araneae_Araneidae_Trichonephila_edulis\d230be55-97c7-4714-99d4-de832b4bca3f.jpg,1,221,221 116 29 73 456,0.013317716395708433
data\raw\val\00046_Animalia_Arthropoda_Arachnida_Araneae_Araneidae_Trichonephila_edulis\5555c2ac-ac70-4e35-9f84-ea6294cd3c87.jpg,1,1,1 0 185 108 102,0.04612483598845951
data\raw\val\00046_Animalia_Arthropoda_Arachnida_Araneae_Araneidae_Trichonephila_edulis\039419d2-5fdd-4319-ab1a-64229cf9e196.jpg,1,1,1 0 50 180 119,0.05743773907844207
data\raw\val\00046_Animalia_Arthropoda_Arachnida_Araneae_Araneidae_Trichonephila_edulis\c17d21ae-360f-4bd3-a609-6467ebf16091.jpg,1,1,1 13 174 165 50,0.08390249496759493
data\raw\val\00046_Animalia_Arthropoda_Arachnida_Araneae_Araneidae_Trichonephila_edulis\69a76f56-a769-4f58-8714-aed3cf66d1e9.jpg,1,353,353 334 374 428 496,0.033379717955490065
data\raw\val\00046_Animalia_Arthropoda_Arachnida_Araneae_Araneidae_Trichonephila_edulis\33b13f02-a693-4275-9b83-99448ba63b12.jpg,1,44,44 117 75 18 112,0.011542382847108094
data\raw\val\00046_Animalia_Arthropoda_Arachnida_Araneae_Araneidae_Trichonephila_edulis\17f7b836-50c2-434f-8cac-e4f38f4502ce.jpg,1,1,1 206 185 173 195,0.04393583929478411
data\raw\val\00046_Animalia_Arthropoda_Arachnida_Araneae_Araneidae_Trichonephila_edulis\974d6f23-7c9c-4695-936b-7ca2439624a2.jpg,1,156,156 201 423 384 281,0.012169174038012752
data\raw\val\00053_Animalia_Arthropoda_Arachnida_Araneae_Desidae_Badumna_longinqua\c0a3ca21-21e3-4a45-b016-6e269d8eb6ac.jpg,2,2,2 159 102 46 50,0.03859376285073205
data\raw\val\00053_Animalia_Arthropoda_Arachnida_Araneae_Desidae_Badumna_longinqua\6aa9d32e-740a-4242-81b1-997b6478a075.jpg,2,287,287 490 316 243 262,0.028480440756839073
data\raw\val\00053_Animalia_Arthropoda_Arachnida_Araneae_Desidae_Badumna_longinqua\8a62626f-beed-42bb-b433-74c8d19a0cfe.jpg,2,149,149 185 169 205 117,0.02861182617902948
data\raw\val\00053_Animalia_Arthropoda_Arachnida_Araneae_Desidae_Badumna_longinqua\1a1d9ef5-9b00-4fdf-ae45-1762cde838e3.jpg,2,22,22 81 72 62 76,0.013924947109719752
data\raw\val\00053_Animalia_Arthropoda_Arachnida_Araneae_Desidae_Badumna_longinqua\d9eb1b08-311d-4de4-b84a-5747c13b73a0.jpg,2,425,425 442 320 380 327,0.021968660154393457
data\raw\val\00053_Animalia_Arthropoda_Arachnida_Araneae_Desidae_Badumna_longinqua\21b53644-8d79-42ff-b4b1-53da096ed5c5.jpg,2,238,238 118 11 237 7,0.029721705712308893
data\raw\val\00053_Animalia_Arthropoda_Arachnida_Araneae_Desidae_Badumna_longinqua\bf9e4e99-0c9c-412f-aafe-aca60ba07918.jpg,2,349,349 224 316 347 269,0.060136462825999396
data\raw\val\00053_Animalia_Arthropoda_Arachnida_Araneae_Desidae_Badumna_longinqua\54ae8f5e-f4e7-44b2-9dce-bccfa290aee5.jpg,2,3,3 2 196 197 30,0.017279874068212422
data\raw\val\00053_Animalia_Arthropoda_Arachnida_Araneae_Desidae_Badumna_longinqua\9da6dc82-54e5-40f6-90ed-1e3505492751.jpg,2,2,2 50 167 165 122,0.021485003632118724
data\raw\val\00053_Animalia_Arthropoda_Arachnida_Araneae_Desidae_Badumna_longinqua\3cc53f78-9e13-4bcd-8716-721fa0db235f.jpg,2,209,209 193 82 66 206,0.013367452977027895
data\raw\val\00070_Animalia_Arthropoda_Arachnida_Araneae_Pisauridae_Dolomedes_triton\88ac662c-11f2-4768-8ef5-88df221ee457.jpg,3,4,4 112 64 467 231,0.019428189482544704
data\raw\val\00070_Animalia_Arthropoda_Arachnida_Araneae_Pisauridae_Dolomedes_triton\9ac5f25e-29a4-484a-95ee-56c24caf659b.jpg,3,308,308 434 261 464 443,0.029029806896210885
data\raw\val\00070_Animalia_Arthropoda_Arachnida_Araneae_Pisauridae_Dolomedes_triton\eac6cfcc-125f-4483-a19c-7b0ec971787d.jpg,3,242,242 215 214 220 254,0.025521997289067806
data\raw\val\00070_Animalia_Arthropoda_Arachnida_Araneae_Pisauridae_Dolomedes_triton\4e4a3e12-1339-49d9-b74b-d92453c48ba4.jpg,3,105,105 45 3 40 121,0.03289269561545217
data\raw\val\00070_Animalia_Arthropoda_Arachnida_Araneae_Pisauridae_Dolomedes_triton\1d74a0bb-db5a-42ad-b800-aec6f6135cea.jpg,3,151,151 150 111 158 203,0.02646121516116155
data\raw\val\00070_Animalia_Arthropoda_Arachnida_Araneae_Pisauridae_Dolomedes_triton\482d7e58-4759-46ea-9580-bc54a0879e41.jpg,3,258,258 196 280 266 261,0.031084419030776602
data\raw\val\00070_Animalia_Arthropoda_Arachnida_Araneae_Pisauridae_Dolomedes_triton\bec70d74-99f4-4775-ad24-2524e8f94461.jpg,3,42,42 128 235 129 15,0.020781386012212754
data\raw\val\00070_Animalia_Arthropoda_Arachnida_Araneae_Pisauridae_Dolomedes_triton\ebcf9263-7502-4073-84bc-dd59fff66528.jpg,3,3,3 231 105 65 119,0.03230091000617159
data\raw\val\00070_Animalia_Arthropoda_Arachnida_Araneae_Pisauridae_Dolomedes_triton\4601b594-90e2-4cc9-bdaa-dce8931ac1c0.jpg,3,176,176 158 112 113 55,0.01666234230600434
data\raw\val\00070_Animalia_Arthropoda_Arachnida_Araneae_Pisauridae_Dolomedes_triton\dea5f67e-b137-429c-9ca6-8251bfa26772.jpg,3,3,3 64 105 112 231,0.022782024150042313
data\raw\val\00083_Animalia_Arthropoda_Arachnida_Araneae_Salticidae_Lyssomanes_viridis\2e0cbf09-71f7-4732-a1cf-f907a927e24d.jpg,4,274,274 467 135 124 143,0.03646395734502432
data\raw\val\00083_Animalia_Arthropoda_Arachnida_Araneae_Salticidae_Lyssomanes_viridis\6ecbe7a9-2384-4f91-b075-dda3ed528eaf.jpg,4,46,46 102 185 164 108,0.01681958914715936
data\raw\val\00083_Animalia_Arthropoda_Arachnida_Araneae_Salticidae_Lyssomanes_viridis\e92c4529-e52b-4613-8c99-48abe688ca5f.jpg,4,354,354 353 457 299 388,0.06254909105269868
data\raw\val\00083_Animalia_Arthropoda_Arachnida_Araneae_Salticidae_Lyssomanes_viridis\e0263b7d-2331-47c8-a1c0-440d7b0adbe0.jpg,4,149,149 172 165 4 195,0.04273798553827677
data\raw\val\00083_Animalia_Arthropoda_Arachnida_Araneae_Salticidae_Lyssomanes_viridis\eb10c42b-d42f-4b9b-999a-4719ec17fb45.jpg,4,239,239 154 150 8 115,0.020850426822522534
data\raw\val\00083_Animalia_Arthropoda_Arachnida_Araneae_Salticidae_Lyssomanes_viridis\b1b2d776-d061-46c1-886c-2537df234bcd.jpg,4,4,4 57 20 245 18,0.012481996817674718
data\raw\val\00083_Animalia_Arthropoda_Arachnida_Araneae_Salticidae_Lyssomanes_viridis\68c7a318-a092-4d34-a501-44d8144e667f.jpg,4,80,80 176 265 56 39,0.029343425546093416
data\raw\val\00083_Animalia_Arthropoda_Arachnida_Araneae_Salticidae_Lyssomanes_viridis\0def710e-07ce-453c-99c6-3ab1fbe0a6f5.jpg,4,302,302 99 0 158 202,0.022904680414269036
data\raw\val\00083_Animalia_Arthropoda_Arachnida_Araneae_Salticidae_Lyssomanes_viridis\c2c5f382-cdce-4615-a46f-62947f1d4821.jpg,4,140,140 135 136 131 132,0.016404182526112324
data\raw\val\00083_Animalia_Arthropoda_Arachnida_Araneae_Salticidae_Lyssomanes_viridis\dc8fad61-1ea9-4f8a-a6f8-c680a858cbc1.jpg,4,327,327 314 468 449 437,0.0213099863465287
data\raw\val\00089_Animalia_Arthropoda_Arachnida_Araneae_Salticidae_Naphrys_pulex\f2884746-52ea-4bd6-9df9-227d2bd17ed9.jpg,5,150,150 115 216 152 204,0.031235994062770674
data\raw\val\00089_Animalia_Arthropoda_Arachnida_Araneae_Salticidae_Naphrys_pulex\d9d5ec0c-ab39-4b05-8209-0e78cc7d44f5.jpg,5,269,269 5 144 52 227,0.03093503879521963
data\raw\val\00089_Animalia_Arthropoda_Arachnida_Araneae_Salticidae_Naphrys_pulex\45734776-4bc6-4ee8-8150-e177163384de.jpg,5,257,257 344 19 457 409,0.04612625929978841
data\raw\val\00089_Animalia_Arthropoda_Arachnida_Araneae_Salticidae_Naphrys_pulex\afef46ba-3cb6-4087-bbe4-d6facf060822.jpg,5,8,8 269 132 256 138,0.035534219063841625
data\raw\val\00089_Animalia_Arthropoda_Arachnida_Araneae_Salticidae_Naphrys_pulex\042aff0b-8809-4b45-aedc-cbbf65c666f2.jpg,5,123,123 37 261 218 216,0.008846592538522815
data\raw\val\00089_Animalia_Arthropoda_Arachnida_Araneae_Salticidae_Naphrys_pulex\b2e5acbf-714b-4866-9f7d-433806b3a84b.jpg,5,5,5 47 59 52 98,0.029494548221976558
data\raw\val\00089_Animalia_Arthropoda_Arachnida_Araneae_Salticidae_Naphrys_pulex\8feff5b8-7d4b-489c-b36e-d87aabe9d033.jpg,5,256,256 257 424 24 329,0.03661346606456962
data\raw\val\00089_Animalia_Arthropoda_Arachnida_Araneae_Salticidae_Naphrys_pulex\3a7e188b-147b-4a98-996e-7079f5dfb448.jpg,5,82,82 66 17 108 76,0.018169566696341746
data\raw\val\00089_Animalia_Arthropoda_Arachnida_Araneae_Salticidae_Naphrys_pulex\9b790795-0562-4fd0-b365-1e9ecf236799.jpg,5,249,249 246 255 134 244,0.030420452758834912
data\raw\val\00089_Animalia_Arthropoda_Arachnida_Araneae_Salticidae_Naphrys_pulex\87b84bde-cf59-42c8-bb6a-a1dafa8722d6.jpg,5,217,217 78 270 79 227,0.025795858103186055
data\raw\val\00109_Animalia_Arthropoda_Arachnida_Araneae_Theraphosidae_Aphonopelma_chalcodes\467ece33-4521-4319-bd63-738aa4da837c.jpg,6,492,492 274 246 489 255,0.07344549237167207
data\raw\val\00109_Animalia_Arthropoda_Arachnida_Araneae_Theraphosidae_Aphonopelma_chalcodes\cdc667cd-53c3-43ee-b163-13aba88ba998.jpg,6,105,105 75 119 180 188,0.014148343575224475
data\raw\val\00109_Animalia_Arthropoda_Arachnida_Araneae_Theraphosidae_Aphonopelma_chalcodes\3bb5f5e3-6b38-4470-a1bb-991dc37e4046.jpg,6,9,9 269 255 264 258,0.02583397081455848
data\raw\val\00109_Animalia_Arthropoda_Arachnida_Araneae_Theraphosidae_Aphonopelma_chalcodes\37984741-21a9-4dd4-bcd0-6e0522c70496.jpg,6,274,274 255 124 492 249,0.057277158539757816
data\raw\val\00109_Animalia_Arthropoda_Arachnida_Araneae_Theraphosidae_Aphonopelma_chalcodes\9f389f98-946a-4e3b-8f50-55dc0e1bfd06.jpg,6,465,465 285 229 430 298,0.022068049521523643
data\raw\val\00109_Animalia_Arthropoda_Arachnida_Araneae_Theraphosidae_Aphonopelma_chalcodes\efce0e04-d81a-4908-a31d-dc277c7f787d.jpg,6,493,493 379 393 371 348,0.022210738298032794
data\raw\val\00109_Animalia_Arthropoda_Arachnida_Araneae_Theraphosidae_Aphonopelma_chalcodes\44fa9794-ddcf-43cf-9634-f61c1dd98a03.jpg,6,11,11 257 422 256 347,0.02848902874561065
data\raw\val\00109_Animalia_Arthropoda_Arachnida_Araneae_Theraphosidae_Aphonopelma_chalcodes\917938e2-883f-473c-b090-bdf56368a620.jpg,6,255,255 274 422 424 6,0.02881776203126508
data\raw\val\00109_Animalia_Arthropoda_Arachnida_Araneae_Theraphosidae_Aphonopelma_chalcodes\ee26707c-0cc9-43b4-851a-6d8f6fafc027.jpg,6,60,60 96 103 43 56,0.020936768265209776
data\raw\val\00109_Animalia_Arthropoda_Arachnida_Araneae_Theraphosidae_Aphonopelma_chalcodes\73ed6d5b-e934-404d-a46b-dcff195b9d76.jpg,6,329,329 257 422 480 256,0.04345989285068937
data\raw\val\00110_Animalia_Arthropoda_Arachnida_Araneae_Theraphosidae_Aphonopelma_eutylenum\4e37dbe0-32e6-45fa-a49c-3ebbad4ac620.jpg,7,391,391 348 450 317 427,0.011236367415108337
data\raw\val\00110_Animalia_Arthropoda_Arachnida_Araneae_Theraphosidae_Aphonopelma_eutylenum\10690161-57ee-4f2e-8067-9b03a7868f78.jpg,7,22,22 7 2 100 104,0.02339813416630868
data\raw\val\00110_Animalia_Arthropoda_Arachnida_Araneae_Theraphosidae_Aphonopelma_eutylenum\038e429f-cded-4d8a-811e-09d6a2b7821b.jpg,7,364,364 363 369 287 490,0.036494750514908296
data\raw\val\00110_Animalia_Arthropoda_Arachnida_Araneae_Theraphosidae_Aphonopelma_eutylenum\e5402a1d-e6de-4718-8742-f2035447646b.jpg,7,351,351 248 276 250 249,0.046551596005074435
data\raw\val\00110_Animalia_Arthropoda_Arachnida_Araneae_Theraphosidae_Aphonopelma_eutylenum\67f451bc-acc8-4817-a556-c4670e1fe244.jpg,7,11,11 230 118 218 237,0.03970693507448229
data\raw\val\00110_Animalia_Arthropoda_Arachnida_Araneae_Theraphosidae_Aphonopelma_eutylenum\ed7a1f2f-c487-42ea-942e-3bd8a82ce004.jpg,7,329,329 438 24 7 238,0.02751377171864566
data\raw\val\00110_Animalia_Arthropoda_Arachnida_Araneae_Theraphosidae_Aphonopelma_eutylenum\82ceeaf4-acb3-4e08-b0ad-69e4633468e6.jpg,7,90,90 351 67 237 227,0.022923010113453123
data\raw\val\00110_Animalia_Arthropoda_Arachnida_Araneae_Theraphosidae_Aphonopelma_eutylenum\11abc728-e12c-4dad-96c0-142d79bfd0a0.jpg,7,7,7 10 243 242 224,0.025968546361566678
data\raw\val\00110_Animalia_Arthropoda_Arachnida_Araneae_Theraphosidae_Aphonopelma_eutylenum\06bac472-87af-4f08-8d06-588a4c31c355.jpg,7,7,7 237 22 229 72,0.04756908585994959
data\raw\val\00110_Animalia_Arthropoda_Arachnida_Araneae_Theraphosidae_Aphonopelma_eutylenum\91484465-b9c2-4256-bd82-deb3bb00d83c.jpg,7,111,111 152 150 158 12,0.018283770355447218
data\raw\val\00147_Animalia_Arthropoda_Arachnida_Opiliones_Sclerosomatidae_Leiobunum_townsendi\b8fee04a-5c56-49d8-806b-f768f653fd4a.jpg,8,8,8 5 59 118 173,0.024709432363391903
data\raw\val\00147_Animalia_Arthropoda_Arachnida_Opiliones_Sclerosomatidae_Leiobunum_townsendi\cfbeaf48-7e16-4dac-84f8-8b2b14876cef.jpg,8,5,5 45 11 46 22,0.039080527715175846
data\raw\val\00147_Animalia_Arthropoda_Arachnida_Opiliones_Sclerosomatidae_Leiobunum_townsendi\de13ac06-6b81-4780-b77d-65b1f22f6f7c.jpg,8,112,112 297 304 372 293,0.0374201493162174
data\raw\val\00147_Animalia_Arthropoda_Arachnida_Opiliones_Sclerosomatidae_Leiobunum_townsendi\e74efdf1-509d-4c70-9983-6ba3e474cc42.jpg,8,46,46 47 100 64 5,0.03352648179931687
data\raw\val\00147_Animalia_Arthropoda_Arachnida_Opiliones_Sclerosomatidae_Leiobunum_townsendi\2f02b0bd-1420-4857-bc16-6eaafd4e6098.jpg,8,270,270 192 269 395 497,0.0571587434841889
data\raw\val\00147_Animalia_Arthropoda_Arachnida_Opiliones_Sclerosomatidae_Leiobunum_townsendi\fadf707b-0e58-4332-8fa9-c751bdfb4f89.jpg,8,8,8 239 217 192 145,0.04320289697063539
data\raw\val\00147_Animalia_Arthropoda_Arachnida_Opiliones_Sclerosomatidae_Leiobunum_townsendi\790f6deb-311c-4360-b7fe-81b08ec84d97.jpg,8,258,258 257 443 36 424,0.036170521639729517
data\raw\val\00147_Animalia_Arthropoda_Arachnida_Opiliones_Sclerosomatidae_Leiobunum_townsendi\684ecb88-6111-4d19-a723-5bd9f8d36ee7.jpg,8,8,8 398 354 244 422,0.02767853354365347
data\raw\val\00147_Animalia_Arthropoda_Arachnida_Opiliones_Sclerosomatidae_Leiobunum_townsendi\188d2b5d-c0dc-4505-8498-078cb9650764.jpg,8,149,149 117 205 55 185,0.020837732362563203
data\raw\val\00147_Animalia_Arthropoda_Arachnida_Opiliones_Sclerosomatidae_Leiobunum_townsendi\d8d766aa-ea41-419c-95b9-13c8a831bcc3.jpg,8,329,329 11 255 409 144,0.021037663504728965
data\raw\val\00170_Animalia_Arthropoda_Hexanauplia_Scalpelliformes_Pollicipedidae_Pollicipes_polymerus\7a78ba0d-f6be-452f-800f-8f0bbfeef9eb.jpg,9,274,274 255 246 252 382,0.05649796889068889
data\raw\val\00170_Animalia_Arthropoda_Hexanauplia_Scalpelliformes_Pollicipedidae_Pollicipes_polymerus\b5976321-fede-4d40-8c9f-4e06bb1158dc.jpg,9,9,9 262 8 258 264,0.25037646906236044
data\raw\val\00170_Animalia_Arthropoda_Hexanauplia_Scalpelliformes_Pollicipedidae_Pollicipes_polymerus\622e8cdf-dd5c-4c48-92d9-12c49d8bd2b2.jpg,9,274,274 246 136 255 467,0.07604827587370429
data\raw\val\00170_Animalia_Arthropoda_Hexanauplia_Scalpelliformes_Pollicipedidae_Pollicipes_polymerus\fc9c1d1d-70df-4488-83da-67361feb4b8a.jpg,9,9,9 257 424 264 422,0.038557262841192826
data\raw\val\00170_Animalia_Arthropoda_Hexanauplia_Scalpelliformes_Pollicipedidae_Pollicipes_polymerus\f87883e0-fff2-48f7-9807-44b60bb027ac.jpg,9,11,11 344 224 118 347,0.03426586237858555
data\raw\val\00170_Animalia_Arthropoda_Hexanauplia_Scalpelliformes_Pollicipedidae_Pollicipes_polymerus\60d92487-d0eb-430c-bc8b-a34edb0ea894.jpg,9,257,257 329 492 424 371,0.10741876766363398
data\raw\val\00170_Animalia_Arthropoda_Hexanauplia_Scalpelliformes_Pollicipedidae_Pollicipes_polymerus\9a7df238-ebd5-4c00-a811-641d98381e60.jpg,9,9,9 264 262 123 245,0.132787184555196
data\raw\val\00170_Animalia_Arthropoda_Hexanauplia_Scalpelliformes_Pollicipedidae_Pollicipes_polymerus\8c6badbb-24b6-48ea-9820-074e6f3d96fb.jpg,9,262,262 255 123 9 264,0.034988198734867915
data\raw\val\00170_Animalia_Arthropoda_Hexanauplia_Scalpelliformes_Pollicipedidae_Pollicipes_polymerus\06cf0a18-a71f-479f-bf1c-b871998fef53.jpg,9,9,9 264 123 262 443,0.056959530589210244
data\raw\val\00170_Animalia_Arthropoda_Hexanauplia_Scalpelliformes_Pollicipedidae_Pollicipes_polymerus\1839f430-ec29-4ede-be47-eb5835ef3294.jpg,9,9,9 269 264 8 144,0.22426642594180887
data\raw\val\00200_Animalia_Arthropoda_Insecta_Coleoptera_Carabidae_Cicindela_campestris\6218495c-a1ab-4c7e-87ff-90e3e22608dc.jpg,10,354,354 422 428 233 457,0.03549233590913523
data\raw\val\00200_Animalia_Arthropoda_Insecta_Coleoptera_Carabidae_Cicindela_campestris\1a35e94d-c739-4657-8908-77def2a3b837.jpg,10,55,55 4 54 8 118,0.041658913833031656
data\raw\val\00200_Animalia_Arthropoda_Insecta_Coleoptera_Carabidae_Cicindela_campestris\c7e33fde-17ca-44b2-b79e-26fe30855e1b.jpg,10,80,80 149 142 128 113,0.012531696801867246
data\raw\val\00200_Animalia_Arthropoda_Insecta_Coleoptera_Carabidae_Cicindela_campestris\4543aa80-0527-40cf-8630-966e9af476c2.jpg,10,138,138 145 36 24 10,0.01628958420198638
data\raw\val\00200_Animalia_Arthropoda_Insecta_Coleoptera_Carabidae_Cicindela_campestris\e2725f62-e095-4f43-8332-b2a7793e78e0.jpg,10,11,11 224 329 22 39,0.04574218773331349
data\raw\val\00200_Animalia_Arthropoda_Insecta_Coleoptera_Carabidae_Cicindela_campestris\fea2434c-08eb-43ca-8999-5b2a30be8455.jpg,10,11,11 457 422 118 257,0.06998022339429481
data\raw\val\00200_Animalia_Arthropoda_Insecta_Coleoptera_Carabidae_Cicindela_campestris\453acd5b-f333-488b-ad7e-afb69353a727.jpg,10,36,36 232 350 319 226,0.019913150193554767
data\raw\val\00200_Animalia_Arthropoda_Insecta_Coleoptera_Carabidae_Cicindela_campestris\e4405228-fc65-4642-8c96-7490b76cc29b.jpg,10,6,6 144 329 457 436,0.02310059313794333
data\raw\val\00200_Animalia_Arthropoda_Insecta_Coleoptera_Carabidae_Cicindela_campestris\56acc807-c650-49cb-b9b9-ea318f319940.jpg,10,353,353 299 369 363 388,0.02833622367080256
data\raw\val\00200_Animalia_Arthropoda_Insecta_Coleoptera_Carabidae_Cicindela_campestris\64228b6e-da82-4d16-95d3-63d3af96c63b.jpg,10,238,238 269 256 227 139,0.015794808353844506
data\raw\val\00211_Animalia_Arthropoda_Insecta_Coleoptera_Carabidae_Cicindela_scutellaris\aeb25f52-b5c7-49c6-b504-216f260b95af.jpg,11,22,22 11 254 39 224,0.02630334181331061
data\raw\val\00211_Animalia_Arthropoda_Insecta_Coleoptera_Carabidae_Cicindela_scutellaris\f7700b95-0795-45ba-b721-cf3160dd7f2b.jpg,11,11,11 457 238 237 118,0.07636683144510165
data\raw\val\00211_Animalia_Arthropoda_Insecta_Coleoptera_Carabidae_Cicindela_scutellaris\76417e09-d0c6-4521-8996-37b84e23170d.jpg,11,238,238 11 224 59 118,0.029469385991028163
data\raw\val\00211_Animalia_Arthropoda_Insecta_Coleoptera_Carabidae_Cicindela_scutellaris\a0521a4f-e020-42e1-ae88-852071868bf3.jpg,11,226,226 240 232 359 234,0.10523876087924483
data\raw\val\00211_Animalia_Arthropoda_Insecta_Coleoptera_Carabidae_Cicindela_scutellaris\ad70362e-7327-4b17-a8d5-024307e23df3.jpg,11,11,11 22 230 254 59,0.07332056622280105
data\raw\val\00211_Animalia_Arthropoda_Insecta_Coleoptera_Carabidae_Cicindela_scutellaris\e4f05168-2e4a-4803-84fc-8bc3d93b29c7.jpg,11,257,257 275 329 371 246,0.18512015855354177
data\raw\val\00211_Animalia_Arthropoda_Insecta_Coleoptera_Carabidae_Cicindela_scutellaris\71fc10bf-b9ba-4f2e-8eb3-fb5d5f85a6a3.jpg,11,10,10 116 428 107 475,0.022840005425700496
data\raw\val\00211_Animalia_Arthropoda_Insecta_Coleoptera_Carabidae_Cicindela_scutellaris\00203e9b-67db-43e4-baa2-dd8170d36b22.jpg,11,11,11 457 22 238 237,0.07927380605566678
data\raw\val\00211_Animalia_Arthropoda_Insecta_Coleoptera_Carabidae_Cicindela_scutellaris\9765044e-f37e-4dfd-9551-0af7dad4ed28.jpg,11,149,149 171 170 206 205,0.06959018238386351
data\raw\val\00211_Animalia_Arthropoda_Insecta_Coleoptera_Carabidae_Cicindela_scutellaris\83e7c783-972d-466d-8fa0-a84166339df4.jpg,11,132,132 310 1 34 3,0.010138392551533898
data\raw\val\00215_Animalia_Arthropoda_Insecta_Coleoptera_Carabidae_Harpalus_rufipes\d1d2b13b-3e4a-440b-b7bf-40bbcfd8a484.jpg,12,16,16 95 165 108 121,0.017788495168208174
data\raw\val\00215_Animalia_Arthropoda_Insecta_Coleoptera_Carabidae_Harpalus_rufipes\3846d0b6-38ba-4172-96c1-7ce3fe10a2b8.jpg,12,116,116 82 107 28 176,0.011153307592947604
data\raw\val\00215_Animalia_Arthropoda_Insecta_Coleoptera_Carabidae_Harpalus_rufipes\912817b6-ac18-4ccd-bc64-ecf62758829e.jpg,12,1,1 0 180 119 165,0.058274483194707384
data\raw\val\00215_Animalia_Arthropoda_Insecta_Coleoptera_Carabidae_Harpalus_rufipes\07e08377-cfb6-473f-8d15-c5bb04a9d313.jpg,12,27,27 247 12 221 29,0.028053496009995814
data\raw\val\00215_Animalia_Arthropoda_Insecta_Coleoptera_Carabidae_Harpalus_rufipes\d20632ec-fd61-4b9b-956e-355f0015639b.jpg,12,12,12 20 102 152 208,0.019834313388594163
data\raw\val\00215_Animalia_Arthropoda_Insecta_Coleoptera_Carabidae_Harpalus_rufipes\da37c57e-f2b1-44fe-b9d7-d2b21701c600.jpg,12,219,219 202 204 122 241,0.019173920029424835
data\raw\val\00215_Animalia_Arthropoda_Insecta_Coleoptera_Carabidae_Harpalus_rufipes\9a12f89f-a333-4914-88ad-1dc6c684de00.jpg,12,438,438 6 256 10 257,0.03688863932018121
data\raw\val\00215_Animalia_Arthropoda_Insecta_Coleoptera_Carabidae_Harpalus_rufipes\4a4ab597-1b1a-42a9-856b-ac14b6872bca.jpg,12,391,391 255 274 413 144,0.022251778359079353
data\raw\val\00215_Animalia_Arthropoda_Insecta_Coleoptera_Carabidae_Harpalus_rufipes\bf29de0e-9698-446e-a39e-1120b56d2191.jpg,12,291,291 125 304 71 23,0.01174577975042078
data\raw\val\00215_Animalia_Arthropoda_Insecta_Coleoptera_Carabidae_Harpalus_rufipes\86c4dfd9-7bbf-4857-b55d-a6d0178410e5.jpg,12,11,11 118 238 7 22,0.05127905909107823
data\raw\val\00246_Animalia_Arthropoda_Insecta_Coleoptera_Cerambycidae_Prionus_laticollis\25213209-f96c-4ac8-8002-9556549b0b1e.jpg,13,429,429 396 401 394 452,0.018835293893218044
data\raw\val\00246_Animalia_Arthropoda_Insecta_Coleoptera_Cerambycidae_Prionus_laticollis\6d62bea6-1c18-484c-b0cb-968eb9606e7e.jpg,13,3,3 80 49 122 12,0.02990408647236721
data\raw\val\00246_Animalia_Arthropoda_Insecta_Coleoptera_Cerambycidae_Prionus_laticollis\5b8f5529-8e14-44a7-86af-9a07908f2959.jpg,13,353,353 422 428 294 350,0.026708919969656707
data\raw\val\00246_Animalia_Arthropoda_Insecta_Coleoptera_Cerambycidae_Prionus_laticollis\94f93d93-e622-4cfc-bfd7-499f8704172b.jpg,13,196,196 360 130 15 259,0.009423379344053266
data\raw\val\00246_Animalia_Arthropoda_Insecta_Coleoptera_Cerambycidae_Prionus_laticollis\e9b8ed03-4082-4c00-85d3-328d2bb13ca8.jpg,13,143,143 86 3 210 241,0.01367233045695065
data\raw\val\00246_Animalia_Arthropoda_Insecta_Coleoptera_Cerambycidae_Prionus_laticollis\01aba1f8-1ee6-4e9c-84b9-c71315791a4c.jpg,13,181,181 177 179 157 92,0.010551797018227982
data\raw\val\00246_Animalia_Arthropoda_Insecta_Coleoptera_Cerambycidae_Prionus_laticollis\cf5d5c63-cc6c-49a1-b6eb-0fc497bfd8e1.jpg,13,210,210 270 262 192 496,0.019045414634723826
data\raw\val\00246_Animalia_Arthropoda_Insecta_Coleoptera_Cerambycidae_Prionus_laticollis\58a540a6-20d9-4b4b-9828-d40f2fac7174.jpg,13,167,167 15 197 302 4,0.021942342189844
data\raw\val\00246_Animalia_Arthropoda_Insecta_Coleoptera_Cerambycidae_Prionus_laticollis\85bfea06-f130-4251-adf8-859369c393c0.jpg,13,167,167 2 165 209 174,0.018515922026839948
data\raw\val\00246_Animalia_Arthropoda_Insecta_Coleoptera_Cerambycidae_Prionus_laticollis\b0ba39ed-646f-432e-9888-44f0c1687a0f.jpg,13,260,260 491 402 350 403,0.04593476920789361
data\raw\val\00261_Animalia_Arthropoda_Insecta_Coleoptera_Cerambycidae_Typocerus_velutinus\b61c5273-2d6c-4d09-89e9-711f262c7419.jpg,14,14,14 68 35 37 92,0.0486065319255363
data\raw\val\00261_Animalia_Arthropoda_Insecta_Coleoptera_Cerambycidae_Typocerus_velutinus\2bd78cbe-637d-4f18-92c4-e72882e4ea4a.jpg,14,37,37 68 345 14 69,0.02232930216810428
data\raw\val\00261_Animalia_Arthropoda_Insecta_Coleoptera_Cerambycidae_Typocerus_velutinus\3c912a44-8913-4d34-88e7-ba406cea68c5.jpg,14,14,14 68 35 37 329,0.07293077004496834
data\raw\val\00261_Animalia_Arthropoda_Insecta_Coleoptera_Cerambycidae_Typocerus_velutinus\ade0589b-8f3f-4601-b6b4-c62c0c5317c9.jpg,14,198,198 193 22 13 14,0.01795794238759724
data\raw\val\00261_Animalia_Arthropoda_Insecta_Coleoptera_Cerambycidae_Typocerus_velutinus\278aa898-f960-4576-a173-46a915eed645.jpg,14,96,96 197 86 107 3,0.02726788379724609
data\raw\val\00261_Animalia_Arthropoda_Insecta_Coleoptera_Cerambycidae_Typocerus_velutinus\84e7adf1-da0c-411c-8f61-f03fe4010a0e.jpg,14,14,14 11 23 438 317,0.02415986493490951
data\raw\val\00261_Animalia_Arthropoda_Insecta_Coleoptera_Cerambycidae_Typocerus_velutinus\be05cfc6-ad1d-49cd-8eff-b96519e5f6f2.jpg,14,68,68 37 409 67 14,0.0332361218530078
data\raw\val\00261_Animalia_Arthropoda_Insecta_Coleoptera_Cerambycidae_Typocerus_velutinus\f0b9ee40-7e15-4882-938d-2edc853254dc.jpg,14,37,37 68 14 70 387,0.03921808821989437
data\raw\val\00261_Animalia_Arthropoda_Insecta_Coleoptera_Cerambycidae_Typocerus_velutinus\09425c2d-9728-4e77-bfb8-ca30ca2a8940.jpg,14,474,474 116 198 85 34,0.01513187175554933
data\raw\val\00261_Animalia_Arthropoda_Insecta_Coleoptera_Cerambycidae_Typocerus_velutinus\e1e6ef9b-612c-4ee8-ab9a-f5b3e5e342e8.jpg,14,14,14 38 46 68 105,0.05857420037945292
data\raw\val\00273_Animalia_Arthropoda_Insecta_Coleoptera_Chrysomelidae_Chrysolina_americana\06102dae-94ef-4354-9e60-1a2d1212b7b6.jpg,15,106,106 42 40 117 112,0.014315020928135224
data\raw\val\00273_Animalia_Arthropoda_Insecta_Coleoptera_Chrysomelidae_Chrysolina_americana\e8c8d077-b257-411c-a1e3-bfaf5744a700.jpg,15,282,282 377 286 339 263,0.01782887162945025
data\raw\val\00273_Animalia_Arthropoda_Insecta_Coleoptera_Chrysomelidae_Chrysolina_americana\2642c3cc-a812-4dbe-badd-eec3c9ad1b0c.jpg,15,130,130 196 141 153 26,0.034616003382886514
data\raw\val\00273_Animalia_Arthropoda_Insecta_Coleoptera_Chrysomelidae_Chrysolina_americana\44c0d5fb-88ff-46f5-8d1d-d2b32edc5e64.jpg,15,23,23 19 414 46 117,0.010654423776660153
data\raw\val\00273_Animalia_Arthropoda_Insecta_Coleoptera_Chrysomelidae_Chrysolina_americana\f3c5982f-0544-4d30-a177-378808905fdb.jpg,15,32,32 170 15 115 30,0.010706627283063418
data\raw\val\00273_Animalia_Arthropoda_Insecta_Coleoptera_Chrysomelidae_Chrysolina_americana\59ba76bb-a91e-4dd4-b260-b2cdc51f5ae0.jpg,15,270,270 141 456 66 206,0.031775252083857196
data\raw\val\00273_Animalia_Arthropoda_Insecta_Coleoptera_Chrysomelidae_Chrysolina_americana\f8854ced-7b88-475a-ae48-234114e712ea.jpg,15,28,28 16 40 3 2,0.012828016074437922
data\raw\val\00273_Animalia_Arthropoda_Insecta_Coleoptera_Chrysomelidae_Chrysolina_americana\6b08adda-8d40-479a-937a-5d4c01fd261e.jpg,15,197,197 196 40 198 175,0.019092662699265003
data\raw\val\00273_Animalia_Arthropoda_Insecta_Coleoptera_Chrysomelidae_Chrysolina_americana\15c6c447-c346-46c9-8d99-3f8a0301214a.jpg,15,154,154 27 12 39 128,0.025342463788962915
data\raw\val\00273_Animalia_Arthropoda_Insecta_Coleoptera_Chrysomelidae_Chrysolina_americana\4dc91854-15a5-462b-b08e-c9874181b50c.jpg,15,37,37 462 345 23 258,0.02275711041263299
data\raw\val\00279_Animalia_Arthropoda_Insecta_Coleoptera_Chrysomelidae_Clytra_laeviuscula\4bfa4997-d6fa-4601-b2d3-cde8d130d7f6.jpg,16,146,146 148 49 51 58,0.019790992632832034
data\raw\val\00279_Animalia_Arthropoda_Insecta_Coleoptera_Chrysomelidae_Clytra_laeviuscula\6fae0df3-552d-426f-ba31-ac72c703752a.jpg,16,251,251 20 250 16 172,0.015308810801245553
data\raw\val\00279_Animalia_Arthropoda_Insecta_Coleoptera_Chrysomelidae_Clytra_laeviuscula\56bf21e7-c7ef-474a-ac84-db4e5637a30b.jpg,16,45,45 107 29 180 158,0.019987086274407043
data\raw\val\00279_Animalia_Arthropoda_Insecta_Coleoptera_Chrysomelidae_Clytra_laeviuscula\9d0bda55-dd03-4e80-9cf3-8e8c69543882.jpg,16,12,12 154 108 1 158,0.024918801067493866
data\raw\val\00279_Animalia_Arthropoda_Insecta_Coleoptera_Chrysomelidae_Clytra_laeviuscula\7550cd09-c65f-4eb2-b3d2-af3f276ea176.jpg,16,17,17 140 252 124 190,0.029479629165468462
data\raw\val\00279_Animalia_Arthropoda_Insecta_Coleoptera_Chrysomelidae_Clytra_laeviuscula\8515a4eb-85bc-4472-9547-af7b3bf01318.jpg,16,144,144 5 132 18 134,0.012536419548215699
data\raw\val\00279_Animalia_Arthropoda_Insecta_Coleoptera_Chrysomelidae_Clytra_laeviuscula\35abf81d-6125-4c03-8b72-ff3dc959cbb1.jpg,16,12,12 79 149 18 122,0.027630472554430126
data\raw\val\00279_Animalia_Arthropoda_Insecta_Coleoptera_Chrysomelidae_Clytra_laeviuscula\3a4c723a-ce43-4b06-bac9-5059fa21db60.jpg,16,49,49 65 35 129 251,0.03507099212084175
data\raw\val\00279_Animalia_Arthropoda_Insecta_Coleoptera_Chrysomelidae_Clytra_laeviuscula\c9d889eb-74d9-49d0-9b57-ea7b083ca5ff.jpg,16,18,18 172 181 32 81,0.00831524631999305
data\raw\val\00279_Animalia_Arthropoda_Insecta_Coleoptera_Chrysomelidae_Clytra_laeviuscula\7fe421d5-ecce-462f-948b-566875f6fcb1.jpg,16,20,20 16 80 18 172,0.012658820729539725
data\raw\val\00286_Animalia_Arthropoda_Insecta_Coleoptera_Chrysomelidae_Helocassis_clavata\362c7826-a911-4665-bb30-24fa88a4b6bb.jpg,17,58,58 148 356 81 60,0.03498620811580353
data\raw\val\00286_Animalia_Arthropoda_Insecta_Coleoptera_Chrysomelidae_Helocassis_clavata\0cbdea95-4b7f-439c-92a8-041708b45332.jpg,17,17,17 129 140 252 245,0.0739747358183023
data\raw\val\00286_Animalia_Arthropoda_Insecta_Coleoptera_Chrysomelidae_Helocassis_clavata\fb49404f-efb9-42c4-bf38-110343abdf50.jpg,17,252,252 129 140 124 131,0.028810402058869797
data\raw\val\00286_Animalia_Arthropoda_Insecta_Coleoptera_Chrysomelidae_Helocassis_clavata\97dc0ac6-4ffc-44a6-b2a3-88b9cf9529fe.jpg,17,75,75 17 26 60 64,0.03527092350385131
data\raw\val\00286_Animalia_Arthropoda_Insecta_Coleoptera_Chrysomelidae_Helocassis_clavata\79195922-adc1-4099-b336-fc10640e0fb4.jpg,17,412,412 448 96 66 356,0.02532724214865912
data\raw\val\00286_Animalia_Arthropoda_Insecta_Coleoptera_Chrysomelidae_Helocassis_clavata\c3f680f9-902d-4fc9-b8c0-d1646127fe48.jpg,17,217,217 26 81 130 78,0.018562050477123445
data\raw\val\00286_Animalia_Arthropoda_Insecta_Coleoptera_Chrysomelidae_Helocassis_clavata\955e44f9-73da-4ecb-83bb-dfcc0679d432.jpg,17,49,49 126 251 254 99,0.021863535314099843
data\raw\val\00286_Animalia_Arthropoda_Insecta_Coleoptera_Chrysomelidae_Helocassis_clavata\bca4ec8f-abfe-4f39-89ad-abc61b34585c.jpg,17,113,113 103 50 4 231,0.05886443876736914
data\raw\val\00286_Animalia_Arthropoda_Insecta_Coleoptera_Chrysomelidae_Helocassis_clavata\4d3d68b5-20c6-4d6c-90d9-8dd3f52a5030.jpg,17,158,158 12 152 15 203,0.01718266146372706
data\raw\val\00286_Animalia_Arthropoda_Insecta_Coleoptera_Chrysomelidae_Helocassis_clavata\c586995f-9ff1-4b9e-9d1e-ab24e075a6c8.jpg,17,134,134 405 401 262 434,0.014287907011536996
data\raw\val\00303_Animalia_Arthropoda_Insecta_Coleoptera_Coccinellidae_Adalia_decempunctata\36571d90-3163-44b3-9405-45a80a7eddb9.jpg,18,141,141 196 26 40 65,0.02615757138704537
data\raw\val\00303_Animalia_Arthropoda_Insecta_Coleoptera_Coccinellidae_Adalia_decempunctata\3425fe24-54bd-41f8-b33e-3d25a8477d61.jpg,18,250,250 60 100 47 18,0.024773741669990933
data\raw\val\00303_Animalia_Arthropoda_Insecta_Coleoptera_Coccinellidae_Adalia_decempunctata\095ecc8f-ddc9-4e01-8131-c1616b75297e.jpg,18,184,184 194 195 54 172,0.01352556113136704
data\raw\val\00303_Animalia_Arthropoda_Insecta_Coleoptera_Coccinellidae_Adalia_decempunctata\b447378f-f453-48ee-b59a-0fac5b6d7648.jpg,18,251,251 125 21 55 128,0.013149543236968693
data\raw\val\00303_Animalia_Arthropoda_Insecta_Coleoptera_Coccinellidae_Adalia_decempunctata\eddbbe18-f0f6-42c5-9e79-263ee80e9bbb.jpg,18,98,98 230 125 108 76,0.010990199966936016
data\raw\val\00303_Animalia_Arthropoda_Insecta_Coleoptera_Coccinellidae_Adalia_decempunctata\1e21e4ba-39a9-4795-bb99-8708b3e78806.jpg,18,219,219 20 245 251 3,0.10224170771260313
data\raw\val\00303_Animalia_Arthropoda_Insecta_Coleoptera_Coccinellidae_Adalia_decempunctata\714ff414-dec1-4c05-b059-50450e209c4f.jpg,18,32,32 47 81 18 20,0.025063052699923313
data\raw\val\00303_Animalia_Arthropoda_Insecta_Coleoptera_Coccinellidae_Adalia_decempunctata\0af59a61-f62d-4679-855e-71060eb09c85.jpg,18,172,172 148 18 16 32,0.010464773132627432
data\raw\val\00303_Animalia_Arthropoda_Insecta_Coleoptera_Coccinellidae_Adalia_decempunctata\2996d07a-413f-4b57-9c56-1a94fa11f47c.jpg,18,53,53 166 122 251 128,0.028355866735609966
data\raw\val\00303_Animalia_Arthropoda_Insecta_Coleoptera_Coccinellidae_Adalia_decempunctata\f344f900-9e54-4e32-b2ed-8c341c4b1752.jpg,18,5,5 31 11 256 427,0.020554518783247936
data\raw\val\00304_Animalia_Arthropoda_Insecta_Coleoptera_Coccinellidae_Anatis_ocellata\eb72369b-26d6-492e-a6bc-a7334f2165d3.jpg,19,257,257 258 11 424 422,0.06012970647575639
data\raw\val\00304_Animalia_Arthropoda_Insecta_Coleoptera_Coccinellidae_Anatis_ocellata\62380546-c773-43d9-b677-0c10543bacf9.jpg,19,75,75 30 69 26 96,0.01950766358767256
data\raw\val\00304_Animalia_Arthropoda_Insecta_Coleoptera_Coccinellidae_Anatis_ocellata\1feadb67-6fd8-4702-9740-7a65d320c92c.jpg,19,462,462 453 291 482 408,0.02270423580922597
data\raw\val\00304_Animalia_Arthropoda_Insecta_Coleoptera_Coccinellidae_Anatis_ocellata\788ab094-8344-43dc-aaa2-48303003184a.jpg,19,150,150 154 158 111 99,0.030802716061007374
data\raw\val\00304_Animalia_Arthropoda_Insecta_Coleoptera_Coccinellidae_Anatis_ocellata\ac49656d-a52f-4f18-829b-6cf5d3908d23.jpg,19,18,18 148 47 58 81,0.011878063997330485
data\raw\val\00304_Animalia_Arthropoda_Insecta_Coleoptera_Coccinellidae_Anatis_ocellata\9bfb41fe-cade-4690-8615-1b4c74d9744f.jpg,19,129,129 3 17 138 75,0.017772278546895674
data\raw\val\00304_Animalia_Arthropoda_Insecta_Coleoptera_Coccinellidae_Anatis_ocellata\ea4df21a-69d6-426e-84bd-833a2743bc38.jpg,19,18,18 20 133 17 137,0.012959295217586394
data\raw\val\00304_Animalia_Arthropoda_Insecta_Coleoptera_Coccinellidae_Anatis_ocellata\75ffcc2d-e93c-4173-9a43-0636b1ed0770.jpg,19,119,119 113 112 105 103,0.03288049798307094
data\raw\val\00304_Animalia_Arthropoda_Insecta_Coleoptera_Coccinellidae_Anatis_ocellata\67fcf8c6-d6de-41cd-983a-bb56bb4a051d.jpg,19,16,16 23 122 230 108,0.007622997943521249
data\raw\val\00304_Animalia_Arthropoda_Insecta_Coleoptera_Coccinellidae_Anatis_ocellata\a5ce5d8a-8e5f-4f05-ad36-508a469160ba.jpg,19,11,11 329 457 98 237,0.036160042371820605
data\raw\val\00332_Animalia_Arthropoda_Insecta_Coleoptera_Coccinellidae_Psyllobora_vigintiduopunctata\421288b6-e3c4-48d8-abde-4381c5311e7e.jpg,20,291,291 17 87 66 60,0.019298977290737287
data\raw\val\00332_Animalia_Arthropoda_Insecta_Coleoptera_Coccinellidae_Psyllobora_vigintiduopunctata\d2892e34-9019-422d-962e-9614c470dbc5.jpg,20,61,61 58 56 148 125,0.015710934568460882
data\raw\val\00332_Animalia_Arthropoda_Insecta_Coleoptera_Coccinellidae_Psyllobora_vigintiduopunctata\aa5cd3ef-d5d3-4d52-862a-dd995f705001.jpg,20,132,132 245 136 252 244,0.038722078817388664
data\raw\val\00332_Animalia_Arthropoda_Insecta_Coleoptera_Coccinellidae_Psyllobora_vigintiduopunctata\2f8e8f2a-f1ef-4977-a30c-909a6e9d8262.jpg,20,7,7 232 254 248 30,0.026870379610667662
data\raw\val\00332_Animalia_Arthropoda_Insecta_Coleoptera_Coccinellidae_Psyllobora_vigintiduopunctata\8533274c-740e-44de-9188-cd4254066c9a.jpg,20,148,148 147 47 46 18,0.017238517014093277
data\raw\val\00332_Animalia_Arthropoda_Insecta_Coleoptera_Coccinellidae_Psyllobora_vigintiduopunctata\c7e5cd75-cded-420c-bf62-ad0123548d83.jpg,20,60,60 65 103 30 56,0.01875910263804972
data\raw\val\00332_Animalia_Arthropoda_Insecta_Coleoptera_Coccinellidae_Psyllobora_vigintiduopunctata\f76cff9c-9e76-4be8-906e-e73e1e9d4064.jpg,20,23,23 32 19 16 148,0.011959232442398004
data\raw\val\00332_Animalia_Arthropoda_Insecta_Coleoptera_Coccinellidae_Psyllobora_vigintiduopunctata\d3be320e-855c-4488-abbc-7308e2397e84.jpg,20,47,47 5 46 45 101,0.037892547458407554
data\raw\val\00332_Animalia_Arthropoda_Insecta_Coleoptera_Coccinellidae_Psyllobora_vigintiduopunctata\8ab5d7f9-a879-43b6-978b-78d224dfaa1f.jpg,20,20,20 446 304 70 89,0.010981090479557311
data\raw\val\00332_Animalia_Arthropoda_Insecta_Coleoptera_Coccinellidae_Psyllobora_vigintiduopunctata\80f0408e-3068-40ac-8795-d62cdcba91f8.jpg,20,236,236 191 192 168 270,0.010312914067671486
data\raw\val\00376_Animalia_Arthropoda_Insecta_Coleoptera_Scarabaeidae_Callistethus_marginatus\4e49188c-f14e-4395-8de7-b1e5c1fa19b7.jpg,21,191,191 109 184 107 192,0.014992218208004983
data\raw\val\00376_Animalia_Arthropoda_Insecta_Coleoptera_Scarabaeidae_Callistethus_marginatus\6e22c88d-4d95-49a8-9792-7beb8db04f2b.jpg,21,77,77 21 53 102 41,0.01492392895592931
data\raw\val\00376_Animalia_Arthropoda_Insecta_Coleoptera_Scarabaeidae_Callistethus_marginatus\48f25212-46ad-41c0-8bd5-989a00dc1aea.jpg,21,168,168 209 187 122 206,0.020441683736834436
data\raw\val\00376_Animalia_Arthropoda_Insecta_Coleoptera_Scarabaeidae_Callistethus_marginatus\6ea73c5a-999b-4b8c-a1ae-7b95ec38506f.jpg,21,49,49 251 99 58 133,0.03097987678536156
data\raw\val\00376_Animalia_Arthropoda_Insecta_Coleoptera_Scarabaeidae_Callistethus_marginatus\1688210f-1f40-4625-95c4-5ec4a789d54f.jpg,21,202,202 150 278 188 283,0.022202025116576096
data\raw\val\00376_Animalia_Arthropoda_Insecta_Coleoptera_Scarabaeidae_Callistethus_marginatus\8dd36fed-d944-475c-a79a-9012cea2bde5.jpg,21,12,12 180 2 165 206,0.019747653229126094
data\raw\val\00376_Animalia_Arthropoda_Insecta_Coleoptera_Scarabaeidae_Callistethus_marginatus\56be0ac7-8b81-48f7-af12-5c6bee736dd2.jpg,21,27,27 247 21 152 12,0.02576461877331426
data\raw\val\00376_Animalia_Arthropoda_Insecta_Coleoptera_Scarabaeidae_Callistethus_marginatus\c9cefde9-a88f-4708-80ef-fe3320785148.jpg,21,110,110 95 103 82 122,0.017706644398264373
data\raw\val\00376_Animalia_Arthropoda_Insecta_Coleoptera_Scarabaeidae_Callistethus_marginatus\b5302d25-7674-41b4-b3ba-e1f2000430b0.jpg,21,149,149 72 206 45 109,0.022747698413949413
data\raw\val\00376_Animalia_Arthropoda_Insecta_Coleoptera_Scarabaeidae_Callistethus_marginatus\325bf35f-caf7-4686-81b6-cf10cac2a874.jpg,21,256,256 492 269 24 274,0.035450007611826276
data\raw\val\00381_Animalia_Arthropoda_Insecta_Coleoptera_Scarabaeidae_Dynastes_tityus\d91e2250-6cfd-41b6-8124-3ffe57fa8593.jpg,22,46,46 102 159 5 60,0.026534939540317402
data\raw\val\00381_Animalia_Arthropoda_Insecta_Coleoptera_Scarabaeidae_Dynastes_tityus\c2f1b59c-7461-42ee-8415-279324087eb6.jpg,22,231,231 241 141 34 86,0.018423376458208025
data\raw\val\00381_Animalia_Arthropoda_Insecta_Coleoptera_Scarabaeidae_Dynastes_tityus\532489df-fbcb-4f64-9b3b-be71d2817192.jpg,22,58,58 60 62 81 41,0.02897397539606423
data\raw\val\00381_Animalia_Arthropoda_Insecta_Coleoptera_Scarabaeidae_Dynastes_tityus\98894e68-d6ce-4fa8-a4b9-8aa72e9c05ee.jpg,22,22,22 25 174 1 2,0.022934830804798544
data\raw\val\00381_Animalia_Arthropoda_Insecta_Coleoptera_Scarabaeidae_Dynastes_tityus\64e48d59-ad36-4db8-94dd-a8219a38ec9b.jpg,22,158,158 160 173 56 147,0.015170036837805484
data\raw\val\00381_Animalia_Arthropoda_Insecta_Coleoptera_Scarabaeidae_Dynastes_tityus\0c6059ce-03d1-4d65-a9c9-830735e879f4.jpg,22,53,53 41 133 7 55,0.04065853401880353
data\raw\val\00381_Animalia_Arthropoda_Insecta_Coleoptera_Scarabaeidae_Dynastes_tityus\e1bd58bd-2a02-43f9-9538-c4ad65aaea53.jpg,22,254,254 438 7 13 36,0.02573142652796438
data\raw\val\00381_Animalia_Arthropoda_Insecta_Coleoptera_Scarabaeidae_Dynastes_tityus\0a37d04d-07d5-466e-982d-001982c453ba.jpg,22,497,497 270 210 269 417,0.018899686566840292
data\raw\val\00381_Animalia_Arthropoda_Insecta_Coleoptera_Scarabaeidae_Dynastes_tityus\e5920bea-7e25-4bba-8912-42a016bdd3a6.jpg,22,265,265 478 408 360 266,0.016358801094934164
data\raw\val\00381_Animalia_Arthropoda_Insecta_Coleoptera_Scarabaeidae_Dynastes_tityus\c1d06126-e723-47b1-861e-026f2042e484.jpg,22,46,46 101 102 22 125,0.03306243649824929
data\raw\val\00382_Animalia_Arthropoda_Insecta_Coleoptera_Scarabaeidae_Euphoria_basalis\56551279-457d-4e10-a3bd-43c70c1cd8e5.jpg,23,485,485 448 471 412 260,0.01648709839713502
data\raw\val\00382_Animalia_Arthropoda_Insecta_Coleoptera_Scarabaeidae_Euphoria_basalis\449724e5-84b4-4de1-a608-d85012858e41.jpg,23,463,463 380 475 370 332,0.0101156150973975
data\raw\val\00382_Animalia_Arthropoda_Insecta_Coleoptera_Scarabaeidae_Euphoria_basalis\70ca0d51-e921-41f7-9abb-94c9ede07d7e.jpg,23,250,250 125 132 248 245,0.04220138129470673
data\raw\val\00382_Animalia_Arthropoda_Insecta_Coleoptera_Scarabaeidae_Euphoria_basalis\8bb2e3a1-03b8-4750-a91e-f59a055ee4c5.jpg,23,47,47 108 22 148 80,0.01138309710982167
data\raw\val\00382_Animalia_Arthropoda_Insecta_Coleoptera_Scarabaeidae_Euphoria_basalis\180992c3-e880-44b3-875d-4ec905836b4c.jpg,23,58,58 149 189 148 146,0.044426401304194944
data\raw\val\00382_Animalia_Arthropoda_Insecta_Coleoptera_Scarabaeidae_Euphoria_basalis\91534e95-65cb-4cac-b58f-f3c2db060b32.jpg,23,15,15 131 276 469 71,0.007888913568432876
data\raw\val\00382_Animalia_Arthropoda_Insecta_Coleoptera_Scarabaeidae_Euphoria_basalis\f018147a-d311-493a-b833-e81449569add.jpg,23,443,443 357 462 433 37,0.024670672220487556
data\raw\val\00382_Animalia_Arthropoda_Insecta_Coleoptera_Scarabaeidae_Euphoria_basalis\3d21916a-83c9-4b41-b847-0a004f258100.jpg,23,373,373 433 469 360 343,0.0260930774788452
data\raw\val\00382_Animalia_Arthropoda_Insecta_Coleoptera_Scarabaeidae_Euphoria_basalis\16516bd6-0d2e-45a6-ae53-b63cb3dd9c8f.jpg,23,259,259 255 6 144 8,0.039965391261304564
data\raw\val\00382_Animalia_Arthropoda_Insecta_Coleoptera_Scarabaeidae_Euphoria_basalis\7cb950af-b93b-46c1-94d5-cd6a080720fb.jpg,23,443,443 396 398 477 33,0.009500795500880671
data\raw\val\00418_Animalia_Arthropoda_Insecta_Coleoptera_Zopheridae_Zopherus_nodulosus\139cd667-34e5-4192-82a8-4770867c3336.jpg,24,264,264 258 270 123 191,0.061090982888910766
data\raw\val\00418_Animalia_Arthropoda_Insecta_Coleoptera_Zopheridae_Zopherus_nodulosus\445e1c70-ac79-4066-8f9b-65b4a292b65a.jpg,24,45,45 44 39 47 77,0.060567591043069594
data\raw\val\00418_Animalia_Arthropoda_Insecta_Coleoptera_Zopheridae_Zopherus_nodulosus\444ff3c7-92da-4493-ba03-eb0ca7c6effb.jpg,24,224,224 237 11 316 118,0.01701029282049965
data\raw\val\00418_Animalia_Arthropoda_Insecta_Coleoptera_Zopheridae_Zopherus_nodulosus\49b7b702-800d-44be-b3fe-9f1449a03897.jpg,24,130,130 3 127 241 218,0.01716435655482442
data\raw\val\00418_Animalia_Arthropoda_Insecta_Coleoptera_Zopheridae_Zopherus_nodulosus\c75c787c-3ed6-41fc-af30-30de7962fee3.jpg,24,253,253 27 247 12 39,0.09288623360478071
data\raw\val\00418_Animalia_Arthropoda_Insecta_Coleoptera_Zopheridae_Zopherus_nodulosus\39f8d495-4e6b-40b7-b055-d4a195b37e55.jpg,24,239,239 145 192 8 115,0.03799214717942389
data\raw\val\00418_Animalia_Arthropoda_Insecta_Coleoptera_Zopheridae_Zopherus_nodulosus\ce9a6f40-49a8-4703-b565-dbc8dda66d09.jpg,24,256,256 480 24 269 145,0.03452500858119015
data\raw\val\00418_Animalia_Arthropoda_Insecta_Coleoptera_Zopheridae_Zopherus_nodulosus\577f1a06-d0cf-414b-83a8-b695e4e7e374.jpg,24,87,87 92 359 36 7,0.016686961374629366
data\raw\val\00418_Animalia_Arthropoda_Insecta_Coleoptera_Zopheridae_Zopherus_nodulosus\8fdf18c1-835b-4262-a97c-7ea43869290e.jpg,24,191,191 177 192 239 87,0.026690984293110287
data\raw\val\00418_Animalia_Arthropoda_Insecta_Coleoptera_Zopheridae_Zopherus_nodulosus\d55e1b08-dfdf-456e-b180-99e908c122f3.jpg,24,20,20 158 102 21 99,0.011831667500019682
data\raw\val\00504_Animalia_Arthropoda_Insecta_Diptera_Tipulidae_Tipula_abdominalis\08bc2639-8f4b-4708-8195-d99399be74fb.jpg,25,158,158 111 119 42 25,0.027063510301696785
data\raw\val\00504_Animalia_Arthropoda_Insecta_Diptera_Tipulidae_Tipula_abdominalis\4ba845c2-2f30-4eb0-88a9-f381e4879fdb.jpg,25,242,242 161 224 92 351,0.025305186428865888
data\raw\val\00504_Animalia_Arthropoda_Insecta_Diptera_Tipulidae_Tipula_abdominalis\78f06e04-5e90-4f91-91a8-dc2b95c89b44.jpg,25,8,8 205 99 55 118,0.055685964377081454
data\raw\val\00504_Animalia_Arthropoda_Insecta_Diptera_Tipulidae_Tipula_abdominalis\63bcc15a-4603-4f16-9319-3d24eee92b13.jpg,25,115,115 236 119 25 50,0.028058630248405728
data\raw\val\00504_Animalia_Arthropoda_Insecta_Diptera_Tipulidae_Tipula_abdominalis\b6b2644d-fa0d-4537-a49f-51a931b41a23.jpg,25,42,42 231 105 141 65,0.01676052902898641
data\raw\val\00504_Animalia_Arthropoda_Insecta_Diptera_Tipulidae_Tipula_abdominalis\954ab91f-a31a-4281-aaa1-5325b6039307.jpg,25,3,3 105 45 197 75,0.01997521986202987
data\raw\val\00504_Animalia_Arthropoda_Insecta_Diptera_Tipulidae_Tipula_abdominalis\f303079b-b08e-4540-984e-054ed3b00459.jpg,25,55,55 79 171 215 149,0.03326506393730177
data\raw\val\00504_Animalia_Arthropoda_Insecta_Diptera_Tipulidae_Tipula_abdominalis\34d6affb-cf13-477c-ac86-45788f8083af.jpg,25,13,13 27 424 39 127,0.020142660212924757
data\raw\val\00504_Animalia_Arthropoda_Insecta_Diptera_Tipulidae_Tipula_abdominalis\96999a5b-e336-4905-8f52-bd397f5e53e5.jpg,25,104,104 119 25 115 50,0.018024054081049682
data\raw\val\00504_Animalia_Arthropoda_Insecta_Diptera_Tipulidae_Tipula_abdominalis\804b4415-f6ee-41c3-a947-6074f29d1e78.jpg,25,236,236 119 103 105 113,0.013262323212090239
data\raw\val\00525_Animalia_Arthropoda_Insecta_Hemiptera_Cercopidae_Cercopis_vulnerata\d1116899-3614-4ee5-8901-a5e7b01c04cf.jpg,26,58,58 159 101 46 100,0.03649478766716124
data\raw\val\00525_Animalia_Arthropoda_Insecta_Hemiptera_Cercopidae_Cercopis_vulnerata\1be2a4cc-671e-46d7-a3ac-ccb2123521d1.jpg,26,112,112 192 115 63 186,0.01628075285106995
data\raw\val\00525_Animalia_Arthropoda_Insecta_Hemiptera_Cercopidae_Cercopis_vulnerata\974187d9-c369-4d4f-8e84-7136dd5febfc.jpg,26,113,113 105 27 42 112,0.017645148528637054
data\raw\val\00525_Animalia_Arthropoda_Insecta_Hemiptera_Cercopidae_Cercopis_vulnerata\04487df5-dfcd-4f5b-b71d-f0c6c3e4ed20.jpg,26,31,31 277 21 117 119,0.007184012716328388
data\raw\val\00525_Animalia_Arthropoda_Insecta_Hemiptera_Cercopidae_Cercopis_vulnerata\703efcc5-460b-445e-9d35-31385470dc91.jpg,26,231,231 65 103 122 16,0.01880361463461885
data\raw\val\00525_Animalia_Arthropoda_Insecta_Hemiptera_Cercopidae_Cercopis_vulnerata\5c0e1f23-b208-4547-9a9e-d551fb15100f.jpg,26,28,28 26 16 206 17,0.013940592512577716
data\raw\val\00525_Animalia_Arthropoda_Insecta_Hemiptera_Cercopidae_Cercopis_vulnerata\afc1a085-6d7b-4bff-b605-34f6b0b08e6d.jpg,26,195,195 71 165 420 2,0.010704746512024398
data\raw\val\00525_Animalia_Arthropoda_Insecta_Hemiptera_Cercopidae_Cercopis_vulnerata\1f60e67d-b3b2-4a96-93cf-aa201ea916a8.jpg,26,64,64 4 113 32 210,0.025379863009709763
data\raw\val\00525_Animalia_Arthropoda_Insecta_Hemiptera_Cercopidae_Cercopis_vulnerata\d2b5b087-8827-41eb-9330-f771add59521.jpg,26,193,193 206 191 149 44,0.016402398764595875
data\raw\val\00525_Animalia_Arthropoda_Insecta_Hemiptera_Cercopidae_Cercopis_vulnerata\3198a557-53b9-4cfb-97ee-44ef6072942b.jpg,26,128,128 103 251 230 133,0.03339392079313876
data\raw\val\00529_Animalia_Arthropoda_Insecta_Hemiptera_Cicadellidae_Cuerna_costalis\b1af1ab9-42c7-4606-938b-7ca5d9ec73f0.jpg,27,176,176 55 205 122 158,0.020520008907750926
data\raw\val\00529_Animalia_Arthropoda_Insecta_Hemiptera_Cicadellidae_Cuerna_costalis\13489a8f-de93-4649-a264-b92bf5854bfd.jpg,27,141,141 40 128 196 130,0.016610897882013656
data\raw\val\00529_Animalia_Arthropoda_Insecta_Hemiptera_Cicadellidae_Cuerna_costalis\d8de6b18-851d-4360-8647-d7d6829c3735.jpg,27,27,27 13 39 151 12,0.10279331431303869
data\raw\val\00529_Animalia_Arthropoda_Insecta_Hemiptera_Cicadellidae_Cuerna_costalis\fc9f27a9-79cb-4901-bfb9-e3a7eef781d3.jpg,27,42,42 4 112 53 66,0.015004085924290278
data\raw\val\00529_Animalia_Arthropoda_Insecta_Hemiptera_Cicadellidae_Cuerna_costalis\f7a9153d-6643-4962-83b6-47db226a8f07.jpg,27,32,32 16 21 219 42,0.010568643279844976
data\raw\val\00529_Animalia_Arthropoda_Insecta_Hemiptera_Cicadellidae_Cuerna_costalis\080113f4-8ed9-4d76-9556-1a5e2bc58d84.jpg,27,32,32 40 176 128 196,0.015706211446315847
data\raw\val\00529_Animalia_Arthropoda_Insecta_Hemiptera_Cicadellidae_Cuerna_costalis\a5b0d546-0d7a-48f3-b3b1-d54954b285fe.jpg,27,263,263 106 26 41 3,0.01375127458949465
data\raw\val\00529_Animalia_Arthropoda_Insecta_Hemiptera_Cicadellidae_Cuerna_costalis\47851b1d-cf57-48ed-8d2c-772106271836.jpg,27,27,27 283 204 151 39,0.09434181087132956
data\raw\val\00529_Animalia_Arthropoda_Insecta_Hemiptera_Cicadellidae_Cuerna_costalis\d1e18f6e-fabb-42d9-a608-2a79a62b3496.jpg,27,446,446 430 263 403 378,0.050269032966771196
data\raw\val\00529_Animalia_Arthropoda_Insecta_Hemiptera_Cicadellidae_Cuerna_costalis\e2ccfbeb-fd70-4b5e-9279-79b379ff9b0b.jpg,27,477,477 475 398 439 434,0.014625044056918259
data\raw\val\00562_Animalia_Arthropoda_Insecta_Hemiptera_Coreidae_Coreus_marginatus\63129198-2dd1-441f-8821-daea5a7fb0af.jpg,28,17,17 140 219 241 202,0.02460577359117035
data\raw\val\00562_Animalia_Arthropoda_Insecta_Hemiptera_Coreidae_Coreus_marginatus\3e0ff8d5-c620-416b-b05d-9da8049f811e.jpg,28,4,4 174 76 46 32,0.03706380892255681
data\raw\val\00562_Animalia_Arthropoda_Insecta_Hemiptera_Coreidae_Coreus_marginatus\709672d0-2f97-4a9f-a1a4-3ccaa1946f88.jpg,28,28,28 110 1 149 13,0.015487480638982871
data\raw\val\00562_Animalia_Arthropoda_Insecta_Hemiptera_Coreidae_Coreus_marginatus\6b74b3a3-2f6e-4f21-8b69-9ef53c4b19ca.jpg,28,106,106 30 169 241 67,0.010125413824169763
data\raw\val\00562_Animalia_Arthropoda_Insecta_Hemiptera_Coreidae_Coreus_marginatus\647dec76-329f-4da9-9d7f-b84d84b05774.jpg,28,34,34 23 37 97 35,0.012165234620412845
data\raw\val\00562_Animalia_Arthropoda_Insecta_Hemiptera_Coreidae_Coreus_marginatus\065df732-ed6c-4b4a-ab9c-268fde735c2f.jpg,28,82,82 30 66 63 96,0.017841651855681318
data\raw\val\00562_Animalia_Arthropoda_Insecta_Hemiptera_Coreidae_Coreus_marginatus\0f01b27e-fe92-4078-9ee3-5c27d23ed5fd.jpg,28,207,207 222 460 472 264,0.01969657125441125
data\raw\val\00562_Animalia_Arthropoda_Insecta_Hemiptera_Coreidae_Coreus_marginatus\a5dd58f1-401e-41c7-8131-1f7399ae97c5.jpg,28,212,212 153 270 192 176,0.01711968408400985
data\raw\val\00562_Animalia_Arthropoda_Insecta_Hemiptera_Coreidae_Coreus_marginatus\f2b0c648-df79-43a3-8ca6-48c35ac02a75.jpg,28,468,468 254 274 246 248,0.04266575677886676
data\raw\val\00562_Animalia_Arthropoda_Insecta_Hemiptera_Coreidae_Coreus_marginatus\849dbaba-42ee-4c6a-a57e-5000b2502526.jpg,28,183,183 28 116 24 22,0.011334509805909165
data\raw\val\00573_Animalia_Arthropoda_Insecta_Hemiptera_Coreidae_Thasus_neocalifornicus\97765775-ab66-4d01-8b11-bb5d83a48d3a.jpg,29,96,96 381 412 92 94,0.010356916109107196
data\raw\val\00573_Animalia_Arthropoda_Insecta_Hemiptera_Coreidae_Thasus_neocalifornicus\fcf222de-3587-4799-b930-37d8bd82eee8.jpg,29,22,22 25 118 238 77,0.03453446916036007
data\raw\val\00573_Animalia_Arthropoda_Insecta_Hemiptera_Coreidae_Thasus_neocalifornicus\a7dda64d-d660-4044-b86d-995d3a50a12b.jpg,29,196,196 40 233 258 86,0.014584750687052075
data\raw\val\00573_Animalia_Arthropoda_Insecta_Hemiptera_Coreidae_Thasus_neocalifornicus\3ffa20f0-5cd8-4540-b977-74235957b707.jpg,29,92,92 208 90 138 84,0.010579814555169027
data\raw\val\00573_Animalia_Arthropoda_Insecta_Hemiptera_Coreidae_Thasus_neocalifornicus\9802b080-5a43-46cb-9145-caf0059704c5.jpg,29,189,189 25 168 92 178,0.014236294325374599
data\raw\val\00573_Animalia_Arthropoda_Insecta_Hemiptera_Coreidae_Thasus_neocalifornicus\d537f138-ef2f-4f7b-a962-107707d7a617.jpg,29,348,348 29 483 89 427,0.011053212255687398
data\raw\val\00573_Animalia_Arthropoda_Insecta_Hemiptera_Coreidae_Thasus_neocalifornicus\99fddfde-1882-451a-ae61-990a8554b2c6.jpg,29,286,286 437 367 408 291,0.012603368030410437
data\raw\val\00573_Animalia_Arthropoda_Insecta_Hemiptera_Coreidae_Thasus_neocalifornicus\9b6f2082-be4e-410a-b72a-f3509fa78df1.jpg,29,404,404 221 191 300 151,0.039562402350700035
data\raw\val\00573_Animalia_Arthropoda_Insecta_Hemiptera_Coreidae_Thasus_neocalifornicus\04af60c9-26eb-4a8d-8534-233efe1852d7.jpg,29,197,197 105 183 175 186,0.017224212949150216
data\raw\val\00573_Animalia_Arthropoda_Insecta_Hemiptera_Coreidae_Thasus_neocalifornicus\dbf9f3b2-d541-496c-b7da-b5a1621f52b8.jpg,29,197,197 198 193 194 183,0.013847413425587261
data\raw\val\00623_Animalia_Arthropoda_Insecta_Hemiptera_Pentatomidae_Euthyrhynchus_floridanus\06e00ca2-e343-421d-b99e-b06813b707eb.jpg,30,132,132 237 250 329 118,0.02114841600717725
data\raw\val\00623_Animalia_Arthropoda_Insecta_Hemiptera_Pentatomidae_Euthyrhynchus_floridanus\6b5148ea-bdc8-49fa-a5d9-6e8d9b4c3ac8.jpg,30,475,475 261 26 153 258,0.01599171349732364
data\raw\val\00623_Animalia_Arthropoda_Insecta_Hemiptera_Pentatomidae_Euthyrhynchus_floridanus\3badb91d-ecd7-4e50-85e7-a406c2c18e02.jpg,30,158,158 154 111 241 150,0.042709020759977234
data\raw\val\00623_Animalia_Arthropoda_Insecta_Hemiptera_Pentatomidae_Euthyrhynchus_floridanus\fde34f72-f732-41f6-a25a-26a803d6c368.jpg,30,158,158 226 25 133 168,0.024760125361148973
data\raw\val\00623_Animalia_Arthropoda_Insecta_Hemiptera_Pentatomidae_Euthyrhynchus_floridanus\bc0fa491-e9a3-414b-8328-a81b7fdd340a.jpg,30,6,6 10 68 144 13,0.018072003729835914
data\raw\val\00623_Animalia_Arthropoda_Insecta_Hemiptera_Pentatomidae_Euthyrhynchus_floridanus\1d9c5fa3-cffd-4138-a0b2-9ef14c4a854b.jpg,30,24,24 256 257 422 136,0.019780284569899317
data\raw\val\00623_Animalia_Arthropoda_Insecta_Hemiptera_Pentatomidae_Euthyrhynchus_floridanus\9045eb05-0ee7-4cf7-b25f-025c712a3853.jpg,30,247,247 79 133 27 99,0.03323677378067105
data\raw\val\00623_Animalia_Arthropoda_Insecta_Hemiptera_Pentatomidae_Euthyrhynchus_floridanus\57ed8a5b-a439-4a07-93c3-2b79ecbfd188.jpg,30,298,298 277 446 339 286,0.01795894705897233
data\raw\val\00623_Animalia_Arthropoda_Insecta_Hemiptera_Pentatomidae_Euthyrhynchus_floridanus\c5d9996d-2167-453c-b6d0-34445ad6fd64.jpg,30,258,258 261 406 443 464,0.020335734951384077
data\raw\val\00623_Animalia_Arthropoda_Insecta_Hemiptera_Pentatomidae_Euthyrhynchus_floridanus\6908256a-d9a9-4a4d-80ad-a751ed4bfabc.jpg,30,269,269 9 24 489 492,0.07893919920432556
data\raw\val\00652_Animalia_Arthropoda_Insecta_Hemiptera_Reduviidae_Pselliopus_barberi\f2cf0e1a-7377-4ddd-b115-136b0dd14973.jpg,31,471,471 155 38 249 125,0.00892617357559748
data\raw\val\00652_Animalia_Arthropoda_Insecta_Hemiptera_Reduviidae_Pselliopus_barberi\73379341-4fc3-41bd-8390-cf6605dc28e6.jpg,31,122,122 104 164 31 72,0.016928163832120896
data\raw\val\00652_Animalia_Arthropoda_Insecta_Hemiptera_Reduviidae_Pselliopus_barberi\c55e0588-6737-4f47-b85f-39d8da520348.jpg,31,60,60 82 122 3 99,0.020030783912416295
data\raw\val\00652_Animalia_Arthropoda_Insecta_Hemiptera_Reduviidae_Pselliopus_barberi\f2598e14-b8c2-469a-a4b8-b71229990f08.jpg,31,82,82 178 59 110 185,0.018731005068787106
data\raw\val\00652_Animalia_Arthropoda_Insecta_Hemiptera_Reduviidae_Pselliopus_barberi\a83d4d0f-0d63-42f8-b6b5-5a7ae108ac8c.jpg,31,150,150 115 15 26 116,0.015419697259538087
data\raw\val\00652_Animalia_Arthropoda_Insecta_Hemiptera_Reduviidae_Pselliopus_barberi\08db2fd5-68b2-48a7-8a85-07aea2bd10d3.jpg,31,393,393 190 413 441 391,0.020509414118293812
data\raw\val\00652_Animalia_Arthropoda_Insecta_Hemiptera_Reduviidae_Pselliopus_barberi\96a06429-b887-4595-b2ba-b06c870ed0ef.jpg,31,369,369 408 441 140 394,0.019195040286658135
data\raw\val\00652_Animalia_Arthropoda_Insecta_Hemiptera_Reduviidae_Pselliopus_barberi\105b02f8-c09d-42fc-b079-bcf27d0c4a83.jpg,31,128,128 49 53 52 81,0.07434694923327724
data\raw\val\00652_Animalia_Arthropoda_Insecta_Hemiptera_Reduviidae_Pselliopus_barberi\7b5fe607-1e23-4527-8033-e449e03ff5dd.jpg,31,49,49 448 65 400 485,0.02605329935163323
data\raw\val\00652_Animalia_Arthropoda_Insecta_Hemiptera_Reduviidae_Pselliopus_barberi\0fb4b2de-e83a-4b77-a766-2747e2dbc8f5.jpg,31,421,421 359 416 85 329,0.019735450891535614
data\raw\val\00666_Animalia_Arthropoda_Insecta_Hemiptera_Ricaniidae_Scolypopa_australis\a8aa0a72-6e1d-4d6a-ae81-f01ae4e1e372.jpg,32,260,260 133 20 125 251,0.021802750128054937
data\raw\val\00666_Animalia_Arthropoda_Insecta_Hemiptera_Ricaniidae_Scolypopa_australis\ec233c72-d4c5-4c17-8001-43e67baea482.jpg,32,158,158 128 115 119 109,0.01700808964958704
data\raw\val\00666_Animalia_Arthropoda_Insecta_Hemiptera_Ricaniidae_Scolypopa_australis\765918ae-416a-4c45-b966-170fc1efe47a.jpg,32,455,455 360 490 450 394,0.012167463421123242
data\raw\val\00666_Animalia_Arthropoda_Insecta_Hemiptera_Ricaniidae_Scolypopa_australis\7e5a215b-b4e4-433a-8b4d-2173dba38836.jpg,32,405,405 356 40 182 64,0.01577963740897492
data\raw\val\00666_Animalia_Arthropoda_Insecta_Hemiptera_Ricaniidae_Scolypopa_australis\a3fec29a-6760-4ace-a79d-fded24e977fa.jpg,32,300,300 150 301 192 239,0.03695012967048644
data\raw\val\00666_Animalia_Arthropoda_Insecta_Hemiptera_Ricaniidae_Scolypopa_australis\6312f3dc-ea0a-4f38-a466-c652830e80dc.jpg,32,448,448 249 64 400 485,0.022881871756295517
data\raw\val\00666_Animalia_Arthropoda_Insecta_Hemiptera_Ricaniidae_Scolypopa_australis\63ed0dad-61fc-4c61-9fcd-d4c6e5587d3f.jpg,32,18,18 251 20 125 172,0.010644683513805493
data\raw\val\00666_Animalia_Arthropoda_Insecta_Hemiptera_Ricaniidae_Scolypopa_australis\ca8cba86-21d4-4e0a-98b5-4f2612e3bcdb.jpg,32,245,245 18 135 47 136,0.016340965101539606
data\raw\val\00666_Animalia_Arthropoda_Insecta_Hemiptera_Ricaniidae_Scolypopa_australis\8da5af2c-66b1-4b19-99b1-c5d7fab53b75.jpg,32,16,16 172 148 47 20,0.013221138776692329
data\raw\val\00666_Animalia_Arthropoda_Insecta_Hemiptera_Ricaniidae_Scolypopa_australis\0e88b725-817f-4bea-b33f-b6d9cd3be0fc.jpg,32,221,221 27 247 283 253,0.1274560786510043
data\raw\val\00712_Animalia_Arthropoda_Insecta_Hymenoptera_Apidae_Xylocopa_sonorina\ebbce709-2f4d-4c5e-b50b-df3930cd0f55.jpg,33,141,141 58 225 53 81,0.02764009628748323
data\raw\val\00712_Animalia_Arthropoda_Insecta_Hymenoptera_Apidae_Xylocopa_sonorina\5bcfadd2-6d3e-4a85-a3ba-ab1f310862dc.jpg,33,10,10 213 30 483 145,0.009519072214254586
data\raw\val\00712_Animalia_Arthropoda_Insecta_Hymenoptera_Apidae_Xylocopa_sonorina\b84df638-5258-481f-825c-6a8de5f6ce5d.jpg,33,6,6 7 250 30 238,0.015500236160638425
data\raw\val\00712_Animalia_Arthropoda_Insecta_Hymenoptera_Apidae_Xylocopa_sonorina\c90c4dde-d72b-49b0-9bad-b33be584baf8.jpg,33,367,367 71 97 37 76,0.01229660047364079
data\raw\val\00712_Animalia_Arthropoda_Insecta_Hymenoptera_Apidae_Xylocopa_sonorina\1d4f3e8d-8be5-48b9-a37a-2a1e7ca1b121.jpg,33,141,141 26 40 231 140,0.03459176031043242
data\raw\val\00712_Animalia_Arthropoda_Insecta_Hymenoptera_Apidae_Xylocopa_sonorina\ce93cd0c-74ed-46f6-8e34-1e9d7908744a.jpg,33,413,413 476 479 395 362,0.0254490835911072
data\raw\val\00712_Animalia_Arthropoda_Insecta_Hymenoptera_Apidae_Xylocopa_sonorina\d99f9d1c-d474-4737-b590-a156c47f9ea8.jpg,33,435,435 219 38 136 383,0.013811204800759045
data\raw\val\00712_Animalia_Arthropoda_Insecta_Hymenoptera_Apidae_Xylocopa_sonorina\3b71dfe2-522c-4746-bbc7-afea5dd99452.jpg,33,434,434 401 433 483 399,0.012766578477621134
data\raw\val\00712_Animalia_Arthropoda_Insecta_Hymenoptera_Apidae_Xylocopa_sonorina\e64e6876-1f8c-4bba-b916-8054164ecf19.jpg,33,10,10 83 228 36 87,0.02018646448441303
data\raw\val\00712_Animalia_Arthropoda_Insecta_Hymenoptera_Apidae_Xylocopa_sonorina\8c409673-d225-4c4f-9b9b-ff472ab04053.jpg,33,468,468 365 366 452 359,0.06765126306915399
data\raw\val\00713_Animalia_Arthropoda_Insecta_Hymenoptera_Apidae_Xylocopa_tabaniformis\11e940b3-d3c6-4934-99ab-cd241b8efce3.jpg,34,291,291 23 66 97 33,0.015205595185846243
data\raw\val\00713_Animalia_Arthropoda_Insecta_Hymenoptera_Apidae_Xylocopa_tabaniformis\bf325f01-66a2-4486-895c-4e02cb7c360b.jpg,34,196,196 111 96 197 71,0.016568525924577658
data\raw\val\00713_Animalia_Arthropoda_Insecta_Hymenoptera_Apidae_Xylocopa_tabaniformis\a6ff8315-d82c-418a-b2d3-3677655c7e66.jpg,34,97,97 37 18 33 339,0.008745707395748767
data\raw\val\00713_Animalia_Arthropoda_Insecta_Hymenoptera_Apidae_Xylocopa_tabaniformis\7143dd14-ac71-4ecc-b80e-dc1907f5fecc.jpg,34,369,369 364 338 374 363,0.030814081351934582
data\raw\val\00713_Animalia_Arthropoda_Insecta_Hymenoptera_Apidae_Xylocopa_tabaniformis\a6354310-9a1b-46e5-ad48-54c155362be1.jpg,34,1,1 2 77 102 0,0.04238987821400845
data\raw\val\00713_Animalia_Arthropoda_Insecta_Hymenoptera_Apidae_Xylocopa_tabaniformis\94f9b97c-7b6f-438e-9219-9b14b93acae5.jpg,34,105,105 113 3 231 103,0.03801986877916697
data\raw\val\00713_Animalia_Arthropoda_Insecta_Hymenoptera_Apidae_Xylocopa_tabaniformis\68a94714-d9f8-49f2-b16f-7a3a4cc8503e.jpg,34,412,412 448 408 356 96,0.04259892729513217
data\raw\val\00713_Animalia_Arthropoda_Insecta_Hymenoptera_Apidae_Xylocopa_tabaniformis\3b798074-f937-4e76-8a7c-23a81e81d074.jpg,34,439,439 264 35 291 43,0.025046269971150177
data\raw\val\00713_Animalia_Arthropoda_Insecta_Hymenoptera_Apidae_Xylocopa_tabaniformis\c04ada87-f56e-45ed-b98c-71c3aa8a3d8c.jpg,34,193,193 206 198 14 96,0.02462644866495047
data\raw\val\00713_Animalia_Arthropoda_Insecta_Hymenoptera_Apidae_Xylocopa_tabaniformis\b59da8d8-40bd-4097-b2c2-7c77d7a4c734.jpg,34,317,317 429 409 342 359,0.022776990886807066
data\raw\val\00778_Animalia_Arthropoda_Insecta_Hymenoptera_Halictidae_Halictus_rubicundus\83e0e87d-2f96-46bd-9b0e-c87313c780f8.jpg,35,37,37 34 97 456 23,0.017967488571022934
data\raw\val\00778_Animalia_Arthropoda_Insecta_Hymenoptera_Halictidae_Halictus_rubicundus\72cf5f31-595c-4131-974a-8f4adf868f70.jpg,35,460,460 367 364 362 369,0.014033227353333205
data\raw\val\00778_Animalia_Arthropoda_Insecta_Hymenoptera_Halictidae_Halictus_rubicundus\b9421dca-67ff-49a9-ac73-93aa8dbacae6.jpg,35,271,271 217 235 27 236,0.017494069456244873
data\raw\val\00778_Animalia_Arthropoda_Insecta_Hymenoptera_Halictidae_Halictus_rubicundus\3a0b51da-338b-4413-9b5f-22159f1af472.jpg,35,39,39 115 183 106 84,0.008261833077966825
data\raw\val\00778_Animalia_Arthropoda_Insecta_Hymenoptera_Halictidae_Halictus_rubicundus\363717f6-3f16-42e4-a3eb-e37033100b8c.jpg,35,16,16 65 96 75 26,0.022157969703105695
data\raw\val\00778_Animalia_Arthropoda_Insecta_Hymenoptera_Halictidae_Halictus_rubicundus\2eaf72c7-a6f9-442d-8287-aa35c798ed70.jpg,35,14,14 37 456 70 97,0.03212366294723679
data\raw\val\00778_Animalia_Arthropoda_Insecta_Hymenoptera_Halictidae_Halictus_rubicundus\0c5d7354-8431-43fb-a88d-8d26e96249ed.jpg,35,30,30 50 32 112 1,0.014397046660043048
data\raw\val\00778_Animalia_Arthropoda_Insecta_Hymenoptera_Halictidae_Halictus_rubicundus\0fdddaa8-59c1-4e9b-a6ff-55bd9dc6ead4.jpg,35,187,187 105 16 75 45,0.013264972141003249
data\raw\val\00778_Animalia_Arthropoda_Insecta_Hymenoptera_Halictidae_Halictus_rubicundus\a74c2480-de50-4b83-b5a8-98e761be52e2.jpg,35,114,114 75 27 42 40,0.013464674745182998
data\raw\val\00778_Animalia_Arthropoda_Insecta_Hymenoptera_Halictidae_Halictus_rubicundus\bbf3505c-30a7-4ecc-a2b2-2c2e2ff3f766.jpg,35,99,99 126 101 57 53,0.024264504996429768
data\raw\val\00791_Animalia_Arthropoda_Insecta_Hymenoptera_Mutillidae_Dasymutilla_occidentalis\6fa4bc7f-0db1-4375-8830-a02d50da251e.jpg,36,329,329 312 9 492 413,0.03396706209286426
data\raw\val\00791_Animalia_Arthropoda_Insecta_Hymenoptera_Mutillidae_Dasymutilla_occidentalis\cb7cda7d-46d7-4ad5-b699-22c8300a631a.jpg,36,407,407 411 310 408 373,0.029689656085989904
data\raw\val\00791_Animalia_Arthropoda_Insecta_Hymenoptera_Mutillidae_Dasymutilla_occidentalis\45217603-488c-4012-98dc-672c0df69e6b.jpg,36,25,25 226 166 24 51,0.019616495165958373
data\raw\val\00791_Animalia_Arthropoda_Insecta_Hymenoptera_Mutillidae_Dasymutilla_occidentalis\939fe35c-a083-4192-9f25-3b3aa183770b.jpg,36,261,261 162 467 428 393,0.012448615706054877
data\raw\val\00791_Animalia_Arthropoda_Insecta_Hymenoptera_Mutillidae_Dasymutilla_occidentalis\e7af10db-fc25-4ca3-98cb-372b71cf1a73.jpg,36,25,25 168 226 133 181,0.03391255350288728
data\raw\val\00791_Animalia_Arthropoda_Insecta_Hymenoptera_Mutillidae_Dasymutilla_occidentalis\39411949-0258-44d2-8c0e-3115aacd229c.jpg,36,31,31 19 277 323 421,0.009518454395012659
data\raw\val\00791_Animalia_Arthropoda_Insecta_Hymenoptera_Mutillidae_Dasymutilla_occidentalis\e356f70e-9856-4068-b200-eaa7f86143d6.jpg,36,408,408 412 324 263 373,0.022089990749491365
data\raw\val\00791_Animalia_Arthropoda_Insecta_Hymenoptera_Mutillidae_Dasymutilla_occidentalis\6a4cd875-5602-41d6-9ea9-9af9f71d28ca.jpg,36,122,122 56 166 50 79,0.021442839021121114
data\raw\val\00791_Animalia_Arthropoda_Insecta_Hymenoptera_Mutillidae_Dasymutilla_occidentalis\787bf283-081c-44ff-9b61-f4104f0da34f.jpg,36,285,285 443 419 444 265,0.029553066842968156
data\raw\val\00791_Animalia_Arthropoda_Insecta_Hymenoptera_Mutillidae_Dasymutilla_occidentalis\830d1b68-a88a-430d-ad13-f0262d22e06c.jpg,36,263,263 297 289 459 285,0.0328844689688342
data\raw\val\00809_Animalia_Arthropoda_Insecta_Hymenoptera_Thynnidae_Myzinum_quinquecinctum\0dd9a01d-30e0-4291-82ba-e97068adc2b3.jpg,37,253,253 105 219 12 66,0.013359967341605428
data\raw\val\00809_Animalia_Arthropoda_Insecta_Hymenoptera_Thynnidae_Myzinum_quinquecinctum\fb354467-84d6-41be-8e77-5b8079176c22.jpg,37,94,94 48 182 87 453,0.012956392360281467
data\raw\val\00809_Animalia_Arthropoda_Insecta_Hymenoptera_Thynnidae_Myzinum_quinquecinctum\2e5bc1d8-937c-4699-b990-0e01b7660a47.jpg,37,37,37 68 41 14 67,0.03624902969790587
data\raw\val\00809_Animalia_Arthropoda_Insecta_Hymenoptera_Thynnidae_Myzinum_quinquecinctum\6c2aa26f-445c-4ecf-9f89-83a7baebccd2.jpg,37,196,196 105 206 19 40,0.012085517191914507
data\raw\val\00809_Animalia_Arthropoda_Insecta_Hymenoptera_Thynnidae_Myzinum_quinquecinctum\620ac107-4891-4541-afd9-a5df0fd3e31a.jpg,37,456,456 89 37 415 143,0.013046018289141526
data\raw\val\00809_Animalia_Arthropoda_Insecta_Hymenoptera_Thynnidae_Myzinum_quinquecinctum\0332668b-cb12-4cf0-926a-cd4051e87ff2.jpg,37,37,37 411 409 317 333,0.029598344560449737
data\raw\val\00809_Animalia_Arthropoda_Insecta_Hymenoptera_Thynnidae_Myzinum_quinquecinctum\6e50aad1-fe27-4fd2-9731-61a4fa510b40.jpg,37,364,364 97 71 33 86,0.02060743638813215
data\raw\val\00809_Animalia_Arthropoda_Insecta_Hymenoptera_Thynnidae_Myzinum_quinquecinctum\d87abbb1-20f2-48c4-bd37-5c54b1bdf5b0.jpg,37,303,303 301 381 305 48,0.028989262842572965
data\raw\val\00809_Animalia_Arthropoda_Insecta_Hymenoptera_Thynnidae_Myzinum_quinquecinctum\daedfdc4-79b3-4680-93a6-a6b8903e7d01.jpg,37,37,37 35 34 15 106,0.016524974942110415
data\raw\val\00809_Animalia_Arthropoda_Insecta_Hymenoptera_Thynnidae_Myzinum_quinquecinctum\02fc11d8-11e3-4919-b7ae-3a4e643615bb.jpg,37,321,321 361 327 335 324,0.028653161942250874
data\raw\val\00830_Animalia_Arthropoda_Insecta_Hymenoptera_Vespidae_Polistes_dominula\16140327-f411-49a5-adeb-ea72718c58f4.jpg,38,8,8 174 15 116 45,0.03992970731946422
data\raw\val\00830_Animalia_Arthropoda_Insecta_Hymenoptera_Vespidae_Polistes_dominula\04df973f-985f-4de2-b402-5d7c7eb9b9a6.jpg,38,258,258 270 218 141 241,0.02721906845458509
data\raw\val\00830_Animalia_Arthropoda_Insecta_Hymenoptera_Vespidae_Polistes_dominula\5f743808-216d-42a8-80d8-5b247f81cb41.jpg,38,405,405 103 53 41 56,0.015039097447840578
data\raw\val\00830_Animalia_Arthropoda_Insecta_Hymenoptera_Vespidae_Polistes_dominula\0c951474-56ad-40bd-8703-a9a970e5914a.jpg,38,318,318 414 359 416 361,0.018390269372641405
data\raw\val\00830_Animalia_Arthropoda_Insecta_Hymenoptera_Vespidae_Polistes_dominula\3a161c24-518e-4b46-8c5b-69b80c5f56fd.jpg,38,188,188 174 189 148 146,0.046761308726111915
data\raw\val\00830_Animalia_Arthropoda_Insecta_Hymenoptera_Vespidae_Polistes_dominula\1e016b81-33b6-4b03-a9ea-6e21cf54cf19.jpg,38,95,95 82 197 16 66,0.0202730489549093
data\raw\val\00830_Animalia_Arthropoda_Insecta_Hymenoptera_Vespidae_Polistes_dominula\2df6fde8-7e19-4e35-becc-cf4f29ba15ef.jpg,38,22,22 72 167 193 168,0.015333827211536805
data\raw\val\00830_Animalia_Arthropoda_Insecta_Hymenoptera_Vespidae_Polistes_dominula\f93e6289-26a9-4d9e-bb66-cc49ef9336cb.jpg,38,265,265 373 130 277 296,0.01833549957190098
data\raw\val\00830_Animalia_Arthropoda_Insecta_Hymenoptera_Vespidae_Polistes_dominula\cb2a0667-cf1b-477d-bcfb-f31001ca88e7.jpg,38,2,2 174 25 1 99,0.014861732192354975
data\raw\val\00830_Animalia_Arthropoda_Insecta_Hymenoptera_Vespidae_Polistes_dominula\c56c4e28-f40d-493e-a280-768d6d2754e8.jpg,38,129,129 196 197 141 65,0.030318008097556328
data\raw\val\00832_Animalia_Arthropoda_Insecta_Hymenoptera_Vespidae_Polistes_exclamans\f3939c2a-67ef-44b9-b770-a763563b9ee6.jpg,39,133,133 251 128 125 172,0.022333857214546726
data\raw\val\00832_Animalia_Arthropoda_Insecta_Hymenoptera_Vespidae_Polistes_exclamans\b6d0a084-df24-4ca3-bb9e-74ce5a9eb012.jpg,39,490,490 136 488 440 244,0.01369171225474605
data\raw\val\00832_Animalia_Arthropoda_Insecta_Hymenoptera_Vespidae_Polistes_exclamans\ccdb3150-cd9f-4cd5-9265-1f20e2b2952b.jpg,39,276,276 33 358 383 481,0.023191808849788918
data\raw\val\00832_Animalia_Arthropoda_Insecta_Hymenoptera_Vespidae_Polistes_exclamans\6e95f9e0-c09e-4344-ad79-dc6745777e33.jpg,39,85,85 433 87 261 439,0.026182161545188293
data\raw\val\00832_Animalia_Arthropoda_Insecta_Hymenoptera_Vespidae_Polistes_exclamans\ef07ada2-9120-4795-95e1-8dddb8187519.jpg,39,39,39 437 40 291 234,0.010654693320486774
data\raw\val\00832_Animalia_Arthropoda_Insecta_Hymenoptera_Vespidae_Polistes_exclamans\86b35091-7dfa-4c36-9b78-8583ceac3421.jpg,39,25,25 53 111 103 174,0.01767695535024897
data\raw\val\00832_Animalia_Arthropoda_Insecta_Hymenoptera_Vespidae_Polistes_exclamans\7d08233f-8289-4f47-a15f-fc1d4ee79725.jpg,39,399,399 431 391 417 401,0.010028004388364818
data\raw\val\00832_Animalia_Arthropoda_Insecta_Hymenoptera_Vespidae_Polistes_exclamans\27bc9f58-c1e1-4667-bb62-d0a6f2f73ca0.jpg,39,106,106 107 109 111 29,0.014450582495994024
data\raw\val\00832_Animalia_Arthropoda_Insecta_Hymenoptera_Vespidae_Polistes_exclamans\83ca4f9e-e550-4cbc-895c-95d8b3807336.jpg,39,50,50 55 54 122 53,0.017103717230835567
data\raw\val\00832_Animalia_Arthropoda_Insecta_Hymenoptera_Vespidae_Polistes_exclamans\82fa4564-9e27-4089-864b-668485c1c6cf.jpg,39,239,239 301 154 234 115,0.04281503518181208
data\raw\val\00834_Animalia_Arthropoda_Insecta_Hymenoptera_Vespidae_Polistes_humilis\376442f7-dfc9-4313-96c8-50fb643aecbf.jpg,40,20,20 39 49 17 18,0.013494909546576854
data\raw\val\00834_Animalia_Arthropoda_Insecta_Hymenoptera_Vespidae_Polistes_humilis\35777452-cd09-4c43-84a6-ff8bde6d5b79.jpg,40,45,45 107 106 111 110,0.014495953776200178
data\raw\val\00834_Animalia_Arthropoda_Insecta_Hymenoptera_Vespidae_Polistes_humilis\9285f203-06ce-4399-bbf9-c956f71f65d7.jpg,40,394,394 375 222 94 88,0.011911072494064524
data\raw\val\00834_Animalia_Arthropoda_Insecta_Hymenoptera_Vespidae_Polistes_humilis\e999ef8d-fc21-49ab-b3c0-e93ed4c03373.jpg,40,37,37 411 35 68 345,0.041792672521235946
data\raw\val\00834_Animalia_Arthropoda_Insecta_Hymenoptera_Vespidae_Polistes_humilis\fb60fbd8-01a7-4816-920a-5ae22a9eaf27.jpg,40,251,251 141 128 127 218,0.020672029484279736
data\raw\val\00834_Animalia_Arthropoda_Insecta_Hymenoptera_Vespidae_Polistes_humilis\7654c4e4-10f7-4186-a7d8-6271a90dba0c.jpg,40,82,82 60 439 66 61,0.018736571109872112
data\raw\val\00834_Animalia_Arthropoda_Insecta_Hymenoptera_Vespidae_Polistes_humilis\33548b3c-f2b2-442f-a2bc-45221faa3382.jpg,40,222,222 475 307 15 488,0.012719012424858496
data\raw\val\00834_Animalia_Arthropoda_Insecta_Hymenoptera_Vespidae_Polistes_humilis\2406b2e1-9716-48d1-b729-626548e6ba45.jpg,40,280,280 213 75 214 120,0.02073483005034713
data\raw\val\00834_Animalia_Arthropoda_Insecta_Hymenoptera_Vespidae_Polistes_humilis\6066763f-8f45-464d-88b5-142b21267a46.jpg,40,32,32 196 141 15 66,0.019001885934047436
data\raw\val\00834_Animalia_Arthropoda_Insecta_Hymenoptera_Vespidae_Polistes_humilis\189518f9-dc35-4ed0-b524-f49336128092.jpg,40,67,67 68 271 427 261,0.010898151968643867
data\raw\val\00858_Animalia_Arthropoda_Insecta_Lepidoptera_Crambidae_Achyra_rantalis\da494676-e941-4380-b815-0e74e648a39e.jpg,41,46,46 268 137 99 74,0.038889651604174506
data\raw\val\00858_Animalia_Arthropoda_Insecta_Lepidoptera_Crambidae_Achyra_rantalis\8f3edaf9-ed10-4f6b-bf04-9f480f105274.jpg,41,42,42 27 203 152 4,0.03467295167111115
data\raw\val\00858_Animalia_Arthropoda_Insecta_Lepidoptera_Crambidae_Achyra_rantalis\710df14e-0481-4969-84c4-0c934dc6145b.jpg,41,26,26 28 235 60 41,0.017897923220329466
data\raw\val\00858_Animalia_Arthropoda_Insecta_Lepidoptera_Crambidae_Achyra_rantalis\da16eb56-6093-41e9-afc2-858e8a8b0db4.jpg,41,213,213 145 120 391 354,0.008867782517106538
data\raw\val\00858_Animalia_Arthropoda_Insecta_Lepidoptera_Crambidae_Achyra_rantalis\130748c9-e8cc-4130-a829-d9b1353c8c32.jpg,41,140,140 139 254 225 104,0.03196933226371533
data\raw\val\00858_Animalia_Arthropoda_Insecta_Lepidoptera_Crambidae_Achyra_rantalis\4012e4ce-e78c-4671-a306-3f53f6927f86.jpg,41,99,99 53 101 72 41,0.05372966247001983
data\raw\val\00858_Animalia_Arthropoda_Insecta_Lepidoptera_Crambidae_Achyra_rantalis\4c0b3462-01be-43a4-b596-e4cc36bba57a.jpg,41,149,149 79 128 55 49,0.033556065273561635
data\raw\val\00858_Animalia_Arthropoda_Insecta_Lepidoptera_Crambidae_Achyra_rantalis\36dd226c-d330-4024-9110-95dacc0377e0.jpg,41,33,33 231 34 97 85,0.012247886508923582
data\raw\val\00858_Animalia_Arthropoda_Insecta_Lepidoptera_Crambidae_Achyra_rantalis\08cf7ccf-5ac7-42f9-a18b-33d6156e5f0f.jpg,41,53,53 79 46 57 58,0.06480316252883889
data\raw\val\00858_Animalia_Arthropoda_Insecta_Lepidoptera_Crambidae_Achyra_rantalis\8d144640-d98a-40fd-a231-d51ff89f724e.jpg,41,251,251 245 152 219 20,0.031095214179331237
data\raw\val\00860_Animalia_Arthropoda_Insecta_Lepidoptera_Crambidae_Agriphila_tristella\4a345b7d-c9ab-4302-bd9f-0b24dbc642ba.jpg,42,101,101 56 60 102 79,0.03504124348790491
data\raw\val\00860_Animalia_Arthropoda_Insecta_Lepidoptera_Crambidae_Agriphila_tristella\a062e27b-2a6e-4186-b138-f620edb93b6e.jpg,42,109,109 158 154 115 152,0.04130194620385011
data\raw\val\00860_Animalia_Arthropoda_Insecta_Lepidoptera_Crambidae_Agriphila_tristella\78ad78e9-c679-44c1-86b0-1a710d480e1c.jpg,42,374,374 308 299 263 338,0.021907365116262578
data\raw\val\00860_Animalia_Arthropoda_Insecta_Lepidoptera_Crambidae_Agriphila_tristella\9903fbc7-8e28-4b89-bbd6-0758a3f9e706.jpg,42,306,306 302 254 305 293,0.019983070704151788
data\raw\val\00860_Animalia_Arthropoda_Insecta_Lepidoptera_Crambidae_Agriphila_tristella\e8aa79e6-50ed-4d7e-a3e1-e423217af9c8.jpg,42,116,116 107 3 40 145,0.01697991685868166
data\raw\val\00860_Animalia_Arthropoda_Insecta_Lepidoptera_Crambidae_Agriphila_tristella\aa265c5d-adc9-4bc3-82d7-df55765a2f57.jpg,42,177,177 184 174 149 185,0.015788141982911535
data\raw\val\00860_Animalia_Arthropoda_Insecta_Lepidoptera_Crambidae_Agriphila_tristella\0e10bded-5c3b-40da-b6a0-1c8cac117abb.jpg,42,232,232 229 247 126 7,0.024163876947747596
data\raw\val\00860_Animalia_Arthropoda_Insecta_Lepidoptera_Crambidae_Agriphila_tristella\5dfd11e2-c883-4380-aa02-30608c7d9a5b.jpg,42,112,112 180 170 186 374,0.017085362480380763
data\raw\val\00860_Animalia_Arthropoda_Insecta_Lepidoptera_Crambidae_Agriphila_tristella\9a4c5ae7-13c0-41c9-9a6c-6b8b85c96546.jpg,42,99,99 180 0 8 4,0.02640302332497599
data\raw\val\00860_Animalia_Arthropoda_Insecta_Lepidoptera_Crambidae_Agriphila_tristella\416a5071-f5a3-481f-8c56-34fa6030af42.jpg,42,42,42 119 105 112 113,0.02160614685916557
data\raw\val\00863_Animalia_Arthropoda_Insecta_Lepidoptera_Crambidae_Anania_funebris\6143de3c-40bc-4369-b69e-6a26fa1af56e.jpg,43,358,358 43 44 449 37,0.015188682905824166
data\raw\val\00863_Animalia_Arthropoda_Insecta_Lepidoptera_Crambidae_Anania_funebris\0cc8c6d3-66e7-4b9b-bec1-519afd5e0c37.jpg,43,468,468 449 358 340 387,0.022360996692725243
data\raw\val\00863_Animalia_Arthropoda_Insecta_Lepidoptera_Crambidae_Anania_funebris\ab363048-befa-4b27-a704-4a275d4cf082.jpg,43,43,43 44 485 448 61,0.07354496463412485
data\raw\val\00863_Animalia_Arthropoda_Insecta_Lepidoptera_Crambidae_Anania_funebris\d617f8b4-dfb4-42bc-aa75-5a3836122b53.jpg,43,97,97 71 96 231 345,0.010295853593987252
data\raw\val\00863_Animalia_Arthropoda_Insecta_Lepidoptera_Crambidae_Anania_funebris\9f697384-f30a-4f6d-af2c-d47f1eae3b44.jpg,43,390,390 419 341 324 410,0.016280250558857547
data\raw\val\00863_Animalia_Arthropoda_Insecta_Lepidoptera_Crambidae_Anania_funebris\0d59a590-13f1-4f51-b569-46ee571c87d6.jpg,43,250,250 17 148 18 57,0.015412920412789584
data\raw\val\00863_Animalia_Arthropoda_Insecta_Lepidoptera_Crambidae_Anania_funebris\453d54cd-6fc0-4566-b243-a8d299e904ef.jpg,43,43,43 15 106 196 80,0.011974818079260173
data\raw\val\00863_Animalia_Arthropoda_Insecta_Lepidoptera_Crambidae_Anania_funebris\51251427-a1c0-43a3-b529-411b256407dd.jpg,43,260,260 456 485 55 448,0.0542496482486683
data\raw\val\00863_Animalia_Arthropoda_Insecta_Lepidoptera_Crambidae_Anania_funebris\ce0a3250-0e2a-4c6c-bb6d-e1347b667206.jpg,43,43,43 485 95 448 85,0.04224103332905108
data\raw\val\00863_Animalia_Arthropoda_Insecta_Lepidoptera_Crambidae_Anania_funebris\afb2bb9a-0360-4e22-b14d-291d71b43125.jpg,43,414,414 359 345 398 417,0.027836212096808245
data\raw\val\00878_Animalia_Arthropoda_Insecta_Lepidoptera_Crambidae_Desmia_funeralis\3906c228-b6bb-4fa1-8e5c-ac1b99a1a6c3.jpg,44,80,80 49 122 149 101,0.015078443814388552
data\raw\val\00878_Animalia_Arthropoda_Insecta_Lepidoptera_Crambidae_Desmia_funeralis\b8e23b94-00f5-4835-8a1e-d35259672140.jpg,44,21,21 247 45 53 46,0.026700269012962553
data\raw\val\00878_Animalia_Arthropoda_Insecta_Lepidoptera_Crambidae_Desmia_funeralis\e2169dfc-b52e-4b04-ab26-031a9e5cbcd9.jpg,44,146,146 174 166 58 82,0.01479023621193265
data\raw\val\00878_Animalia_Arthropoda_Insecta_Lepidoptera_Crambidae_Desmia_funeralis\eab78aba-abe9-4a88-9516-0421ea1709f4.jpg,44,148,148 147 20 81 149,0.016964735089664833
data\raw\val\00878_Animalia_Arthropoda_Insecta_Lepidoptera_Crambidae_Desmia_funeralis\c4004aaa-3eed-4508-82fd-9f0cd55c8dbd.jpg,44,127,127 79 74 53 77,0.013311400477404912
data\raw\val\00878_Animalia_Arthropoda_Insecta_Lepidoptera_Crambidae_Desmia_funeralis\2b94bb14-2d11-498d-bb66-4d4020df59a0.jpg,44,21,21 108 66 121 206,0.015045468635542751
data\raw\val\00878_Animalia_Arthropoda_Insecta_Lepidoptera_Crambidae_Desmia_funeralis\151b8049-b9f7-4805-b87e-e6f274927297.jpg,44,43,43 85 405 198 448,0.03031080058422237
data\raw\val\00878_Animalia_Arthropoda_Insecta_Lepidoptera_Crambidae_Desmia_funeralis\d0b3f350-0d1c-46fe-a611-865689ce132b.jpg,44,21,21 72 102 15 251,0.013993064186072985
data\raw\val\00878_Animalia_Arthropoda_Insecta_Lepidoptera_Crambidae_Desmia_funeralis\a50602c6-7873-4456-ad67-97acfe75ab7a.jpg,44,254,254 139 250 21 251,0.04825991132401299
data\raw\val\00878_Animalia_Arthropoda_Insecta_Lepidoptera_Crambidae_Desmia_funeralis\aff50c52-01d0-4930-8c06-77aa4ffc53ae.jpg,44,102,102 99 81 16 57,0.02283919267445531
data\raw\val\00901_Animalia_Arthropoda_Insecta_Lepidoptera_Crambidae_Lineodes_integra\49f650d9-741b-4f83-a6dc-d4f18f180fdc.jpg,45,46,46 166 100 137 147,0.01423801103542015
data\raw\val\00901_Animalia_Arthropoda_Insecta_Lepidoptera_Crambidae_Lineodes_integra\bee8d6c5-932c-4648-ae57-4a66c6ad9b9c.jpg,45,240,240 226 232 242 25,0.024061985262162237
data\raw\val\00901_Animalia_Arthropoda_Insecta_Lepidoptera_Crambidae_Lineodes_integra\060b252e-a52b-4d5e-80bc-1f1d70eff914.jpg,45,443,443 406 37 412 456,0.0660444119731236
data\raw\val\00901_Animalia_Arthropoda_Insecta_Lepidoptera_Crambidae_Lineodes_integra\0d96a21a-0627-4aa6-add6-4979ed7cf44a.jpg,45,113,113 153 4 112 103,0.06592993561688398
data\raw\val\00901_Animalia_Arthropoda_Insecta_Lepidoptera_Crambidae_Lineodes_integra\1b9b523a-4494-495a-a724-aa07727301e3.jpg,45,112,112 105 113 117 4,0.04642988232956882
data\raw\val\00901_Animalia_Arthropoda_Insecta_Lepidoptera_Crambidae_Lineodes_integra\d90fe8b5-e40f-4b7e-bf2c-4de8c68e7a53.jpg,45,158,158 113 202 105 112,0.020530000084901683
data\raw\val\00901_Animalia_Arthropoda_Insecta_Lepidoptera_Crambidae_Lineodes_integra\1b9af913-f937-4615-9f24-cca83c0a9efe.jpg,45,45,45 15 79 117 149,0.02429042027633805
data\raw\val\00901_Animalia_Arthropoda_Insecta_Lepidoptera_Crambidae_Lineodes_integra\a1bc7874-50fc-47a1-9188-af4a648c610b.jpg,45,122,122 1 3 219 104,0.028658388322417284
data\raw\val\00901_Animalia_Arthropoda_Insecta_Lepidoptera_Crambidae_Lineodes_integra\caaf88f1-ec62-4388-830a-6322e1051bad.jpg,45,99,99 46 20 56 18,0.020459588169860665
data\raw\val\00901_Animalia_Arthropoda_Insecta_Lepidoptera_Crambidae_Lineodes_integra\bff6c446-902b-4dd9-abd3-0cc863472ec4.jpg,45,159,159 164 47 147 152,0.01412336590720731
data\raw\val\00907_Animalia_Arthropoda_Insecta_Lepidoptera_Crambidae_Microtheoris_vibicalis\3e84d402-a945-496a-84fe-3c2e55958a5f.jpg,46,64,64 113 112 40 231,0.012991059367292076
data\raw\val\00907_Animalia_Arthropoda_Insecta_Lepidoptera_Crambidae_Microtheoris_vibicalis\2861092e-7d08-454b-acd2-2904cb26669a.jpg,46,74,74 25 46 53 20,0.01762454746015732
data\raw\val\00907_Animalia_Arthropoda_Insecta_Lepidoptera_Crambidae_Microtheoris_vibicalis\35725f0a-2c58-4298-ae04-bdd1f77c1d88.jpg,46,79,79 172 46 21 20,0.012106491870382154
data\raw\val\00907_Animalia_Arthropoda_Insecta_Lepidoptera_Crambidae_Microtheoris_vibicalis\688e94a2-ab3b-4d5c-9e29-a5309afe89bb.jpg,46,46,46 42 21 251 4,0.04330353983354452
data\raw\val\00907_Animalia_Arthropoda_Insecta_Lepidoptera_Crambidae_Microtheoris_vibicalis\185bb643-c572-4c6f-895d-010f9f1d5223.jpg,46,99,99 46 17 137 42,0.06925925628462459
data\raw\val\00907_Animalia_Arthropoda_Insecta_Lepidoptera_Crambidae_Microtheoris_vibicalis\1f8ae662-adf9-4f8a-a443-79c70d81cf7c.jpg,46,45,45 101 56 21 25,0.0737283568730276
data\raw\val\00907_Animalia_Arthropoda_Insecta_Lepidoptera_Crambidae_Microtheoris_vibicalis\1e605fc0-b2cc-4c5c-adee-9c7a960b5020.jpg,46,139,139 136 251 129 126,0.01597408543677565
data\raw\val\00907_Animalia_Arthropoda_Insecta_Lepidoptera_Crambidae_Microtheoris_vibicalis\201b8ea2-9176-4082-b6c8-42c513b52c12.jpg,46,12,12 149 206 99 186,0.01972816120030647
data\raw\val\00907_Animalia_Arthropoda_Insecta_Lepidoptera_Crambidae_Microtheoris_vibicalis\a63f38f9-8ab1-428e-b283-44fd323fb05f.jpg,46,159,159 77 56 250 5,0.02003560731573631
data\raw\val\00907_Animalia_Arthropoda_Insecta_Lepidoptera_Crambidae_Microtheoris_vibicalis\3c28fcb5-4f28-4c52-9ee2-7766d11936dd.jpg,46,154,154 46 158 102 72,0.02087205016191067
data\raw\val\00950_Animalia_Arthropoda_Insecta_Lepidoptera_Depressariidae_Agonopterix_alstroemeriana\52e67731-a316-4a07-97df-c4e23f73dbab.jpg,47,92,92 256 67 138 31,0.015480996660621122
data\raw\val\00950_Animalia_Arthropoda_Insecta_Lepidoptera_Depressariidae_Agonopterix_alstroemeriana\223ec076-ba60-4c3a-8ea1-3e9bedeafb0b.jpg,47,250,250 101 100 22 77,0.02048202882530857
data\raw\val\00950_Animalia_Arthropoda_Insecta_Lepidoptera_Depressariidae_Agonopterix_alstroemeriana\77148abc-f6cf-4fa9-9ec8-1f53737449b4.jpg,47,129,129 255 276 126 62,0.03113578964762163
data\raw\val\00950_Animalia_Arthropoda_Insecta_Lepidoptera_Depressariidae_Agonopterix_alstroemeriana\a94f3af0-7588-446d-9ac1-c5211644934f.jpg,47,43,43 97 44 80 33,0.01732679626873392
data\raw\val\00950_Animalia_Arthropoda_Insecta_Lepidoptera_Depressariidae_Agonopterix_alstroemeriana\83ff409a-068f-41ef-a5ca-18328763584f.jpg,47,45,45 46 137 56 44,0.018773023480383517
data\raw\val\00950_Animalia_Arthropoda_Insecta_Lepidoptera_Depressariidae_Agonopterix_alstroemeriana\c91d1623-5325-4399-a375-26292d6028af.jpg,47,118,118 5 98 59 157,0.02711436718287973
data\raw\val\00950_Animalia_Arthropoda_Insecta_Lepidoptera_Depressariidae_Agonopterix_alstroemeriana\9f73c7a4-a3a8-4fa9-a3bd-2b39bd577f12.jpg,47,5,5 21 11 47 77,0.032431350944176394
data\raw\val\00950_Animalia_Arthropoda_Insecta_Lepidoptera_Depressariidae_Agonopterix_alstroemeriana\9b3717ef-a361-4041-99e5-735b303f9765.jpg,47,405,405 433 448 358 452,0.017309990931584862
data\raw\val\00950_Animalia_Arthropoda_Insecta_Lepidoptera_Depressariidae_Agonopterix_alstroemeriana\543399c0-56f8-4686-8e18-057bf8a3a7f9.jpg,47,5,5 47 98 52 181,0.01555850164880011
data\raw\val\00950_Animalia_Arthropoda_Insecta_Lepidoptera_Depressariidae_Agonopterix_alstroemeriana\0d51c187-2a56-43ee-a777-888100c7c176.jpg,47,141,141 65 129 75 249,0.04235585807333398
data\raw\val\00976_Animalia_Arthropoda_Insecta_Lepidoptera_Erebidae_Arctia_caja\f728d736-447c-4fa4-b42d-ec5d5c3b52ad.jpg,48,48,48 85 66 16 23,0.0299763395317389
data\raw\val\00976_Animalia_Arthropoda_Insecta_Lepidoptera_Erebidae_Arctia_caja\370c3e80-b437-48ef-b6b8-1787c5e2b973.jpg,48,436,436 270 213 212 162,0.019705411391148436
data\raw\val\00976_Animalia_Arthropoda_Insecta_Lepidoptera_Erebidae_Arctia_caja\b2d22c3a-eb13-4827-b5e3-e4c23f68937c.jpg,48,71,71 214 131 215 41,0.01074380253982372
data\raw\val\00976_Animalia_Arthropoda_Insecta_Lepidoptera_Erebidae_Arctia_caja\621cc907-c42a-4ecc-9699-d6017c66934c.jpg,48,242,242 212 351 7 224,0.0377407211520892
data\raw\val\00976_Animalia_Arthropoda_Insecta_Lepidoptera_Erebidae_Arctia_caja\e952798d-87bc-4903-8a22-4e54ccead2db.jpg,48,291,291 409 317 453 462,0.02326546399577362
data\raw\val\00976_Animalia_Arthropoda_Insecta_Lepidoptera_Erebidae_Arctia_caja\1aced19e-adb5-44ef-aaf3-6fb8721cfc70.jpg,48,118,118 211 217 225 72,0.03208708703437404
data\raw\val\00976_Animalia_Arthropoda_Insecta_Lepidoptera_Erebidae_Arctia_caja\223038df-1911-44cf-942f-00fe8080c8ec.jpg,48,293,293 428 294 278 156,0.0205470025697316
data\raw\val\00976_Animalia_Arthropoda_Insecta_Lepidoptera_Erebidae_Arctia_caja\4c3389f6-1f7f-465b-9ae4-230b78c2b910.jpg,48,258,258 123 266 262 270,0.03402168592813443
data\raw\val\00976_Animalia_Arthropoda_Insecta_Lepidoptera_Erebidae_Arctia_caja\433c9c0d-d653-4dbc-b45b-cb19247ab7f0.jpg,48,210,210 197 40 3 111,0.01618068595164072
data\raw\val\00976_Animalia_Arthropoda_Insecta_Lepidoptera_Erebidae_Arctia_caja\4ce1d716-0e04-4499-9b90-a43768c4e805.jpg,48,238,238 242 10 36 422,0.02131576554227337
data\raw\val\01062_Animalia_Arthropoda_Insecta_Lepidoptera_Erebidae_Idia_lubricalis\b6fb1e83-3536-45c3-bc35-15704ead2c27.jpg,49,49,49 183 39 30 103,0.0257983090257934
data\raw\val\01062_Animalia_Arthropoda_Insecta_Lepidoptera_Erebidae_Idia_lubricalis\60b0bbd6-acb1-41ce-84ff-3108916d0fdb.jpg,49,197,197 107 86 63 111,0.011331737432143309
data\raw\val\01062_Animalia_Arthropoda_Insecta_Lepidoptera_Erebidae_Idia_lubricalis\5ffc8784-ea88-4406-a7b0-0fadd0295659.jpg,49,50,50 47 102 101 12,0.021988956498772153
data\raw\val\01062_Animalia_Arthropoda_Insecta_Lepidoptera_Erebidae_Idia_lubricalis\5f9e3af4-a6d0-4fce-a71b-e4b319d33f4f.jpg,49,302,302 306 91 20 122,0.011676036752360255
data\raw\val\01062_Animalia_Arthropoda_Insecta_Lepidoptera_Erebidae_Idia_lubricalis\9e9caab1-6d01-4ebc-b239-27426412a283.jpg,49,187,187 39 1 0 182,0.009859816301479165
data\raw\val\01062_Animalia_Arthropoda_Insecta_Lepidoptera_Erebidae_Idia_lubricalis\62312878-a157-49b3-8a01-7f9414806ab5.jpg,49,487,487 274 435 366 201,0.035637182955242167
data\raw\val\01062_Animalia_Arthropoda_Insecta_Lepidoptera_Erebidae_Idia_lubricalis\c4b2f52e-fce5-4b25-b790-70fb4de0d914.jpg,49,302,302 62 109 84 116,0.015744125646278508
data\raw\val\01062_Animalia_Arthropoda_Insecta_Lepidoptera_Erebidae_Idia_lubricalis\376e69a7-6983-4af0-b87d-4d5ae92204fb.jpg,49,391,391 382 322 396 395,0.03267065135426111
data\raw\val\01062_Animalia_Arthropoda_Insecta_Lepidoptera_Erebidae_Idia_lubricalis\ffaa812c-9e1e-43ab-9103-bb5a2274af15.jpg,49,236,236 214 213 199 78,0.017176235959754028
data\raw\val\01062_Animalia_Arthropoda_Insecta_Lepidoptera_Erebidae_Idia_lubricalis\61bb3b94-d439-4b2a-9e1d-0a7837c27665.jpg,49,49,49 103 128 65 133,0.07096432707359682
data\raw\val\01068_Animalia_Arthropoda_Insecta_Lepidoptera_Erebidae_Lithosia_quadra\a821c3d8-cea8-4d4a-9f01-b7605f2352d1.jpg,50,123,123 255 245 24 5,0.009821592115384494
data\raw\val\01068_Animalia_Arthropoda_Insecta_Lepidoptera_Erebidae_Lithosia_quadra\b5a23eb2-d5af-4284-af4c-3280861fbd61.jpg,50,210,210 63 26 241 278,0.01255007915910987
data\raw\val\01068_Animalia_Arthropoda_Insecta_Lepidoptera_Erebidae_Lithosia_quadra\be606cfc-6b85-4f01-94ae-5a10ba6d34ba.jpg,50,254,254 25 30 238 178,0.02064826383007771
data\raw\val\01068_Animalia_Arthropoda_Insecta_Lepidoptera_Erebidae_Lithosia_quadra\4e7bd300-875b-4b0b-b819-df632d9b1cf1.jpg,50,257,257 344 457 98 230,0.06552806842238211
data\raw\val\01068_Animalia_Arthropoda_Insecta_Lepidoptera_Erebidae_Lithosia_quadra\572c9c62-b4e8-4bb1-b686-c3a54614938d.jpg,50,436,436 395 399 393 397,0.04203965768814935
data\raw\val\01068_Animalia_Arthropoda_Insecta_Lepidoptera_Erebidae_Lithosia_quadra\7d232a6c-3716-4efd-bc85-f58935d7dd84.jpg,50,59,59 118 110 11 10,0.02358074839554689
data\raw\val\01068_Animalia_Arthropoda_Insecta_Lepidoptera_Erebidae_Lithosia_quadra\1a5e983d-42fe-411a-aa8e-b5edfed95be5.jpg,50,98,98 118 59 11 22,0.024413332610280187
data\raw\val\01068_Animalia_Arthropoda_Insecta_Lepidoptera_Erebidae_Lithosia_quadra\a8a3f8a6-d5cc-45f7-9f11-f57ae0e19c91.jpg,50,108,108 53 2 41 181,0.028027406164749046
data\raw\val\01068_Animalia_Arthropoda_Insecta_Lepidoptera_Erebidae_Lithosia_quadra\a988fc43-439d-4a24-978f-5bd08f154202.jpg,50,424,424 151 265 39 150,0.03518640051467975
data\raw\val\01068_Animalia_Arthropoda_Insecta_Lepidoptera_Erebidae_Lithosia_quadra\3c35a11f-e5cf-426e-bdc3-c9480779839f.jpg,50,256,256 24 391 269 31,0.05118980137952488
data\raw\val\01074_Animalia_Arthropoda_Insecta_Lepidoptera_Erebidae_Lymantria_dispar\adaeec56-23e5-4531-8192-c4fc5ad017d9.jpg,51,148,148 32 47 147 244,0.015855766930469434
data\raw\val\01074_Animalia_Arthropoda_Insecta_Lepidoptera_Erebidae_Lymantria_dispar\77cb9387-b177-4da8-b199-c0f26390d352.jpg,51,135,135 18 136 244 134,0.02014897914892191
data\raw\val\01074_Animalia_Arthropoda_Insecta_Lepidoptera_Erebidae_Lymantria_dispar\fb522e9e-d6bf-4aec-b6dc-1c837e101837.jpg,51,278,278 283 78 217 227,0.0783941472865619
data\raw\val\01074_Animalia_Arthropoda_Insecta_Lepidoptera_Erebidae_Lymantria_dispar\916729a6-6c43-405f-96c3-aa0c23618103.jpg,51,25,25 226 168 92 167,0.02918531108239224
data\raw\val\01074_Animalia_Arthropoda_Insecta_Lepidoptera_Erebidae_Lymantria_dispar\c1ce9f90-8a0d-46d1-8cd3-eee10fe0d286.jpg,51,101,101 102 79 53 30,0.03443065936088877
data\raw\val\01074_Animalia_Arthropoda_Insecta_Lepidoptera_Erebidae_Lymantria_dispar\397ed57f-1dd9-4216-87b2-c063a7bd44c3.jpg,51,108,108 122 82 66 22,0.013425193528922822
data\raw\val\01074_Animalia_Arthropoda_Insecta_Lepidoptera_Erebidae_Lymantria_dispar\eec95350-ef6a-49c4-bb58-9267d670ce31.jpg,51,53,53 81 208 77 78,0.012978309490725601
data\raw\val\01074_Animalia_Arthropoda_Insecta_Lepidoptera_Erebidae_Lymantria_dispar\92b72394-b5db-42ed-ae69-2989a0d70a13.jpg,51,31,31 118 237 52 24,0.0218732280588764
data\raw\val\01074_Animalia_Arthropoda_Insecta_Lepidoptera_Erebidae_Lymantria_dispar\c4073b55-85d3-4787-b96e-6ae54b1bde61.jpg,51,11,11 36 69 92 238,0.0281533427850842
data\raw\val\01074_Animalia_Arthropoda_Insecta_Lepidoptera_Erebidae_Lymantria_dispar\392955de-81a1-409b-8347-f4bcfa7c66fb.jpg,51,244,244 219 245 252 129,0.04987637086120334
data\raw\val\01152_Animalia_Arthropoda_Insecta_Lepidoptera_Geometridae_Anticlea_vasiliata\af45e74b-62ad-4a5b-9337-a15464095ae0.jpg,52,17,17 245 137 134 18,0.008971400060042283
data\raw\val\01152_Animalia_Arthropoda_Insecta_Lepidoptera_Geometridae_Anticlea_vasiliata\5255dd21-fbcd-46f1-a09f-e287e487d9b2.jpg,52,58,58 49 82 62 130,0.03909136832320005
data\raw\val\01152_Animalia_Arthropoda_Insecta_Lepidoptera_Geometridae_Anticlea_vasiliata\41984617-b116-4d23-91ec-03f74a39bbf7.jpg,52,58,58 53 100 62 41,0.05693980377017141
data\raw\val\01152_Animalia_Arthropoda_Insecta_Lepidoptera_Geometridae_Anticlea_vasiliata\59341057-d50e-4e45-9109-f5c62481bece.jpg,52,255,255 244 138 252 245,0.018785762469511427
data\raw\val\01152_Animalia_Arthropoda_Insecta_Lepidoptera_Geometridae_Anticlea_vasiliata\3e325e32-d476-4bac-bb55-bf3f764d375e.jpg,52,237,237 7 74 351 59,0.02383592764828467
data\raw\val\01152_Animalia_Arthropoda_Insecta_Lepidoptera_Geometridae_Anticlea_vasiliata\3e6dc85e-10d7-4d39-9863-30eebdf3a6b8.jpg,52,269,269 227 237 215 242,0.03526210890022677
data\raw\val\01152_Animalia_Arthropoda_Insecta_Lepidoptera_Geometridae_Anticlea_vasiliata\f01e142e-a4d3-4f5b-acc6-d821d35def56.jpg,52,244,244 86 34 141 207,0.0136929501365807
data\raw\val\01152_Animalia_Arthropoda_Insecta_Lepidoptera_Geometridae_Anticlea_vasiliata\8be4a38e-b1b8-426d-9cd3-8edb93fd2eec.jpg,52,136,136 134 244 135 125,0.020443178453162562
data\raw\val\01152_Animalia_Arthropoda_Insecta_Lepidoptera_Geometridae_Anticlea_vasiliata\f1a22dfb-308b-44bd-a85a-e5ee73b79294.jpg,52,74,74 52 73 123 62,0.029608532410362206
data\raw\val\01152_Animalia_Arthropoda_Insecta_Lepidoptera_Geometridae_Anticlea_vasiliata\ee0b0120-79c8-4853-a4cc-7ecb1b73eaf8.jpg,52,128,128 52 25 100 53,0.04331780528457415
data\raw\val\01154_Animalia_Arthropoda_Insecta_Lepidoptera_Geometridae_Arhodia_lasiocamparia\b69bc75e-ae7d-4d54-80aa-a80b0a58fd37.jpg,53,53,53 41 100 46 99,0.08736203715566233
data\raw\val\01154_Animalia_Arthropoda_Insecta_Lepidoptera_Geometridae_Arhodia_lasiocamparia\a5329ef5-4332-45bd-91e0-6ec94305bbca.jpg,53,11,11 118 110 238 237,0.044747758192546234
data\raw\val\01154_Animalia_Arthropoda_Insecta_Lepidoptera_Geometridae_Arhodia_lasiocamparia\8e49768f-66c0-461b-ae1c-e26cfa27d5b5.jpg,53,133,133 53 62 20 250,0.032474528257884695
data\raw\val\01154_Animalia_Arthropoda_Insecta_Lepidoptera_Geometridae_Arhodia_lasiocamparia\916cbc1f-4de1-457e-9d84-b1a3ae5cce22.jpg,53,114,114 103 121 110 96,0.010795700809253937
data\raw\val\01154_Animalia_Arthropoda_Insecta_Lepidoptera_Geometridae_Arhodia_lasiocamparia\3aee9743-52dd-476d-a78a-8a2d4ebfc91a.jpg,53,41,41 53 108 104 100,0.03305086965672782
data\raw\val\01154_Animalia_Arthropoda_Insecta_Lepidoptera_Geometridae_Arhodia_lasiocamparia\fba3dd10-84b0-4bf2-9199-c7f85c3fac0b.jpg,53,5,5 58 60 108 41,0.02128821604207775
data\raw\val\01154_Animalia_Arthropoda_Insecta_Lepidoptera_Geometridae_Arhodia_lasiocamparia\74daa468-0445-4693-bd70-642c37286650.jpg,53,73,73 345 99 176 56,0.06535220593947119
data\raw\val\01154_Animalia_Arthropoda_Insecta_Lepidoptera_Geometridae_Arhodia_lasiocamparia\fe83b510-58a0-4fa5-9fad-6adc534708ce.jpg,53,65,65 75 110 56 53,0.06538205018868827
data\raw\val\01154_Animalia_Arthropoda_Insecta_Lepidoptera_Geometridae_Arhodia_lasiocamparia\216b22ab-66e4-4534-8cd5-c22cfd5214ab.jpg,53,99,99 77 102 56 72,0.03205592114486328
data\raw\val\01154_Animalia_Arthropoda_Insecta_Lepidoptera_Geometridae_Arhodia_lasiocamparia\78b53d20-9709-4411-b6f0-d82f3c8a9ca8.jpg,53,53,53 45 55 102 4,0.020268689200223077
data\raw\val\01155_Animalia_Arthropoda_Insecta_Lepidoptera_Geometridae_Besma_quercivoraria\ad36a5ef-2dbe-453c-8495-78100d5a61a5.jpg,54,65,65 95 60 96 110,0.06443130399301547
data\raw\val\01155_Animalia_Arthropoda_Insecta_Lepidoptera_Geometridae_Besma_quercivoraria\8f59211b-8847-4c58-9b63-56ed694bead6.jpg,54,177,177 111 164 185 62,0.014132785324511142
data\raw\val\01155_Animalia_Arthropoda_Insecta_Lepidoptera_Geometridae_Besma_quercivoraria\26b71fc0-d625-4ec8-a205-1c6d2ca406f1.jpg,54,96,96 50 45 32 99,0.02327396035076435
data\raw\val\01155_Animalia_Arthropoda_Insecta_Lepidoptera_Geometridae_Besma_quercivoraria\0ee72326-9456-4e9d-acdd-5276b56afc29.jpg,54,51,51 95 145 32 102,0.023475257942388358
data\raw\val\01155_Animalia_Arthropoda_Insecta_Lepidoptera_Geometridae_Besma_quercivoraria\58b18f18-73c1-4c40-8615-d749d58a48bd.jpg,54,141,141 127 258 57 6,0.01972025397356557
data\raw\val\01155_Animalia_Arthropoda_Insecta_Lepidoptera_Geometridae_Besma_quercivoraria\acdc0506-d040-4b5d-8d1c-f9810c61bbe0.jpg,54,54,54 59 62 55 66,0.06401411335400956
data\raw\val\01155_Animalia_Arthropoda_Insecta_Lepidoptera_Geometridae_Besma_quercivoraria\00ee60a7-c83e-4fbd-8999-6e90452e1850.jpg,54,54,54 192 77 31 64,0.014792856638293099
data\raw\val\01155_Animalia_Arthropoda_Insecta_Lepidoptera_Geometridae_Besma_quercivoraria\9f1919a9-c089-4b24-adc9-882f47c5a47f.jpg,54,54,54 57 98 73 62,0.022642052041421473
data\raw\val\01155_Animalia_Arthropoda_Insecta_Lepidoptera_Geometridae_Besma_quercivoraria\24b8b0b7-ed25-47c4-a97e-8468844c0d57.jpg,54,436,436 139 6 255 259,0.0310444348654744
data\raw\val\01155_Animalia_Arthropoda_Insecta_Lepidoptera_Geometridae_Besma_quercivoraria\e6ae920c-435b-4bff-a365-6fb2faea2e91.jpg,54,52,52 98 83 237 5,0.028601579864105716
data\raw\val\01157_Animalia_Arthropoda_Insecta_Lepidoptera_Geometridae_Cabera_erythemaria\07074171-83b2-462a-ae5b-4a8a92414839.jpg,55,152,152 20 151 283 27,0.029462293866651282
data\raw\val\01157_Animalia_Arthropoda_Insecta_Lepidoptera_Geometridae_Cabera_erythemaria\8a3aa1b9-3281-4609-a3db-91b13cffdedc.jpg,55,261,261 375 459 450 374,0.018464649356360434
data\raw\val\01157_Animalia_Arthropoda_Insecta_Lepidoptera_Geometridae_Cabera_erythemaria\8e7fadc5-6dc1-4b32-b46c-7ddb809bfacf.jpg,55,30,30 96 40 197 441,0.018552524734873656
data\raw\val\01157_Animalia_Arthropoda_Insecta_Lepidoptera_Geometridae_Cabera_erythemaria\880b2914-31df-4eae-94a1-222ad2944eb4.jpg,55,247,247 217 236 204 270,0.025021841167442164
data\raw\val\01157_Animalia_Arthropoda_Insecta_Lepidoptera_Geometridae_Cabera_erythemaria\076a550d-c186-46ba-ba95-033d6bd9fd1a.jpg,55,152,152 203 202 150 180,0.021516421683303023
data\raw\val\01157_Animalia_Arthropoda_Insecta_Lepidoptera_Geometridae_Cabera_erythemaria\773de095-6b2a-4901-ab11-28b6030b894c.jpg,55,99,99 229 240 247 126,0.025624566814833032
data\raw\val\01157_Animalia_Arthropoda_Insecta_Lepidoptera_Geometridae_Cabera_erythemaria\2ba538b3-d2d9-4bc8-9597-954422e9d312.jpg,55,77,77 59 110 118 54,0.01791770942717268
data\raw\val\01157_Animalia_Arthropoda_Insecta_Lepidoptera_Geometridae_Cabera_erythemaria\fcf6ae18-af9e-4322-a17a-bc6f5dfa3af3.jpg,55,65,65 44 197 93 141,0.03906537395940314
data\raw\val\01157_Animalia_Arthropoda_Insecta_Lepidoptera_Geometridae_Cabera_erythemaria\f6544a6b-20e2-41e7-9b4f-4e25626b9d9a.jpg,55,46,46 20 172 81 147,0.015191146137713617
data\raw\val\01157_Animalia_Arthropoda_Insecta_Lepidoptera_Geometridae_Cabera_erythemaria\4b970c03-8982-48dc-a7d8-608aa1260af1.jpg,55,150,150 202 203 152 154,0.06641300887378254
data\raw\val\01210_Animalia_Arthropoda_Insecta_Lepidoptera_Geometridae_Eubaphe_mendica\9735a1db-146c-4881-a381-37ef07578b7c.jpg,56,301,301 302 300 239 0,0.04367537791585542
data\raw\val\01210_Animalia_Arthropoda_Insecta_Lepidoptera_Geometridae_Eubaphe_mendica\5474f422-dbff-46e4-82c8-21eb129887c4.jpg,56,158,158 149 113 122 182,0.024036364019750636
data\raw\val\01210_Animalia_Arthropoda_Insecta_Lepidoptera_Geometridae_Eubaphe_mendica\54b61854-87eb-4e88-a7bf-568edaee5081.jpg,56,151,151 164 202 205 158,0.013296276623075401
data\raw\val\01210_Animalia_Arthropoda_Insecta_Lepidoptera_Geometridae_Eubaphe_mendica\35925cda-a19f-4f26-ad12-27e7ae845407.jpg,56,122,122 104 3 158 99,0.04226391380550036
data\raw\val\01210_Animalia_Arthropoda_Insecta_Lepidoptera_Geometridae_Eubaphe_mendica\a2437e6b-6de6-443f-a5ed-f4694dff9ea9.jpg,56,270,270 218 78 212 269,0.0313803677697811
data\raw\val\01210_Animalia_Arthropoda_Insecta_Lepidoptera_Geometridae_Eubaphe_mendica\7c582860-726d-48a1-b6e3-2eca0a8a9900.jpg,56,56,56 49 141 252 129,0.0172530712982307
data\raw\val\01210_Animalia_Arthropoda_Insecta_Lepidoptera_Geometridae_Eubaphe_mendica\8dd63982-07c9-4da2-a2cf-3613a6a4cf80.jpg,56,73,73 79 61 42 53,0.03736463422467665
data\raw\val\01210_Animalia_Arthropoda_Insecta_Lepidoptera_Geometridae_Eubaphe_mendica\6b681f33-d955-4ad2-a122-cf9b947f5bee.jpg,56,154,154 102 149 158 161,0.024020845917014304
data\raw\val\01210_Animalia_Arthropoda_Insecta_Lepidoptera_Geometridae_Eubaphe_mendica\461e0e93-a4c3-4a49-b934-f42b60cf2830.jpg,56,75,75 16 45 30 115,0.01463180881354369
data\raw\val\01210_Animalia_Arthropoda_Insecta_Lepidoptera_Geometridae_Eubaphe_mendica\c3907681-515c-4cdd-8121-853bd710ef9b.jpg,56,46,46 59 25 77 102,0.015749622704375472
data\raw\val\01230_Animalia_Arthropoda_Insecta_Lepidoptera_Geometridae_Hypagyrtis_unipunctata\3fa39d52-a203-4c6c-9da8-b53d2f28fccc.jpg,57,21,21 77 54 45 133,0.02100076264266208
data\raw\val\01230_Animalia_Arthropoda_Insecta_Lepidoptera_Geometridae_Hypagyrtis_unipunctata\c1ef877e-fa0f-4b30-882f-cf54873cbd4f.jpg,57,490,490 274 136 489 246,0.027899888958237005
data\raw\val\01230_Animalia_Arthropoda_Insecta_Lepidoptera_Geometridae_Hypagyrtis_unipunctata\a298fb01-c667-4f6d-9347-6cee500046af.jpg,57,239,239 234 301 115 154,0.04023712359157969
data\raw\val\01230_Animalia_Arthropoda_Insecta_Lepidoptera_Geometridae_Hypagyrtis_unipunctata\e60213d7-d1b7-4e48-b036-870ae0cc6dd3.jpg,57,7,7 242 98 51 31,0.016114539178359866
data\raw\val\01230_Animalia_Arthropoda_Insecta_Lepidoptera_Geometridae_Hypagyrtis_unipunctata\a2a3d71d-3e54-4840-a949-1864e007e01f.jpg,57,44,44 194 79 32 4,0.04649838473983354
data\raw\val\01230_Animalia_Arthropoda_Insecta_Lepidoptera_Geometridae_Hypagyrtis_unipunctata\882cd075-97da-4b6e-b8b4-0ba8b9cce1e1.jpg,57,101,101 46 108 148 159,0.015467734858238798
data\raw\val\01230_Animalia_Arthropoda_Insecta_Lepidoptera_Geometridae_Hypagyrtis_unipunctata\e7c4b7a6-cbc8-437e-915d-df1bbf806c30.jpg,57,22,22 28 102 110 77,0.024869095684794517
data\raw\val\01230_Animalia_Arthropoda_Insecta_Lepidoptera_Geometridae_Hypagyrtis_unipunctata\5ccd23eb-652a-4bc7-b261-1c324094c89c.jpg,57,166,166 104 254 189 174,0.014848012205270012
data\raw\val\01230_Animalia_Arthropoda_Insecta_Lepidoptera_Geometridae_Hypagyrtis_unipunctata\055c6022-0e21-406a-8577-5d7af35a55a7.jpg,57,181,181 5 11 118 157,0.019718970837462078
data\raw\val\01230_Animalia_Arthropoda_Insecta_Lepidoptera_Geometridae_Hypagyrtis_unipunctata\86c47c95-caef-4527-a4dd-3485e332f90a.jpg,57,141,141 129 218 127 249,0.019764299207387908
data\raw\val\01242_Animalia_Arthropoda_Insecta_Lepidoptera_Geometridae_Ilexia_intractata\998c002f-5024-4873-bcf2-dd66434bc0a1.jpg,58,46,46 81 250 58 164,0.016062915810473165
data\raw\val\01242_Animalia_Arthropoda_Insecta_Lepidoptera_Geometridae_Ilexia_intractata\fdc2dee7-aa4f-4eba-8a5c-e22b866b76b8.jpg,58,247,247 55 62 164 271,0.013992974121113217
data\raw\val\01242_Animalia_Arthropoda_Insecta_Lepidoptera_Geometridae_Ilexia_intractata\6e6969eb-22c6-435a-9c79-35e2b73dc70c.jpg,58,25,25 13 151 39 229,0.0272676829554591
data\raw\val\01242_Animalia_Arthropoda_Insecta_Lepidoptera_Geometridae_Ilexia_intractata\80bf9cb5-946c-4040-abad-402a5019a499.jpg,58,236,236 165 25 28 298,0.018987019605116912
data\raw\val\01242_Animalia_Arthropoda_Insecta_Lepidoptera_Geometridae_Ilexia_intractata\fb8bf6d0-f80f-422a-814b-94654145eed4.jpg,58,58,58 146 166 174 183,0.039047697922135784
data\raw\val\01242_Animalia_Arthropoda_Insecta_Lepidoptera_Geometridae_Ilexia_intractata\d309d1bc-6e4b-4e62-b1f2-81cd71ccb33e.jpg,58,62,62 130 237 249 227,0.020509136016517254
data\raw\val\01242_Animalia_Arthropoda_Insecta_Lepidoptera_Geometridae_Ilexia_intractata\1e5cdc8a-3759-4d38-b02d-2c9cc2595752.jpg,58,49,49 104 103 65 56,0.04495572119404516
data\raw\val\01242_Animalia_Arthropoda_Insecta_Lepidoptera_Geometridae_Ilexia_intractata\248e5858-2790-4bb2-b370-b5a6cbc383be.jpg,58,58,58 62 81 57 98,0.07103516896231983
data\raw\val\01242_Animalia_Arthropoda_Insecta_Lepidoptera_Geometridae_Ilexia_intractata\0592d060-2807-401b-8cde-594960004eeb.jpg,58,54,54 72 211 62 57,0.023880016611982243
data\raw\val\01242_Animalia_Arthropoda_Insecta_Lepidoptera_Geometridae_Ilexia_intractata\7692f69c-6f06-408c-8a2f-125d73a0827d.jpg,58,174,174 146 148 149 166,0.03321624325832969
data\raw\val\01244_Animalia_Arthropoda_Insecta_Lepidoptera_Geometridae_Iridopsis_larvaria\f2f0587c-73f2-43fc-a02c-37f1de5cb5f9.jpg,59,57,57 53 81 46 79,0.06262102626415106
data\raw\val\01244_Animalia_Arthropoda_Insecta_Lepidoptera_Geometridae_Iridopsis_larvaria\9320e3e6-862f-4987-9a92-068e794f0d0c.jpg,59,180,180 25 1 295 56,0.011806966397356062
data\raw\val\01244_Animalia_Arthropoda_Insecta_Lepidoptera_Geometridae_Iridopsis_larvaria\7162e391-8da4-433c-8c53-30d5ab118fe5.jpg,59,54,54 59 302 205 99,0.06232345340180309
data\raw\val\01244_Animalia_Arthropoda_Insecta_Lepidoptera_Geometridae_Iridopsis_larvaria\71ca386d-3ebc-4a30-80cd-5c65fb1ca16e.jpg,59,57,57 81 79 53 46,0.09642626027493471
data\raw\val\01244_Animalia_Arthropoda_Insecta_Lepidoptera_Geometridae_Iridopsis_larvaria\81696f51-14f6-4ce8-8646-9ea67b29abd5.jpg,59,157,157 217 235 225 161,0.023810287586244636
data\raw\val\01244_Animalia_Arthropoda_Insecta_Lepidoptera_Geometridae_Iridopsis_larvaria\79a5f7df-c6b8-4cad-a037-a87be6b30306.jpg,59,59,59 98 101 54 82,0.15961240488496548
data\raw\val\01244_Animalia_Arthropoda_Insecta_Lepidoptera_Geometridae_Iridopsis_larvaria\9f05f657-b858-4a77-b68c-5cd6af2fe35d.jpg,59,59,59 82 62 52 55,0.029800184032362165
data\raw\val\01244_Animalia_Arthropoda_Insecta_Lepidoptera_Geometridae_Iridopsis_larvaria\fc65cac8-5cb3-4c61-ad56-59c367cef5c6.jpg,59,208,208 191 355 404 304,0.017562585133055586
data\raw\val\01244_Animalia_Arthropoda_Insecta_Lepidoptera_Geometridae_Iridopsis_larvaria\6351a183-ca6a-4825-a52b-70297975d828.jpg,59,62,62 60 439 57 47,0.013765022467856866
data\raw\val\01244_Animalia_Arthropoda_Insecta_Lepidoptera_Geometridae_Iridopsis_larvaria\c5bae25b-020b-4e94-bdc1-97c741de6141.jpg,59,61,61 58 251 55 56,0.023842988486010155
data\raw\val\01255_Animalia_Arthropoda_Insecta_Lepidoptera_Geometridae_Macaria_aemulataria\2f8a3687-91cb-4a4d-b9a5-885c22607bd0.jpg,60,149,149 117 185 108 147,0.032073699540521375
data\raw\val\01255_Animalia_Arthropoda_Insecta_Lepidoptera_Geometridae_Macaria_aemulataria\ba52a042-1bd2-4f55-81c2-7ba9333b1922.jpg,60,69,69 150 27 67 115,0.014001356136392223
data\raw\val\01255_Animalia_Arthropoda_Insecta_Lepidoptera_Geometridae_Macaria_aemulataria\7dd74a23-38af-4e55-8ac1-4c11eb86d9f8.jpg,60,65,65 16 172 251 103,0.027383374185010374
data\raw\val\01255_Animalia_Arthropoda_Insecta_Lepidoptera_Geometridae_Macaria_aemulataria\1d8549de-33fc-4bf6-9d03-d6fa12316898.jpg,60,60,60 249 248 61 245,0.01880231319370774
data\raw\val\01255_Animalia_Arthropoda_Insecta_Lepidoptera_Geometridae_Macaria_aemulataria\44081d70-5f43-45e7-b191-390a3ce8977a.jpg,60,132,132 237 347 134 351,0.03102781730637741
data\raw\val\01255_Animalia_Arthropoda_Insecta_Lepidoptera_Geometridae_Macaria_aemulataria\2f501224-2f12-4261-acdd-efdd3824c112.jpg,60,16,16 65 23 60 66,0.015634019769933154
data\raw\val\01255_Animalia_Arthropoda_Insecta_Lepidoptera_Geometridae_Macaria_aemulataria\76144c3f-8007-4c5d-984e-282e8dea7982.jpg,60,102,102 62 77 79 247,0.03387157305832547
data\raw\val\01255_Animalia_Arthropoda_Insecta_Lepidoptera_Geometridae_Macaria_aemulataria\7f3e4dd1-634d-4a64-94d3-ec41f229f151.jpg,60,78,78 270 239 214 428,0.034689758839092234
data\raw\val\01255_Animalia_Arthropoda_Insecta_Lepidoptera_Geometridae_Macaria_aemulataria\67d44691-e443-460e-a247-985f51848cde.jpg,60,108,108 147 56 117 46,0.01533812245827846
data\raw\val\01255_Animalia_Arthropoda_Insecta_Lepidoptera_Geometridae_Macaria_aemulataria\f3e4895d-edc4-4ba7-936b-a7eb554f89e0.jpg,60,278,278 188 201 261 428,0.029493869836152008
data\raw\val\01278_Animalia_Arthropoda_Insecta_Lepidoptera_Geometridae_Opisthograptis_luteolata\d679110a-3ac2-4b96-a4f7-0983e3978552.jpg,61,254,254 6 238 255 139,0.026399456990611716
data\raw\val\01278_Animalia_Arthropoda_Insecta_Lepidoptera_Geometridae_Opisthograptis_luteolata\2c59300c-be2b-4e50-be88-15c32292cfe0.jpg,61,81,81 78 60 52 49,0.0729095605115239
data\raw\val\01278_Animalia_Arthropoda_Insecta_Lepidoptera_Geometridae_Opisthograptis_luteolata\863e7fac-6b29-4aec-a823-5d1b1e784b0c.jpg,61,219,219 46 20 158 104,0.04028009258822645
data\raw\val\01278_Animalia_Arthropoda_Insecta_Lepidoptera_Geometridae_Opisthograptis_luteolata\d2aebf87-7a60-4148-a20c-a7424c5534fb.jpg,61,58,58 16 148 95 252,0.05544730651076261
data\raw\val\01278_Animalia_Arthropoda_Insecta_Lepidoptera_Geometridae_Opisthograptis_luteolata\07ab4746-d8f9-440e-a9fa-b3ddb8c8beaf.jpg,61,46,46 4 101 100 251,0.03231474598254888
data\raw\val\01278_Animalia_Arthropoda_Insecta_Lepidoptera_Geometridae_Opisthograptis_luteolata\311adaf5-fcd7-4cd8-ba2a-f41b4b6307e6.jpg,61,61,61 55 96 141 250,0.044875665472678794
data\raw\val\01278_Animalia_Arthropoda_Insecta_Lepidoptera_Geometridae_Opisthograptis_luteolata\6db5ea3e-5f61-402e-aebe-f53c36978bea.jpg,61,46,46 47 157 147 159,0.023156973808403543
data\raw\val\01278_Animalia_Arthropoda_Insecta_Lepidoptera_Geometridae_Opisthograptis_luteolata\b4e4b360-a06e-447e-8806-647089bc68f3.jpg,61,46,46 64 101 55 99,0.027388317226066074
data\raw\val\01278_Animalia_Arthropoda_Insecta_Lepidoptera_Geometridae_Opisthograptis_luteolata\4ff75e89-1a7b-4427-99e2-6935c75f911a.jpg,61,61,61 60 96 356 95,0.03696396546808171
data\raw\val\01278_Animalia_Arthropoda_Insecta_Lepidoptera_Geometridae_Opisthograptis_luteolata\5dda263a-d087-482f-925d-776a5e9137d6.jpg,61,61,61 159 4 46 202,0.039847020620655156
data\raw\val\01293_Animalia_Arthropoda_Insecta_Lepidoptera_Geometridae_Plagodis_pulveraria\3c66e2ea-6d82-4790-96cc-5dbeae5977db.jpg,62,77,77 62 59 22 76,0.013297642653956894
data\raw\val\01293_Animalia_Arthropoda_Insecta_Lepidoptera_Geometridae_Plagodis_pulveraria\251a9680-a9a1-4c70-a690-b5a5fdd8a70f.jpg,62,211,211 199 212 215 225,0.02442868510811896
data\raw\val\01293_Animalia_Arthropoda_Insecta_Lepidoptera_Geometridae_Plagodis_pulveraria\c4428168-46b7-4ad4-9a55-d6b888cd7ffe.jpg,62,61,61 456 55 448 485,0.025164577016382726
data\raw\val\01293_Animalia_Arthropoda_Insecta_Lepidoptera_Geometridae_Plagodis_pulveraria\bb15dd71-7885-4180-98d3-0a82a4c2a29c.jpg,62,62,62 58 98 100 53,0.03774042396017078
data\raw\val\01293_Animalia_Arthropoda_Insecta_Lepidoptera_Geometridae_Plagodis_pulveraria\220842a9-85f5-4a95-878d-fd1c196f0064.jpg,62,100,100 59 62 98 47,0.023211402290454118
data\raw\val\01293_Animalia_Arthropoda_Insecta_Lepidoptera_Geometridae_Plagodis_pulveraria\7bbc25b1-c208-4e60-a838-4c86b5c0b087.jpg,62,146,146 148 58 149 173,0.030345495096827258
data\raw\val\01293_Animalia_Arthropoda_Insecta_Lepidoptera_Geometridae_Plagodis_pulveraria\7c28bbf2-5777-4bd9-8fbd-e8bd1ba7b4a5.jpg,62,58,58 62 234 49 81,0.02751806766426509
data\raw\val\01293_Animalia_Arthropoda_Insecta_Lepidoptera_Geometridae_Plagodis_pulveraria\0e82101f-c1a3-46c3-92aa-1f85900bcd8a.jpg,62,292,292 194 210 474 184,0.010666590352483764
data\raw\val\01293_Animalia_Arthropoda_Insecta_Lepidoptera_Geometridae_Plagodis_pulveraria\5a724996-4629-44f6-a9e5-6d107c9552d9.jpg,62,79,79 57 53 58 44,0.03901360378408349
data\raw\val\01293_Animalia_Arthropoda_Insecta_Lepidoptera_Geometridae_Plagodis_pulveraria\d2dcab2b-aee2-45aa-bea1-c3e0e9d760fb.jpg,62,102,102 74 77 53 59,0.050969706060062014
data\raw\val\01387_Animalia_Arthropoda_Insecta_Lepidoptera_Hesperiidae_Oligoria_maculata\7fb8205f-f573-40f8-b34a-ff11a1cc5259.jpg,63,175,175 63 188 111 210,0.015075425773580448
data\raw\val\01387_Animalia_Arthropoda_Insecta_Lepidoptera_Hesperiidae_Oligoria_maculata\2fbf1e20-6670-4666-9e44-818da7add22f.jpg,63,113,113 121 122 158 15,0.013255444326189728
data\raw\val\01387_Animalia_Arthropoda_Insecta_Lepidoptera_Hesperiidae_Oligoria_maculata\2450c41d-79f0-42d6-8850-6dbe751d63ae.jpg,63,105,105 113 119 112 75,0.027117753404612855
data\raw\val\01387_Animalia_Arthropoda_Insecta_Lepidoptera_Hesperiidae_Oligoria_maculata\a3811c90-7968-4541-834f-c468454edd03.jpg,63,63,63 111 119 75 105,0.024980734970952
data\raw\val\01387_Animalia_Arthropoda_Insecta_Lepidoptera_Hesperiidae_Oligoria_maculata\f458f0d1-85cb-407e-9389-07c9130e5fd8.jpg,63,148,148 173 147 146 181,0.019249872295121713
data\raw\val\01387_Animalia_Arthropoda_Insecta_Lepidoptera_Hesperiidae_Oligoria_maculata\2741dc61-e5fb-4d34-8c4b-c326b5212d02.jpg,63,72,72 116 456 39 28,0.009603376110374073
data\raw\val\01387_Animalia_Arthropoda_Insecta_Lepidoptera_Hesperiidae_Oligoria_maculata\7542bbd1-50e9-4549-a24a-a0fb6b15e971.jpg,63,363,363 405 358 222 435,0.013092112958250319
data\raw\val\01387_Animalia_Arthropoda_Insecta_Lepidoptera_Hesperiidae_Oligoria_maculata\54452fdd-9c66-4b94-b8bd-8900b22a2430.jpg,63,107,107 116 28 34 75,0.016843947025174045
data\raw\val\01387_Animalia_Arthropoda_Insecta_Lepidoptera_Hesperiidae_Oligoria_maculata\73916af4-e744-4e51-924f-1e58ca2d7e66.jpg,63,85,85 43 412 448 439,0.021114922064080645
data\raw\val\01387_Animalia_Arthropoda_Insecta_Lepidoptera_Hesperiidae_Oligoria_maculata\a57b8b3a-336b-4fd6-a9e5-28fe92821512.jpg,63,34,34 97 85 421 37,0.015238717684451602
data\raw\val\01425_Animalia_Arthropoda_Insecta_Lepidoptera_Lasiocampidae_Trabala_vishnou\8517ed22-814c-47ff-b613-be5d1bbce1ff.jpg,64,210,210 267 64 30 2,0.0358991069062199
data\raw\val\01425_Animalia_Arthropoda_Insecta_Lepidoptera_Lasiocampidae_Trabala_vishnou\e9c73773-fde1-4a1d-8d95-5840d838df0b.jpg,64,359,359 469 449 429 437,0.01682516460645315
data\raw\val\01425_Animalia_Arthropoda_Insecta_Lepidoptera_Lasiocampidae_Trabala_vishnou\aebca0db-c708-41f4-8091-e2b8cd6d1448.jpg,64,134,134 123 80 125 244,0.011710473284221793
data\raw\val\01425_Animalia_Arthropoda_Insecta_Lepidoptera_Lasiocampidae_Trabala_vishnou\2d128af7-0e3a-47aa-a4a2-8b6dbd180001.jpg,64,118,118 11 237 224 230,0.03427564231561336
data\raw\val\01425_Animalia_Arthropoda_Insecta_Lepidoptera_Lasiocampidae_Trabala_vishnou\942ee7ef-1ca5-43e8-8512-527d60475a1b.jpg,64,96,96 66 14 236 111,0.032909395947947666
data\raw\val\01425_Animalia_Arthropoda_Insecta_Lepidoptera_Lasiocampidae_Trabala_vishnou\571f7171-13b5-4970-8856-c724389e8b77.jpg,64,175,175 231 198 85 435,0.022780676341862607
data\raw\val\01425_Animalia_Arthropoda_Insecta_Lepidoptera_Lasiocampidae_Trabala_vishnou\03e280ad-41df-42fb-a432-f8c4edc60333.jpg,64,47,47 32 5 68 132,0.013023358440143636
data\raw\val\01425_Animalia_Arthropoda_Insecta_Lepidoptera_Lasiocampidae_Trabala_vishnou\0590125b-474f-42ae-96fc-e3a5d1129f63.jpg,64,106,106 469 464 485 236,0.01344544414646084
data\raw\val\01425_Animalia_Arthropoda_Insecta_Lepidoptera_Lasiocampidae_Trabala_vishnou\f0b3cc91-ab9d-42fc-9d53-245b75cb7aeb.jpg,64,227,227 249 155 269 351,0.016988956423951977
data\raw\val\01425_Animalia_Arthropoda_Insecta_Lepidoptera_Lasiocampidae_Trabala_vishnou\3ce57bbb-f133-467c-be93-439b124216e9.jpg,64,27,27 65 53 236 133,0.028949828237881038
data\raw\val\01471_Animalia_Arthropoda_Insecta_Lepidoptera_Lycaenidae_Eooxylides_tharis\888bd086-b261-46ae-8e8f-28d420f8ad57.jpg,65,219,219 20 17 241 204,0.0241031360293898
data\raw\val\01471_Animalia_Arthropoda_Insecta_Lepidoptera_Lycaenidae_Eooxylides_tharis\3ff94bd0-f84a-4281-9c5c-e1fea988e4ea.jpg,65,245,245 66 122 104 57,0.014829156216198059
data\raw\val\01471_Animalia_Arthropoda_Insecta_Lepidoptera_Lycaenidae_Eooxylides_tharis\51d50573-9890-4ff3-90be-7fc67dd5f9dd.jpg,65,107,107 111 119 180 113,0.025490079787187727
data\raw\val\01471_Animalia_Arthropoda_Insecta_Lepidoptera_Lycaenidae_Eooxylides_tharis\658ed261-8943-4ee9-9da0-46133d4f514d.jpg,65,65,65 16 187 68 48,0.033029701686273005
data\raw\val\01471_Animalia_Arthropoda_Insecta_Lepidoptera_Lycaenidae_Eooxylides_tharis\24b7c35a-3a06-4fa2-a93b-51c5d7aa8e52.jpg,65,33,33 265 123 469 196,0.009861411193567864
data\raw\val\01471_Animalia_Arthropoda_Insecta_Lepidoptera_Lycaenidae_Eooxylides_tharis\54ce9a29-2c21-449c-883b-c97169e7fac4.jpg,65,383,383 453 455 33 291,0.012107605551575472
data\raw\val\01471_Animalia_Arthropoda_Insecta_Lepidoptera_Lycaenidae_Eooxylides_tharis\030b7508-c670-48f1-ae1c-a37a91aa1a63.jpg,65,65,65 80 206 196 44,0.02253229779988927
data\raw\val\01471_Animalia_Arthropoda_Insecta_Lepidoptera_Lycaenidae_Eooxylides_tharis\370a86a3-3640-454e-81b6-04847caf1c9e.jpg,65,66,66 400 58 197 82,0.02314063660025655
data\raw\val\01471_Animalia_Arthropoda_Insecta_Lepidoptera_Lycaenidae_Eooxylides_tharis\47f12701-f32a-4ce6-ab3e-5dc8fed63195.jpg,65,20,20 80 44 49 65,0.009268373686483129
data\raw\val\01471_Animalia_Arthropoda_Insecta_Lepidoptera_Lycaenidae_Eooxylides_tharis\ad955173-c0b5-4160-8564-610bd0a27fcc.jpg,65,65,65 86 29 187 119,0.02452228909872573
data\raw\val\01481_Animalia_Arthropoda_Insecta_Lepidoptera_Lycaenidae_Heliophorus_ila\6e4c6328-4d94-4977-84a3-63329e794df6.jpg,66,66,66 141 356 439 448,0.015712636272549034
data\raw\val\01481_Animalia_Arthropoda_Insecta_Lepidoptera_Lycaenidae_Heliophorus_ila\c97c2108-4a04-4fbe-90f7-69d72c73eaaa.jpg,66,90,90 67 351 144 269,0.01711009691635205
data\raw\val\01481_Animalia_Arthropoda_Insecta_Lepidoptera_Lycaenidae_Heliophorus_ila\66ddd0eb-987e-4566-8f18-dee8fac328ae.jpg,66,75,75 196 63 111 107,0.016099390869872502
data\raw\val\01481_Animalia_Arthropoda_Insecta_Lepidoptera_Lycaenidae_Heliophorus_ila\0ad2e29e-2456-42e0-9c88-6deafe5d8f2a.jpg,66,207,207 206 15 85 35,0.014601265777931026
data\raw\val\01481_Animalia_Arthropoda_Insecta_Lepidoptera_Lycaenidae_Heliophorus_ila\5cea2f37-80d6-403d-9a9a-67ed45dd9908.jpg,66,65,65 251 176 141 172,0.04636461065441662
data\raw\val\01481_Animalia_Arthropoda_Insecta_Lepidoptera_Lycaenidae_Heliophorus_ila\8c75b832-daa1-48bc-ad6a-7e55f1bbf733.jpg,66,202,202 204 188 150 63,0.014185807212332922
data\raw\val\01481_Animalia_Arthropoda_Insecta_Lepidoptera_Lycaenidae_Heliophorus_ila\6c10f83c-d8b1-4b13-863f-001b78e84951.jpg,66,255,255 399 276 400 435,0.019839740823536595
data\raw\val\01481_Animalia_Arthropoda_Insecta_Lepidoptera_Lycaenidae_Heliophorus_ila\65a836f3-abcb-4814-9836-5400a60b6abc.jpg,66,23,23 39 19 131 138,0.01039160562427607
data\raw\val\01481_Animalia_Arthropoda_Insecta_Lepidoptera_Lycaenidae_Heliophorus_ila\d03ba603-e2ba-4c35-b0e3-dd05a045c363.jpg,66,97,97 96 37 43 28,0.024538647978938455
data\raw\val\01481_Animalia_Arthropoda_Insecta_Lepidoptera_Lycaenidae_Heliophorus_ila\e0847287-c8a1-41ab-8bc7-250dd96a8554.jpg,66,16,16 26 106 71 28,0.013083179120195439
data\raw\val\01485_Animalia_Arthropoda_Insecta_Lepidoptera_Lycaenidae_Icaricia_icarioides\365e6a00-1d8e-4eba-aa73-1d30ec78c394.jpg,67,497,497 270 269 52 153,0.00904975774868222
data\raw\val\01485_Animalia_Arthropoda_Insecta_Lepidoptera_Lycaenidae_Icaricia_icarioides\353fd226-1c04-4432-8e63-97eb63380054.jpg,67,141,141 127 360 62 218,0.018143951260744178
data\raw\val\01485_Animalia_Arthropoda_Insecta_Lepidoptera_Lycaenidae_Icaricia_icarioides\d9525058-9b2c-4905-a2d8-2473570f9caa.jpg,67,435,435 210 186 483 86,0.017615147757240247
data\raw\val\01485_Animalia_Arthropoda_Insecta_Lepidoptera_Lycaenidae_Icaricia_icarioides\d501bd7e-7892-46db-a7a6-6c831f538903.jpg,67,468,468 483 71 33 421,0.009067473258563547
data\raw\val\01485_Animalia_Arthropoda_Insecta_Lepidoptera_Lycaenidae_Icaricia_icarioides\31c99e09-514e-4440-b0d8-3cb92e9296cd.jpg,67,11,11 118 10 67 69,0.04307883504036927
data\raw\val\01485_Animalia_Arthropoda_Insecta_Lepidoptera_Lycaenidae_Icaricia_icarioides\b23f1443-2724-47ac-9733-5ff7caa53402.jpg,67,308,308 299 353 386 374,0.013772958515376764
data\raw\val\01485_Animalia_Arthropoda_Insecta_Lepidoptera_Lycaenidae_Icaricia_icarioides\a75a6013-9c52-4f75-8d5e-9c7f356749c9.jpg,67,293,293 353 354 274 397,0.019684940932879542
data\raw\val\01485_Animalia_Arthropoda_Insecta_Lepidoptera_Lycaenidae_Icaricia_icarioides\68da8e9d-10fb-4d22-b02f-56e8cb34f759.jpg,67,33,33 34 175 15 71,0.009675191601989838
data\raw\val\01485_Animalia_Arthropoda_Insecta_Lepidoptera_Lycaenidae_Icaricia_icarioides\4ff15c91-3644-4014-8178-920ed77736fd.jpg,67,75,75 172 65 152 16,0.012827269328316175
data\raw\val\01485_Animalia_Arthropoda_Insecta_Lepidoptera_Lycaenidae_Icaricia_icarioides\618648e3-2e4d-4078-ae97-4ead69ebb532.jpg,67,381,381 294 285 409 67,0.02035385355016143
data\raw\val\01501_Animalia_Arthropoda_Insecta_Lepidoptera_Lycaenidae_Lycaena_helloides\593d964c-a521-4e8a-b387-3324b06c8a71.jpg,68,53,53 96 122 60 113,0.033361616676347225
data\raw\val\01501_Animalia_Arthropoda_Insecta_Lepidoptera_Lycaenidae_Lycaena_helloides\8f5c6e7a-f452-4fbf-90d8-b30c703a3e5e.jpg,68,73,73 417 237 166 163,0.013117955533808729
data\raw\val\01501_Animalia_Arthropoda_Insecta_Lepidoptera_Lycaenidae_Lycaena_helloides\1eff7b37-95c5-466b-b426-770ba777def4.jpg,68,86,86 231 38 85 435,0.019950725068650105
data\raw\val\01501_Animalia_Arthropoda_Insecta_Lepidoptera_Lycaenidae_Lycaena_helloides\ee9ab2b8-faad-430e-b0a2-4aed8fc4d2ce.jpg,68,86,86 169 198 210 2,0.012124420198282278
data\raw\val\01501_Animalia_Arthropoda_Insecta_Lepidoptera_Lycaenidae_Lycaena_helloides\fda93d90-f686-4f75-8add-12a220d3c04a.jpg,68,468,468 424 70 387 481,0.022967048089807606
data\raw\val\01501_Animalia_Arthropoda_Insecta_Lepidoptera_Lycaenidae_Lycaena_helloides\646ba884-8b74-4d84-85b1-221397616b90.jpg,68,181,181 157 14 68 60,0.010350121289693369
data\raw\val\01501_Animalia_Arthropoda_Insecta_Lepidoptera_Lycaenidae_Lycaena_helloides\99d81d7b-4adb-4300-b91f-144dbe357d46.jpg,68,69,69 68 70 14 5,0.029022297209933982
data\raw\val\01501_Animalia_Arthropoda_Insecta_Lepidoptera_Lycaenidae_Lycaena_helloides\e4b3f6d4-d52d-4857-a0b7-c31e4b97bdae.jpg,68,5,5 68 69 157 118,0.01466021171478789
data\raw\val\01501_Animalia_Arthropoda_Insecta_Lepidoptera_Lycaenidae_Lycaena_helloides\5e1ede9a-7714-4f00-9454-f1c15aff83ee.jpg,68,105,105 113 114 112 71,0.013720341374904696
data\raw\val\01501_Animalia_Arthropoda_Insecta_Lepidoptera_Lycaenidae_Lycaena_helloides\2224f1dd-f2c0-4c66-be76-91e210f68915.jpg,68,69,69 68 67 32 12,0.04214108594322958
data\raw\val\01516_Animalia_Arthropoda_Insecta_Lepidoptera_Lycaenidae_Plebejus_samuelis\722e1567-e290-43d3-a4a9-d19df8f276ec.jpg,69,112,112 80 103 42 326,0.04680642422276093
data\raw\val\01516_Animalia_Arthropoda_Insecta_Lepidoptera_Lycaenidae_Plebejus_samuelis\4ed15331-fdd0-452e-b156-a7cb697fb046.jpg,69,69,69 105 45 113 119,0.04750399295889719
data\raw\val\01516_Animalia_Arthropoda_Insecta_Lepidoptera_Lycaenidae_Plebejus_samuelis\33f5a440-83eb-4ca4-a9db-d0daa6ae1297.jpg,69,196,196 141 96 65 236,0.0198383283805059
data\raw\val\01516_Animalia_Arthropoda_Insecta_Lepidoptera_Lycaenidae_Plebejus_samuelis\2b419e55-6566-4b48-ae0c-131c1eb18d76.jpg,69,38,38 196 28 68 26,0.011503927527758286
data\raw\val\01516_Animalia_Arthropoda_Insecta_Lepidoptera_Lycaenidae_Plebejus_samuelis\6405fd9a-76a8-4786-87d2-0ce980cb3cbf.jpg,69,96,96 66 56 114 176,0.011787624134847772
data\raw\val\01516_Animalia_Arthropoda_Insecta_Lepidoptera_Lycaenidae_Plebejus_samuelis\b03d47c6-21b5-4a01-a810-ce6504de7004.jpg,69,67,67 409 462 411 473,0.012610805979458866
data\raw\val\01516_Animalia_Arthropoda_Insecta_Lepidoptera_Lycaenidae_Plebejus_samuelis\155fc520-c0b1-46b9-ac0a-5a2faae8b036.jpg,69,69,69 53 45 41 228,0.03606844991518995
data\raw\val\01516_Animalia_Arthropoda_Insecta_Lepidoptera_Lycaenidae_Plebejus_samuelis\0902668a-69ab-4e14-8ffa-e764d2c38411.jpg,69,353,353 281 378 285 350,0.029443901165124634
data\raw\val\01516_Animalia_Arthropoda_Insecta_Lepidoptera_Lycaenidae_Plebejus_samuelis\aec035f0-d1cb-4fd0-a3b6-216b78ec7792.jpg,69,374,374 363 299 338 263,0.027980130422196724
data\raw\val\01516_Animalia_Arthropoda_Insecta_Lepidoptera_Lycaenidae_Plebejus_samuelis\70583d39-4152-4246-aa63-ce0b6d7888e6.jpg,69,465,465 446 374 289 297,0.018357973401973676
data\raw\val\01525_Animalia_Arthropoda_Insecta_Lepidoptera_Lycaenidae_Satyrium_behrii\0dd39e37-f7fe-42a0-a7c7-38f3f7ba5ee9.jpg,70,118,118 69 173 101 92,0.011267157208673391
data\raw\val\01525_Animalia_Arthropoda_Insecta_Lepidoptera_Lycaenidae_Satyrium_behrii\4b844776-1cd8-4ca2-beda-8d44ff86a916.jpg,70,207,207 439 222 419 264,0.014285656601138333
data\raw\val\01525_Animalia_Arthropoda_Insecta_Lepidoptera_Lycaenidae_Satyrium_behrii\6576f5a9-f406-4d38-95a4-13bfced3bfe4.jpg,70,11,11 5 68 257 409,0.01806949345649564
data\raw\val\01525_Animalia_Arthropoda_Insecta_Lepidoptera_Lycaenidae_Satyrium_behrii\3bac6f2e-c58c-4b14-9ac9-0c4f3bb9df66.jpg,70,127,127 144 157 87 74,0.008810636204285915
data\raw\val\01525_Animalia_Arthropoda_Insecta_Lepidoptera_Lycaenidae_Satyrium_behrii\d19d8a74-8be5-44f2-9b40-c623ba1fbacf.jpg,70,224,224 118 237 238 11,0.03764766740504781
data\raw\val\01525_Animalia_Arthropoda_Insecta_Lepidoptera_Lycaenidae_Satyrium_behrii\ed6dfb02-1033-4298-828c-dc980d3c78de.jpg,70,5,5 137 101 74 125,0.013252528534284505
data\raw\val\01525_Animalia_Arthropoda_Insecta_Lepidoptera_Lycaenidae_Satyrium_behrii\a8bb3246-fd83-416d-8036-3924e15c7800.jpg,70,113,113 4 112 65 103,0.04594863172480983
data\raw\val\01525_Animalia_Arthropoda_Insecta_Lepidoptera_Lycaenidae_Satyrium_behrii\71f7dd67-b860-4050-befc-3291dfb58f20.jpg,70,409,409 257 480 371 372,0.012865929827318821
data\raw\val\01525_Animalia_Arthropoda_Insecta_Lepidoptera_Lycaenidae_Satyrium_behrii\a2243dc2-a851-4a32-82f7-9236319468dc.jpg,70,481,481 70 134 424 255,0.03106631830125837
data\raw\val\01525_Animalia_Arthropoda_Insecta_Lepidoptera_Lycaenidae_Satyrium_behrii\394f323a-f3e5-4c17-8317-ef248b49928f.jpg,70,70,70 92 87 271 120,0.030083384834140022
data\raw\val\01536_Animalia_Arthropoda_Insecta_Lepidoptera_Lycaenidae_Strymon_melinus\db36c6a1-5e85-44fd-ae8a-eb76f37fe026.jpg,71,407,407 285 213 319 470,0.027106809648887106
data\raw\val\01536_Animalia_Arthropoda_Insecta_Lepidoptera_Lycaenidae_Strymon_melinus\23f6d0a9-c580-4cd5-bbba-43713758ecc3.jpg,71,96,96 82 66 76 217,0.039003252019958565
data\raw\val\01536_Animalia_Arthropoda_Insecta_Lepidoptera_Lycaenidae_Strymon_melinus\12cff107-f72d-4659-8c1b-50e98669595d.jpg,71,147,147 148 411 44 125,0.009430815896096761
data\raw\val\01536_Animalia_Arthropoda_Insecta_Lepidoptera_Lycaenidae_Strymon_melinus\98a940be-0f14-4fba-ab2e-c3da10700400.jpg,71,16,16 23 20 245 80,0.008374458219613435
data\raw\val\01536_Animalia_Arthropoda_Insecta_Lepidoptera_Lycaenidae_Strymon_melinus\74f8c2d5-cc17-4544-aaff-096977407030.jpg,71,195,195 26 63 169 150,0.010612211414491708
data\raw\val\01536_Animalia_Arthropoda_Insecta_Lepidoptera_Lycaenidae_Strymon_melinus\2235e6ad-b804-4b6d-b681-8d21d8c396a0.jpg,71,177,177 112 188 186 27,0.009900356755730616
data\raw\val\01536_Animalia_Arthropoda_Insecta_Lepidoptera_Lycaenidae_Strymon_melinus\7d3cebf6-ccf9-49dc-8278-3d41ec34078f.jpg,71,377,377 281 403 465 442,0.03308262449318984
data\raw\val\01536_Animalia_Arthropoda_Insecta_Lepidoptera_Lycaenidae_Strymon_melinus\5600e3fe-08c2-47c6-a3b1-74f1b9d3e373.jpg,71,499,499 368 415 315 481,0.03562645698557597
data\raw\val\01536_Animalia_Arthropoda_Insecta_Lepidoptera_Lycaenidae_Strymon_melinus\5c72b23e-b7e8-42b5-91d7-64a46d90cd1d.jpg,71,412,412 96 66 406 111,0.0364993207029977
data\raw\val\01536_Animalia_Arthropoda_Insecta_Lepidoptera_Lycaenidae_Strymon_melinus\ba0fec75-1f38-4f38-802b-4fe6cce05a69.jpg,71,116,116 14 93 111 37,0.009046389636057528
data\raw\val\01566_Animalia_Arthropoda_Insecta_Lepidoptera_Noctuidae_Agrotis_munda\68337033-9e7e-4e7d-8020-fe6d5062868b.jpg,72,25,25 236 301 115 8,0.05448552172250233
data\raw\val\01566_Animalia_Arthropoda_Insecta_Lepidoptera_Noctuidae_Agrotis_munda\a8cea33c-90f4-41bb-b2b0-885e6cd0311a.jpg,72,3,3 130 133 141 22,0.013375351833716952
data\raw\val\01566_Animalia_Arthropoda_Insecta_Lepidoptera_Noctuidae_Agrotis_munda\320ca4eb-a4e3-41c9-879d-b5d3919348ed.jpg,72,105,105 120 388 387 117,0.0077492096952842
data\raw\val\01566_Animalia_Arthropoda_Insecta_Lepidoptera_Noctuidae_Agrotis_munda\27f05c33-ecf7-4a56-9589-d1816cf6e490.jpg,72,250,250 47 46 100 58,0.018062791107381102
data\raw\val\01566_Animalia_Arthropoda_Insecta_Lepidoptera_Noctuidae_Agrotis_munda\c47ea777-a0a5-4670-a9e1-d27d62283307.jpg,72,82,82 103 65 104 56,0.027134554947802925
data\raw\val\01566_Animalia_Arthropoda_Insecta_Lepidoptera_Noctuidae_Agrotis_munda\b2ffd5b3-624d-4adc-8004-c6e7ec248101.jpg,72,72,72 78 130 225 236,0.012697254106094314
data\raw\val\01566_Animalia_Arthropoda_Insecta_Lepidoptera_Noctuidae_Agrotis_munda\07d843b7-928e-4d33-a5a6-32f30c9fde3e.jpg,72,78,78 52 62 211 216,0.015706960091465435
data\raw\val\01566_Animalia_Arthropoda_Insecta_Lepidoptera_Noctuidae_Agrotis_munda\57c3f15a-f9e1-459e-a95f-6f182ebf8e54.jpg,72,270,270 475 120 191 348,0.013218968279985392
data\raw\val\01566_Animalia_Arthropoda_Insecta_Lepidoptera_Noctuidae_Agrotis_munda\5b6e827e-f41d-41fb-9f0e-c3c251ceabe2.jpg,72,72,72 22 28 102 13,0.02472615916060453
data\raw\val\01566_Animalia_Arthropoda_Insecta_Lepidoptera_Noctuidae_Agrotis_munda\a5816eae-9fc3-4135-a9c6-c23fd3e68de2.jpg,72,120,120 192 210 124 348,0.01236815495387592
data\raw\val\01576_Animalia_Arthropoda_Insecta_Lepidoptera_Noctuidae_Anaplectoides_prasina\c4dbeff3-4f72-41f8-a3c0-1404550c038b.jpg,73,436,436 73 391 256 497,0.01582181065907416
data\raw\val\01576_Animalia_Arthropoda_Insecta_Lepidoptera_Noctuidae_Anaplectoides_prasina\e4ce6249-e637-43de-b213-0915dcb10b10.jpg,73,73,73 98 413 396 74,0.04092666104721718
data\raw\val\01576_Animalia_Arthropoda_Insecta_Lepidoptera_Noctuidae_Anaplectoides_prasina\387d30fb-ffff-4016-acf5-90cbdd720ec0.jpg,73,391,391 395 399 255 396,0.016669267536587866
data\raw\val\01576_Animalia_Arthropoda_Insecta_Lepidoptera_Noctuidae_Anaplectoides_prasina\512db68c-3248-44ec-9dc6-3e1dec05d920.jpg,73,214,214 224 351 242 74,0.03190570665794927
data\raw\val\01576_Animalia_Arthropoda_Insecta_Lepidoptera_Noctuidae_Anaplectoides_prasina\d5cf1139-ce4e-4da8-b817-7123353ade3f.jpg,73,347,347 83 73 11 36,0.015207622212855893
data\raw\val\01576_Animalia_Arthropoda_Insecta_Lepidoptera_Noctuidae_Anaplectoides_prasina\d1768f52-f20e-4925-a8fa-685c25f5d8fa.jpg,73,130,130 62 133 52 74,0.01754009355113793
data\raw\val\01576_Animalia_Arthropoda_Insecta_Lepidoptera_Noctuidae_Anaplectoides_prasina\3e2588cd-cd8d-4e9d-ad02-8a5e854141c7.jpg,73,73,73 345 56 99 176,0.0533247843222909
data\raw\val\01576_Animalia_Arthropoda_Insecta_Lepidoptera_Noctuidae_Anaplectoides_prasina\dad4a04e-cc3b-4248-80ba-9adea8fa4f5a.jpg,73,72,72 73 62 77 237,0.015229278666932087
data\raw\val\01576_Animalia_Arthropoda_Insecta_Lepidoptera_Noctuidae_Anaplectoides_prasina\f48095b9-aa0e-4e9a-91e3-09ce60612205.jpg,73,283,283 150 151 39 27,0.05210319521961108
data\raw\val\01576_Animalia_Arthropoda_Insecta_Lepidoptera_Noctuidae_Anaplectoides_prasina\81d5cdcb-07c9-4b5e-9ba1-9d687d000e4d.jpg,73,11,11 10 256 31 98,0.01562781376327911
data\raw\val\01603_Animalia_Arthropoda_Insecta_Lepidoptera_Noctuidae_Copivaleria_grotei\d13f95b2-ce2f-4721-8458-b6135d0ca611.jpg,74,58,58 133 62 81 130,0.05898189585730259
data\raw\val\01603_Animalia_Arthropoda_Insecta_Lepidoptera_Noctuidae_Copivaleria_grotei\3a48e3ef-234c-46dc-8b4b-767b9a041db1.jpg,74,81,81 98 44 78 52,0.04035462106418832
data\raw\val\01603_Animalia_Arthropoda_Insecta_Lepidoptera_Noctuidae_Copivaleria_grotei\a059a2aa-b20e-429b-8b69-b2f7a5765161.jpg,74,52,52 62 12 59 102,0.0221687800994857
data\raw\val\01603_Animalia_Arthropoda_Insecta_Lepidoptera_Noctuidae_Copivaleria_grotei\5b55520e-4bee-4132-90ae-5c008abb4d07.jpg,74,135,135 244 252 124 123,0.024547684433448663
data\raw\val\01603_Animalia_Arthropoda_Insecta_Lepidoptera_Noctuidae_Copivaleria_grotei\1dec0cfb-5efd-4f29-85fa-8f6d62fff01c.jpg,74,62,62 74 126 57 130,0.017355956064239494
data\raw\val\01603_Animalia_Arthropoda_Insecta_Lepidoptera_Noctuidae_Copivaleria_grotei\ad334124-9369-4945-a155-bb55fa3a5386.jpg,74,24,24 11 457 98 238,0.017632720797710673
data\raw\val\01603_Animalia_Arthropoda_Insecta_Lepidoptera_Noctuidae_Copivaleria_grotei\210e2c4b-322a-49d5-9430-df1926b34982.jpg,74,225,225 181 169 404 163,0.019227871278092987
data\raw\val\01603_Animalia_Arthropoda_Insecta_Lepidoptera_Noctuidae_Copivaleria_grotei\0d2b0ca3-19fc-4d1e-99a2-0cc4b8b51014.jpg,74,256,256 24 354 257 274,0.030469882735039394
data\raw\val\01603_Animalia_Arthropoda_Insecta_Lepidoptera_Noctuidae_Copivaleria_grotei\65caeaf0-8cad-4c5b-ab9d-b431a857dae1.jpg,74,141,141 218 271 227 131,0.013275853418267645
data\raw\val\01603_Animalia_Arthropoda_Insecta_Lepidoptera_Noctuidae_Copivaleria_grotei\df256263-3bfb-498e-8de8-48cd17f64ee4.jpg,74,74,74 73 49 62 52,0.02434311553269335
data\raw\val\01606_Animalia_Arthropoda_Insecta_Lepidoptera_Noctuidae_Cosmodes_elegans\f2141180-0552-47e8-97c4-ab6a145af6b3.jpg,75,75,75 158 26 86 17,0.04790793829732598
data\raw\val\01606_Animalia_Arthropoda_Insecta_Lepidoptera_Noctuidae_Cosmodes_elegans\8e2819dc-a0ce-486e-9858-94ee15f8b73d.jpg,75,187,187 112 106 16 3,0.014991761418434023
data\raw\val\01606_Animalia_Arthropoda_Insecta_Lepidoptera_Noctuidae_Cosmodes_elegans\24a5d3f9-3a79-4c28-9ca1-d1e51d227156.jpg,75,75,75 86 231 210 30,0.0317959745486328
data\raw\val\01606_Animalia_Arthropoda_Insecta_Lepidoptera_Noctuidae_Cosmodes_elegans\033a7f7d-4f90-487e-b1a4-ff623e22da6a.jpg,75,145,145 32 100 101 30,0.03349461222110605
data\raw\val\01606_Animalia_Arthropoda_Insecta_Lepidoptera_Noctuidae_Cosmodes_elegans\c85bd7d5-b265-47b6-9adf-8fc9a74003d0.jpg,75,116,116 107 191 192 109,0.016389781091188837
data\raw\val\01606_Animalia_Arthropoda_Insecta_Lepidoptera_Noctuidae_Cosmodes_elegans\57c114bb-c183-4d3a-b865-7c7df554e8ab.jpg,75,102,102 20 81 158 215,0.01748102555508229
data\raw\val\01606_Animalia_Arthropoda_Insecta_Lepidoptera_Noctuidae_Cosmodes_elegans\e3f77577-c60b-4445-bd3f-74478e809e01.jpg,75,72,72 206 13 116 107,0.01747185974166259
data\raw\val\01606_Animalia_Arthropoda_Insecta_Lepidoptera_Noctuidae_Cosmodes_elegans\7dc333ec-f7dc-4e90-ab61-aadd4f081f26.jpg,75,206,206 205 172 149 195,0.019258814036756798
data\raw\val\01606_Animalia_Arthropoda_Insecta_Lepidoptera_Noctuidae_Cosmodes_elegans\31c32e7f-6422-459d-a728-2b181e6e1fac.jpg,75,32,32 75 26 40 146,0.013558300417454773
data\raw\val\01606_Animalia_Arthropoda_Insecta_Lepidoptera_Noctuidae_Cosmodes_elegans\1c7fb993-4c94-4133-a670-ef1cc8618d31.jpg,75,105,105 113 119 75 112,0.03080022379295461
data\raw\val\01632_Animalia_Arthropoda_Insecta_Lepidoptera_Noctuidae_Helicoverpa_armigera\c775b55a-03e8-4d0e-a470-85c2b2655fa1.jpg,76,96,96 443 406 85 89,0.024382791345354815
data\raw\val\01632_Animalia_Arthropoda_Insecta_Lepidoptera_Noctuidae_Helicoverpa_armigera\1c353793-d798-40b0-97c0-ebdf708975c9.jpg,76,79,79 149 62 113 168,0.021980243154855306
data\raw\val\01632_Animalia_Arthropoda_Insecta_Lepidoptera_Noctuidae_Helicoverpa_armigera\02dcd53d-4321-4f0c-bb99-57e20c2ca921.jpg,76,76,76 99 58 25 55,0.015227707356355947
data\raw\val\01632_Animalia_Arthropoda_Insecta_Lepidoptera_Noctuidae_Helicoverpa_armigera\344dc398-4c95-4a7a-81ab-e8c0f43886b6.jpg,76,58,58 485 148 356 61,0.020624013211607454
data\raw\val\01632_Animalia_Arthropoda_Insecta_Lepidoptera_Noctuidae_Helicoverpa_armigera\50d64004-b69e-4b32-b4be-6a67844dc001.jpg,76,231,231 85 86 448 93,0.018615488865466576
data\raw\val\01632_Animalia_Arthropoda_Insecta_Lepidoptera_Noctuidae_Helicoverpa_armigera\89effc3a-4575-4d9f-bc81-3c565a310fc8.jpg,76,5,5 118 11 98 157,0.027911741423733073
data\raw\val\01632_Animalia_Arthropoda_Insecta_Lepidoptera_Noctuidae_Helicoverpa_armigera\38100991-d862-4e8c-bd50-3b37bd487cf6.jpg,76,240,240 232 226 126 31,0.023483209531440206
data\raw\val\01632_Animalia_Arthropoda_Insecta_Lepidoptera_Noctuidae_Helicoverpa_armigera\39d6261d-bb5a-43ca-b42e-c2f511b7c6a0.jpg,76,68,68 67 69 381 37,0.01945661228897072
data\raw\val\01632_Animalia_Arthropoda_Insecta_Lepidoptera_Noctuidae_Helicoverpa_armigera\e56cc8b3-7cdf-4541-82bc-0025a78373fc.jpg,76,56,56 21 46 25 45,0.05398792246389143
data\raw\val\01632_Animalia_Arthropoda_Insecta_Lepidoptera_Noctuidae_Helicoverpa_armigera\49393fc3-3c08-43fa-99e2-7628b29bdcca.jpg,76,272,272 86 439 97 17,0.028740221845419897
data\raw\val\01634_Animalia_Arthropoda_Insecta_Lepidoptera_Noctuidae_Hemieuxoa_rudens\ceed69be-cac9-4e9d-be0d-494e1cae408b.jpg,77,159,159 164 157 55 205,0.02949491363122917
data\raw\val\01634_Animalia_Arthropoda_Insecta_Lepidoptera_Noctuidae_Hemieuxoa_rudens\6057e12c-d609-4e4c-bb5a-da0d53ee7e76.jpg,77,72,72 77 145 15 45,0.012599447114203651
data\raw\val\01634_Animalia_Arthropoda_Insecta_Lepidoptera_Noctuidae_Hemieuxoa_rudens\5bf99075-abc4-4d51-a9b6-4940d1be87d8.jpg,77,113,113 42 119 121 50,0.017962114337436472
data\raw\val\01634_Animalia_Arthropoda_Insecta_Lepidoptera_Noctuidae_Hemieuxoa_rudens\fdf9509c-84f1-4510-be7c-9e46da4a4b4d.jpg,77,62,62 130 133 41 66,0.013400702000640304
data\raw\val\01634_Animalia_Arthropoda_Insecta_Lepidoptera_Noctuidae_Hemieuxoa_rudens\363cb6a4-dcb7-4bdf-80f2-bae764c2c0ed.jpg,77,72,72 99 168 180 113,0.01632656990848247
data\raw\val\01634_Animalia_Arthropoda_Insecta_Lepidoptera_Noctuidae_Hemieuxoa_rudens\8304fb11-3208-4a90-8334-cb0cf847c921.jpg,77,54,54 77 110 59 72,0.023995004319939884
data\raw\val\01634_Animalia_Arthropoda_Insecta_Lepidoptera_Noctuidae_Hemieuxoa_rudens\378018e8-dbc2-4ece-b0c0-0b815a9e47bb.jpg,77,412,412 443 258 96 271,0.019423810945713375
data\raw\val\01634_Animalia_Arthropoda_Insecta_Lepidoptera_Noctuidae_Hemieuxoa_rudens\010a6644-3c01-454c-a5ea-d92e54ac9b77.jpg,77,302,302 158 79 170 176,0.02462008339177952
data\raw\val\01634_Animalia_Arthropoda_Insecta_Lepidoptera_Noctuidae_Hemieuxoa_rudens\cda917a3-2a06-497e-bc17-cf5d7cec88c1.jpg,77,237,237 211 214 218 118,0.013096130640059784
data\raw\val\01634_Animalia_Arthropoda_Insecta_Lepidoptera_Noctuidae_Hemieuxoa_rudens\c5c87086-38e7-49e8-9079-044c420b76a8.jpg,77,79,79 77 46 74 57,0.021320931006693803
data\raw\val\01658_Animalia_Arthropoda_Insecta_Lepidoptera_Noctuidae_Morrisonia_confusa\b0a0009b-8952-4184-bf32-da2ef354b87e.jpg,78,250,250 61 55 147 133,0.02468268218958321
data\raw\val\01658_Animalia_Arthropoda_Insecta_Lepidoptera_Noctuidae_Morrisonia_confusa\068ec8eb-7702-4707-a5da-7494b24c6c75.jpg,78,20,20 69 60 17 47,0.02336363836279512
data\raw\val\01658_Animalia_Arthropoda_Insecta_Lepidoptera_Noctuidae_Morrisonia_confusa\307da033-862f-493b-aa0e-dadb5d355cbf.jpg,78,100,100 79 46 21 74,0.04831345150203162
data\raw\val\01658_Animalia_Arthropoda_Insecta_Lepidoptera_Noctuidae_Morrisonia_confusa\63f7e654-50b2-4850-a499-30e8bc7f6819.jpg,78,204,204 151 225 6 150,0.02196579145847617
data\raw\val\01658_Animalia_Arthropoda_Insecta_Lepidoptera_Noctuidae_Morrisonia_confusa\38138b45-f545-490a-8a50-7be335f12832.jpg,78,270,270 241 218 497 236,0.025951588951980797
data\raw\val\01658_Animalia_Arthropoda_Insecta_Lepidoptera_Noctuidae_Morrisonia_confusa\c6f667fd-2971-48f7-b531-800f412df70d.jpg,78,237,237 229 177 211 156,0.014896703117820292
data\raw\val\01658_Animalia_Arthropoda_Insecta_Lepidoptera_Noctuidae_Morrisonia_confusa\5983981f-35fc-4d46-bdeb-0af87713d48c.jpg,78,101,101 22 46 125 80,0.012858027988560148
data\raw\val\01658_Animalia_Arthropoda_Insecta_Lepidoptera_Noctuidae_Morrisonia_confusa\cc93b0f7-df18-421a-91e4-66e20172b4c8.jpg,78,162,162 130 208 153 182,0.015266738888820946
data\raw\val\01658_Animalia_Arthropoda_Insecta_Lepidoptera_Noctuidae_Morrisonia_confusa\fd6296dc-fe92-4cab-bb91-7abc875ffe7d.jpg,78,232,232 234 240 226 7,0.02077192157366577
data\raw\val\01658_Animalia_Arthropoda_Insecta_Lepidoptera_Noctuidae_Morrisonia_confusa\9b08c7e6-144a-4a13-a5aa-fc1ecf809622.jpg,78,62,62 21 53 27 18,0.025132462141569896
data\raw\val\01669_Animalia_Arthropoda_Insecta_Lepidoptera_Noctuidae_Ochropleura_implecta\9e87c393-fb8b-486f-aa3d-580d0ef8547b.jpg,79,80,80 102 79 60 74,0.02611376022153361
data\raw\val\01669_Animalia_Arthropoda_Insecta_Lepidoptera_Noctuidae_Ochropleura_implecta\ed21a00b-91ed-45b7-b2e5-d4b822ba83fe.jpg,79,79,79 53 74 20 102,0.012617788995249752
data\raw\val\01669_Animalia_Arthropoda_Insecta_Lepidoptera_Noctuidae_Ochropleura_implecta\67e197fa-8a8f-4ad4-8284-b4932b05abdb.jpg,79,99,99 41 81 46 53,0.031585056504957784
data\raw\val\01669_Animalia_Arthropoda_Insecta_Lepidoptera_Noctuidae_Ochropleura_implecta\7097a994-cc26-40c5-bdb4-56718a73756b.jpg,79,62,62 82 52 133 76,0.02019060884902962
data\raw\val\01669_Animalia_Arthropoda_Insecta_Lepidoptera_Noctuidae_Ochropleura_implecta\96a3cffd-4293-4c44-840b-cacbd8332f3a.jpg,79,100,100 79 133 21 46,0.044270967968229755
data\raw\val\01669_Animalia_Arthropoda_Insecta_Lepidoptera_Noctuidae_Ochropleura_implecta\2c5bf5fa-b8d4-4c47-93cb-ab7f4977eaa2.jpg,79,47,47 46 4 101 61,0.03439510925317901
data\raw\val\01669_Animalia_Arthropoda_Insecta_Lepidoptera_Noctuidae_Ochropleura_implecta\0fe86fd9-b08a-4690-be13-30d10380fdd4.jpg,79,54,54 81 20 172 72,0.02059609066683873
data\raw\val\01669_Animalia_Arthropoda_Insecta_Lepidoptera_Noctuidae_Ochropleura_implecta\0c96b147-3102-447b-a72f-198c4c94614d.jpg,79,15,15 206 183 194 149,0.02051000640477048
data\raw\val\01669_Animalia_Arthropoda_Insecta_Lepidoptera_Noctuidae_Ochropleura_implecta\500a2c7e-95fc-40d4-a973-e1d4a2148cc6.jpg,79,119,119 40 21 105 113,0.021343737839815743
data\raw\val\01669_Animalia_Arthropoda_Insecta_Lepidoptera_Noctuidae_Ochropleura_implecta\49101951-23bb-4aad-9682-fb41655c15bc.jpg,79,100,100 45 79 46 101,0.033015710430878295
data\raw\val\01713_Animalia_Arthropoda_Insecta_Lepidoptera_Noctuidae_Tarache_aprica\bca47fa6-eb38-4fb6-94f5-d6ec8125a48c.jpg,80,49,49 99 57 81 53,0.046437227928808916
data\raw\val\01713_Animalia_Arthropoda_Insecta_Lepidoptera_Noctuidae_Tarache_aprica\8bdf13d2-1188-4d53-8aba-763303ee7e6f.jpg,80,57,57 79 72 99 46,0.03389937769107112
data\raw\val\01713_Animalia_Arthropoda_Insecta_Lepidoptera_Noctuidae_Tarache_aprica\7e260aba-0b82-4af1-bf91-1baa0fe8a05f.jpg,80,61,61 173 172 147 148,0.017949660028550734
data\raw\val\01713_Animalia_Arthropoda_Insecta_Lepidoptera_Noctuidae_Tarache_aprica\c07d3e93-0c6b-4e23-b0dc-51a3cff2f9f7.jpg,80,329,329 20 31 172 46,0.020440657489409
data\raw\val\01713_Animalia_Arthropoda_Insecta_Lepidoptera_Noctuidae_Tarache_aprica\f1ddcefb-34c4-4b7f-aa31-037b6431601f.jpg,80,405,405 424 311 460 430,0.014572614885311945
data\raw\val\01713_Animalia_Arthropoda_Insecta_Lepidoptera_Noctuidae_Tarache_aprica\116d0928-f9e3-43aa-9b92-664b0d343970.jpg,80,30,30 396 367 197 32,0.014692453645750178
data\raw\val\01713_Animalia_Arthropoda_Insecta_Lepidoptera_Noctuidae_Tarache_aprica\7586a35e-6a95-43cd-ac75-af1a7e8bb11d.jpg,80,147,147 32 148 277 172,0.012170963882629398
data\raw\val\01713_Animalia_Arthropoda_Insecta_Lepidoptera_Noctuidae_Tarache_aprica\792188ef-cb74-473d-9cfc-466b466bf63f.jpg,80,126,126 102 53 100 101,0.09566754307910005
data\raw\val\01713_Animalia_Arthropoda_Insecta_Lepidoptera_Noctuidae_Tarache_aprica\c0e48e06-9844-481b-884b-3d64b871da10.jpg,80,126,126 99 102 101 77,0.10640241726688156
data\raw\val\01713_Animalia_Arthropoda_Insecta_Lepidoptera_Noctuidae_Tarache_aprica\34e4b387-2892-4b24-8ad4-3d4dd7de13ff.jpg,80,28,28 16 37 34 66,0.010838073199491321
data\raw\val\01732_Animalia_Arthropoda_Insecta_Lepidoptera_Notodontidae_Clostera_apicalis\dbfca335-324d-402c-936e-19eb381ddf2b.jpg,81,356,356 2 112 210 267,0.008965227270987777
data\raw\val\01732_Animalia_Arthropoda_Insecta_Lepidoptera_Notodontidae_Clostera_apicalis\2d6c0dcc-1d8a-4706-badc-8bf33938c94a.jpg,81,44,44 194 145 52 102,0.05452717862507528
data\raw\val\01732_Animalia_Arthropoda_Insecta_Lepidoptera_Notodontidae_Clostera_apicalis\cc109036-713d-4802-b9f4-398fe20df06e.jpg,81,18,18 183 271 128 237,0.012171164781882127
data\raw\val\01732_Animalia_Arthropoda_Insecta_Lepidoptera_Notodontidae_Clostera_apicalis\76f3c222-76d4-4f57-b454-e72e092b9e1f.jpg,81,28,28 82 72 76 78,0.01772140465504712
data\raw\val\01732_Animalia_Arthropoda_Insecta_Lepidoptera_Notodontidae_Clostera_apicalis\b485717a-c536-4c74-b66f-0cf3370ebb43.jpg,81,100,100 55 21 99 53,0.02043153891147682
data\raw\val\01732_Animalia_Arthropoda_Insecta_Lepidoptera_Notodontidae_Clostera_apicalis\4baefc2f-9fc8-4ee2-9a7d-978f91e038f3.jpg,81,81,81 62 60 65 58,0.023994071285246516
data\raw\val\01732_Animalia_Arthropoda_Insecta_Lepidoptera_Notodontidae_Clostera_apicalis\0cb06177-0b51-4bfc-8e52-859c698e3f56.jpg,81,172,172 20 148 44 245,0.012007746666786995
data\raw\val\01732_Animalia_Arthropoda_Insecta_Lepidoptera_Notodontidae_Clostera_apicalis\d8e5217a-ea1d-422c-b2ca-22a02d57ce5c.jpg,81,77,77 72 79 57 101,0.029209892510929328
data\raw\val\01732_Animalia_Arthropoda_Insecta_Lepidoptera_Notodontidae_Clostera_apicalis\50573fc4-6cf6-495c-8c63-ccbf58215973.jpg,81,256,256 457 24 257 31,0.04478280622128841
data\raw\val\01732_Animalia_Arthropoda_Insecta_Lepidoptera_Notodontidae_Clostera_apicalis\06a4f889-4c21-443a-a384-b4b516aec19f.jpg,81,227,227 262 223 212 214,0.015385156125846209
data\raw\val\01788_Animalia_Arthropoda_Insecta_Lepidoptera_Nymphalidae_Ariadne_ariadne\936d1541-04d5-486c-aedf-20998994265a.jpg,82,122,122 149 2 206 189,0.019289514364000837
data\raw\val\01788_Animalia_Arthropoda_Insecta_Lepidoptera_Nymphalidae_Ariadne_ariadne\9a1ca48d-9ee9-4127-9c96-419c16dbe586.jpg,82,82,82 66 110 14 95,0.06591283652714827
data\raw\val\01788_Animalia_Arthropoda_Insecta_Lepidoptera_Nymphalidae_Ariadne_ariadne\a4805696-c678-4cdd-8ffb-de3112804297.jpg,82,348,348 426 388 177 294,0.013016866832747007
data\raw\val\01788_Animalia_Arthropoda_Insecta_Lepidoptera_Nymphalidae_Ariadne_ariadne\5659536c-aec6-452d-a7db-a0baf547e68b.jpg,82,482,482 453 310 481 477,0.03096107990553006
data\raw\val\01788_Animalia_Arthropoda_Insecta_Lepidoptera_Nymphalidae_Ariadne_ariadne\22ac8ee2-27c8-451f-a126-f4b801becc00.jpg,82,68,68 92 483 10 89,0.023510455579868243
data\raw\val\01788_Animalia_Arthropoda_Insecta_Lepidoptera_Nymphalidae_Ariadne_ariadne\833d4e61-14e5-4fc1-85dc-5c6151e83dfe.jpg,82,314,314 359 379 316 480,0.015341035807024898
data\raw\val\01788_Animalia_Arthropoda_Insecta_Lepidoptera_Nymphalidae_Ariadne_ariadne\1c132d26-0dac-4339-a3d0-338ef6eac743.jpg,82,111,111 16 69 33 231,0.01122582585250833
data\raw\val\01788_Animalia_Arthropoda_Insecta_Lepidoptera_Nymphalidae_Ariadne_ariadne\1cfd9b56-a4f1-4fe4-af36-05582f927f42.jpg,82,82,82 58 66 61 95,0.05653589315580528
data\raw\val\01788_Animalia_Arthropoda_Insecta_Lepidoptera_Nymphalidae_Ariadne_ariadne\1c146c89-6e02-4ede-b1f8-6249ff3410df.jpg,82,142,142 107 235 116 192,0.02053833771547975
data\raw\val\01788_Animalia_Arthropoda_Insecta_Lepidoptera_Nymphalidae_Ariadne_ariadne\f671be40-153f-412e-bea1-ffab27cf626b.jpg,82,96,96 63 107 75 97,0.01894611111393268
data\raw\val\01875_Animalia_Arthropoda_Insecta_Lepidoptera_Nymphalidae_Hipparchia_statilinus\5f39a522-a89b-4067-aa2e-3aae2c2a25f4.jpg,83,19,19 344 224 354 347,0.016451178475163048
data\raw\val\01875_Animalia_Arthropoda_Insecta_Lepidoptera_Nymphalidae_Hipparchia_statilinus\e45561e3-767c-4517-bb2f-1c6df0da9931.jpg,83,457,457 257 73 422 347,0.054818445949290036
data\raw\val\01875_Animalia_Arthropoda_Insecta_Lepidoptera_Nymphalidae_Hipparchia_statilinus\72d879aa-f329-42c2-8490-07f61fb0bd0f.jpg,83,293,293 284 29 192 120,0.03969788404219006
data\raw\val\01875_Animalia_Arthropoda_Insecta_Lepidoptera_Nymphalidae_Hipparchia_statilinus\ebab871b-4a03-4a32-8633-e4a8df1c9ba2.jpg,83,252,252 274 246 129 255,0.04828268733123643
data\raw\val\01875_Animalia_Arthropoda_Insecta_Lepidoptera_Nymphalidae_Hipparchia_statilinus\122e973f-0efb-43e4-a6a6-3e620f855a43.jpg,83,387,387 272 233 388 258,0.020504809486447867
data\raw\val\01875_Animalia_Arthropoda_Insecta_Lepidoptera_Nymphalidae_Hipparchia_statilinus\ff7e1a92-1d3d-415f-b3e9-65b741c666a2.jpg,83,311,311 269 417 227 31,0.012617682244084437
data\raw\val\01875_Animalia_Arthropoda_Insecta_Lepidoptera_Nymphalidae_Hipparchia_statilinus\60f0e082-0b0a-4856-8446-df1047260872.jpg,83,140,140 139 6 255 254,0.01759421219986398
data\raw\val\01875_Animalia_Arthropoda_Insecta_Lepidoptera_Nymphalidae_Hipparchia_statilinus\638e8f0e-3dad-43cb-9120-d69e0ec3d713.jpg,83,371,371 452 429 369 368,0.021810644137579275
data\raw\val\01875_Animalia_Arthropoda_Insecta_Lepidoptera_Nymphalidae_Hipparchia_statilinus\4cd8f417-1523-4d2a-a656-cd15cde8a0d9.jpg,83,83,83 118 31 98 157,0.021504187403150556
data\raw\val\01875_Animalia_Arthropoda_Insecta_Lepidoptera_Nymphalidae_Hipparchia_statilinus\44a765f7-494b-432d-8c7c-7db64e8c9e11.jpg,83,83,83 11 10 238 243,0.03120780153687265
data\raw\val\01907_Animalia_Arthropoda_Insecta_Lepidoptera_Nymphalidae_Limenitis_archippus\bf8fe559-5c39-4cf4-9c5f-ec52e345cb94.jpg,84,84,84 94 194 413 146,0.015672132727012494
data\raw\val\01907_Animalia_Arthropoda_Insecta_Lepidoptera_Nymphalidae_Limenitis_archippus\dc1d0a16-5502-4bcd-b343-57fa531831a5.jpg,84,116,116 284 192 84 235,0.0135329644535544
data\raw\val\01907_Animalia_Arthropoda_Insecta_Lepidoptera_Nymphalidae_Limenitis_archippus\602d8df9-fe28-4155-b4e8-5ba9e8734a21.jpg,84,318,318 361 487 275 314,0.03484994424431498
data\raw\val\01907_Animalia_Arthropoda_Insecta_Lepidoptera_Nymphalidae_Limenitis_archippus\1d30943f-abbf-4b93-ab32-d25bc28195c6.jpg,84,377,377 314 379 402 418,0.0189354532248128
data\raw\val\01907_Animalia_Arthropoda_Insecta_Lepidoptera_Nymphalidae_Limenitis_archippus\25a069f1-61e9-4e17-8989-8b5209a81b10.jpg,84,88,88 91 140 129 38,0.03108864128859669
data\raw\val\01907_Animalia_Arthropoda_Insecta_Lepidoptera_Nymphalidae_Limenitis_archippus\92a9ff32-902a-4d29-a893-239cdeea644f.jpg,84,281,281 309 260 273 299,0.03235475073775521
data\raw\val\01907_Animalia_Arthropoda_Insecta_Lepidoptera_Nymphalidae_Limenitis_archippus\43bb1388-f57a-4024-9254-eb390b30647e.jpg,84,355,355 465 374 389 306,0.04071411608251791
data\raw\val\01907_Animalia_Arthropoda_Insecta_Lepidoptera_Nymphalidae_Limenitis_archippus\acb54314-86d5-4ba5-a14c-a7e1e6203b8e.jpg,84,344,344 325 19 224 11,0.06284096550115745
data\raw\val\01907_Animalia_Arthropoda_Insecta_Lepidoptera_Nymphalidae_Limenitis_archippus\affcabe4-5bb6-410d-8891-2aadfd277674.jpg,84,84,84 187 186 183 116,0.052984729135950745
data\raw\val\01907_Animalia_Arthropoda_Insecta_Lepidoptera_Nymphalidae_Limenitis_archippus\67f04685-a2c0-4b3a-8a49-1d5594d578fd.jpg,84,119,119 477 113 180 4,0.015168449633459898
data\raw\val\01910_Animalia_Arthropoda_Insecta_Lepidoptera_Nymphalidae_Limenitis_lorquini\1c0fee61-f5e0-472e-bef0-cefd23f005c3.jpg,85,45,45 21 25 46 74,0.052550854763349225
data\raw\val\01910_Animalia_Arthropoda_Insecta_Lepidoptera_Nymphalidae_Limenitis_lorquini\d665463a-95a7-46ac-afba-7b521ceb2ada.jpg,85,89,89 449 308 335 363,0.012562288472314257
data\raw\val\01910_Animalia_Arthropoda_Insecta_Lepidoptera_Nymphalidae_Limenitis_lorquini\14999efc-acec-4753-acc6-d20085caa6cd.jpg,85,123,123 82 66 28 130,0.011878807816338897
data\raw\val\01910_Animalia_Arthropoda_Insecta_Lepidoptera_Nymphalidae_Limenitis_lorquini\2fe75d15-2983-42d4-a5db-b14377c1bfe1.jpg,85,37,37 23 70 373 462,0.038522730638262094
data\raw\val\01910_Animalia_Arthropoda_Insecta_Lepidoptera_Nymphalidae_Limenitis_lorquini\54a3508e-23fa-42de-8839-1f7808a0d31a.jpg,85,10,10 443 472 90 36,0.017415320899900395
data\raw\val\01910_Animalia_Arthropoda_Insecta_Lepidoptera_Nymphalidae_Limenitis_lorquini\56a06f67-0105-42a7-9a23-06d68c0dc7b8.jpg,85,86,86 85 472 175 222,0.018787968002713953
data\raw\val\01910_Animalia_Arthropoda_Insecta_Lepidoptera_Nymphalidae_Limenitis_lorquini\40f8b590-020e-4ad8-bb83-561a2a515087.jpg,85,210,210 435 397 498 479,0.021879225243883606
data\raw\val\01910_Animalia_Arthropoda_Insecta_Lepidoptera_Nymphalidae_Limenitis_lorquini\f6d39b70-fa05-460f-a735-ae29f8fade16.jpg,85,231,231 93 85 65 43,0.050245904844132494
data\raw\val\01910_Animalia_Arthropoda_Insecta_Lepidoptera_Nymphalidae_Limenitis_lorquini\260157cd-4c66-4f70-ad00-dcdb11e1becd.jpg,85,481,481 34 97 85 443,0.021468745925006007
data\raw\val\01910_Animalia_Arthropoda_Insecta_Lepidoptera_Nymphalidae_Limenitis_lorquini\91d74da8-408b-48af-b7b3-4ad37a8b1683.jpg,85,353,353 282 374 297 355,0.036895792667928806
data\raw\val\01932_Animalia_Arthropoda_Insecta_Lepidoptera_Nymphalidae_Morpho_helenor\c8941c2f-ac21-44eb-84ac-e2030a7c69ed.jpg,86,143,143 86 200 213 189,0.010809030084760156
data\raw\val\01932_Animalia_Arthropoda_Insecta_Lepidoptera_Nymphalidae_Morpho_helenor\8394b68d-7358-40d0-9ade-6ee84e5ade6c.jpg,86,3,3 86 34 104 204,0.030744170632243367
data\raw\val\01932_Animalia_Arthropoda_Insecta_Lepidoptera_Nymphalidae_Morpho_helenor\ea40cad0-0ed0-41c8-89ce-3237db768610.jpg,86,217,217 52 72 82 45,0.024774240140119985
data\raw\val\01932_Animalia_Arthropoda_Insecta_Lepidoptera_Nymphalidae_Morpho_helenor\2319f6ee-7773-4e41-bf61-bb41bc2a77cc.jpg,86,258,258 261 233 67 292,0.024127328118658448
data\raw\val\01932_Animalia_Arthropoda_Insecta_Lepidoptera_Nymphalidae_Morpho_helenor\5b752485-d652-4de7-98c9-8662c9df359c.jpg,86,28,28 82 26 66 196,0.024427586978407096
data\raw\val\01932_Animalia_Arthropoda_Insecta_Lepidoptera_Nymphalidae_Morpho_helenor\677e524c-51aa-4782-b76d-4b7a2bb09f73.jpg,86,93,93 63 65 105 153,0.013542367707410559
data\raw\val\01932_Animalia_Arthropoda_Insecta_Lepidoptera_Nymphalidae_Morpho_helenor\7f052e5e-1807-4c02-961f-7c79a5c4b24c.jpg,86,185,185 149 147 205 148,0.021059929399038873
data\raw\val\01932_Animalia_Arthropoda_Insecta_Lepidoptera_Nymphalidae_Morpho_helenor\aeecd6d4-7e13-42a6-ab7b-a5e9e35bc04c.jpg,86,27,27 86 111 29 65,0.05004556540578839
data\raw\val\01932_Animalia_Arthropoda_Insecta_Lepidoptera_Nymphalidae_Morpho_helenor\927c740d-ab7e-4b16-a8b3-e0215eda11a4.jpg,86,264,264 9 262 266 457,0.05652624557589172
data\raw\val\01932_Animalia_Arthropoda_Insecta_Lepidoptera_Nymphalidae_Morpho_helenor\8067ea27-96b1-4d9b-af71-43db16f18c13.jpg,86,97,97 28 23 68 37,0.011400982364868249
data\raw\val\01938_Animalia_Arthropoda_Insecta_Lepidoptera_Nymphalidae_Nymphalis_antiopa\4da9be94-a236-43a8-8dc6-a177bf6a7437.jpg,87,144,144 238 329 7 139,0.016113253425481165
data\raw\val\01938_Animalia_Arthropoda_Insecta_Lepidoptera_Nymphalidae_Nymphalis_antiopa\4acff1b8-02ef-41a8-879b-30d7323ae7cb.jpg,87,269,269 227 134 135 259,0.03541246137344565
data\raw\val\01938_Animalia_Arthropoda_Insecta_Lepidoptera_Nymphalidae_Nymphalis_antiopa\d72602b6-350b-48d7-ae3b-34da8ca75a0d.jpg,87,256,256 269 422 238 493,0.044660195185185415
data\raw\val\01938_Animalia_Arthropoda_Insecta_Lepidoptera_Nymphalidae_Nymphalis_antiopa\55faf620-6e37-45a2-b8c8-8740b7eda92f.jpg,87,3,3 192 145 241 8,0.020143578058889507
data\raw\val\01938_Animalia_Arthropoda_Insecta_Lepidoptera_Nymphalidae_Nymphalis_antiopa\966b93ad-64f6-44eb-b843-2a850cccf9b9.jpg,87,388,388 294 428 353 331,0.030869448465067194
data\raw\val\01938_Animalia_Arthropoda_Insecta_Lepidoptera_Nymphalidae_Nymphalis_antiopa\1f36558f-7636-4e75-b265-72f68ec64c09.jpg,87,247,247 229 64 235 7,0.12134704447057909
data\raw\val\01938_Animalia_Arthropoda_Insecta_Lepidoptera_Nymphalidae_Nymphalis_antiopa\37894d48-5883-48ca-bfdd-6f109c8aa003.jpg,87,364,364 363 485 338 358,0.05089237200751454
data\raw\val\01938_Animalia_Arthropoda_Insecta_Lepidoptera_Nymphalidae_Nymphalis_antiopa\6288ddb3-6dea-4f9f-bf03-28f85c3fbd31.jpg,87,155,155 255 276 357 140,0.013484524063165158
data\raw\val\01938_Animalia_Arthropoda_Insecta_Lepidoptera_Nymphalidae_Nymphalis_antiopa\e5d76bf6-4b9f-4f83-ac3a-08977c3d2875.jpg,87,496,496 486 459 287 375,0.02435030645759897
data\raw\val\01938_Animalia_Arthropoda_Insecta_Lepidoptera_Nymphalidae_Nymphalis_antiopa\8c64ab13-2e6a-4d34-8311-761536370015.jpg,87,357,357 206 433 258 483,0.015381940286993894
data\raw\val\01944_Animalia_Arthropoda_Insecta_Lepidoptera_Nymphalidae_Parantica_aglea\353a66de-bcce-4c45-97ce-3603538b3151.jpg,88,88,88 91 80 126 276,0.016173221415434643
data\raw\val\01944_Animalia_Arthropoda_Insecta_Lepidoptera_Nymphalidae_Parantica_aglea\1b10c4ac-67dd-404c-9741-2c72e38e9a69.jpg,88,285,285 464 308 412 482,0.025009865445571558
data\raw\val\01944_Animalia_Arthropoda_Insecta_Lepidoptera_Nymphalidae_Parantica_aglea\300aa391-1cb0-4480-ba8e-3ee4dd562fab.jpg,88,98,98 62 237 110 211,0.01987054730754532
data\raw\val\01944_Animalia_Arthropoda_Insecta_Lepidoptera_Nymphalidae_Parantica_aglea\bd5c5161-7b9d-46ed-ac6d-2e3ca5915ef4.jpg,88,84,84 34 91 413 70,0.010217574906388407
data\raw\val\01944_Animalia_Arthropoda_Insecta_Lepidoptera_Nymphalidae_Parantica_aglea\de425e53-7ae3-4943-8d55-650bb2d06d8a.jpg,88,88,88 84 447 43 94,0.11560629389690132
data\raw\val\01944_Animalia_Arthropoda_Insecta_Lepidoptera_Nymphalidae_Parantica_aglea\d552d56c-f42f-4318-a880-242800ec07c1.jpg,88,88,88 84 191 91 167,0.06987156394634482
data\raw\val\01944_Animalia_Arthropoda_Insecta_Lepidoptera_Nymphalidae_Parantica_aglea\72f9d6c7-4180-4adc-acd4-29be29f2bcb0.jpg,88,297,297 299 353 309 289,0.04921807492578394
data\raw\val\01944_Animalia_Arthropoda_Insecta_Lepidoptera_Nymphalidae_Parantica_aglea\cb469963-e32b-4141-aaee-d9ffc0495b99.jpg,88,473,473 343 333 499 379,0.022950473052653523
data\raw\val\01944_Animalia_Arthropoda_Insecta_Lepidoptera_Nymphalidae_Parantica_aglea\e87894d3-e71f-421d-82d5-7fba67f6ca65.jpg,88,43,43 88 188 186 84,0.02239453989914989
data\raw\val\01944_Animalia_Arthropoda_Insecta_Lepidoptera_Nymphalidae_Parantica_aglea\2f2e9336-514c-41e3-a5bd-ff8f886b514a.jpg,88,88,88 91 94 120 3,0.030543656885833697
data\raw\val\01955_Animalia_Arthropoda_Insecta_Lepidoptera_Nymphalidae_Polygonia_c-album\0743c2de-2f3e-48d0-bc78-de14f887532f.jpg,89,475,475 26 258 28 32,0.01686364840879054
data\raw\val\01955_Animalia_Arthropoda_Insecta_Lepidoptera_Nymphalidae_Polygonia_c-album\cde61b7a-4e53-4ef3-83cb-d1fa21f1b33d.jpg,89,257,257 344 256 457 480,0.036425323011852674
data\raw\val\01955_Animalia_Arthropoda_Insecta_Lepidoptera_Nymphalidae_Polygonia_c-album\f3867819-8203-4f0e-bf05-f26774e29caa.jpg,89,406,406 85 433 198 33,0.017789270227186644
data\raw\val\01955_Animalia_Arthropoda_Insecta_Lepidoptera_Nymphalidae_Polygonia_c-album\18ad499d-1ab9-4dc2-88b8-ff09e4390cba.jpg,89,68,68 90 11 92 83,0.046489753204289025
data\raw\val\01955_Animalia_Arthropoda_Insecta_Lepidoptera_Nymphalidae_Polygonia_c-album\cd579e91-5230-481f-a504-7f3644c785fc.jpg,89,14,14 22 30 77 66,0.02148067468582563
data\raw\val\01955_Animalia_Arthropoda_Insecta_Lepidoptera_Nymphalidae_Polygonia_c-album\79407c6e-7e6b-4f6a-8178-3389dfe70404.jpg,89,65,65 280 196 153 300,0.023352672219624393
data\raw\val\01955_Animalia_Arthropoda_Insecta_Lepidoptera_Nymphalidae_Polygonia_c-album\ccb8bc61-1632-4b7d-8430-7a53032e5741.jpg,89,10,10 242 92 87 223,0.025015036488510778
data\raw\val\01955_Animalia_Arthropoda_Insecta_Lepidoptera_Nymphalidae_Polygonia_c-album\46af63c3-459c-41ae-b463-635a013e85d7.jpg,89,459,459 415 283 473 278,0.03382376632053533
data\raw\val\01955_Animalia_Arthropoda_Insecta_Lepidoptera_Nymphalidae_Polygonia_c-album\66acf202-242a-42a7-8c89-4e9b8dcece5e.jpg,89,26,26 143 169 157 37,0.01453147532701057
data\raw\val\01955_Animalia_Arthropoda_Insecta_Lepidoptera_Nymphalidae_Polygonia_c-album\cc72866f-bdff-49fc-a22f-4e22910778f7.jpg,89,35,35 66 37 23 46,0.009769781517996746
data\raw\val\01958_Animalia_Arthropoda_Insecta_Lepidoptera_Nymphalidae_Polygonia_faunus\7b41995f-4563-4b84-9f76-67d3d987dfbe.jpg,90,92,92 36 90 39 30,0.007378697150184647
data\raw\val\01958_Animalia_Arthropoda_Insecta_Lepidoptera_Nymphalidae_Polygonia_faunus\0599d372-3a95-4fb3-b429-5760b496ab92.jpg,90,90,90 68 345 67 157,0.014827321899725776
data\raw\val\01958_Animalia_Arthropoda_Insecta_Lepidoptera_Nymphalidae_Polygonia_faunus\e776d0e2-82de-48b5-9091-2571319ef07d.jpg,90,449,449 398 89 481 358,0.023804191861391853
data\raw\val\01958_Animalia_Arthropoda_Insecta_Lepidoptera_Nymphalidae_Polygonia_faunus\c9652c0f-9a87-41c6-9abc-8d2f33e903ea.jpg,90,68,68 433 97 71 96,0.02887272835068714
data\raw\val\01958_Animalia_Arthropoda_Insecta_Lepidoptera_Nymphalidae_Polygonia_faunus\415737be-15ab-42a3-86f1-6b5197c37b57.jpg,90,265,265 39 49 80 56,0.054456435863362164
data\raw\val\01958_Animalia_Arthropoda_Insecta_Lepidoptera_Nymphalidae_Polygonia_faunus\1d489b24-0087-4002-b243-1ef4e2dbd1fc.jpg,90,45,45 116 110 8 239,0.042740063115299404
data\raw\val\01958_Animalia_Arthropoda_Insecta_Lepidoptera_Nymphalidae_Polygonia_faunus\9c899fc8-703c-4b5f-a383-5f7aac2b40ab.jpg,90,130,130 23 196 448 129,0.019158416247233193
data\raw\val\01958_Animalia_Arthropoda_Insecta_Lepidoptera_Nymphalidae_Polygonia_faunus\9fe17899-14aa-4699-af97-5c261cff8a34.jpg,90,312,312 34 97 291 85,0.018088162114859342
data\raw\val\01958_Animalia_Arthropoda_Insecta_Lepidoptera_Nymphalidae_Polygonia_faunus\5c6c9a80-9ce0-40c1-a5ad-0153aec9cae8.jpg,90,10,10 59 22 69 110,0.01905101132321979
data\raw\val\01958_Animalia_Arthropoda_Insecta_Lepidoptera_Nymphalidae_Polygonia_faunus\6b2338fc-0bd3-4c65-b4e3-ed71d729f994.jpg,90,274,274 457 136 255 422,0.026873730055192845
data\raw\val\01979_Animalia_Arthropoda_Insecta_Lepidoptera_Nymphalidae_Texola_elada\2f35598f-f830-42c0-bb51-fb85921d8997.jpg,91,407,407 285 388 409 387,0.03777270224031985
data\raw\val\01979_Animalia_Arthropoda_Insecta_Lepidoptera_Nymphalidae_Texola_elada\6117a963-4ead-4ecc-8dbf-4800ee99a8a6.jpg,91,318,318 324 361 419 410,0.02896459600441275
data\raw\val\01979_Animalia_Arthropoda_Insecta_Lepidoptera_Nymphalidae_Texola_elada\23045f36-d8c0-4e20-a2ed-f735679f2128.jpg,91,91,91 88 144 126 259,0.08062469340112759
data\raw\val\01979_Animalia_Arthropoda_Insecta_Lepidoptera_Nymphalidae_Texola_elada\f0576f40-b58b-49d5-9e7e-f19ddeaa4808.jpg,91,91,91 126 100 88 250,0.027332949395451726
data\raw\val\01979_Animalia_Arthropoda_Insecta_Lepidoptera_Nymphalidae_Texola_elada\35505dfc-ff1e-416b-ada4-f1f49df51b4e.jpg,91,91,91 38 433 222 140,0.013010240438597913
data\raw\val\01979_Animalia_Arthropoda_Insecta_Lepidoptera_Nymphalidae_Texola_elada\5291665e-6416-4199-8fbc-24dd4ea60b4e.jpg,91,91,91 120 165 446 389,0.017309694400203107
data\raw\val\01979_Animalia_Arthropoda_Insecta_Lepidoptera_Nymphalidae_Texola_elada\56923aa3-9c56-441d-a9cd-469f2761fa7e.jpg,91,251,251 15 130 129 133,0.013995084360621569
data\raw\val\01979_Animalia_Arthropoda_Insecta_Lepidoptera_Nymphalidae_Texola_elada\c734de41-a01d-40a6-84d0-53238d95578a.jpg,91,331,331 303 267 285 403,0.028909120560032895
data\raw\val\01979_Animalia_Arthropoda_Insecta_Lepidoptera_Nymphalidae_Texola_elada\c36e4b64-48a2-48cc-b8c1-13b40cbda8ba.jpg,91,91,91 88 94 395 276,0.08955051055834316
data\raw\val\01979_Animalia_Arthropoda_Insecta_Lepidoptera_Nymphalidae_Texola_elada\35e597c2-a1af-42f0-b1d5-7a9d4b80ae85.jpg,91,469,469 400 356 399 401,0.012327600673266435
data\raw\val\01983_Animalia_Arthropoda_Insecta_Lepidoptera_Nymphalidae_Vanessa_annabella\41de4879-23cb-4f66-ba3d-0c7bd60bd352.jpg,92,238,238 237 36 242 351,0.022563360889472847
data\raw\val\01983_Animalia_Arthropoda_Insecta_Lepidoptera_Nymphalidae_Vanessa_annabella\07ebe8bd-df1f-43bf-8a96-467483df0b70.jpg,92,405,405 448 356 439 434,0.021105418064991756
data\raw\val\01983_Animalia_Arthropoda_Insecta_Lepidoptera_Nymphalidae_Vanessa_annabella\16419cd3-ef65-4afe-b413-e670666ab8b5.jpg,92,409,409 257 457 329 342,0.024430522357542978
data\raw\val\01983_Animalia_Arthropoda_Insecta_Lepidoptera_Nymphalidae_Vanessa_annabella\817e9fc1-b98f-444a-b28c-e091fb98aa1a.jpg,92,256,256 118 10 31 238,0.02648116690865907
data\raw\val\01983_Animalia_Arthropoda_Insecta_Lepidoptera_Nymphalidae_Vanessa_annabella\6b00d835-fd45-4b1c-9288-16a440bdf7ce.jpg,92,361,361 416 362 397 371,0.033622630331839425
data\raw\val\01983_Animalia_Arthropoda_Insecta_Lepidoptera_Nymphalidae_Vanessa_annabella\14d8df15-f650-4600-a1ec-9f0f8c74e013.jpg,92,85,85 206 93 433 439,0.029941979206269915
data\raw\val\01983_Animalia_Arthropoda_Insecta_Lepidoptera_Nymphalidae_Vanessa_annabella\4293046a-3bdb-469a-9b2b-ac2ccdb73195.jpg,92,285,285 450 343 409 427,0.013637082909245053
data\raw\val\01983_Animalia_Arthropoda_Insecta_Lepidoptera_Nymphalidae_Vanessa_annabella\14beb766-c7d8-424d-8f36-4762891803c6.jpg,92,447,447 308 464 40 233,0.028120051530428503
data\raw\val\01983_Animalia_Arthropoda_Insecta_Lepidoptera_Nymphalidae_Vanessa_annabella\848abb66-db2d-4f7e-b6f9-97256f63dd1c.jpg,92,212,212 227 141 90 218,0.02146411561314018
data\raw\val\01983_Animalia_Arthropoda_Insecta_Lepidoptera_Nymphalidae_Vanessa_annabella\2fad2deb-8ea0-4f1d-971a-26a4cf9046ad.jpg,92,36,36 10 87 242 232,0.014615729704880474
data\raw\val\02034_Animalia_Arthropoda_Insecta_Lepidoptera_Papilionidae_Papilio_thoas\5daad53c-875f-4075-be54-58d429f3bef6.jpg,93,441,441 399 397 262 490,0.02387393401927499
data\raw\val\02034_Animalia_Arthropoda_Insecta_Lepidoptera_Papilionidae_Papilio_thoas\cf333c0e-b66f-4e1f-9fcb-bc62a6db3328.jpg,93,93,93 65 231 95 85,0.023867742842217633
data\raw\val\02034_Animalia_Arthropoda_Insecta_Lepidoptera_Papilionidae_Papilio_thoas\564918d9-41c1-419e-808e-e536483e8e45.jpg,93,93,93 175 448 197 96,0.03997390411878023
data\raw\val\02034_Animalia_Arthropoda_Insecta_Lepidoptera_Papilionidae_Papilio_thoas\bd7acf5f-70d9-4364-8486-eecdfea0287e.jpg,93,369,369 162 363 222 209,0.041942000757300764
data\raw\val\02034_Animalia_Arthropoda_Insecta_Lepidoptera_Papilionidae_Papilio_thoas\0966817c-9f63-4967-8b1e-c165fbac77e7.jpg,93,472,472 288 341 430 409,0.019205275154507675
data\raw\val\02034_Animalia_Arthropoda_Insecta_Lepidoptera_Papilionidae_Papilio_thoas\5619ef61-fe9b-42a0-847a-8a41f7c56c80.jpg,93,485,485 357 477 470 433,0.032201881022674336
data\raw\val\02034_Animalia_Arthropoda_Insecta_Lepidoptera_Papilionidae_Papilio_thoas\e268f2d7-4a87-419c-a453-40bf363b35d0.jpg,93,452,452 445 460 473 398,0.034602076468598544
data\raw\val\02034_Animalia_Arthropoda_Insecta_Lepidoptera_Papilionidae_Papilio_thoas\da425ca8-1323-46fe-8bd0-3a9c1bd190c6.jpg,93,412,412 433 66 448 111,0.02533229991979635
data\raw\val\02034_Animalia_Arthropoda_Insecta_Lepidoptera_Papilionidae_Papilio_thoas\04e89d0a-6dee-4d0f-9943-a51af1126bf7.jpg,93,93,93 456 85 448 447,0.03740653402028562
data\raw\val\02034_Animalia_Arthropoda_Insecta_Lepidoptera_Papilionidae_Papilio_thoas\e5c97831-4fbc-48f2-a3e3-3b212be1cf24.jpg,93,151,151 150 27 39 203,0.02174165500180889
data\raw\val\02035_Animalia_Arthropoda_Insecta_Lepidoptera_Papilionidae_Papilio_troilus\c4bdda49-e037-4332-a451-e15a38d62304.jpg,94,120,120 254 36 95 67,0.01681970241355164
data\raw\val\02035_Animalia_Arthropoda_Insecta_Lepidoptera_Papilionidae_Papilio_troilus\70a7c16e-64e7-45ff-8ccc-476357c1c621.jpg,94,101,101 46 125 99 100,0.018508172107586207
data\raw\val\02035_Animalia_Arthropoda_Insecta_Lepidoptera_Papilionidae_Papilio_troilus\3dcd85b9-c9e6-4bcd-b81e-f7f0209e8025.jpg,94,433,433 475 485 401 364,0.02351598935032468
data\raw\val\02035_Animalia_Arthropoda_Insecta_Lepidoptera_Papilionidae_Papilio_troilus\8cc0f1e2-91ce-48ed-8e9a-0b81076deadd.jpg,94,171,171 413 348 194 395,0.011829609690850585
data\raw\val\02035_Animalia_Arthropoda_Insecta_Lepidoptera_Papilionidae_Papilio_troilus\90ed3d87-f956-4bb4-8f59-8354d5946b6e.jpg,94,33,33 125 438 144 312,0.018270384185894106
data\raw\val\02035_Animalia_Arthropoda_Insecta_Lepidoptera_Papilionidae_Papilio_troilus\38bc0bb4-fefc-467e-a39a-f0cdfd778c1d.jpg,94,34,34 18 253 134 15,0.012937856206631545
data\raw\val\02035_Animalia_Arthropoda_Insecta_Lepidoptera_Papilionidae_Papilio_troilus\1e2416a4-568b-4af9-bb70-abf31f7a48a2.jpg,94,198,198 184 197 34 206,0.016404880203604838
data\raw\val\02035_Animalia_Arthropoda_Insecta_Lepidoptera_Papilionidae_Papilio_troilus\11d9f70c-31db-48e1-85ea-5df4a9916b63.jpg,94,338,338 170 307 374 464,0.014396580770514785
data\raw\val\02035_Animalia_Arthropoda_Insecta_Lepidoptera_Papilionidae_Papilio_troilus\22d38943-6087-423d-bbff-61f3552fdc50.jpg,94,23,23 175 183 477 33,0.010132941213207682
data\raw\val\02035_Animalia_Arthropoda_Insecta_Lepidoptera_Papilionidae_Papilio_troilus\3945f8d9-412f-449f-9521-ee7eecd09035.jpg,94,18,18 20 172 117 16,0.007445275365851298
data\raw\val\02047_Animalia_Arthropoda_Insecta_Lepidoptera_Pieridae_Anteos_maerula\bae8a25b-5faf-4e72-96e5-cdfd69d283c7.jpg,95,449,449 398 364 358 363,0.011653781149003764
data\raw\val\02047_Animalia_Arthropoda_Insecta_Lepidoptera_Pieridae_Anteos_maerula\e4546ad8-202a-4ef3-8384-83b06f25772c.jpg,95,67,67 10 92 409 480,0.016913016357694727
data\raw\val\02047_Animalia_Arthropoda_Insecta_Lepidoptera_Pieridae_Anteos_maerula\dd02833f-c80d-4522-9cb5-69238061921d.jpg,95,61,61 95 96 82 456,0.027710543317543905
data\raw\val\02047_Animalia_Arthropoda_Insecta_Lepidoptera_Pieridae_Anteos_maerula\38d30094-0014-4203-b5b7-613185ef04b9.jpg,95,86,86 17 3 16 33,0.013475806197846066
data\raw\val\02047_Animalia_Arthropoda_Insecta_Lepidoptera_Pieridae_Anteos_maerula\f25c3c09-c2e1-4f28-9642-813b26d6a251.jpg,95,44,44 34 93 197 104,0.015734041006172907
data\raw\val\02047_Animalia_Arthropoda_Insecta_Lepidoptera_Pieridae_Anteos_maerula\63627e80-7a8b-4da1-ba03-8b04b0c0c734.jpg,95,46,46 159 101 102 47,0.0440970580256323
data\raw\val\02047_Animalia_Arthropoda_Insecta_Lepidoptera_Pieridae_Anteos_maerula\b9ad0187-0749-4caf-b2f9-50a4c2f5ea2c.jpg,95,483,483 96 95 60 67,0.011360379016972377
data\raw\val\02047_Animalia_Arthropoda_Insecta_Lepidoptera_Pieridae_Anteos_maerula\4a992975-89cc-4072-9eaa-cc1615dfbab1.jpg,95,483,483 28 433 196 85,0.011770613506364677
data\raw\val\02047_Animalia_Arthropoda_Insecta_Lepidoptera_Pieridae_Anteos_maerula\1ccfaf08-ee25-4567-8072-4013811fcf4c.jpg,95,250,250 245 230 100 118,0.020833023031724195
data\raw\val\02047_Animalia_Arthropoda_Insecta_Lepidoptera_Pieridae_Anteos_maerula\ae010f5c-2103-4229-bcc5-ccb6b7891beb.jpg,95,174,174 149 148 103 146,0.01644045888609357
data\raw\val\02061_Animalia_Arthropoda_Insecta_Lepidoptera_Pieridae_Catopsilia_pyranthe\5e3152fa-f701-439a-bbe7-0988e96aea33.jpg,96,96,96 106 356 406 196,0.022274270411909186
data\raw\val\02061_Animalia_Arthropoda_Insecta_Lepidoptera_Pieridae_Catopsilia_pyranthe\86cf6c2d-5193-4b12-9179-6def83a56c27.jpg,96,122,122 66 23 17 146,0.012633581501471411
data\raw\val\02061_Animalia_Arthropoda_Insecta_Lepidoptera_Pieridae_Catopsilia_pyranthe\451d39df-ce7c-48f8-b05c-c96af2d3e5e3.jpg,96,7,7 24 232 254 51,0.034111731144029
data\raw\val\02061_Animalia_Arthropoda_Insecta_Lepidoptera_Pieridae_Catopsilia_pyranthe\233d58fb-8720-47b9-8aa0-e87ba8368762.jpg,96,166,166 95 53 104 96,0.021651527413595977
data\raw\val\02061_Animalia_Arthropoda_Insecta_Lepidoptera_Pieridae_Catopsilia_pyranthe\b6d924c2-5b5d-408b-9165-59c7ba0fbb7e.jpg,96,291,291 66 37 96 68,0.02361764557457937
data\raw\val\02061_Animalia_Arthropoda_Insecta_Lepidoptera_Pieridae_Catopsilia_pyranthe\75bf63a1-bdec-49b9-97bb-8af013f2a335.jpg,96,27,27 96 23 95 93,0.016725484461993775
data\raw\val\02061_Animalia_Arthropoda_Insecta_Lepidoptera_Pieridae_Catopsilia_pyranthe\95252e63-2962-4ad6-bdf3-039b8214c226.jpg,96,129,129 249 140 255 49,0.041362708591395805
data\raw\val\02061_Animalia_Arthropoda_Insecta_Lepidoptera_Pieridae_Catopsilia_pyranthe\ff1607d9-5db0-4bc1-a2e2-82c715ec0b45.jpg,96,361,361 316 479 369 362,0.015081797636976741
data\raw\val\02061_Animalia_Arthropoda_Insecta_Lepidoptera_Pieridae_Catopsilia_pyranthe\95c120d8-d946-40ba-9315-82fe001a24d5.jpg,96,96,96 95 65 53 122,0.04884093511702955
data\raw\val\02061_Animalia_Arthropoda_Insecta_Lepidoptera_Pieridae_Catopsilia_pyranthe\665bbca1-3121-4107-b75f-fa773353048d.jpg,96,139,139 227 400 348 425,0.010326134739259347
data\raw\val\02100_Animalia_Arthropoda_Insecta_Lepidoptera_Pieridae_Pontia_edusa\5a92d73f-7d85-4e18-b964-f6bfff1bb24b.jpg,97,183,183 130 218 207 131,0.011118911371446749
data\raw\val\02100_Animalia_Arthropoda_Insecta_Lepidoptera_Pieridae_Pontia_edusa\9e0a7d6f-92e4-471f-b6c4-40732f618bbc.jpg,97,339,339 35 189 33 286,0.007269924728895653
data\raw\val\02100_Animalia_Arthropoda_Insecta_Lepidoptera_Pieridae_Pontia_edusa\00d7cdd1-59eb-4aae-adf9-b4fbe1419381.jpg,97,390,390 290 324 321 340,0.018420715399461062
data\raw\val\02100_Animalia_Arthropoda_Insecta_Lepidoptera_Pieridae_Pontia_edusa\4ba3aa89-2cc3-40d3-a974-8ae9fc9d8e56.jpg,97,34,34 37 33 338 23,0.017179780736257567
data\raw\val\02100_Animalia_Arthropoda_Insecta_Lepidoptera_Pieridae_Pontia_edusa\b26d8fe4-52a4-4e89-a071-cdbd9abd0783.jpg,97,358,358 472 456 37 68,0.029779693716619687
data\raw\val\02100_Animalia_Arthropoda_Insecta_Lepidoptera_Pieridae_Pontia_edusa\3989127d-00dc-4d91-a235-d2875d0220bd.jpg,97,23,23 34 80 245 61,0.015707899967050718
data\raw\val\02100_Animalia_Arthropoda_Insecta_Lepidoptera_Pieridae_Pontia_edusa\942f94b5-9455-4294-8def-21517cd167b0.jpg,97,456,456 261 412 265 266,0.03199151394358844
data\raw\val\02100_Animalia_Arthropoda_Insecta_Lepidoptera_Pieridae_Pontia_edusa\635dd566-df1c-4221-9617-c6721dbd0c2c.jpg,97,5,5 108 23 66 46,0.012217190898790753
data\raw\val\02100_Animalia_Arthropoda_Insecta_Lepidoptera_Pieridae_Pontia_edusa\82db2d47-c9ae-4eef-95ac-82e82ecaae4f.jpg,97,365,365 366 421 33 468,0.013158375507946633
data\raw\val\02100_Animalia_Arthropoda_Insecta_Lepidoptera_Pieridae_Pontia_edusa\f42082f8-3c85-4059-8f97-a8a151fc1542.jpg,97,350,350 299 461 432 381,0.021509746972167804
data\raw\val\02114_Animalia_Arthropoda_Insecta_Lepidoptera_Pyralidae_Aglossa_pinguinalis\8ff53dbe-3ba5-47b0-8282-ae17f3530dd0.jpg,98,302,302 25 178 62 8,0.022248058107896408
data\raw\val\02114_Animalia_Arthropoda_Insecta_Lepidoptera_Pyralidae_Aglossa_pinguinalis\4a18f1c4-8c9e-414e-9124-acc6f602641e.jpg,98,148,148 80 125 137 81,0.016031421957890094
data\raw\val\02114_Animalia_Arthropoda_Insecta_Lepidoptera_Pyralidae_Aglossa_pinguinalis\dc87cb15-dc07-45b9-b51a-a8861d40398d.jpg,98,113,113 4 103 112 32,0.06826668785100738
data\raw\val\02114_Animalia_Arthropoda_Insecta_Lepidoptera_Pyralidae_Aglossa_pinguinalis\f45fc3de-ccef-42b3-8d5a-9c55bb178767.jpg,98,6,6 235 250 254 33,0.010280002026036525
data\raw\val\02114_Animalia_Arthropoda_Insecta_Lepidoptera_Pyralidae_Aglossa_pinguinalis\82cfeb06-4eb2-4672-b055-5af6962f8414.jpg,98,251,251 55 58 133 250,0.024189170090052958
data\raw\val\02114_Animalia_Arthropoda_Insecta_Lepidoptera_Pyralidae_Aglossa_pinguinalis\193fc2bf-4a7b-46c1-8e4c-b241f837c9f2.jpg,98,98,98 49 57 54 101,0.02009362245272479
data\raw\val\02114_Animalia_Arthropoda_Insecta_Lepidoptera_Pyralidae_Aglossa_pinguinalis\2a55c8c7-967d-44b8-bc2c-18acfc5204ab.jpg,98,98,98 19 277 31 323,0.012794285951225306
data\raw\val\02114_Animalia_Arthropoda_Insecta_Lepidoptera_Pyralidae_Aglossa_pinguinalis\30d8e52a-3ec9-4515-b9d6-57f5762bea87.jpg,98,49,49 58 130 100 82,0.04166954931887723
data\raw\val\02114_Animalia_Arthropoda_Insecta_Lepidoptera_Pyralidae_Aglossa_pinguinalis\3deb43af-2b2d-471f-9965-145af062ae1b.jpg,98,52,52 82 98 81 56,0.01508639918168923
data\raw\val\02114_Animalia_Arthropoda_Insecta_Lepidoptera_Pyralidae_Aglossa_pinguinalis\d6df1e47-cadc-46e6-bfab-6c615046f298.jpg,98,98,98 144 127 254 7,0.02461180539998939
data\raw\val\02121_Animalia_Arthropoda_Insecta_Lepidoptera_Pyralidae_Endotricha_pyrosalis\80e7bfc5-3cf9-4470-9bda-05ded80774d8.jpg,99,456,456 405 28 112 113,0.018470167243153562
data\raw\val\02121_Animalia_Arthropoda_Insecta_Lepidoptera_Pyralidae_Endotricha_pyrosalis\b3ac9326-06c2-4342-b169-03e1ae733f32.jpg,99,137,137 45 46 47 41,0.07376523674223089
data\raw\val\02121_Animalia_Arthropoda_Insecta_Lepidoptera_Pyralidae_Endotricha_pyrosalis\d588d118-243b-4b1a-8311-692774c6e490.jpg,99,57,57 123 245 248 62,0.016198130649873868
data\raw\val\02121_Animalia_Arthropoda_Insecta_Lepidoptera_Pyralidae_Endotricha_pyrosalis\a2519749-d2d4-4446-9338-8246bf3d67fe.jpg,99,233,233 28 78 241 236,0.009863713022481981
data\raw\val\02121_Animalia_Arthropoda_Insecta_Lepidoptera_Pyralidae_Endotricha_pyrosalis\c556efca-3bfe-4ad9-b0c6-596da5b8cb84.jpg,99,168,168 238 190 199 8,0.011819505744501
data\raw\val\02121_Animalia_Arthropoda_Insecta_Lepidoptera_Pyralidae_Endotricha_pyrosalis\d077fc4d-e3eb-4ee5-990f-7f185d3b2592.jpg,99,4,4 27 43 112 113,0.017166173417598164
data\raw\val\02121_Animalia_Arthropoda_Insecta_Lepidoptera_Pyralidae_Endotricha_pyrosalis\650e9218-8f89-4ad6-a395-ff6ab4bd93a6.jpg,99,185,185 47 117 102 181,0.010514053594386534
data\raw\val\02121_Animalia_Arthropoda_Insecta_Lepidoptera_Pyralidae_Endotricha_pyrosalis\bcc9dec6-1808-4508-9bde-d2293db8e600.jpg,99,41,41 120 263 60 446,0.009036983808140565
data\raw\val\02121_Animalia_Arthropoda_Insecta_Lepidoptera_Pyralidae_Endotricha_pyrosalis\67cf7fe7-0f9d-45de-aca1-d7b0fd58ccba.jpg,99,227,227 155 78 212 270,0.021910428873431666
data\raw\val\02121_Animalia_Arthropoda_Insecta_Lepidoptera_Pyralidae_Endotricha_pyrosalis\263022db-d77a-4a84-b9dc-62078081c32f.jpg,99,99,99 137 46 268 41,0.04401637777287906
data\raw\val\02129_Animalia_Arthropoda_Insecta_Lepidoptera_Pyralidae_Moodna_ostrinella\781d03f2-afa3-43a9-a70e-d1fcb0123496.jpg,100,20,20 46 25 18 41,0.014616749821276368
data\raw\val\02129_Animalia_Arthropoda_Insecta_Lepidoptera_Pyralidae_Moodna_ostrinella\45f04a11-13ab-43d3-906c-87988cde5d5c.jpg,100,46,46 45 44 100 101,0.04331393778010582
data\raw\val\02129_Animalia_Arthropoda_Insecta_Lepidoptera_Pyralidae_Moodna_ostrinella\59f39252-741c-43fb-bfa6-721301ae9904.jpg,100,230,230 172 251 133 58,0.013536264561219112
data\raw\val\02129_Animalia_Arthropoda_Insecta_Lepidoptera_Pyralidae_Moodna_ostrinella\b6c18135-f30a-4e37-b84b-1e4aa678550b.jpg,100,81,81 78 49 53 52,0.07779847424671997
data\raw\val\02129_Animalia_Arthropoda_Insecta_Lepidoptera_Pyralidae_Moodna_ostrinella\3c539566-e870-4956-9e9b-5a3fed7a12b3.jpg,100,250,250 100 98 118 77,0.027311790583875575
data\raw\val\02129_Animalia_Arthropoda_Insecta_Lepidoptera_Pyralidae_Moodna_ostrinella\d008c144-633b-4389-bda3-31530f769f41.jpg,100,100,100 41 101 60 79,0.02306883369438818
data\raw\val\02129_Animalia_Arthropoda_Insecta_Lepidoptera_Pyralidae_Moodna_ostrinella\5eca3ba6-4a26-4d57-ac82-959f52939d0a.jpg,100,163,163 187 231 1 3,0.009315478208862669
data\raw\val\02129_Animalia_Arthropoda_Insecta_Lepidoptera_Pyralidae_Moodna_ostrinella\986c1358-e0b2-4d19-b097-00587ceb576c.jpg,100,100,100 214 202 141 250,0.02773275026509129
data\raw\val\02129_Animalia_Arthropoda_Insecta_Lepidoptera_Pyralidae_Moodna_ostrinella\ab6476e0-fb6c-4960-8d43-b5d9020ec240.jpg,100,61,61 251 133 128 66,0.013407253929401371
data\raw\val\02129_Animalia_Arthropoda_Insecta_Lepidoptera_Pyralidae_Moodna_ostrinella\b29724c4-103c-48ef-8e88-e59732aa4f94.jpg,100,4,4 174 32 76 105,0.04290478559659613
data\raw\val\02242_Animalia_Arthropoda_Insecta_Lepidoptera_Tortricidae_Clepsis_persicana\672b2e1a-8119-4909-93d6-9f29f448d6eb.jpg,101,148,148 147 125 172 16,0.009955726511315424
data\raw\val\02242_Animalia_Arthropoda_Insecta_Lepidoptera_Tortricidae_Clepsis_persicana\090674f0-c4d6-4b47-995a-7710d963ae6a.jpg,101,170,170 114 116 297 105,0.010680167043043772
data\raw\val\02242_Animalia_Arthropoda_Insecta_Lepidoptera_Tortricidae_Clepsis_persicana\b039638f-6de8-4a24-bc90-395ae9c838b1.jpg,101,141,141 241 231 107 75,0.009833377171409436
data\raw\val\02242_Animalia_Arthropoda_Insecta_Lepidoptera_Tortricidae_Clepsis_persicana\a7f4f6b4-4349-4d90-8be1-eed8fff24ece.jpg,101,153,153 107 78 60 197,0.02234158429917161
data\raw\val\02242_Animalia_Arthropoda_Insecta_Lepidoptera_Tortricidae_Clepsis_persicana\67fb649f-8dc2-4128-a6cc-b7b432a1a454.jpg,101,79,79 170 206 18 171,0.02955854899594481
data\raw\val\02242_Animalia_Arthropoda_Insecta_Lepidoptera_Tortricidae_Clepsis_persicana\24293088-547f-454b-80d2-7fa6ebf2adef.jpg,101,0,0 172 180 46 102,0.011734893686736206
data\raw\val\02242_Animalia_Arthropoda_Insecta_Lepidoptera_Tortricidae_Clepsis_persicana\55d36430-ba72-4251-9503-bb4498960efc.jpg,101,65,65 203 17 244 183,0.03131007526256572
data\raw\val\02242_Animalia_Arthropoda_Insecta_Lepidoptera_Tortricidae_Clepsis_persicana\2e41d644-c829-40b7-a7cb-a5e7f191b806.jpg,101,25,25 50 1 104 101,0.034024064284608996
data\raw\val\02242_Animalia_Arthropoda_Insecta_Lepidoptera_Tortricidae_Clepsis_persicana\81590bbd-74e8-434d-ba01-18d63c657cd1.jpg,101,108,108 109 80 185 206,0.014340853807417732
data\raw\val\02242_Animalia_Arthropoda_Insecta_Lepidoptera_Tortricidae_Clepsis_persicana\45d5dd08-e44f-41e2-8c7b-fde07b2e2767.jpg,101,56,56 21 46 45 79,0.043677865640243785
data\raw\val\02300_Animalia_Arthropoda_Insecta_Neuroptera_Mantispidae_Dicromantispa_interrupta\776567b0-dbbd-4620-b3d0-28c9cba4524a.jpg,102,22,22 77 72 102 8,0.023209674575909788
data\raw\val\02300_Animalia_Arthropoda_Insecta_Neuroptera_Mantispidae_Dicromantispa_interrupta\d866f151-216f-4b42-a497-90787d46ab70.jpg,102,112,112 231 113 42 105,0.02901173463730398
data\raw\val\02300_Animalia_Arthropoda_Insecta_Neuroptera_Mantispidae_Dicromantispa_interrupta\df07bd00-2c60-4e9c-b15b-4f6ba9077058.jpg,102,45,45 75 30 122 32,0.02747745446366426
data\raw\val\02300_Animalia_Arthropoda_Insecta_Neuroptera_Mantispidae_Dicromantispa_interrupta\52cffb49-d6ba-4996-942c-d88af60e08e8.jpg,102,51,51 95 145 32 102,0.03397091166720637
data\raw\val\02300_Animalia_Arthropoda_Insecta_Neuroptera_Mantispidae_Dicromantispa_interrupta\78fd514d-0055-4623-85e9-6cc606798466.jpg,102,103,103 114 32 187 76,0.00912133274030876
data\raw\val\02300_Animalia_Arthropoda_Insecta_Neuroptera_Mantispidae_Dicromantispa_interrupta\002624f2-7659-4adb-a49d-a0aadcd760a1.jpg,102,46,46 102 4 45 159,0.038884722940605056
data\raw\val\02300_Animalia_Arthropoda_Insecta_Neuroptera_Mantispidae_Dicromantispa_interrupta\35d4e88e-f9cd-4a60-8592-1e93dbbdea0e.jpg,102,128,128 102 55 72 99,0.019196633014105565
data\raw\val\02300_Animalia_Arthropoda_Insecta_Neuroptera_Mantispidae_Dicromantispa_interrupta\d19757a7-480c-45cd-af7f-bef937024705.jpg,102,74,74 25 79 53 21,0.03645401349927921
data\raw\val\02300_Animalia_Arthropoda_Insecta_Neuroptera_Mantispidae_Dicromantispa_interrupta\04f418ce-a79d-4a0d-9959-6ff539f3df49.jpg,102,226,226 158 208 31 168,0.028339370595610387
data\raw\val\02300_Animalia_Arthropoda_Insecta_Neuroptera_Mantispidae_Dicromantispa_interrupta\5a705ec4-3b3b-4a1d-ab51-eef852b2e16d.jpg,102,108,108 296 125 72 80,0.020216012595787897
data\raw\val\02340_Animalia_Arthropoda_Insecta_Odonata_Coenagrionidae_Agriocnemis_femina\e46b2c15-d031-4113-9f6e-52a71f31f3da.jpg,103,103,103 105 113 4 65,0.0185617510454186
data\raw\val\02340_Animalia_Arthropoda_Insecta_Odonata_Coenagrionidae_Agriocnemis_femina\ae294336-1d8c-4062-85ff-418d5e0dc97b.jpg,103,42,42 172 32 4 158,0.01045505778875958
data\raw\val\02340_Animalia_Arthropoda_Insecta_Odonata_Coenagrionidae_Agriocnemis_femina\f0bb629d-a18f-420b-8cfa-ae8764adac4a.jpg,103,103,103 128 65 4 122,0.011490834750900908
data\raw\val\02340_Animalia_Arthropoda_Insecta_Odonata_Coenagrionidae_Agriocnemis_femina\2c0cf081-5417-4e1f-afae-57653336e954.jpg,103,113,113 149 117 165 112,0.02804352550489431
data\raw\val\02340_Animalia_Arthropoda_Insecta_Odonata_Coenagrionidae_Agriocnemis_femina\76505eb5-8218-443b-baf1-2e38818760e5.jpg,103,166,166 128 146 251 103,0.014779078009591055
data\raw\val\02340_Animalia_Arthropoda_Insecta_Odonata_Coenagrionidae_Agriocnemis_femina\c5952133-4393-43eb-9090-d17e396a5463.jpg,103,254,254 51 182 189 149,0.0335735672258494
data\raw\val\02340_Animalia_Arthropoda_Insecta_Odonata_Coenagrionidae_Agriocnemis_femina\1f180615-04f5-450a-83ce-7aba3159a9cf.jpg,103,232,232 226 126 247 91,0.015462027180683461
data\raw\val\02340_Animalia_Arthropoda_Insecta_Odonata_Coenagrionidae_Agriocnemis_femina\df9fc7dc-e72f-4699-b187-1df8b1fdf656.jpg,103,113,113 149 117 185 165,0.02226451856934642
data\raw\val\02340_Animalia_Arthropoda_Insecta_Odonata_Coenagrionidae_Agriocnemis_femina\6d6556c6-1e01-4b00-a4bb-c12ceac66d91.jpg,103,206,206 149 170 182 42,0.025450151144656437
data\raw\val\02340_Animalia_Arthropoda_Insecta_Odonata_Coenagrionidae_Agriocnemis_femina\1478eae5-b542-4b98-87ab-4b591226310d.jpg,103,149,149 18 206 167 302,0.03015087564697362
data\raw\val\02375_Animalia_Arthropoda_Insecta_Odonata_Coenagrionidae_Enallagma_geminatum\dfee5123-16c4-4628-9bcb-8afd98e61c94.jpg,104,53,53 55 104 7 22,0.020655624007678477
data\raw\val\02375_Animalia_Arthropoda_Insecta_Odonata_Coenagrionidae_Enallagma_geminatum\c7483ed7-d1f2-4ade-a844-b936bc05aa49.jpg,104,56,56 20 80 46 329,0.06898699652918625
data\raw\val\02375_Animalia_Arthropoda_Insecta_Odonata_Coenagrionidae_Enallagma_geminatum\87b47c12-efc4-4709-8e98-e41c1510ecbf.jpg,104,269,269 24 227 262 9,0.05333702999129291
data\raw\val\02375_Animalia_Arthropoda_Insecta_Odonata_Coenagrionidae_Enallagma_geminatum\8b8c5941-eba7-41dd-96d8-832891bb019c.jpg,104,183,183 15 176 168 199,0.007528587977066771
data\raw\val\02375_Animalia_Arthropoda_Insecta_Odonata_Coenagrionidae_Enallagma_geminatum\60ed2ed8-08a2-41cd-8648-dc02a547f9ec.jpg,104,119,119 105 113 104 112,0.018491276759877863
data\raw\val\02375_Animalia_Arthropoda_Insecta_Odonata_Coenagrionidae_Enallagma_geminatum\e492b971-d305-4485-b7cf-3db7c288f61a.jpg,104,22,22 1 7 50 2,0.029837752783952773
data\raw\val\02375_Animalia_Arthropoda_Insecta_Odonata_Coenagrionidae_Enallagma_geminatum\8b499312-0ff9-41f6-91ce-a2aa997a2716.jpg,104,25,25 102 77 54 226,0.02940192952640405
data\raw\val\02375_Animalia_Arthropoda_Insecta_Odonata_Coenagrionidae_Enallagma_geminatum\0e423724-7913-4c4a-9882-2f10c946bcb3.jpg,104,269,269 264 270 218 211,0.02661512583377182
data\raw\val\02375_Animalia_Arthropoda_Insecta_Odonata_Coenagrionidae_Enallagma_geminatum\92b0c3de-b5d0-46a5-befa-d7cbe014c0ec.jpg,104,75,75 110 66 28 15,0.026205502714580945
data\raw\val\02375_Animalia_Arthropoda_Insecta_Odonata_Coenagrionidae_Enallagma_geminatum\334b250d-00f5-47c0-a4e6-25826c16bac5.jpg,104,356,356 60 32 96 56,0.02349014479754285
data\raw\val\02385_Animalia_Arthropoda_Insecta_Odonata_Coenagrionidae_Ischnura_denticollis\ca6b7d61-7e2e-4bc0-81b5-f6e4bd9afa7f.jpg,105,180,180 102 117 119 1,0.01108987366919937
data\raw\val\02385_Animalia_Arthropoda_Insecta_Odonata_Coenagrionidae_Ischnura_denticollis\440e1d60-1c49-4461-afdb-d16d53689ab2.jpg,105,42,42 105 119 174 103,0.017626822291211344
data\raw\val\02385_Animalia_Arthropoda_Insecta_Odonata_Coenagrionidae_Ischnura_denticollis\ea01ab0d-0882-4fa6-b2fa-8fb01d6e8036.jpg,105,89,89 10 256 424 457,0.017420580788473933
data\raw\val\02385_Animalia_Arthropoda_Insecta_Odonata_Coenagrionidae_Ischnura_denticollis\e296f6a5-9f61-4072-ae70-787f1241fe12.jpg,105,103,103 112 231 115 106,0.02320661797441111
data\raw\val\02385_Animalia_Arthropoda_Insecta_Odonata_Coenagrionidae_Ischnura_denticollis\090d2346-7214-47d2-ba11-e1ac58f6fd16.jpg,105,112,112 40 105 133 263,0.024391669052157238
data\raw\val\02385_Animalia_Arthropoda_Insecta_Odonata_Coenagrionidae_Ischnura_denticollis\8c35d9a8-306d-41b3-868b-671a47fb77c7.jpg,105,113,113 231 141 42 112,0.0380596885034498
data\raw\val\02385_Animalia_Arthropoda_Insecta_Odonata_Coenagrionidae_Ischnura_denticollis\62b826f1-d567-4b0b-9001-ac47f360f90e.jpg,105,129,129 222 358 276 394,0.03370106718083696
data\raw\val\02385_Animalia_Arthropoda_Insecta_Odonata_Coenagrionidae_Ischnura_denticollis\122b2265-1d24-4066-9865-8c8ca98ab797.jpg,105,75,75 104 141 107 153,0.02163764253838013
data\raw\val\02385_Animalia_Arthropoda_Insecta_Odonata_Coenagrionidae_Ischnura_denticollis\505bef79-3bf2-4175-9007-4310c6f194f3.jpg,105,105,105 128 103 104 174,0.03318454726470292
data\raw\val\02385_Animalia_Arthropoda_Insecta_Odonata_Coenagrionidae_Ischnura_denticollis\2ba9b2dc-3ce0-4423-8701-96a68aeee8f1.jpg,105,273,273 410 378 318 286,0.02297805014138388
data\raw\val\02404_Animalia_Arthropoda_Insecta_Odonata_Cordulegastridae_Cordulegaster_diastatops\42c5439c-9b30-493c-b778-2105b7fd381c.jpg,106,400,400 107 434 236 93,0.012170458433148797
data\raw\val\02404_Animalia_Arthropoda_Insecta_Odonata_Cordulegastridae_Cordulegaster_diastatops\c585ed3d-a7e9-429f-907f-56d6c04ecec3.jpg,106,106,106 109 253 107 191,0.021201881693620955
data\raw\val\02404_Animalia_Arthropoda_Insecta_Odonata_Cordulegastridae_Cordulegaster_diastatops\1b4d76e9-9731-45fb-9bdf-3e3bd402a1e9.jpg,106,119,119 107 187 105 111,0.020756083623211245
data\raw\val\02404_Animalia_Arthropoda_Insecta_Odonata_Cordulegastridae_Cordulegaster_diastatops\a1d82812-a2b6-49ba-bbd5-23f2f242e631.jpg,106,185,185 186 193 0 194,0.012935634923679615
data\raw\val\02404_Animalia_Arthropoda_Insecta_Odonata_Cordulegastridae_Cordulegaster_diastatops\671d10e8-dd3b-43bc-80eb-6d320e7be881.jpg,106,141,141 21 153 106 18,0.011965678445589692
data\raw\val\02404_Animalia_Arthropoda_Insecta_Odonata_Cordulegastridae_Cordulegaster_diastatops\708b90fe-18df-49dd-b098-49774b747d27.jpg,106,297,297 202 26 180 151,0.013789689735350896
data\raw\val\02404_Animalia_Arthropoda_Insecta_Odonata_Cordulegastridae_Cordulegaster_diastatops\3ebbee56-b0e1-4cfe-9571-5f8742c1a75d.jpg,106,109,109 191 253 115 0,0.03406833910257822
data\raw\val\02404_Animalia_Arthropoda_Insecta_Odonata_Cordulegastridae_Cordulegaster_diastatops\0ec3295f-1666-4f86-8bd3-2d4a821841ec.jpg,106,333,333 414 318 316 317,0.015368233529710625
data\raw\val\02404_Animalia_Arthropoda_Insecta_Odonata_Cordulegastridae_Cordulegaster_diastatops\77decaa3-e96d-457a-87db-a421f4b409f0.jpg,106,106,106 109 116 15 191,0.014640648496613446
data\raw\val\02404_Animalia_Arthropoda_Insecta_Odonata_Cordulegastridae_Cordulegaster_diastatops\e2360e6c-cb2e-4f95-87db-11a695696d9e.jpg,106,66,66 198 82 206 194,0.027204691506772963
data\raw\val\02408_Animalia_Arthropoda_Insecta_Odonata_Corduliidae_Cordulia_aenea\632b4451-2a29-4f37-b578-c0d305cb1672.jpg,107,107,107 456 96 111 75,0.02806978133747387
data\raw\val\02408_Animalia_Arthropoda_Insecta_Odonata_Corduliidae_Cordulia_aenea\1852c581-125f-4638-ac90-00d4892c3ec9.jpg,107,192,192 107 217 45 235,0.016805073762522132
data\raw\val\02408_Animalia_Arthropoda_Insecta_Odonata_Corduliidae_Cordulia_aenea\e789b29c-7fb5-49e7-91d3-141bcf439082.jpg,107,79,79 55 4 49 113,0.012325007437366406
data\raw\val\02408_Animalia_Arthropoda_Insecta_Odonata_Corduliidae_Cordulia_aenea\63b7d80d-e6e4-44da-b3fd-2e096714e47c.jpg,107,63,63 456 186 40 197,0.01544168566353128
data\raw\val\02408_Animalia_Arthropoda_Insecta_Odonata_Corduliidae_Cordulia_aenea\2de13d1c-05de-4cc9-bc60-c3080e6262f2.jpg,107,450,450 299 29 261 162,0.01534671962422465
data\raw\val\02408_Animalia_Arthropoda_Insecta_Odonata_Corduliidae_Cordulia_aenea\59a0da51-fa85-4e88-9eaf-2ffe81357e09.jpg,107,107,107 150 186 192 188,0.019037002780120896
data\raw\val\02408_Animalia_Arthropoda_Insecta_Odonata_Corduliidae_Cordulia_aenea\bd5b6aee-3dfb-43fc-b904-baf7048a993c.jpg,107,89,89 483 481 457 475,0.009725028344112903
data\raw\val\02408_Animalia_Arthropoda_Insecta_Odonata_Corduliidae_Cordulia_aenea\237e7422-b106-49b8-8a24-f9e6d7746030.jpg,107,95,95 456 82 66 14,0.021551639394332547
data\raw\val\02408_Animalia_Arthropoda_Insecta_Odonata_Corduliidae_Cordulia_aenea\6f1c0326-f084-4d8c-9901-6c300b3522ca.jpg,107,109,109 146 102 45 113,0.025621803817328367
data\raw\val\02408_Animalia_Arthropoda_Insecta_Odonata_Corduliidae_Cordulia_aenea\8a03cad4-31de-464d-856d-951fa514220c.jpg,107,439,439 66 82 482 474,0.02861144689100035
data\raw\val\02414_Animalia_Arthropoda_Insecta_Odonata_Corduliidae_Epitheca_princeps\54c483da-9648-4353-8d49-00732bee70f8.jpg,108,16,16 117 112 113 4,0.01306646290470178
data\raw\val\02414_Animalia_Arthropoda_Insecta_Odonata_Corduliidae_Epitheca_princeps\1c433518-6f62-4bd3-8b2d-71eb987e1ad4.jpg,108,257,257 427 480 348 317,0.019169792053494148
data\raw\val\02414_Animalia_Arthropoda_Insecta_Odonata_Corduliidae_Epitheca_princeps\a0814a47-836e-4617-9a6c-252d2784afc1.jpg,108,154,154 158 155 216 152,0.13958325258247054
data\raw\val\02414_Animalia_Arthropoda_Insecta_Odonata_Corduliidae_Epitheca_princeps\46b96460-f0ed-4d67-a006-39e15711ef46.jpg,108,108,108 45 102 21 46,0.01656078975150548
data\raw\val\02414_Animalia_Arthropoda_Insecta_Odonata_Corduliidae_Epitheca_princeps\d28e0ce1-65c5-4eb0-8332-f5ef4c08ac6b.jpg,108,111,111 180 1 195 107,0.010073456817660089
data\raw\val\02414_Animalia_Arthropoda_Insecta_Odonata_Corduliidae_Epitheca_princeps\08c71ff6-3b13-4010-804c-2f4e9a73d97b.jpg,108,226,226 425 199 163 224,0.03430977287216021
data\raw\val\02414_Animalia_Arthropoda_Insecta_Odonata_Corduliidae_Epitheca_princeps\231bc20b-0a1d-4326-9745-c3f1a6850656.jpg,108,128,128 296 62 116 125,0.014514082902183202
data\raw\val\02414_Animalia_Arthropoda_Insecta_Odonata_Corduliidae_Epitheca_princeps\ce0ec328-981e-4ccb-9234-98003a091c00.jpg,108,45,45 61 47 46 56,0.018570392232777004
data\raw\val\02414_Animalia_Arthropoda_Insecta_Odonata_Corduliidae_Epitheca_princeps\36b1a0fe-0535-4ff0-97c2-48ca47a5f703.jpg,108,219,219 1 122 18 245,0.022234742327025114
data\raw\val\02414_Animalia_Arthropoda_Insecta_Odonata_Corduliidae_Epitheca_princeps\c3e5d728-e9a2-431f-8937-5e024d97c3ea.jpg,108,66,66 3 108 45 116,0.019695721260102207
data\raw\val\02418_Animalia_Arthropoda_Insecta_Odonata_Corduliidae_Somatochlora_tenebrosa\e0e60ff9-60e5-484b-824b-f50c5b37964a.jpg,109,31,31 427 83 230 5,0.01157124901683915
data\raw\val\02418_Animalia_Arthropoda_Insecta_Odonata_Corduliidae_Somatochlora_tenebrosa\464fbbe5-f187-44d0-a60a-a7e8e0332dae.jpg,109,130,130 125 129 249 35,0.012472521550351457
data\raw\val\02418_Animalia_Arthropoda_Insecta_Odonata_Corduliidae_Somatochlora_tenebrosa\2336bb3f-63c6-417d-9b34-a4e3ac3aa9ac.jpg,109,109,109 102 154 115 253,0.05891221722656752
data\raw\val\02418_Animalia_Arthropoda_Insecta_Odonata_Corduliidae_Somatochlora_tenebrosa\1019f607-cdd5-41f5-b419-4e000e96ebd2.jpg,109,106,106 450 296 455 407,0.01563958910035703
data\raw\val\02418_Animalia_Arthropoda_Insecta_Odonata_Corduliidae_Somatochlora_tenebrosa\dc0b37cc-2584-45fa-9834-1de0943c5dfb.jpg,109,302,302 236 116 156 107,0.00835709917375582
data\raw\val\02418_Animalia_Arthropoda_Insecta_Odonata_Corduliidae_Somatochlora_tenebrosa\1007cfe9-989b-407c-b6d4-7e1c4f8cc3f1.jpg,109,247,247 44 172 133 106,0.023012314873151966
data\raw\val\02418_Animalia_Arthropoda_Insecta_Odonata_Corduliidae_Somatochlora_tenebrosa\a0817104-0b7f-4799-86a4-b9b7b005cbbf.jpg,109,116,116 1 236 84 115,0.01687503432129387
data\raw\val\02418_Animalia_Arthropoda_Insecta_Odonata_Corduliidae_Somatochlora_tenebrosa\6722eddf-9a74-4b04-853d-2de8349c510c.jpg,109,109,109 149 171 167 168,0.030974315269783195
data\raw\val\02418_Animalia_Arthropoda_Insecta_Odonata_Corduliidae_Somatochlora_tenebrosa\63a76834-e501-4864-bbb0-759c11aa6786.jpg,109,191,191 116 413 178 236,0.020386102079605804
data\raw\val\02418_Animalia_Arthropoda_Insecta_Odonata_Corduliidae_Somatochlora_tenebrosa\7e51b5ef-a630-442e-84ca-2434d928d3e1.jpg,109,109,109 116 174 115 168,0.08194585759513366
data\raw\val\02424_Animalia_Arthropoda_Insecta_Odonata_Gomphidae_Arigomphus_villosipes\704bdc8d-ccf7-4038-b942-0578b55e054c.jpg,110,118,118 238 53 22 248,0.03274289932570046
data\raw\val\02424_Animalia_Arthropoda_Insecta_Odonata_Gomphidae_Arigomphus_villosipes\29551f19-9278-4ba8-9bbf-124c1e9c3097.jpg,110,113,113 119 112 4 185,0.04115497119093355
data\raw\val\02424_Animalia_Arthropoda_Insecta_Odonata_Gomphidae_Arigomphus_villosipes\85b2ac6b-7a5b-4941-890d-6b3538120871.jpg,110,219,219 143 210 151 451,0.013896995380689477
data\raw\val\02424_Animalia_Arthropoda_Insecta_Odonata_Gomphidae_Arigomphus_villosipes\874e9c67-498d-4239-8139-7b463af045c2.jpg,110,10,10 6 256 83 90,0.023982341351620005
data\raw\val\02424_Animalia_Arthropoda_Insecta_Odonata_Gomphidae_Arigomphus_villosipes\eed1ef8e-2b6a-4f7c-8b57-774832302567.jpg,110,75,75 241 456 43 153,0.014307694193996762
data\raw\val\02424_Animalia_Arthropoda_Insecta_Odonata_Gomphidae_Arigomphus_villosipes\9bac8bb2-206a-496c-894e-2edda5f9ca84.jpg,110,157,157 159 102 118 50,0.028857889100472853
data\raw\val\02424_Animalia_Arthropoda_Insecta_Odonata_Gomphidae_Arigomphus_villosipes\491ef147-1893-43af-80f4-0642562eaafd.jpg,110,110,110 28 102 22 211,0.025903092958476297
data\raw\val\02424_Animalia_Arthropoda_Insecta_Odonata_Gomphidae_Arigomphus_villosipes\964db432-dad3-495c-9c6c-539428955aa7.jpg,110,52,52 199 30 168 160,0.009972057901751779
data\raw\val\02424_Animalia_Arthropoda_Insecta_Odonata_Gomphidae_Arigomphus_villosipes\956b0416-54e0-4ab2-be8d-cd5920c6304f.jpg,110,17,17 30 140 139 122,0.017922233859998596
data\raw\val\02424_Animalia_Arthropoda_Insecta_Odonata_Gomphidae_Arigomphus_villosipes\08e3c49f-d6b0-436d-8eca-a447686a6f74.jpg,110,109,109 302 111 181 178,0.024235256196561025
data\raw\val\02430_Animalia_Arthropoda_Insecta_Odonata_Gomphidae_Gomphurus_vastus\eb39fc61-0924-4d8e-8ec3-7bec73b1f26a.jpg,111,441,441 197 96 114 231,0.01893571697347941
data\raw\val\02430_Animalia_Arthropoda_Insecta_Odonata_Gomphidae_Gomphurus_vastus\d6e06856-1b1e-4b4f-a893-d10d8345fe91.jpg,111,59,59 77 25 50 57,0.04994596604160122
data\raw\val\02430_Animalia_Arthropoda_Insecta_Odonata_Gomphidae_Gomphurus_vastus\2acd2d94-7ad3-49ec-a186-d4171dae113f.jpg,111,107,107 116 111 192 63,0.0347499177712705
data\raw\val\02430_Animalia_Arthropoda_Insecta_Odonata_Gomphidae_Gomphurus_vastus\e7e43d45-1a1a-4490-96c7-8e8ff3e3fe87.jpg,111,37,37 52 16 108 28,0.014838984350005796
data\raw\val\02430_Animalia_Arthropoda_Insecta_Odonata_Gomphidae_Gomphurus_vastus\bc386362-7c9f-4288-b310-edb02b428b9d.jpg,111,96,96 111 107 106 93,0.021132694966688695
data\raw\val\02430_Animalia_Arthropoda_Insecta_Odonata_Gomphidae_Gomphurus_vastus\e655f179-46b0-4f22-8375-187400a7fc08.jpg,111,30,30 111 28 107 106,0.017744863339294602
data\raw\val\02430_Animalia_Arthropoda_Insecta_Odonata_Gomphidae_Gomphurus_vastus\5b323b4b-c1db-4477-b196-9d1952abb2ea.jpg,111,25,25 73 30 230 52,0.020677619742842605
data\raw\val\02430_Animalia_Arthropoda_Insecta_Odonata_Gomphidae_Gomphurus_vastus\6481602c-7d11-4d08-a4bb-0f0cda03603f.jpg,111,63,63 107 301 202 150,0.018469585716806357
data\raw\val\02430_Animalia_Arthropoda_Insecta_Odonata_Gomphidae_Gomphurus_vastus\cf27ad91-01ab-42de-889b-092c4875dbf9.jpg,111,329,329 391 414 413 497,0.01696167966840855
data\raw\val\02430_Animalia_Arthropoda_Insecta_Odonata_Gomphidae_Gomphurus_vastus\9fa2c0bc-b67d-4b93-988b-bacdcc3cffce.jpg,111,109,109 119 0 107 115,0.02468239461370498
data\raw\val\02450_Animalia_Arthropoda_Insecta_Odonata_Lestidae_Lestes_alacer\6c43f4d3-629f-471b-9790-66504fa9b215.jpg,112,8,8 122 0 119 165,0.025270982047033756
data\raw\val\02450_Animalia_Arthropoda_Insecta_Odonata_Lestidae_Lestes_alacer\77319206-671f-42d8-a707-3a418bab9cd5.jpg,112,196,196 75 40 197 105,0.010887214016255305
data\raw\val\02450_Animalia_Arthropoda_Insecta_Odonata_Lestidae_Lestes_alacer\d16c02e7-e021-449e-ae67-6b65b23ae717.jpg,112,112,112 113 105 119 114,0.03447290021519242
data\raw\val\02450_Animalia_Arthropoda_Insecta_Odonata_Lestidae_Lestes_alacer\b754f8ae-2881-44f5-ae99-988436548f0c.jpg,112,105,105 197 175 186 113,0.02464124039075578
data\raw\val\02450_Animalia_Arthropoda_Insecta_Odonata_Lestidae_Lestes_alacer\e311a0cd-857d-4521-87c9-96b6ccec1b17.jpg,112,113,113 205 158 119 117,0.02449295913567378
data\raw\val\02450_Animalia_Arthropoda_Insecta_Odonata_Lestidae_Lestes_alacer\f28693cb-b3d5-4ef4-81d5-fe87f3317e42.jpg,112,105,105 63 96 75 107,0.01984228157130473
data\raw\val\02450_Animalia_Arthropoda_Insecta_Odonata_Lestidae_Lestes_alacer\38dc0e54-1247-4c5f-9ebf-25431bc34805.jpg,112,112,112 113 103 4 32,0.025321664593893976
data\raw\val\02450_Animalia_Arthropoda_Insecta_Odonata_Lestidae_Lestes_alacer\be544a72-5514-4636-a3cb-4a8a9f00238d.jpg,112,210,210 112 306 4 300,0.017070333163796303
data\raw\val\02450_Animalia_Arthropoda_Insecta_Odonata_Lestidae_Lestes_alacer\065d0131-6ac3-4d34-8587-cb8ae2a161d2.jpg,112,367,367 112 113 103 105,0.013500241324639114
data\raw\val\02450_Animalia_Arthropoda_Insecta_Odonata_Lestidae_Lestes_alacer\83d9d0e5-d085-45bd-8e07-826c4f41ef42.jpg,112,107,107 177 111 105 185,0.014793149727771508
data\raw\val\02458_Animalia_Arthropoda_Insecta_Odonata_Lestidae_Lestes_inaequalis\ad2701f5-9ce0-441f-ba1a-868ebbd0d74a.jpg,113,260,260 296 295 332 292,0.055241094448495114
data\raw\val\02458_Animalia_Arthropoda_Insecta_Odonata_Lestidae_Lestes_inaequalis\ed115567-115f-4612-83e2-f2514e2cacea.jpg,113,121,121 72 22 14 116,0.008389401732324633
data\raw\val\02458_Animalia_Arthropoda_Insecta_Odonata_Lestidae_Lestes_inaequalis\02f244a9-3861-4c62-873e-edfd128cfb48.jpg,113,105,105 197 40 183 103,0.032827884249604034
data\raw\val\02458_Animalia_Arthropoda_Insecta_Odonata_Lestidae_Lestes_inaequalis\e79e1397-8d88-493f-b71a-7ae2dac6dbc6.jpg,113,21,21 119 42 4 112,0.012676073340742434
data\raw\val\02458_Animalia_Arthropoda_Insecta_Odonata_Lestidae_Lestes_inaequalis\0cbede0b-5f38-47ef-9df8-955a3a0d4e4b.jpg,113,119,119 180 300 185 116,0.017463333462472946
data\raw\val\02458_Animalia_Arthropoda_Insecta_Odonata_Lestidae_Lestes_inaequalis\d3023ac3-bd7b-4313-95d2-5e0363b66cbd.jpg,113,113,113 112 105 119 122,0.03184334436877121
data\raw\val\02458_Animalia_Arthropoda_Insecta_Odonata_Lestidae_Lestes_inaequalis\3e0a1423-e105-46d5-9839-6348255017f3.jpg,113,71,71 438 97 23 421,0.008171501557314982
data\raw\val\02458_Animalia_Arthropoda_Insecta_Odonata_Lestidae_Lestes_inaequalis\71d6cd53-4a7a-42b7-b5d6-43ac054463e8.jpg,113,369,369 363 287 367 314,0.05733109735053037
data\raw\val\02458_Animalia_Arthropoda_Insecta_Odonata_Lestidae_Lestes_inaequalis\73a5489a-a7d5-4ca0-8b2f-bc38321b8a89.jpg,113,21,21 128 148 17 250,0.009505775853038778
data\raw\val\02458_Animalia_Arthropoda_Insecta_Odonata_Lestidae_Lestes_inaequalis\f19b7b32-da94-45b8-80b6-0705e22fb0ab.jpg,113,64,64 112 113 105 195,0.0169421860307
data\raw\val\02501_Animalia_Arthropoda_Insecta_Odonata_Libellulidae_Leucorrhinia_intacta\568dceba-70e0-46ca-8b4b-97897d25c3e0.jpg,114,34,34 206 207 130 108,0.010442786524744587
data\raw\val\02501_Animalia_Arthropoda_Insecta_Odonata_Libellulidae_Leucorrhinia_intacta\dc9b722b-585b-4cf2-9425-1dafb994b2cd.jpg,114,52,52 270 264 8 218,0.0179103864999531
data\raw\val\02501_Animalia_Arthropoda_Insecta_Odonata_Libellulidae_Leucorrhinia_intacta\f1b754af-f5b4-44e9-8740-06c81b99b958.jpg,114,374,374 289 261 285 303,0.029373056008299345
data\raw\val\02501_Animalia_Arthropoda_Insecta_Odonata_Libellulidae_Leucorrhinia_intacta\d90a4af5-639d-49c2-8beb-9648cfdd8f2a.jpg,114,363,363 394 263 29 307,0.012479842081269087
data\raw\val\02501_Animalia_Arthropoda_Insecta_Odonata_Libellulidae_Leucorrhinia_intacta\c664c0c5-e298-4044-a863-6f6c7a9ff858.jpg,114,47,47 102 45 164 147,0.015540241558795988
data\raw\val\02501_Animalia_Arthropoda_Insecta_Odonata_Libellulidae_Leucorrhinia_intacta\dab24015-3e90-47d1-ab0f-61fef1bfc815.jpg,114,27,27 188 42 203 300,0.021482256164214907
data\raw\val\02501_Animalia_Arthropoda_Insecta_Odonata_Libellulidae_Leucorrhinia_intacta\2a05b7ba-8660-41bc-a638-a7dd0272b30d.jpg,114,219,219 4 3 65 142,0.028578561905011103
data\raw\val\02501_Animalia_Arthropoda_Insecta_Odonata_Libellulidae_Leucorrhinia_intacta\60db4e1b-4831-49df-9def-3e019b509108.jpg,114,7,7 36 329 238 144,0.03032278797461682
data\raw\val\02501_Animalia_Arthropoda_Insecta_Odonata_Libellulidae_Leucorrhinia_intacta\05e0e207-9e2e-4793-b872-1f1dc3e77a69.jpg,114,153,153 218 241 141 435,0.014664227460900936
data\raw\val\02501_Animalia_Arthropoda_Insecta_Odonata_Libellulidae_Leucorrhinia_intacta\973f35dc-ae08-4666-b67e-fac76b180f93.jpg,114,152,152 158 49 128 122,0.013026522167602575
data\raw\val\02502_Animalia_Arthropoda_Insecta_Odonata_Libellulidae_Leucorrhinia_proxima\6aaffaab-d0ce-4e4f-a0d0-dd206f39a268.jpg,115,301,301 192 241 107 428,0.03765583010751706
data\raw\val\02502_Animalia_Arthropoda_Insecta_Odonata_Libellulidae_Leucorrhinia_proxima\ee6821f3-38b8-415f-8f35-989bbbe5d5b7.jpg,115,105,105 3 187 104 107,0.015203483880711091
data\raw\val\02502_Animalia_Arthropoda_Insecta_Odonata_Libellulidae_Leucorrhinia_proxima\f05c61f8-07ca-41d9-8053-60d8c28346df.jpg,115,115,115 25 109 111 154,0.02260783013273012
data\raw\val\02502_Animalia_Arthropoda_Insecta_Odonata_Libellulidae_Leucorrhinia_proxima\84622f3c-b90f-4c06-9985-2e0411b5f496.jpg,115,1,1 22 174 25 3,0.02905132551392262
data\raw\val\02502_Animalia_Arthropoda_Insecta_Odonata_Libellulidae_Leucorrhinia_proxima\86e71c95-5e0b-4bc9-be37-7e7f9074d608.jpg,115,263,263 374 142 289 331,0.023273617246947768
data\raw\val\02502_Animalia_Arthropoda_Insecta_Odonata_Libellulidae_Leucorrhinia_proxima\cb78f124-87b4-43cc-9089-37f46279f236.jpg,115,10,10 69 428 319 178,0.02076681659653302
data\raw\val\02502_Animalia_Arthropoda_Insecta_Odonata_Libellulidae_Leucorrhinia_proxima\45260d49-5d06-43c0-ae37-4bc30a7b78b8.jpg,115,108,108 101 66 22 125,0.039364727323835266
data\raw\val\02502_Animalia_Arthropoda_Insecta_Odonata_Libellulidae_Leucorrhinia_proxima\01f15cb8-c814-4f97-9888-fc28bb4f36a8.jpg,115,113,113 477 105 180 75,0.03158168134838562
data\raw\val\02502_Animalia_Arthropoda_Insecta_Odonata_Libellulidae_Leucorrhinia_proxima\cdd39647-deac-4177-827e-d79dcbe534bf.jpg,115,34,34 158 204 21 104,0.009831538442584721
data\raw\val\02502_Animalia_Arthropoda_Insecta_Odonata_Libellulidae_Leucorrhinia_proxima\1a169942-bd47-400b-8155-362721b68069.jpg,115,219,219 140 187 3 210,0.026777599991017798
data\raw\val\02569_Animalia_Arthropoda_Insecta_Odonata_Libellulidae_Sympetrum_obtrusum\8ae04bb3-b13d-4559-b677-6ddd2a52ff84.jpg,116,32,32 16 187 195 75,0.015174622552957472
data\raw\val\02569_Animalia_Arthropoda_Insecta_Odonata_Libellulidae_Sympetrum_obtrusum\24e93d1a-991c-4b9f-91a4-2c27e566eb28.jpg,116,0,0 34 29 33 37,0.012033704183604154
data\raw\val\02569_Animalia_Arthropoda_Insecta_Odonata_Libellulidae_Sympetrum_obtrusum\e173d6aa-adf5-442c-bacf-3e9a950eb5cd.jpg,116,64,64 231 112 103 4,0.016748533724699196
data\raw\val\02569_Animalia_Arthropoda_Insecta_Odonata_Libellulidae_Sympetrum_obtrusum\343acf73-2654-4e8b-8ad7-2e5bb44ca4f2.jpg,116,109,109 113 0 115 107,0.05834258234630306
data\raw\val\02569_Animalia_Arthropoda_Insecta_Odonata_Libellulidae_Sympetrum_obtrusum\d45e8b43-d327-42e5-9825-5fb84acf99a9.jpg,116,32,32 30 63 107 153,0.016415227158974477
data\raw\val\02569_Animalia_Arthropoda_Insecta_Odonata_Libellulidae_Sympetrum_obtrusum\ae67c081-e519-4dc0-8a6b-239835fa1e28.jpg,116,109,109 115 168 146 12,0.020390698492770594
data\raw\val\02569_Animalia_Arthropoda_Insecta_Odonata_Libellulidae_Sympetrum_obtrusum\069e9e82-6ee7-4e8f-947f-4dc725dc9f99.jpg,116,258,258 97 86 261 96,0.03366216556135031
data\raw\val\02569_Animalia_Arthropoda_Insecta_Odonata_Libellulidae_Sympetrum_obtrusum\6f0fec64-57f9-4364-ae65-72acb6ac3e25.jpg,116,186,186 197 107 198 16,0.01491295579797958
data\raw\val\02569_Animalia_Arthropoda_Insecta_Odonata_Libellulidae_Sympetrum_obtrusum\430de389-cd54-4def-b903-258898e4542a.jpg,116,80,80 21 109 20 108,0.009731898983222406
data\raw\val\02569_Animalia_Arthropoda_Insecta_Odonata_Libellulidae_Sympetrum_obtrusum\ff57da09-ea58-47a4-8cf2-e31ffbd9044a.jpg,116,95,95 174 166 104 231,0.03393995625980736
data\raw\val\02581_Animalia_Arthropoda_Insecta_Odonata_Libellulidae_Trithemis_annulata\eb6ff453-b764-4bbc-8c43-3919b3ce863d.jpg,117,112,112 64 4 232 113,0.05300694509446139
data\raw\val\02581_Animalia_Arthropoda_Insecta_Odonata_Libellulidae_Trithemis_annulata\47c3ff9a-58d2-47ff-9f53-bbc39dec0917.jpg,117,6,6 250 139 144 254,0.02134190587193611
data\raw\val\02581_Animalia_Arthropoda_Insecta_Odonata_Libellulidae_Trithemis_annulata\1a000089-eabb-4da9-83c5-fd860f826e7b.jpg,117,75,75 183 119 102 174,0.016098232907087045
data\raw\val\02581_Animalia_Arthropoda_Insecta_Odonata_Libellulidae_Trithemis_annulata\ae1cf67c-347a-4c0b-ac51-69dd1ea69414.jpg,117,231,231 65 196 153 103,0.015696560322002763
data\raw\val\02581_Animalia_Arthropoda_Insecta_Odonata_Libellulidae_Trithemis_annulata\bb729f4e-2647-47a5-9d82-a38525445067.jpg,117,2,2 339 105 298 16,0.007989559555896796
data\raw\val\02581_Animalia_Arthropoda_Insecta_Odonata_Libellulidae_Trithemis_annulata\a48c92e4-5ae3-4263-a6d8-359d625742b9.jpg,117,118,118 157 224 87 92,0.03738572010013495
data\raw\val\02581_Animalia_Arthropoda_Insecta_Odonata_Libellulidae_Trithemis_annulata\51b5ad46-76a5-450b-95f9-d20eac551ed2.jpg,117,206,206 108 22 149 62,0.012590145250224128
data\raw\val\02581_Animalia_Arthropoda_Insecta_Odonata_Libellulidae_Trithemis_annulata\ca27b29e-ca3b-4806-86b0-20e5b4002910.jpg,117,103,103 113 112 4 195,0.013441389026481709
data\raw\val\02581_Animalia_Arthropoda_Insecta_Odonata_Libellulidae_Trithemis_annulata\6250cae2-7adb-4011-9aed-4a10044eb17e.jpg,117,250,250 214 100 139 254,0.01665851625818474
data\raw\val\02581_Animalia_Arthropoda_Insecta_Odonata_Libellulidae_Trithemis_annulata\5ee591ad-be8f-4108-9f0f-903e9d383a0c.jpg,117,353,353 372 297 120 446,0.0422349714716831
data\raw\val\02585_Animalia_Arthropoda_Insecta_Odonata_Libellulidae_Trithemis_kirbyi\9e9c3c3e-b2d5-41a2-a669-9883cea70877.jpg,118,149,149 45 108 169 82,0.01551968749246603
data\raw\val\02585_Animalia_Arthropoda_Insecta_Odonata_Libellulidae_Trithemis_kirbyi\e4e5a8bd-557e-4dbf-a302-7bba6bc65859.jpg,118,110,110 118 211 82 139,0.011139308425540681
data\raw\val\02585_Animalia_Arthropoda_Insecta_Odonata_Libellulidae_Trithemis_kirbyi\b469251e-fd6c-461e-ba56-186d2c718607.jpg,118,118,118 237 214 161 238,0.035301125858722936
data\raw\val\02585_Animalia_Arthropoda_Insecta_Odonata_Libellulidae_Trithemis_kirbyi\5a87fe20-54e8-4a83-9420-c40a15b65621.jpg,118,109,109 45 115 206 113,0.02475615610836478
data\raw\val\02585_Animalia_Arthropoda_Insecta_Odonata_Libellulidae_Trithemis_kirbyi\3d7ab930-f5d8-48c4-a4de-5a06ab4cbe6c.jpg,118,217,217 233 75 241 280,0.02243167807379403
data\raw\val\02585_Animalia_Arthropoda_Insecta_Odonata_Libellulidae_Trithemis_kirbyi\22349f7f-1bb2-45ce-b9ea-a6155b7cd264.jpg,118,53,53 166 41 55 254,0.05718288199086604
data\raw\val\02585_Animalia_Arthropoda_Insecta_Odonata_Libellulidae_Trithemis_kirbyi\363d4b77-ffd7-4697-9a28-80bb23e7bea8.jpg,118,1,1 56 180 174 165,0.043171973413500916
data\raw\val\02585_Animalia_Arthropoda_Insecta_Odonata_Libellulidae_Trithemis_kirbyi\b1e99f2b-222c-4fb6-a8d5-a1b1dd48456e.jpg,118,381,381 350 319 229 213,0.05661293187977113
data\raw\val\02585_Animalia_Arthropoda_Insecta_Odonata_Libellulidae_Trithemis_kirbyi\4a45399e-069d-4bae-a22f-ecbeb3544538.jpg,118,15,15 117 158 26 21,0.010854687161238528
data\raw\val\02585_Animalia_Arthropoda_Insecta_Odonata_Libellulidae_Trithemis_kirbyi\7ec00fdf-da2e-4e9d-8084-55ab732f3a7b.jpg,118,22,22 239 77 100 7,0.022272049403515428
data\raw\val\02593_Animalia_Arthropoda_Insecta_Odonata_Platycnemididae_Nososticta_solida\2e43db93-5ee4-43d0-8f91-693f99355da1.jpg,119,149,149 158 116 72 193,0.013357043527402194
data\raw\val\02593_Animalia_Arthropoda_Insecta_Odonata_Platycnemididae_Nososticta_solida\6dd86bd0-36d0-4835-92ec-0e0e45b12784.jpg,119,116,116 119 99 25 113,0.014078706043558655
data\raw\val\02593_Animalia_Arthropoda_Insecta_Odonata_Platycnemididae_Nososticta_solida\748fef49-5d65-401e-baa3-8ffd60a3ead9.jpg,119,187,187 109 236 183 115,0.01739993099820641
data\raw\val\02593_Animalia_Arthropoda_Insecta_Odonata_Platycnemididae_Nososticta_solida\482faedb-9994-43fa-80a1-0a858ffa78cc.jpg,119,15,15 174 8 42 25,0.020670436175814377
data\raw\val\02593_Animalia_Arthropoda_Insecta_Odonata_Platycnemididae_Nososticta_solida\aca8a76a-eb98-4534-96b4-8513b5bf7226.jpg,119,180,180 116 165 177 45,0.017003225016804787
data\raw\val\02593_Animalia_Arthropoda_Insecta_Odonata_Platycnemididae_Nososticta_solida\5ee476d8-890d-4eae-a1f9-2b9b1733cd5f.jpg,119,183,183 25 174 165 104,0.01207351050850587
data\raw\val\02593_Animalia_Arthropoda_Insecta_Odonata_Platycnemididae_Nososticta_solida\68962017-04cd-473a-a91a-33b938a952e5.jpg,119,105,105 113 75 103 112,0.014225779552455103
data\raw\val\02593_Animalia_Arthropoda_Insecta_Odonata_Platycnemididae_Nososticta_solida\c2eafab1-d8ba-41bc-84bd-9567594ead88.jpg,119,110,110 105 106 116 187,0.011798349072173284
data\raw\val\02593_Animalia_Arthropoda_Insecta_Odonata_Platycnemididae_Nososticta_solida\d14de661-f16a-48dc-a72e-c452c4825554.jpg,119,106,106 21 251 104 253,0.01640467982703855
data\raw\val\02593_Animalia_Arthropoda_Insecta_Odonata_Platycnemididae_Nososticta_solida\8018db98-d390-40c6-8bce-6982741353bd.jpg,119,235,235 192 143 271 303,0.025080438479554785
data\raw\val\02661_Animalia_Arthropoda_Insecta_Orthoptera_Romaleidae_Taeniopoda_eques\5ec6d57f-09ea-4d95-9e03-999b21754f74.jpg,120,250,250 254 144 105 255,0.06418081129076912
data\raw\val\02661_Animalia_Arthropoda_Insecta_Orthoptera_Romaleidae_Taeniopoda_eques\96f6ecba-2db5-4113-a5bf-af9230aa34da.jpg,120,187,187 106 96 69 29,0.013407663228191823
data\raw\val\02661_Animalia_Arthropoda_Insecta_Orthoptera_Romaleidae_Taeniopoda_eques\df865107-ebbd-48e4-bcb1-f08180e3845f.jpg,120,40,40 114 106 66 72,0.014619067992529083
data\raw\val\02661_Animalia_Arthropoda_Insecta_Orthoptera_Romaleidae_Taeniopoda_eques\32096599-2f33-408d-819c-1508d6c11680.jpg,120,69,69 381 350 68 156,0.031001933870111225
data\raw\val\02661_Animalia_Arthropoda_Insecta_Orthoptera_Romaleidae_Taeniopoda_eques\31edbe08-167a-4b3d-99b8-e0ff6d0009d4.jpg,120,36,36 302 254 29 120,0.012664772788652804
data\raw\val\02661_Animalia_Arthropoda_Insecta_Orthoptera_Romaleidae_Taeniopoda_eques\a5d6b1ed-c2ec-40dd-95d9-32d70ee0a4c1.jpg,120,256,256 10 228 6 144,0.027635291178991668
data\raw\val\02661_Animalia_Arthropoda_Insecta_Orthoptera_Romaleidae_Taeniopoda_eques\a72ae6c6-c7fb-4fb5-86ff-f5cc4f7248f8.jpg,120,313,313 91 452 366 371,0.079632754596748
data\raw\val\02661_Animalia_Arthropoda_Insecta_Orthoptera_Romaleidae_Taeniopoda_eques\d4223e51-2d30-45b0-bbe5-444226b39dd5.jpg,120,403,403 337 279 352 430,0.02983525198276433
data\raw\val\02661_Animalia_Arthropoda_Insecta_Orthoptera_Romaleidae_Taeniopoda_eques\bda1a717-51e0-495d-bdd7-6f214d08ff42.jpg,120,111,111 115 29 107 180,0.011013476971587116
data\raw\val\02661_Animalia_Arthropoda_Insecta_Orthoptera_Romaleidae_Taeniopoda_eques\957928cf-2a8c-40ac-8d29-b40e479b7e6d.jpg,120,214,214 11 237 238 73,0.044727129904787374
data\raw\val\02691_Animalia_Arthropoda_Insecta_Orthoptera_Tettigoniidae_Tettigonia_viridissima\4ce7981f-c95b-436b-8087-f49af9b45a0d.jpg,121,3,3 186 196 40 75,0.028156883641510897
data\raw\val\02691_Animalia_Arthropoda_Insecta_Orthoptera_Tettigoniidae_Tettigonia_viridissima\36ca0cd6-43e3-4e15-92cd-34f2acaf4b1f.jpg,121,171,171 167 187 186 209,0.025438980912177837
data\raw\val\02691_Animalia_Arthropoda_Insecta_Orthoptera_Tettigoniidae_Tettigonia_viridissima\093cf266-5fd2-4fe4-8760-a94a1b7ab203.jpg,121,119,119 105 113 42 121,0.02755639766929771
data\raw\val\02691_Animalia_Arthropoda_Insecta_Orthoptera_Tettigoniidae_Tettigonia_viridissima\68468ed1-f11b-4471-93db-7933678f2f7e.jpg,121,236,236 113 112 121 128,0.01444338212737578
data\raw\val\02691_Animalia_Arthropoda_Insecta_Orthoptera_Tettigoniidae_Tettigonia_viridissima\7c5394eb-63aa-4c69-badb-8ea717c714df.jpg,121,149,149 128 181 185 168,0.0351778374966413
data\raw\val\02691_Animalia_Arthropoda_Insecta_Orthoptera_Tettigoniidae_Tettigonia_viridissima\a4722ba3-9a29-4f19-bba8-23abc10db919.jpg,121,187,187 116 186 84 13,0.0179404034122389
data\raw\val\02691_Animalia_Arthropoda_Insecta_Orthoptera_Tettigoniidae_Tettigonia_viridissima\d6d87d5d-38a0-4c18-a2c2-b93053713172.jpg,121,96,96 110 235 150 114,0.02954011629931427
data\raw\val\02691_Animalia_Arthropoda_Insecta_Orthoptera_Tettigoniidae_Tettigonia_viridissima\c252c6dc-378e-49a9-a4ce-d12e40c49ca6.jpg,121,467,467 308 472 435 364,0.019374700927782092
data\raw\val\02691_Animalia_Arthropoda_Insecta_Orthoptera_Tettigoniidae_Tettigonia_viridissima\ea3d41d3-c5f6-4cfe-8f0b-bb1da828055c.jpg,121,115,115 107 29 300 204,0.01768982426611528
data\raw\val\02691_Animalia_Arthropoda_Insecta_Orthoptera_Tettigoniidae_Tettigonia_viridissima\48b707e1-151b-41f9-ac2d-95aacadbc7f6.jpg,121,65,65 130 141 110 26,0.03444277946158326
data\raw\val\02692_Animalia_Arthropoda_Insecta_Orthoptera_Trigonidiidae_Phyllopalpus_pulchellus\bb4fa2de-85da-40d4-9e53-9925e81f59e2.jpg,122,24,24 256 347 269 227,0.018247813234530313
data\raw\val\02692_Animalia_Arthropoda_Insecta_Orthoptera_Trigonidiidae_Phyllopalpus_pulchellus\1dc6b7f8-b472-4193-b1c6-dd182d44310a.jpg,122,150,150 203 151 159 188,0.06020308295191027
data\raw\val\02692_Animalia_Arthropoda_Insecta_Orthoptera_Trigonidiidae_Phyllopalpus_pulchellus\e646be90-c101-4b01-8587-ad9948b55ebe.jpg,122,219,219 1 140 4 104,0.050411908342797136
data\raw\val\02692_Animalia_Arthropoda_Insecta_Orthoptera_Trigonidiidae_Phyllopalpus_pulchellus\f0559410-292a-4837-91a9-9c58f3485df0.jpg,122,132,132 135 219 136 18,0.018434080636096722
data\raw\val\02692_Animalia_Arthropoda_Insecta_Orthoptera_Trigonidiidae_Phyllopalpus_pulchellus\00084f8a-182d-49e6-a80d-3a47fed0087b.jpg,122,32,32 4 210 50 216,0.040023677743869106
data\raw\val\02692_Animalia_Arthropoda_Insecta_Orthoptera_Trigonidiidae_Phyllopalpus_pulchellus\79389a19-194e-47ef-abfc-4543c28fa9f0.jpg,122,26,26 16 66 17 28,0.019475117165015945
data\raw\val\02692_Animalia_Arthropoda_Insecta_Orthoptera_Trigonidiidae_Phyllopalpus_pulchellus\eaa18346-541c-47af-9283-af353329c36e.jpg,122,72,72 99 126 57 102,0.03399685498524345
data\raw\val\02692_Animalia_Arthropoda_Insecta_Orthoptera_Trigonidiidae_Phyllopalpus_pulchellus\23fab94b-635a-40ca-8b92-156194654db2.jpg,122,4,4 64 231 112 105,0.032054790739376504
data\raw\val\02692_Animalia_Arthropoda_Insecta_Orthoptera_Trigonidiidae_Phyllopalpus_pulchellus\10bdbc59-d2c4-416c-8a13-9099e1995814.jpg,122,32,32 133 172 46 55,0.014926626123108192
data\raw\val\02692_Animalia_Arthropoda_Insecta_Orthoptera_Trigonidiidae_Phyllopalpus_pulchellus\bfa16417-e426-4a4e-8018-3d3d92d146c3.jpg,122,159,159 164 50 157 46,0.02910257743840652
data\raw\val\02704_Animalia_Arthropoda_Malacostraca_Decapoda_Cancridae_Cancer_borealis\1b8a862e-6e5e-4764-b0ae-8c21b35deb0c.jpg,123,229,229 247 126 224 276,0.01649441599676287
data\raw\val\02704_Animalia_Arthropoda_Malacostraca_Decapoda_Cancridae_Cancer_borealis\2b1e98fd-1d46-4973-83f9-92c6aee33706.jpg,123,358,358 382 312 399 365,0.02440621501740255
data\raw\val\02704_Animalia_Arthropoda_Malacostraca_Decapoda_Cancridae_Cancer_borealis\710a6423-2079-4011-ab0f-9f217bcc66a3.jpg,123,5,5 37 47 52 66,0.021978394321091835
data\raw\val\02704_Animalia_Arthropoda_Malacostraca_Decapoda_Cancridae_Cancer_borealis\ee3a99bf-2c77-4b2a-a98e-e0efff4d9ced.jpg,123,214,214 132 249 237 118,0.03590325337377886
data\raw\val\02704_Animalia_Arthropoda_Malacostraca_Decapoda_Cancridae_Cancer_borealis\e77270f5-afeb-46c0-ab4f-a5be4b02d4eb.jpg,123,238,238 457 59 118 11,0.021052682479190173
data\raw\val\02704_Animalia_Arthropoda_Malacostraca_Decapoda_Cancridae_Cancer_borealis\4f20ed52-aa03-4bd6-aa63-302ed28169b0.jpg,123,258,258 141 66 408 311,0.022874241586214573
data\raw\val\02704_Animalia_Arthropoda_Malacostraca_Decapoda_Cancridae_Cancer_borealis\7ba289f4-9d47-4937-bed4-0149dad4f1c9.jpg,123,490,490 360 397 124 475,0.024755535032435584
data\raw\val\02704_Animalia_Arthropoda_Malacostraca_Decapoda_Cancridae_Cancer_borealis\34e16521-2bb6-4c0c-a431-97fb00f06a01.jpg,123,265,265 266 262 393 127,0.01980229673543993
data\raw\val\02704_Animalia_Arthropoda_Malacostraca_Decapoda_Cancridae_Cancer_borealis\131f34ce-539a-43a8-a794-97518580807f.jpg,123,129,129 136 249 252 135,0.052780065604136464
data\raw\val\02704_Animalia_Arthropoda_Malacostraca_Decapoda_Cancridae_Cancer_borealis\74e5825d-2434-445f-a9e5-c8d615ada44d.jpg,123,255,255 246 399 123 144,0.044046416026775684
data\raw\val\02712_Animalia_Arthropoda_Malacostraca_Decapoda_Epialtidae_Pugettia_producta\1ba96057-a417-4ee8-bb4e-211fa31fd929.jpg,124,188,188 192 278 284 300,0.04168848575851781
data\raw\val\02712_Animalia_Arthropoda_Malacostraca_Decapoda_Epialtidae_Pugettia_producta\747ae6b9-ae72-4b2d-bd03-72e4dd12a4ef.jpg,124,185,185 108 147 50 46,0.01948628278003809
data\raw\val\02712_Animalia_Arthropoda_Malacostraca_Decapoda_Epialtidae_Pugettia_producta\5965d782-6762-4ea7-8d62-d60f1af69364.jpg,124,258,258 222 196 262 266,0.04399921406521616
data\raw\val\02712_Animalia_Arthropoda_Malacostraca_Decapoda_Epialtidae_Pugettia_producta\edf19fa4-23f9-49b8-b98a-8326f3f4f9c3.jpg,124,139,139 254 249 140 255,0.01322404218913241
data\raw\val\02712_Animalia_Arthropoda_Malacostraca_Decapoda_Epialtidae_Pugettia_producta\8d02525b-0442-4bdd-975a-1bcc0c42cc65.jpg,124,242,242 87 168 226 166,0.028016651925758834
data\raw\val\02712_Animalia_Arthropoda_Malacostraca_Decapoda_Epialtidae_Pugettia_producta\7d9d2fc1-22b9-4a07-a687-297c53ee7b39.jpg,124,222,222 398 490 467 451,0.02370797646844819
data\raw\val\02712_Animalia_Arthropoda_Malacostraca_Decapoda_Epialtidae_Pugettia_producta\ad29f261-e2c4-4462-9817-e5a964e5b3a1.jpg,124,274,274 255 124 246 244,0.030767660774886227
data\raw\val\02712_Animalia_Arthropoda_Malacostraca_Decapoda_Epialtidae_Pugettia_producta\cd0d08da-16f1-41ce-b453-e56702889269.jpg,124,249,249 276 448 485 266,0.030650344510400298
data\raw\val\02712_Animalia_Arthropoda_Malacostraca_Decapoda_Epialtidae_Pugettia_producta\c881999f-d4bf-4e5f-9bd5-0a0040a561ab.jpg,124,274,274 492 255 246 252,0.04417742260360798
data\raw\val\02712_Animalia_Arthropoda_Malacostraca_Decapoda_Epialtidae_Pugettia_producta\235ee060-be34-4960-95ab-16f8852ddc2b.jpg,124,254,254 247 124 7 240,0.030430297630296102
data\raw\val\02721_Animalia_Arthropoda_Malacostraca_Decapoda_Hippidae_Emerita_talpoida\17bdaa2d-fe7f-41c6-bc0a-0d53c9a34cfa.jpg,125,76,76 18 28 34 37,0.00897218240770135
data\raw\val\02721_Animalia_Arthropoda_Malacostraca_Decapoda_Hippidae_Emerita_talpoida\e6daeee7-9e09-40e0-8d24-9001e2e6b036.jpg,125,11,11 237 118 238 347,0.034614774491686116
data\raw\val\02721_Animalia_Arthropoda_Malacostraca_Decapoda_Hippidae_Emerita_talpoida\ee9f26ca-6144-4b3c-8528-eb2bbcd811ba.jpg,125,80,80 3 149 117 62,0.012302848327026545
data\raw\val\02721_Animalia_Arthropoda_Malacostraca_Decapoda_Hippidae_Emerita_talpoida\17c62b49-32ab-40c6-ab9f-7a8c41de29e3.jpg,125,254,254 238 118 237 7,0.03244909805162503
data\raw\val\02721_Animalia_Arthropoda_Malacostraca_Decapoda_Hippidae_Emerita_talpoida\f1ab0e7b-4991-448e-afb3-97a40c1f1294.jpg,125,247,247 229 126 7 39,0.10445452237635218
data\raw\val\02721_Animalia_Arthropoda_Malacostraca_Decapoda_Hippidae_Emerita_talpoida\70075bac-f1d2-46d4-84c5-47c1c336816d.jpg,125,144,144 424 249 238 245,0.02155014475624447
data\raw\val\02721_Animalia_Arthropoda_Malacostraca_Decapoda_Hippidae_Emerita_talpoida\95f5b335-7cd1-4476-8fb9-7bb42a6da0b7.jpg,125,41,41 248 21 137 101,0.01419982871226663
data\raw\val\02721_Animalia_Arthropoda_Malacostraca_Decapoda_Hippidae_Emerita_talpoida\28f30084-8a2b-4538-ab37-d2c14811c8dd.jpg,125,247,247 126 229 7 64,0.09859720145596634
data\raw\val\02721_Animalia_Arthropoda_Malacostraca_Decapoda_Hippidae_Emerita_talpoida\23ac7d23-e5e0-4029-8a66-c4c3992543fe.jpg,125,265,265 27 247 123 56,0.03349385488717675
data\raw\val\02721_Animalia_Arthropoda_Malacostraca_Decapoda_Hippidae_Emerita_talpoida\776bf2ab-8d84-47de-90d2-89ec00477797.jpg,125,125,125 101 58 100 99,0.02495902239853925
data\raw\val\02737_Animalia_Arthropoda_Malacostraca_Decapoda_Portunidae_Arenaeus_cribrarius\f38b71c6-e5f9-43a1-bf47-1b9b9a07f701.jpg,126,219,219 135 20 2 136,0.030736857386474335
data\raw\val\02737_Animalia_Arthropoda_Malacostraca_Decapoda_Portunidae_Arenaeus_cribrarius\5c1c3921-0681-4dc1-830a-5781a850535e.jpg,126,126,126 248 246 274 234,0.05834129578044376
data\raw\val\02737_Animalia_Arthropoda_Malacostraca_Decapoda_Portunidae_Arenaeus_cribrarius\af8ec3f5-8f86-43d2-a3d6-04b3f91cafcd.jpg,126,126,126 125 99 88 21,0.08122788443300741
data\raw\val\02737_Animalia_Arthropoda_Malacostraca_Decapoda_Portunidae_Arenaeus_cribrarius\4723cb35-1f23-4aa5-b33d-e1b39bc9b7c3.jpg,126,102,102 18 25 159 247,0.021021273233230033
data\raw\val\02737_Animalia_Arthropoda_Malacostraca_Decapoda_Portunidae_Arenaeus_cribrarius\76b1af24-9620-4c80-967a-e484b5df3078.jpg,126,313,313 226 327 437 468,0.026571831125971376
data\raw\val\02737_Animalia_Arthropoda_Malacostraca_Decapoda_Portunidae_Arenaeus_cribrarius\630a9e60-b502-4cd4-bd29-fcd18300515d.jpg,126,126,126 247 242 229 240,0.11424167669882267
data\raw\val\02737_Animalia_Arthropoda_Malacostraca_Decapoda_Portunidae_Arenaeus_cribrarius\c04f258c-4bf0-4ea9-b5d6-cdec4e5baac7.jpg,126,173,173 46 60 117 148,0.016882313030170622
data\raw\val\02737_Animalia_Arthropoda_Malacostraca_Decapoda_Portunidae_Arenaeus_cribrarius\a5c5d602-ac1a-44ac-8640-26d137493356.jpg,126,219,219 140 241 38 210,0.0315959826256341
data\raw\val\02737_Animalia_Arthropoda_Malacostraca_Decapoda_Portunidae_Arenaeus_cribrarius\9df85117-bc8d-4949-898b-09be71baade4.jpg,126,126,126 248 137 5 250,0.037233866100318674
data\raw\val\02737_Animalia_Arthropoda_Malacostraca_Decapoda_Portunidae_Arenaeus_cribrarius\556eb44a-6b94-4549-89ca-217e71983f32.jpg,126,226,226 126 232 240 53,0.030384370218032274
data\raw\val\02739_Animalia_Arthropoda_Malacostraca_Decapoda_Sesarmidae_Aratus_pisonii\8a2e85d6-7c7e-4c0f-b067-d0f59a9d6bf9.jpg,127,188,188 303 192 201 306,0.03444159164815424
data\raw\val\02739_Animalia_Arthropoda_Malacostraca_Decapoda_Sesarmidae_Aratus_pisonii\efe5d11e-c877-4e89-b237-c8c318eb6e4b.jpg,127,127,127 218 207 270 153,0.018335074622985306
data\raw\val\02739_Animalia_Arthropoda_Malacostraca_Decapoda_Sesarmidae_Aratus_pisonii\36a2fb87-391e-49ba-b344-fb99e4cd6647.jpg,127,283,283 203 150 151 216,0.0702318927753454
data\raw\val\02739_Animalia_Arthropoda_Malacostraca_Decapoda_Sesarmidae_Aratus_pisonii\3c15d503-f6b9-4db3-a56b-4fbd5b1c1d9d.jpg,127,147,147 55 20 148 61,0.026437874426705362
data\raw\val\02739_Animalia_Arthropoda_Malacostraca_Decapoda_Sesarmidae_Aratus_pisonii\2f233598-9d81-4b30-9c5f-e80b58d33190.jpg,127,266,266 206 448 434 249,0.02358236715794615
data\raw\val\02739_Animalia_Arthropoda_Malacostraca_Decapoda_Sesarmidae_Aratus_pisonii\5ed0780d-7bf1-4548-8385-16d981af0d8f.jpg,127,241,241 210 270 207 192,0.018514471365766665
data\raw\val\02739_Animalia_Arthropoda_Malacostraca_Decapoda_Sesarmidae_Aratus_pisonii\ed66df75-bd76-4665-955e-a8b2924a2389.jpg,127,9,9 262 264 123 258,0.022160163467724137
data\raw\val\02739_Animalia_Arthropoda_Malacostraca_Decapoda_Sesarmidae_Aratus_pisonii\4b5050f6-49d0-488d-a515-9d4f8829135d.jpg,127,258,258 207 123 130 271,0.031217802247786378
data\raw\val\02739_Animalia_Arthropoda_Malacostraca_Decapoda_Sesarmidae_Aratus_pisonii\dace3698-d6d4-4b68-be61-7167eeece4bd.jpg,127,309,309 293 435 451 441,0.013376905828487495
data\raw\val\02739_Animalia_Arthropoda_Malacostraca_Decapoda_Sesarmidae_Aratus_pisonii\53840f88-b561-4c62-84a5-c751b547559e.jpg,127,22,22 11 250 5 6,0.036667996799449
data\raw\val\02769_Animalia_Chordata_Actinopterygii_Cypriniformes_Cyprinidae_Pimephales_notatus\4d524879-1db2-4b9d-a02c-6b464eeab762.jpg,128,46,46 77 101 102 62,0.01768806180275463
data\raw\val\02769_Animalia_Chordata_Actinopterygii_Cypriniformes_Cyprinidae_Pimephales_notatus\9ef2dfb1-5871-467b-9e58-41401bfda903.jpg,128,128,128 218 141 130 260,0.03088206967706384
data\raw\val\02769_Animalia_Chordata_Actinopterygii_Cypriniformes_Cyprinidae_Pimephales_notatus\1d1e6e37-4594-46ea-9131-9f70bbbe8f9a.jpg,128,251,251 49 58 129 131,0.03817199347343432
data\raw\val\02769_Animalia_Chordata_Actinopterygii_Cypriniformes_Cyprinidae_Pimephales_notatus\5ed7b253-2ba4-40d7-9938-5b552360d669.jpg,128,108,108 12 99 47 45,0.013858896307824173
data\raw\val\02769_Animalia_Chordata_Actinopterygii_Cypriniformes_Cyprinidae_Pimephales_notatus\06766b99-ee4a-485e-af41-c8d3111be51b.jpg,128,72,72 81 128 130 152,0.012288321352700337
data\raw\val\02769_Animalia_Chordata_Actinopterygii_Cypriniformes_Cyprinidae_Pimephales_notatus\18920a53-61b9-4d6a-be75-fc1352ac591f.jpg,128,218,218 239 150 115 216,0.009078647459304513
data\raw\val\02769_Animalia_Chordata_Actinopterygii_Cypriniformes_Cyprinidae_Pimephales_notatus\6ce5c7e5-1198-411c-b4c8-14ac8786d867.jpg,128,239,239 3 141 128 235,0.023968255017793726
data\raw\val\02769_Animalia_Chordata_Actinopterygii_Cypriniformes_Cyprinidae_Pimephales_notatus\3754cc24-3de1-40e3-8b21-19f26f389c98.jpg,128,62,62 52 108 81 101,0.014305149542933054
data\raw\val\02769_Animalia_Chordata_Actinopterygii_Cypriniformes_Cyprinidae_Pimephales_notatus\ba14416a-361e-45d9-a3ac-4c176ef91961.jpg,128,271,271 127 236 141 164,0.017081219764062565
data\raw\val\02769_Animalia_Chordata_Actinopterygii_Cypriniformes_Cyprinidae_Pimephales_notatus\081a6889-8f5d-4d58-9a1a-0051a9a65b9d.jpg,128,101,101 77 164 62 72,0.016050073653485476
data\raw\val\02785_Animalia_Chordata_Actinopterygii_Gobiesociformes_Gobiesocidae_Gobiesox_maeandricus\a457aeab-371c-482e-978c-347535f3b314.jpg,129,259,259 3 255 274 398,0.03050488677807623
data\raw\val\02785_Animalia_Chordata_Actinopterygii_Gobiesociformes_Gobiesocidae_Gobiesox_maeandricus\e75aacaf-2c8b-43b3-8436-c7f6ea0d710d.jpg,129,422,422 351 144 67 138,0.014241873761867226
data\raw\val\02785_Animalia_Chordata_Actinopterygii_Gobiesociformes_Gobiesocidae_Gobiesox_maeandricus\b6db49c3-0f22-4ed7-86bc-2ad6e1073ff8.jpg,129,276,276 448 471 358 439,0.022464902454143655
data\raw\val\02785_Animalia_Chordata_Actinopterygii_Gobiesociformes_Gobiesocidae_Gobiesox_maeandricus\fc23344a-7fbd-43c2-a5fc-d51c3a903386.jpg,129,256,256 274 246 354 124,0.02388880421464807
data\raw\val\02785_Animalia_Chordata_Actinopterygii_Gobiesociformes_Gobiesocidae_Gobiesox_maeandricus\e484f148-183b-463a-91e9-0fa3e31149e0.jpg,129,255,255 249 123 129 140,0.03811338633931839
data\raw\val\02785_Animalia_Chordata_Actinopterygii_Gobiesociformes_Gobiesocidae_Gobiesox_maeandricus\b6ecae1f-3846-4959-bbc5-19d43f1641dc.jpg,129,129,129 130 206 196 40,0.02460165987301046
data\raw\val\02785_Animalia_Chordata_Actinopterygii_Gobiesociformes_Gobiesocidae_Gobiesox_maeandricus\75225c7d-20f4-4370-a1be-f48c56dc360c.jpg,129,66,66 183 82 16 196,0.014091915097562526
data\raw\val\02785_Animalia_Chordata_Actinopterygii_Gobiesociformes_Gobiesocidae_Gobiesox_maeandricus\253d3539-2d85-44f8-bb4e-828804769e90.jpg,129,266,266 123 265 258 130,0.053981739865580115
data\raw\val\02785_Animalia_Chordata_Actinopterygii_Gobiesociformes_Gobiesocidae_Gobiesox_maeandricus\5712841a-aeca-4a40-99db-4fc3f9265bf8.jpg,129,129,129 133 251 128 62,0.023210236065388464
data\raw\val\02785_Animalia_Chordata_Actinopterygii_Gobiesociformes_Gobiesocidae_Gobiesox_maeandricus\600cb8fe-e37c-4f85-87e8-b96be67b27ca.jpg,129,123,123 129 249 132 248,0.020559828381166986
data\raw\val\02807_Animalia_Chordata_Actinopterygii_Perciformes_Centrarchidae_Micropterus_dolomieu\5545b309-bc93-4992-864a-63c34bdec66b.jpg,130,141,141 41 251 128 53,0.01649987218566717
data\raw\val\02807_Animalia_Chordata_Actinopterygii_Perciformes_Centrarchidae_Micropterus_dolomieu\5568748a-fb9b-46c6-a065-7c579b81559c.jpg,130,467,467 431 457 308 292,0.012527687383282658
data\raw\val\02807_Animalia_Chordata_Actinopterygii_Perciformes_Centrarchidae_Micropterus_dolomieu\ef2ec774-3f42-4645-876c-ec5dfe7cce59.jpg,130,141,141 218 127 65 130,0.017546977085426605
data\raw\val\02807_Animalia_Chordata_Actinopterygii_Perciformes_Centrarchidae_Micropterus_dolomieu\504da78c-d8e5-4f26-901f-985134355610.jpg,130,130,130 191 207 153 175,0.020015600903313828
data\raw\val\02807_Animalia_Chordata_Actinopterygii_Perciformes_Centrarchidae_Micropterus_dolomieu\d5070417-212c-4aa6-b317-f263bb829772.jpg,130,245,245 219 20 135 132,0.0655003725003686
data\raw\val\02807_Animalia_Chordata_Actinopterygii_Perciformes_Centrarchidae_Micropterus_dolomieu\8b22c472-95b4-478b-9bb8-9f5215e30149.jpg,130,140,140 255 236 270 162,0.009506955727905065
data\raw\val\02807_Animalia_Chordata_Actinopterygii_Perciformes_Centrarchidae_Micropterus_dolomieu\85164417-18f9-4720-9c7d-ae23aab0a0e8.jpg,130,13,13 27 151 127 202,0.015496568498430402
data\raw\val\02807_Animalia_Chordata_Actinopterygii_Perciformes_Centrarchidae_Micropterus_dolomieu\36789f2d-5eae-401a-89b1-f4d3c9a5c86e.jpg,130,130,130 191 218 270 271,0.01983933324960892
data\raw\val\02807_Animalia_Chordata_Actinopterygii_Perciformes_Centrarchidae_Micropterus_dolomieu\83fe6871-5a6d-4814-810c-8db18914f65d.jpg,130,196,196 26 93 197 186,0.015032999323553748
data\raw\val\02807_Animalia_Chordata_Actinopterygii_Perciformes_Centrarchidae_Micropterus_dolomieu\8c8fcfb8-e6db-4683-b1bf-db98ff3a00a4.jpg,130,140,140 129 204 130 141,0.02225704919171422
data\raw\val\02815_Animalia_Chordata_Actinopterygii_Perciformes_Cheilodactylidae_Cheilodactylus_vestitus\0c2a5fef-eeb5-437e-8826-90961df1bcef.jpg,131,249,249 274 490 255 451,0.019240948979552672
data\raw\val\02815_Animalia_Chordata_Actinopterygii_Perciformes_Cheilodactylidae_Cheilodactylus_vestitus\a9dc4758-413e-4876-9535-09851323b975.jpg,131,105,105 128 65 251 79,0.016685510233717754
data\raw\val\02815_Animalia_Chordata_Actinopterygii_Perciformes_Cheilodactylidae_Cheilodactylus_vestitus\e0d5d90b-83ff-4abf-83bf-579e0e045c16.jpg,131,422,422 329 424 255 347,0.027583212098212868
data\raw\val\02815_Animalia_Chordata_Actinopterygii_Perciformes_Cheilodactylidae_Cheilodactylus_vestitus\b84c2f37-2bc4-42f0-969c-9c0c949994f2.jpg,131,65,65 251 128 231 153,0.038925639026805896
data\raw\val\02815_Animalia_Chordata_Actinopterygii_Perciformes_Cheilodactylidae_Cheilodactylus_vestitus\765ec66d-d1c0-4822-9477-c75f4fabb0f9.jpg,131,397,397 361 246 162 493,0.01423466351913193
data\raw\val\02815_Animalia_Chordata_Actinopterygii_Perciformes_Cheilodactylidae_Cheilodactylus_vestitus\b62f56e3-e56a-493c-9614-defc78aa3fb2.jpg,131,58,58 196 148 174 149,0.023892067614019363
data\raw\val\02815_Animalia_Chordata_Actinopterygii_Perciformes_Cheilodactylidae_Cheilodactylus_vestitus\e8b7b4c6-b1a6-4aa1-ae9a-3bcd500eb437.jpg,131,241,241 86 153 210 75,0.01309497801504167
data\raw\val\02815_Animalia_Chordata_Actinopterygii_Perciformes_Cheilodactylidae_Cheilodactylus_vestitus\0b174f75-9188-42dd-9ae3-0fe2d4f1e0c5.jpg,131,134,134 137 135 136 244,0.08609243950479026
data\raw\val\02815_Animalia_Chordata_Actinopterygii_Perciformes_Cheilodactylidae_Cheilodactylus_vestitus\ef1bb632-7b22-4d69-b39c-7d508f589339.jpg,131,160,160 173 157 181 155,0.016699829148469802
data\raw\val\02815_Animalia_Chordata_Actinopterygii_Perciformes_Cheilodactylidae_Cheilodactylus_vestitus\f5713c79-3a05-4bd7-bed5-1a540ae9135b.jpg,131,242,242 235 247 59 114,0.03978263706698266
data\raw\val\02823_Animalia_Chordata_Actinopterygii_Perciformes_Girellidae_Girella_nigricans\b65afe9c-c376-4687-a7b2-0f28fdbb3167.jpg,132,135,135 136 131 132 100,0.046172701826364175
data\raw\val\02823_Animalia_Chordata_Actinopterygii_Perciformes_Girellidae_Girella_nigricans\c89e7641-aab0-4ef0-a8ae-9bbac6febbe5.jpg,132,238,238 36 237 254 276,0.01927242754659433
data\raw\val\02823_Animalia_Chordata_Actinopterygii_Perciformes_Girellidae_Girella_nigricans\604f6699-2385-45c5-ac5c-2438721c4c62.jpg,132,20,20 4 32 1 219,0.021116237776533223
data\raw\val\02823_Animalia_Chordata_Actinopterygii_Perciformes_Girellidae_Girella_nigricans\68066ecf-9e2e-4472-83c0-505d78454f05.jpg,132,244,244 138 258 134 249,0.022264889540318824
data\raw\val\02823_Animalia_Chordata_Actinopterygii_Perciformes_Girellidae_Girella_nigricans\cf222b1b-bc25-407e-8028-3bd7561dcc45.jpg,132,132,132 219 135 245 104,0.01990505067972744
data\raw\val\02823_Animalia_Chordata_Actinopterygii_Perciformes_Girellidae_Girella_nigricans\8d7a913b-5625-47c3-b4b2-3598d0e3fe81.jpg,132,245,245 18 244 16 148,0.015403552389461382
data\raw\val\02823_Animalia_Chordata_Actinopterygii_Perciformes_Girellidae_Girella_nigricans\9a1059f1-1eab-460a-aa88-8c56e04a06c0.jpg,132,18,18 241 245 20 17,0.007578138413748834
data\raw\val\02823_Animalia_Chordata_Actinopterygii_Perciformes_Girellidae_Girella_nigricans\b6b5583d-d44e-4ed0-90e4-42bccf527fcb.jpg,132,136,136 252 135 132 244,0.037334450935231266
data\raw\val\02823_Animalia_Chordata_Actinopterygii_Perciformes_Girellidae_Girella_nigricans\761bcb18-72a8-4412-a22c-8b57e43acc98.jpg,132,133,133 129 245 244 253,0.01279833722192183
data\raw\val\02823_Animalia_Chordata_Actinopterygii_Perciformes_Girellidae_Girella_nigricans\fcc52cb4-7851-4725-89cd-8cecc8855547.jpg,132,252,252 136 244 255 135,0.0441568085562092
data\raw\val\02826_Animalia_Chordata_Actinopterygii_Perciformes_Gobiidae_Neogobius_melanostomus\db513449-a847-493f-98a0-324ea6aaae56.jpg,133,147,147 148 172 61 47,0.0174568862503564
data\raw\val\02826_Animalia_Chordata_Actinopterygii_Perciformes_Gobiidae_Neogobius_melanostomus\62750240-0cfc-48a8-abdd-44237eab76e8.jpg,133,106,106 186 183 127 153,0.015248067626913815
data\raw\val\02826_Animalia_Chordata_Actinopterygii_Perciformes_Gobiidae_Neogobius_melanostomus\0345aef7-d1dc-40b6-bc2a-78164ebce8bb.jpg,133,130,130 71 26 82 66,0.017727607757144336
data\raw\val\02826_Animalia_Chordata_Actinopterygii_Perciformes_Gobiidae_Neogobius_melanostomus\ca9faa6d-3dd9-4d3a-aea1-bcba56e75f77.jpg,133,252,252 129 249 244 255,0.0918770729985865
data\raw\val\02826_Animalia_Chordata_Actinopterygii_Perciformes_Gobiidae_Neogobius_melanostomus\8f42936a-0216-4325-8151-e37865447cc7.jpg,133,27,27 174 251 247 56,0.11294980954160205
data\raw\val\02826_Animalia_Chordata_Actinopterygii_Perciformes_Gobiidae_Neogobius_melanostomus\5fe18394-18b8-4b7f-839c-7e1b8eafc938.jpg,133,13,13 151 150 27 283,0.017758426160069014
data\raw\val\02826_Animalia_Chordata_Actinopterygii_Perciformes_Gobiidae_Neogobius_melanostomus\961c33f4-651d-4d01-aafc-96dd993f6a9a.jpg,133,443,443 257 341 408 266,0.01827683545098662
data\raw\val\02826_Animalia_Chordata_Actinopterygii_Perciformes_Gobiidae_Neogobius_melanostomus\1bb042bc-8fcd-4cbe-8780-e387ec1331a9.jpg,133,27,27 133 247 251 221,0.07012355870292175
data\raw\val\02826_Animalia_Chordata_Actinopterygii_Perciformes_Gobiidae_Neogobius_melanostomus\a1fc306f-31f3-4263-a4ad-71b50c650aea.jpg,133,192,192 188 116 106 204,0.017938816881556255
data\raw\val\02826_Animalia_Chordata_Actinopterygii_Perciformes_Gobiidae_Neogobius_melanostomus\aaf6dd60-37cf-4e2e-b568-8301c27dc9a0.jpg,133,266,266 449 405 456 439,0.023688134893298313
data\raw\val\02843_Animalia_Chordata_Actinopterygii_Perciformes_Labridae_Thalassoma_bifasciatum\ab6e5e87-3e4d-4958-8bbd-4c2f3f6c75e9.jpg,134,158,158 152 154 21 119,0.018862437576542712
data\raw\val\02843_Animalia_Chordata_Actinopterygii_Perciformes_Labridae_Thalassoma_bifasciatum\2b000842-6212-4688-a6f1-3d99dca3b702.jpg,134,164,164 118 160 181 83,0.01191625568730817
data\raw\val\02843_Animalia_Chordata_Actinopterygii_Perciformes_Labridae_Thalassoma_bifasciatum\8f6f326f-3a6e-42d1-9c9a-25de00eed0e8.jpg,134,134,134 37 5 244 257,0.025219848754884408
data\raw\val\02843_Animalia_Chordata_Actinopterygii_Perciformes_Labridae_Thalassoma_bifasciatum\3ff13a99-6051-4c0c-a8db-5d6367ca0b0f.jpg,134,134,134 136 275 24 460,0.1186795642994515
data\raw\val\02843_Animalia_Chordata_Actinopterygii_Perciformes_Labridae_Thalassoma_bifasciatum\e27a904e-4173-4035-8536-bdf0e9ebd6d5.jpg,134,274,274 497 269 489 348,0.01974601254143085
data\raw\val\02843_Animalia_Chordata_Actinopterygii_Perciformes_Labridae_Thalassoma_bifasciatum\71062146-eee3-4853-a7e8-fd6c21a26c29.jpg,134,173,173 159 164 157 102,0.023030173177222776
data\raw\val\02843_Animalia_Chordata_Actinopterygii_Perciformes_Labridae_Thalassoma_bifasciatum\92325dc5-3b61-4e0f-8458-c8098e003e60.jpg,134,136,136 134 344 422 274,0.04140081350244119
data\raw\val\02843_Animalia_Chordata_Actinopterygii_Perciformes_Labridae_Thalassoma_bifasciatum\daf5d813-6ad0-41b0-ac86-6eff1e1e12e1.jpg,134,134,134 137 244 135 136,0.1623580406073824
data\raw\val\02843_Animalia_Chordata_Actinopterygii_Perciformes_Labridae_Thalassoma_bifasciatum\da977606-0a40-4e49-a595-2b4ae5c9233b.jpg,134,280,280 130 233 207 236,0.01772167604434638
data\raw\val\02843_Animalia_Chordata_Actinopterygii_Perciformes_Labridae_Thalassoma_bifasciatum\987253c2-dd8a-4aa3-a96c-4da4ac0573cb.jpg,134,242,242 351 238 7 232,0.11282193394038822
data\raw\val\02875_Animalia_Chordata_Actinopterygii_Perciformes_Scaridae_Scarus_ghobban\c0aeb43a-d312-42e6-b06f-8e6a67064e21.jpg,135,135,135 245 467 131 431,0.03705886908107055
data\raw\val\02875_Animalia_Chordata_Actinopterygii_Perciformes_Scaridae_Scarus_ghobban\81a273ef-41c0-4abc-ba22-d9062da69989.jpg,135,16,16 56 172 18 251,0.020934194717650557
data\raw\val\02875_Animalia_Chordata_Actinopterygii_Perciformes_Scaridae_Scarus_ghobban\e6ec53d2-25d7-422d-9786-8c37f98ccc14.jpg,135,134,134 274 244 249 252,0.07083347611461126
data\raw\val\02875_Animalia_Chordata_Actinopterygii_Perciformes_Scaridae_Scarus_ghobban\ecdf016d-1221-4e6c-a457-f7fd6d907dcf.jpg,135,135,135 132 245 219 104,0.042682882184256074
data\raw\val\02875_Animalia_Chordata_Actinopterygii_Perciformes_Scaridae_Scarus_ghobban\9e146866-5765-4c4d-a1c3-b122c148d672.jpg,135,237,237 83 118 230 36,0.015983509087608358
data\raw\val\02875_Animalia_Chordata_Actinopterygii_Perciformes_Scaridae_Scarus_ghobban\9dafc6c1-ef25-40ed-ab42-80d5c480282f.jpg,135,451,451 394 129 399 393,0.02013423499991471
data\raw\val\02875_Animalia_Chordata_Actinopterygii_Perciformes_Scaridae_Scarus_ghobban\fc3b3236-96e3-43c5-9569-7ef6a81ad123.jpg,135,17,17 241 86 134 219,0.018318298539549756
data\raw\val\02875_Animalia_Chordata_Actinopterygii_Perciformes_Scaridae_Scarus_ghobban\1bdb52b1-c8ed-49cf-89a8-b8e8dffd3caf.jpg,135,134,134 136 135 241 137,0.06734172445119532
data\raw\val\02875_Animalia_Chordata_Actinopterygii_Perciformes_Scaridae_Scarus_ghobban\85c09714-7b02-466c-8226-93cfa6fd036a.jpg,135,274,274 246 255 248 123,0.030342834783229505
data\raw\val\02875_Animalia_Chordata_Actinopterygii_Perciformes_Scaridae_Scarus_ghobban\b1e0ee75-8d26-45f6-a559-737baee823f9.jpg,135,129,129 252 255 131 276,0.0864563481773108
data\raw\val\02915_Animalia_Chordata_Actinopterygii_Syngnathiformes_Aulostomidae_Aulostomus_chinensis\37dc66e8-b87d-4d4f-a12c-d5922564fe5c.jpg,136,160,160 51 118 73 250,0.01804073154448098
data\raw\val\02915_Animalia_Chordata_Actinopterygii_Syngnathiformes_Aulostomidae_Aulostomus_chinensis\af1184c8-e0d8-4595-810f-f306f48175f0.jpg,136,349,349 213 240 461 350,0.026019194169204982
data\raw\val\02915_Animalia_Chordata_Actinopterygii_Syngnathiformes_Aulostomidae_Aulostomus_chinensis\d28652ab-685c-433d-9203-7706c5438314.jpg,136,132,132 134 83 135 24,0.02093155988176276
data\raw\val\02915_Animalia_Chordata_Actinopterygii_Syngnathiformes_Aulostomidae_Aulostomus_chinensis\9f7cf2f0-3879-4829-90c6-6efee1329f1e.jpg,136,134,134 255 249 244 274,0.05723236319778095
data\raw\val\02915_Animalia_Chordata_Actinopterygii_Syngnathiformes_Aulostomidae_Aulostomus_chinensis\ebd45427-8eb2-491a-881f-3da98842b52a.jpg,136,170,170 195 153 172 32,0.008808857404440694
data\raw\val\02915_Animalia_Chordata_Actinopterygii_Syngnathiformes_Aulostomidae_Aulostomus_chinensis\283f080b-6682-4004-b847-84340ddb37f3.jpg,136,134,134 136 255 137 246,0.09146371062338388
data\raw\val\02915_Animalia_Chordata_Actinopterygii_Syngnathiformes_Aulostomidae_Aulostomus_chinensis\540db973-1923-4e8b-87ca-a84bdd347af6.jpg,136,2,2 32 81 219 18,0.012170202806928205
data\raw\val\02915_Animalia_Chordata_Actinopterygii_Syngnathiformes_Aulostomidae_Aulostomus_chinensis\8a84dde4-9297-46b3-b439-2a9c23a74cbc.jpg,136,53,53 42 27 80 304,0.032423127656519356
data\raw\val\02915_Animalia_Chordata_Actinopterygii_Syngnathiformes_Aulostomidae_Aulostomus_chinensis\a8a2832c-2baa-42b9-86ea-0ff15183211d.jpg,136,58,58 62 20 133 98,0.01290576094557954
data\raw\val\02915_Animalia_Chordata_Actinopterygii_Syngnathiformes_Aulostomidae_Aulostomus_chinensis\3a02c1c9-43c2-43c7-a8e4-89b9bd6b3390.jpg,136,251,251 128 131 65 133,0.015532253990731926
data\raw\val\02927_Animalia_Chordata_Actinopterygii_Tetraodontiformes_Diodontidae_Diodon_hystrix\9c330f4e-3550-4fb5-81a3-714cd707c076.jpg,137,136,136 134 135 490 252,0.03495873767485161
data\raw\val\02927_Animalia_Chordata_Actinopterygii_Tetraodontiformes_Diodontidae_Diodon_hystrix\84a4b31b-ef02-4e83-a2d7-5c65fdaa86e2.jpg,137,135,135 134 227 136 18,0.030892616199265192
data\raw\val\02927_Animalia_Chordata_Actinopterygii_Tetraodontiformes_Diodontidae_Diodon_hystrix\84c99c39-3996-4473-b046-97aeb2ec7f8e.jpg,137,275,275 362 363 490 201,0.014593057842979254
data\raw\val\02927_Animalia_Chordata_Actinopterygii_Tetraodontiformes_Diodontidae_Diodon_hystrix\89157283-4285-44ac-852a-6811aa4b447f.jpg,137,246,246 129 134 135 490,0.022417251133189302
data\raw\val\02927_Animalia_Chordata_Actinopterygii_Tetraodontiformes_Diodontidae_Diodon_hystrix\da52ef4f-a1a8-4b96-be19-b7ea2a032f3d.jpg,137,211,211 220 216 110 217,0.023140201806026828
data\raw\val\02927_Animalia_Chordata_Actinopterygii_Tetraodontiformes_Diodontidae_Diodon_hystrix\e5286bd3-fe79-4dde-a749-e48db07a6b63.jpg,137,134,134 24 5 269 137,0.02340852622241743
data\raw\val\02927_Animalia_Chordata_Actinopterygii_Tetraodontiformes_Diodontidae_Diodon_hystrix\8fe7f668-6a1f-4908-816c-ee6c90338edc.jpg,137,157,157 164 151 205 150,0.01799981160073049
data\raw\val\02927_Animalia_Chordata_Actinopterygii_Tetraodontiformes_Diodontidae_Diodon_hystrix\1b73e8aa-f05a-47ec-8fb1-07b81d5b18d4.jpg,137,137,137 18 134 81 135,0.016181143890063178
data\raw\val\02927_Animalia_Chordata_Actinopterygii_Tetraodontiformes_Diodontidae_Diodon_hystrix\7ad2a657-d3c8-41e2-9450-e72e32f0ff35.jpg,137,252,252 135 38 276 17,0.018869640452022343
data\raw\val\02927_Animalia_Chordata_Actinopterygii_Tetraodontiformes_Diodontidae_Diodon_hystrix\f9beff6e-d1df-4ff9-8118-c72e680583fa.jpg,137,135,135 136 134 132 131,0.01563418455383672
data\raw\val\02941_Animalia_Chordata_Amphibia_Anura_Bombinatoridae_Bombina_variegata\da9bd2d0-e8d9-456b-8652-869e395ec70c.jpg,138,219,219 20 245 251 152,0.03399779333398491
data\raw\val\02941_Animalia_Chordata_Amphibia_Anura_Bombinatoridae_Bombina_variegata\97e5d446-3630-467f-803e-dd9ca9f48cc3.jpg,138,260,260 289 304 446 331,0.02967926993566101
data\raw\val\02941_Animalia_Chordata_Amphibia_Anura_Bombinatoridae_Bombina_variegata\0ddc315b-f7f4-4af6-9410-a29cae1aa2f3.jpg,138,257,257 480 422 414 391,0.03528176161934167
data\raw\val\02941_Animalia_Chordata_Amphibia_Anura_Bombinatoridae_Bombina_variegata\82b18a51-0dba-414c-a136-5c8720df225c.jpg,138,89,89 138 256 24 5,0.011937045590829264
data\raw\val\02941_Animalia_Chordata_Amphibia_Anura_Bombinatoridae_Bombina_variegata\340fb7d9-ac68-44c5-ad4f-b25c2d2081af.jpg,138,138,138 132 52 5 250,0.011030653150065605
data\raw\val\02941_Animalia_Chordata_Amphibia_Anura_Bombinatoridae_Bombina_variegata\4ca7aa96-07ab-4c2c-b37e-451d09dce908.jpg,138,148,148 52 244 32 23,0.009397277059173637
data\raw\val\02941_Animalia_Chordata_Amphibia_Anura_Bombinatoridae_Bombina_variegata\4470c81f-b8e9-4376-9edb-277d21c8b42e.jpg,138,144,144 255 322 6 245,0.01934181281435731
data\raw\val\02941_Animalia_Chordata_Amphibia_Anura_Bombinatoridae_Bombina_variegata\e7c0488b-0568-4bbe-8088-3f60af5e184e.jpg,138,104,104 245 244 138 219,0.007738709739891904
data\raw\val\02941_Animalia_Chordata_Amphibia_Anura_Bombinatoridae_Bombina_variegata\083a9df0-c497-4e1c-beac-b2450aab28f4.jpg,138,368,368 443 472 424 453,0.018019748520763053
data\raw\val\02941_Animalia_Chordata_Amphibia_Anura_Bombinatoridae_Bombina_variegata\1dee3689-3c05-49d3-9f84-607c571b15be.jpg,138,144,144 438 254 322 274,0.019955695972741536
data\raw\val\02951_Animalia_Chordata_Amphibia_Anura_Bufonidae_Bufo_bankorensis\4072a828-87e2-4f0b-af48-121199fe9f14.jpg,139,140,140 395 168 129 139,0.029604455334937003
data\raw\val\02951_Animalia_Chordata_Amphibia_Anura_Bufonidae_Bufo_bankorensis\37400f40-b575-4edc-9939-1b5a48708c9f.jpg,139,6,6 144 139 136 135,0.010113288381987532
data\raw\val\02951_Animalia_Chordata_Amphibia_Anura_Bufonidae_Bufo_bankorensis\ed2d19bf-3404-495d-b5ce-8f31adac919a.jpg,139,109,109 113 158 122 0,0.04847017459277095
data\raw\val\02951_Animalia_Chordata_Amphibia_Anura_Bufonidae_Bufo_bankorensis\a0a7b4eb-adbc-40a3-91c9-955d836e4d90.jpg,139,329,329 315 371 342 405,0.043940569543181124
data\raw\val\02951_Animalia_Chordata_Amphibia_Anura_Bufonidae_Bufo_bankorensis\bcaeec6d-8a5a-4985-9ce3-97e9b55e0e24.jpg,139,144,144 139 73 238 237,0.016060427705701607
data\raw\val\02951_Animalia_Chordata_Amphibia_Anura_Bufonidae_Bufo_bankorensis\aa898f61-6edd-4926-b704-681501998abf.jpg,139,92,92 90 312 10 67,0.04774148946837027
data\raw\val\02951_Animalia_Chordata_Amphibia_Anura_Bufonidae_Bufo_bankorensis\2744a312-d77c-43bb-8add-91ce7939e615.jpg,139,7,7 242 238 229 351,0.03827652672229857
data\raw\val\02951_Animalia_Chordata_Amphibia_Anura_Bufonidae_Bufo_bankorensis\590590fe-b965-4306-8d5b-43c03a3f9d53.jpg,139,393,393 227 162 436 431,0.024185824685219553
data\raw\val\02951_Animalia_Chordata_Amphibia_Anura_Bufonidae_Bufo_bankorensis\c7859afd-b254-48f7-b673-41e27564fccd.jpg,139,3,3 145 457 233 142,0.014607785868128836
data\raw\val\02951_Animalia_Chordata_Amphibia_Anura_Bufonidae_Bufo_bankorensis\96c19e2c-4ab8-4a80-a83a-e537a208f503.jpg,139,443,443 258 262 360 267,0.02628474241894445
data\raw\val\02974_Animalia_Chordata_Amphibia_Anura_Dendrobatidae_Dendrobates_auratus\b82d02b9-8809-4d27-aff4-68f541492447.jpg,140,284,284 142 192 139 233,0.02207611756172913
data\raw\val\02974_Animalia_Chordata_Amphibia_Anura_Dendrobatidae_Dendrobates_auratus\f7671b2f-066d-413f-b500-f15adc2fd468.jpg,140,252,252 255 276 398 138,0.0248901373642178
data\raw\val\02974_Animalia_Chordata_Amphibia_Anura_Dendrobatidae_Dendrobates_auratus\aacc11e8-365d-48ed-8dd3-6d3703fad2b9.jpg,140,413,413 476 478 360 310,0.022304336182099014
data\raw\val\02974_Animalia_Chordata_Amphibia_Anura_Dendrobatidae_Dendrobates_auratus\31098f4f-e75c-4250-8981-eb5532476c21.jpg,140,7,7 232 226 234 438,0.029275515529451315
data\raw\val\02974_Animalia_Chordata_Amphibia_Anura_Dendrobatidae_Dendrobates_auratus\6ca2b6b8-5db3-4849-b4a5-e7728401942d.jpg,140,20,20 126 18 54 57,0.011218212695000607
data\raw\val\02974_Animalia_Chordata_Amphibia_Anura_Dendrobatidae_Dendrobates_auratus\61e7fc93-4498-45f8-8e96-24e0d65e0738.jpg,140,22,22 90 106 453 13,0.01627128345481323
data\raw\val\02974_Animalia_Chordata_Amphibia_Anura_Dendrobatidae_Dendrobates_auratus\ff71f734-1ed5-48af-ab1e-c42ae6ef0342.jpg,140,123,123 212 264 443 262,0.014893199078837857
data\raw\val\02974_Animalia_Chordata_Amphibia_Anura_Dendrobatidae_Dendrobates_auratus\c80b3195-788c-46ad-bed8-768db0b13d77.jpg,140,97,97 196 50 15 427,0.01969656485999486
data\raw\val\02974_Animalia_Chordata_Amphibia_Anura_Dendrobatidae_Dendrobates_auratus\932c1b91-2d33-4567-bbdd-00c691b50dcc.jpg,140,346,346 210 413 111 14,0.012564916548689995
data\raw\val\02974_Animalia_Chordata_Amphibia_Anura_Dendrobatidae_Dendrobates_auratus\d1833801-286a-4e90-ae95-850f723a37b5.jpg,140,399,399 441 316 391 487,0.014503483972603202
data\raw\val\02982_Animalia_Chordata_Amphibia_Anura_Hylidae_Boana_rosenbergi\2bab1400-d9a9-43f9-b066-04ae74a2e06c.jpg,141,34,34 128 23 133 80,0.009155321010962496
data\raw\val\02982_Animalia_Chordata_Amphibia_Anura_Hylidae_Boana_rosenbergi\c0fe5e31-16c2-48cb-92a0-dac233a33277.jpg,141,214,214 220 213 225 227,0.0361914034776502
data\raw\val\02982_Animalia_Chordata_Amphibia_Anura_Hylidae_Boana_rosenbergi\f19fcde9-aeab-4ed2-9ee0-b2ca3bc2f788.jpg,141,231,231 113 112 105 103,0.050343001953111824
data\raw\val\02982_Animalia_Chordata_Amphibia_Anura_Hylidae_Boana_rosenbergi\3b2f5c3e-bfbb-4da5-9615-95cef890ddae.jpg,141,34,34 80 137 290 134,0.008103096207263528
data\raw\val\02982_Animalia_Chordata_Amphibia_Anura_Hylidae_Boana_rosenbergi\8340132b-2e41-4a30-a6ef-de802c6bb0f6.jpg,141,141,141 116 107 456 153,0.014210302435580864
data\raw\val\02982_Animalia_Chordata_Amphibia_Anura_Hylidae_Boana_rosenbergi\d954f0bb-9d39-4d10-8b45-371f49cfc8e0.jpg,141,144,144 216 82 189 138,0.010048072551023952
data\raw\val\02982_Animalia_Chordata_Amphibia_Anura_Hylidae_Boana_rosenbergi\75b9531f-772e-461c-9aea-cb2815a784d4.jpg,141,141,141 31 138 32 40,0.016185202537576472
data\raw\val\02982_Animalia_Chordata_Amphibia_Anura_Hylidae_Boana_rosenbergi\f11ada09-2432-41c6-825a-8c6c0ab4d0c4.jpg,141,141,141 130 196 153 249,0.023705066733586536
data\raw\val\02982_Animalia_Chordata_Amphibia_Anura_Hylidae_Boana_rosenbergi\3be6a5b1-615c-450c-8997-8690b359662b.jpg,141,196,196 141 206 66 35,0.013156062931629952
data\raw\val\02982_Animalia_Chordata_Amphibia_Anura_Hylidae_Boana_rosenbergi\46a6b96b-af30-4029-bac8-83cbd864ffcb.jpg,141,3,3 116 45 235 82,0.02867106253264445
data\raw\val\03026_Animalia_Chordata_Amphibia_Anura_Ranidae_Lithobates_blairi\cbb151fc-bbef-4432-a4d6-ee80e448de2e.jpg,142,143,143 145 3 258 10,0.030104624925723897
data\raw\val\03026_Animalia_Chordata_Amphibia_Anura_Ranidae_Lithobates_blairi\d6222c7e-cc7a-428d-9c2c-fcb7ded67871.jpg,142,496,496 292 294 285 428,0.019706973340388827
data\raw\val\03026_Animalia_Chordata_Amphibia_Anura_Ranidae_Lithobates_blairi\fff5fdc4-b3ba-4451-987e-6fdb9b42efde.jpg,142,309,309 200 428 374 377,0.021675675641266517
data\raw\val\03026_Animalia_Chordata_Amphibia_Anura_Ranidae_Lithobates_blairi\e2fce7fb-5e43-45a5-9894-15b8e08fa3c8.jpg,142,344,344 11 90 224 409,0.03127472863906597
data\raw\val\03026_Animalia_Chordata_Amphibia_Anura_Ranidae_Lithobates_blairi\fb468bda-bc6f-4cdd-98ba-798cf9b74f6c.jpg,142,49,49 17 39 123 339,0.008357757628923167
data\raw\val\03026_Animalia_Chordata_Amphibia_Anura_Ranidae_Lithobates_blairi\4df1e2e1-c4eb-4699-b767-627c36b675d4.jpg,142,299,299 285 388 294 142,0.024960859789389334
data\raw\val\03026_Animalia_Chordata_Amphibia_Anura_Ranidae_Lithobates_blairi\60f2f6c2-784a-4c42-8893-41107926f056.jpg,142,143,143 318 67 423 353,0.03169272423151941
data\raw\val\03026_Animalia_Chordata_Amphibia_Anura_Ranidae_Lithobates_blairi\25e7b4bf-c690-4090-9379-bd5173f2a767.jpg,142,260,260 485 133 58 400,0.023118862038518255
data\raw\val\03026_Animalia_Chordata_Amphibia_Anura_Ranidae_Lithobates_blairi\e13e4b37-89dc-4c66-bc7e-a3ae3af3938d.jpg,142,142,142 72 73 78 133,0.011918387270689296
data\raw\val\03026_Animalia_Chordata_Amphibia_Anura_Ranidae_Lithobates_blairi\a5a70928-8800-4cf3-8f0d-88750952e7b3.jpg,142,10,10 178 256 191 238,0.01987534808683133
data\raw\val\03038_Animalia_Chordata_Amphibia_Anura_Ranidae_Pelophylax_ridibundus\2517140f-c807-4abf-b8ca-17cb6247840f.jpg,143,55,55 149 49 147 205,0.02227852085030672
data\raw\val\03038_Animalia_Chordata_Amphibia_Anura_Ranidae_Pelophylax_ridibundus\886c4f08-e506-4e38-b768-8b300771d2ee.jpg,143,491,491 161 226 181 163,0.02446094056437911
data\raw\val\03038_Animalia_Chordata_Amphibia_Anura_Ranidae_Pelophylax_ridibundus\98a6887f-ac09-4d96-9211-5ef12f235275.jpg,143,297,297 112 284 374 299,0.033788631827468815
data\raw\val\03038_Animalia_Chordata_Amphibia_Anura_Ranidae_Pelophylax_ridibundus\68890f75-60b5-4d5c-93c0-333fcdb5be1b.jpg,143,130,130 266 249 23 258,0.024653827729852452
data\raw\val\03038_Animalia_Chordata_Amphibia_Anura_Ranidae_Pelophylax_ridibundus\69deaf91-8741-4e83-86bc-270e094be5ed.jpg,143,123,123 130 124 134 271,0.014147656557322636
data\raw\val\03038_Animalia_Chordata_Amphibia_Anura_Ranidae_Pelophylax_ridibundus\4b136ee3-31f8-4231-9e0d-46750196f8d7.jpg,143,86,86 287 401 364 483,0.013206223963930522
data\raw\val\03038_Animalia_Chordata_Amphibia_Anura_Ranidae_Pelophylax_ridibundus\f6177ee1-e9d6-4f3d-b718-fd9b6c057e22.jpg,143,283,283 151 150 203 101,0.0662467061464548
data\raw\val\03038_Animalia_Chordata_Amphibia_Anura_Ranidae_Pelophylax_ridibundus\e40df01c-e37b-4364-82f2-7f87e129586a.jpg,143,353,353 308 293 233 112,0.014166642767400962
data\raw\val\03038_Animalia_Chordata_Amphibia_Anura_Ranidae_Pelophylax_ridibundus\c27db9ee-b968-4c68-baf8-bfd0735dcea2.jpg,143,436,436 138 479 142 428,0.008654127684017273
data\raw\val\03038_Animalia_Chordata_Amphibia_Anura_Ranidae_Pelophylax_ridibundus\b1fd3d63-0e6a-4894-bf6d-b29bb607a3af.jpg,143,170,170 142 427 297 331,0.009289435305596503
data\raw\val\03054_Animalia_Chordata_Amphibia_Anura_Scaphiopodidae_Scaphiopus_couchii\cbb66a24-89e4-466c-ad66-96a1d13b3660.jpg,144,275,275 318 461 352 361,0.01874498309236922
data\raw\val\03054_Animalia_Chordata_Amphibia_Anura_Scaphiopodidae_Scaphiopus_couchii\2e0d95d9-f1b1-4e27-a0d7-c0e8802da76e.jpg,144,139,139 254 6 24 399,0.019544490892406674
data\raw\val\03054_Animalia_Chordata_Amphibia_Anura_Scaphiopodidae_Scaphiopus_couchii\7366b0e5-3a50-4665-9423-90e3460c6521.jpg,144,17,17 140 129 252 244,0.014197395630470146
data\raw\val\03054_Animalia_Chordata_Amphibia_Anura_Scaphiopodidae_Scaphiopus_couchii\a910afd3-38e9-413d-9f97-e062b2a776b7.jpg,144,257,257 457 6 438 422,0.031166963050335342
data\raw\val\03054_Animalia_Chordata_Amphibia_Anura_Scaphiopodidae_Scaphiopus_couchii\03564176-999a-4d0d-b6d7-51ee5b6436bb.jpg,144,166,166 53 104 41 174,0.023585527650914796
data\raw\val\03054_Animalia_Chordata_Amphibia_Anura_Scaphiopodidae_Scaphiopus_couchii\0c83e170-51f2-434f-9752-e467e7bb2e91.jpg,144,438,438 379 257 144 329,0.011470693791370487
data\raw\val\03054_Animalia_Chordata_Amphibia_Anura_Scaphiopodidae_Scaphiopus_couchii\5d6292f1-bc08-43a2-b042-2126e19261fd.jpg,144,262,262 464 261 36 434,0.023129372583297565
data\raw\val\03054_Animalia_Chordata_Amphibia_Anura_Scaphiopodidae_Scaphiopus_couchii\9f8ab971-c87f-4ec5-a315-6e7a51673740.jpg,144,250,250 249 58 100 248,0.033878895567323306
data\raw\val\03054_Animalia_Chordata_Amphibia_Anura_Scaphiopodidae_Scaphiopus_couchii\bd626b9d-3ead-40cb-ad58-f39b101a74a6.jpg,144,294,294 284 319 494 428,0.03479816191790654
data\raw\val\03054_Animalia_Chordata_Amphibia_Anura_Scaphiopodidae_Scaphiopus_couchii\8d6acead-77e4-40bd-a646-9b836d1e4da1.jpg,144,9,9 264 144 424 269,0.030833812857557062
data\raw\val\03094_Animalia_Chordata_Amphibia_Caudata_Plethodontidae_Plethodon_serratus\537ccb10-6ebf-403b-8500-be2923be8c2f.jpg,145,251,251 129 250 230 139,0.029591706027488934
data\raw\val\03094_Animalia_Chordata_Amphibia_Caudata_Plethodontidae_Plethodon_serratus\287d9858-bdda-43d2-a942-84e311581a92.jpg,145,235,235 294 319 428 120,0.022942102245865872
data\raw\val\03094_Animalia_Chordata_Amphibia_Caudata_Plethodontidae_Plethodon_serratus\c2e2eff3-4b0d-49bd-bfe0-2d17b72175e1.jpg,145,275,275 423 442 348 489,0.031142401895553562
data\raw\val\03094_Animalia_Chordata_Amphibia_Caudata_Plethodontidae_Plethodon_serratus\1e55442a-c9c9-4e2f-a735-c663425d1a72.jpg,145,428,428 294 235 271 142,0.024068402201533876
data\raw\val\03094_Animalia_Chordata_Amphibia_Caudata_Plethodontidae_Plethodon_serratus\4ecb68b9-9dae-41d4-aca2-f7588653d354.jpg,145,66,66 58 81 130 82,0.024000550964013767
data\raw\val\03094_Animalia_Chordata_Amphibia_Caudata_Plethodontidae_Plethodon_serratus\cac8e664-daa4-4152-b70c-9714626b01b3.jpg,145,381,381 278 319 283 226,0.03512200687708298
data\raw\val\03094_Animalia_Chordata_Amphibia_Caudata_Plethodontidae_Plethodon_serratus\e35783f7-e18d-47b2-b63f-6e2be29b57f9.jpg,145,261,261 96 258 266 412,0.021144789019516216
data\raw\val\03094_Animalia_Chordata_Amphibia_Caudata_Plethodontidae_Plethodon_serratus\ef9aa659-e25e-4092-a5dc-8596a1d0cd68.jpg,145,172,172 80 106 26 133,0.010003985502873382
data\raw\val\03094_Animalia_Chordata_Amphibia_Caudata_Plethodontidae_Plethodon_serratus\9f717d3e-6425-41df-bce2-4e2bf8555c9e.jpg,145,3,3 435 67 140 88,0.01273518662541152
data\raw\val\03094_Animalia_Chordata_Amphibia_Caudata_Plethodontidae_Plethodon_serratus\5dcdf2ab-b414-49fa-9037-c40afda4c204.jpg,145,251,251 133 128 129 55,0.03396658868330011
data\raw\val\03135_Animalia_Chordata_Aves_Accipitriformes_Accipitridae_Buteo_swainsoni\93303a29-a94b-48a2-9f39-bc1115bdc2a3.jpg,146,147,147 172 148 146 46,0.017597900120737264
data\raw\val\03135_Animalia_Chordata_Aves_Accipitriformes_Accipitridae_Buteo_swainsoni\207bed70-fd79-4ea3-8283-09fa53dd2b14.jpg,146,1,1 193 171 184 116,0.023167252471159108
data\raw\val\03135_Animalia_Chordata_Aves_Accipitriformes_Accipitridae_Buteo_swainsoni\d2332c16-9e52-44ed-a813-175332f0dfd2.jpg,146,148,148 149 81 147 20,0.04930108344621361
data\raw\val\03135_Animalia_Chordata_Aves_Accipitriformes_Accipitridae_Buteo_swainsoni\968e7ddb-e9ab-4180-9a8c-6d114ca3e299.jpg,146,171,171 194 175 149 209,0.0215294948474546
data\raw\val\03135_Animalia_Chordata_Aves_Accipitriformes_Accipitridae_Buteo_swainsoni\62142206-d523-4f0e-be29-c9d06b387502.jpg,146,449,449 135 274 354 322,0.016004772097689766
data\raw\val\03135_Animalia_Chordata_Aves_Accipitriformes_Accipitridae_Buteo_swainsoni\57316ed4-93ff-4cac-932e-ac6fe5ecd606.jpg,146,146,146 148 172 149 147,0.018141570697156596
data\raw\val\03135_Animalia_Chordata_Aves_Accipitriformes_Accipitridae_Buteo_swainsoni\b741dde2-b145-4f73-881b-fec03ab1467e.jpg,146,183,183 75 133 121 108,0.015568210691453485
data\raw\val\03135_Animalia_Chordata_Aves_Accipitriformes_Accipitridae_Buteo_swainsoni\4c146e8d-16a6-49c7-a041-8b591763457d.jpg,146,148,148 147 173 146 172,0.03323433160333931
data\raw\val\03135_Animalia_Chordata_Aves_Accipitriformes_Accipitridae_Buteo_swainsoni\0050265e-4fba-422b-ae05-e520b883cc8e.jpg,146,148,148 58 147 160 47,0.039115339331562325
data\raw\val\03135_Animalia_Chordata_Aves_Accipitriformes_Accipitridae_Buteo_swainsoni\2e3b2e5d-a2b3-40c0-8ca8-dd81ffb98235.jpg,146,224,224 92 69 87 242,0.02485330756353942
data\raw\val\03147_Animalia_Chordata_Aves_Accipitriformes_Accipitridae_Circus_pygargus\86370773-6ed0-48dd-8929-6ab5e47169c1.jpg,147,283,283 155 215 202 227,0.025939054771043857
data\raw\val\03147_Animalia_Chordata_Aves_Accipitriformes_Accipitridae_Circus_pygargus\4ff7249e-2e8c-4d0d-b281-cfe58d4d448c.jpg,147,46,46 79 172 4 45,0.017814794122948546
data\raw\val\03147_Animalia_Chordata_Aves_Accipitriformes_Accipitridae_Circus_pygargus\79d5a783-8ad7-47dd-84d7-792c8040585c.jpg,147,247,247 242 22 238 228,0.05954137309514424
data\raw\val\03147_Animalia_Chordata_Aves_Accipitriformes_Accipitridae_Circus_pygargus\25d35085-2bf2-4d91-9ced-d6b648708f34.jpg,147,61,61 47 101 60 172,0.018187215474172874
data\raw\val\03147_Animalia_Chordata_Aves_Accipitriformes_Accipitridae_Circus_pygargus\50fdb524-b08f-4534-ae2f-52b266db3f8b.jpg,147,147,147 125 20 148 133,0.030751017215698437
data\raw\val\03147_Animalia_Chordata_Aves_Accipitriformes_Accipitridae_Circus_pygargus\03127c54-c375-4e0f-8edf-9625b218455a.jpg,147,21,21 46 56 101 47,0.015149309932458482
data\raw\val\03147_Animalia_Chordata_Aves_Accipitriformes_Accipitridae_Circus_pygargus\1592b445-92c8-46ce-ad86-27654e92acf0.jpg,147,160,160 215 220 211 214,0.021347959617894947
data\raw\val\03147_Animalia_Chordata_Aves_Accipitriformes_Accipitridae_Circus_pygargus\6576ff78-ffd3-499d-86c1-aae3a4758def.jpg,147,173,173 148 166 149 147,0.027090263383917252
data\raw\val\03147_Animalia_Chordata_Aves_Accipitriformes_Accipitridae_Circus_pygargus\a4f26f62-29a0-4372-b59f-87f023c69deb.jpg,147,148,148 164 147 42 46,0.020497393442296143
data\raw\val\03147_Animalia_Chordata_Aves_Accipitriformes_Accipitridae_Circus_pygargus\c5968607-e2b3-4c1d-a4ed-b486b1dcc70f.jpg,147,174,174 149 147 146 148,0.01645366483611056
data\raw\val\03160_Animalia_Chordata_Aves_Accipitriformes_Accipitridae_Haliaeetus_albicilla\bd64a408-8e32-4d29-807a-dd510b993035.jpg,148,217,217 26 75 241 196,0.027244973798343158
data\raw\val\03160_Animalia_Chordata_Aves_Accipitriformes_Accipitridae_Haliaeetus_albicilla\06f7d170-5453-4993-95ec-cc5a4568935b.jpg,148,148,148 108 149 133 80,0.018266935532085585
data\raw\val\03160_Animalia_Chordata_Aves_Accipitriformes_Accipitridae_Haliaeetus_albicilla\11441194-9b21-4426-a02e-8ba7dca1ea9a.jpg,148,42,42 0 204 4 152,0.01786808335223829
data\raw\val\03160_Animalia_Chordata_Aves_Accipitriformes_Accipitridae_Haliaeetus_albicilla\b050c36b-44c0-43c7-a2c3-45f5702d05d7.jpg,148,260,260 133 62 20 251,0.018082419288340156
data\raw\val\03160_Animalia_Chordata_Aves_Accipitriformes_Accipitridae_Haliaeetus_albicilla\f2a3c307-2f4c-4804-bbba-4cbb6ba083f4.jpg,148,147,147 148 172 46 20,0.018062776011304307
data\raw\val\03160_Animalia_Chordata_Aves_Accipitriformes_Accipitridae_Haliaeetus_albicilla\7f02c7c7-b434-4c59-8ff1-7dedca33a057.jpg,148,147,147 173 148 108 172,0.02431556812178225
data\raw\val\03160_Animalia_Chordata_Aves_Accipitriformes_Accipitridae_Haliaeetus_albicilla\789f2781-50ba-49e1-8f3b-fa8bf025df1c.jpg,148,220,220 280 349 306 376,0.039149049625575694
data\raw\val\03160_Animalia_Chordata_Aves_Accipitriformes_Accipitridae_Haliaeetus_albicilla\02394e50-660a-416a-80e7-9e593ce1921f.jpg,148,148,148 147 125 133 173,0.029260011382920895
data\raw\val\03160_Animalia_Chordata_Aves_Accipitriformes_Accipitridae_Haliaeetus_albicilla\0a4b5be7-e0e3-456e-9e19-4bcad5cda14e.jpg,148,149,149 174 166 146 148,0.050885681525566835
data\raw\val\03160_Animalia_Chordata_Aves_Accipitriformes_Accipitridae_Haliaeetus_albicilla\f53843c6-7556-4331-8280-1ccbea0a4899.jpg,148,217,217 154 158 216 82,0.017956510091200247
data\raw\val\03168_Animalia_Chordata_Aves_Accipitriformes_Accipitridae_Ictinia_plumbea\20a56d66-6175-4f73-a332-7fdf606c19ad.jpg,149,448,448 436 483 209 477,0.025334146263486595
data\raw\val\03168_Animalia_Chordata_Aves_Accipitriformes_Accipitridae_Ictinia_plumbea\944bd8a7-16ba-4d58-8e2b-7290b09c20dc.jpg,149,149,149 108 117 206 102,0.06161114005144011
data\raw\val\03168_Animalia_Chordata_Aves_Accipitriformes_Accipitridae_Ictinia_plumbea\6dd45f07-a420-401a-bad9-f1a671c23d44.jpg,149,171,171 175 149 194 209,0.04327089400984451
data\raw\val\03168_Animalia_Chordata_Aves_Accipitriformes_Accipitridae_Ictinia_plumbea\3206bf49-ae3c-45c2-a3f6-96af09d7648f.jpg,149,206,206 197 170 195 302,0.04316457277173627
data\raw\val\03168_Animalia_Chordata_Aves_Accipitriformes_Accipitridae_Ictinia_plumbea\bfabcdfe-39d8-49d0-991c-b8275b5ae1c2.jpg,149,182,182 400 58 149 197,0.012582407215483423
data\raw\val\03168_Animalia_Chordata_Aves_Accipitriformes_Accipitridae_Ictinia_plumbea\b5cde211-f408-43f9-9bab-d11c1161715d.jpg,149,149,149 168 146 193 167,0.018368876667701012
data\raw\val\03168_Animalia_Chordata_Aves_Accipitriformes_Accipitridae_Ictinia_plumbea\eae4416b-6f97-4146-9895-a4968cca3c1c.jpg,149,381,381 415 414 345 479,0.02078335017348211
data\raw\val\03168_Animalia_Chordata_Aves_Accipitriformes_Accipitridae_Ictinia_plumbea\b4bca1fe-6467-4a7b-8366-7890e3471c97.jpg,149,149,149 147 173 166 146,0.01976324868280087
data\raw\val\03168_Animalia_Chordata_Aves_Accipitriformes_Accipitridae_Ictinia_plumbea\7c08fa31-f915-4414-ad36-3a15d575acea.jpg,149,148,148 164 147 172 205,0.020337766959963872
data\raw\val\03168_Animalia_Chordata_Aves_Accipitriformes_Accipitridae_Ictinia_plumbea\e32c032f-9e97-4568-b47f-bc2e6217c98a.jpg,149,1,1 174 166 165 187,0.05971702865221103
data\raw\val\03200_Animalia_Chordata_Aves_Anseriformes_Anatidae_Anas_gracilis\3da4be70-112c-4d31-8cbd-1ec769cc935b.jpg,150,242,242 118 212 157 161,0.04317706191546395
data\raw\val\03200_Animalia_Chordata_Aves_Anseriformes_Anatidae_Anas_gracilis\1bf2a580-ff39-49f0-a507-d3201f3cf497.jpg,150,148,148 81 58 18 26,0.019456981240065025
data\raw\val\03200_Animalia_Chordata_Aves_Anseriformes_Anatidae_Anas_gracilis\02a99192-97d4-4850-b3ca-597c0ada3794.jpg,150,109,109 239 115 301 154,0.059375765260258666
data\raw\val\03200_Animalia_Chordata_Aves_Anseriformes_Anatidae_Anas_gracilis\8dca27b1-20bd-48e0-9bf6-5f590c82398a.jpg,150,229,229 29 150 203 27,0.027115626989391274
data\raw\val\03200_Animalia_Chordata_Aves_Anseriformes_Anatidae_Anas_gracilis\5764bdd6-e75a-444a-9975-aeaba477f069.jpg,150,323,323 277 304 389 200,0.00995262390102507
data\raw\val\03200_Animalia_Chordata_Aves_Anseriformes_Anatidae_Anas_gracilis\06dab1ab-4587-4917-bde6-1e7dc31fe2a5.jpg,150,99,99 98 62 20 41,0.012177206782462674
data\raw\val\03200_Animalia_Chordata_Aves_Anseriformes_Anatidae_Anas_gracilis\8bf8e12f-6947-45dc-9a1d-aa56d7f7c6f0.jpg,150,148,148 147 146 125 172,0.017564353311155755
data\raw\val\03200_Animalia_Chordata_Aves_Anseriformes_Anatidae_Anas_gracilis\8579eb4f-9721-41ff-90a7-c361ad920810.jpg,150,226,226 224 232 389 305,0.02450851179798473
data\raw\val\03200_Animalia_Chordata_Aves_Anseriformes_Anatidae_Anas_gracilis\d2419610-57da-47fa-82d9-67ccfecde860.jpg,150,151,151 300 304 188 180,0.013239654556657078
data\raw\val\03200_Animalia_Chordata_Aves_Anseriformes_Anatidae_Anas_gracilis\390c3a5e-8f9f-4bfc-9804-b937a5f7290f.jpg,150,148,148 147 164 158 181,0.02333153733547546
data\raw\val\03206_Animalia_Chordata_Aves_Anseriformes_Anatidae_Anas_zonorhyncha\2e35ef91-520c-4adf-8158-08f6657c5252.jpg,151,270,270 236 497 210 496,0.041479130253571604
data\raw\val\03206_Animalia_Chordata_Aves_Anseriformes_Anatidae_Anas_zonorhyncha\0f61f959-b737-4856-9134-305efb55c459.jpg,151,150,150 203 306 303 202,0.05203206010201267
data\raw\val\03206_Animalia_Chordata_Aves_Anseriformes_Anatidae_Anas_zonorhyncha\32f4456d-2b78-4fe1-ad22-293afaec542a.jpg,151,39,39 120 13 128 151,0.0221915778576226
data\raw\val\03206_Animalia_Chordata_Aves_Anseriformes_Anatidae_Anas_zonorhyncha\432555c2-807b-4daf-a03e-6c201804cd6b.jpg,151,154,154 155 219 216 203,0.1052073035575838
data\raw\val\03206_Animalia_Chordata_Aves_Anseriformes_Anatidae_Anas_zonorhyncha\b2f85224-2825-4896-83de-2584081f5499.jpg,151,261,261 308 478 272 464,0.026824665468368168
data\raw\val\03206_Animalia_Chordata_Aves_Anseriformes_Anatidae_Anas_zonorhyncha\aece1620-6dbf-42bb-a87f-1544e68ad87c.jpg,151,212,212 211 227 78 270,0.04500799021540812
data\raw\val\03206_Animalia_Chordata_Aves_Anseriformes_Anatidae_Anas_zonorhyncha\da21a087-02af-4201-a368-6751bd04f632.jpg,151,192,192 266 284 112 293,0.014156640988479241
data\raw\val\03206_Animalia_Chordata_Aves_Anseriformes_Anatidae_Anas_zonorhyncha\a04e3429-2eed-4b33-95da-687ac402f42d.jpg,151,297,297 139 142 298 374,0.060645636240922125
data\raw\val\03206_Animalia_Chordata_Aves_Anseriformes_Anatidae_Anas_zonorhyncha\80473fce-2b5c-4548-ada7-777cd1e0e418.jpg,151,150,150 283 202 151 216,0.0557131558262918
data\raw\val\03206_Animalia_Chordata_Aves_Anseriformes_Anatidae_Anas_zonorhyncha\84238ed5-3b93-4695-b102-f6b5b9bfe0ff.jpg,151,278,278 150 217 202 303,0.07267998348437416
data\raw\val\03242_Animalia_Chordata_Aves_Anseriformes_Anatidae_Cygnus_cygnus\c29254c7-7400-4b59-af66-ecfc1bc1d2eb.jpg,152,270,270 260 456 439 448,0.024910000187856732
data\raw\val\03242_Animalia_Chordata_Aves_Anseriformes_Anatidae_Cygnus_cygnus\ec24de29-f16e-4369-b4df-85f4227ea74e.jpg,152,155,155 130 176 218 241,0.012653114135095463
data\raw\val\03242_Animalia_Chordata_Aves_Anseriformes_Anatidae_Cygnus_cygnus\371a8609-0831-4f62-bd99-25aabc6b0a7d.jpg,152,143,143 241 190 199 490,0.011670364395211985
data\raw\val\03242_Animalia_Chordata_Aves_Anseriformes_Anatidae_Cygnus_cygnus\a7ede449-a260-462f-a021-03b00fb75c09.jpg,152,215,215 211 220 347 131,0.021544762826844723
data\raw\val\03242_Animalia_Chordata_Aves_Anseriformes_Anatidae_Cygnus_cygnus\bf1d3c63-b04f-46b6-8303-a1ca974300ce.jpg,152,260,260 130 249 153 448,0.011914449165889676
data\raw\val\03242_Animalia_Chordata_Aves_Anseriformes_Anatidae_Cygnus_cygnus\8f6aa3a7-d38f-4a33-9971-8f677501166c.jpg,152,202,202 216 151 204 150,0.023227266368879645
data\raw\val\03242_Animalia_Chordata_Aves_Anseriformes_Anatidae_Cygnus_cygnus\1b05791a-8bf1-47c1-a53b-af182da7c7ec.jpg,152,205,205 213 305 199 203,0.009430242138282856
data\raw\val\03242_Animalia_Chordata_Aves_Anseriformes_Anatidae_Cygnus_cygnus\e48c6c3a-5cce-4031-b164-d77dde2e6006.jpg,152,157,157 164 50 185 205,0.013999152538767472
data\raw\val\03242_Animalia_Chordata_Aves_Anseriformes_Anatidae_Cygnus_cygnus\7ff56262-9dbb-4ce3-97eb-2567f6ffb957.jpg,152,166,166 147 55 61 148,0.013441117007325516
data\raw\val\03242_Animalia_Chordata_Aves_Anseriformes_Anatidae_Cygnus_cygnus\c9066374-da87-46b7-9ede-94d372c15c53.jpg,152,191,191 475 15 168 106,0.00858316813356787
data\raw\val\03297_Animalia_Chordata_Aves_Caprimulgiformes_Podargidae_Podargus_strigoides\337ba8b1-5207-4789-8b38-25e88ac675aa.jpg,153,3,3 140 127 435 451,0.02898433688756865
data\raw\val\03297_Animalia_Chordata_Aves_Caprimulgiformes_Podargidae_Podargus_strigoides\06f90f74-6f31-451d-b335-2261e019c14d.jpg,153,400,400 62 207 130 193,0.017838437352963428
data\raw\val\03297_Animalia_Chordata_Aves_Caprimulgiformes_Podargidae_Podargus_strigoides\677c3d27-e82d-48fd-b9c1-e6c64f1f4078.jpg,153,196,196 75 456 206 26,0.01250964951990255
data\raw\val\03297_Animalia_Chordata_Aves_Caprimulgiformes_Podargidae_Podargus_strigoides\3de34e63-1cb9-4a1f-96f9-f57212d84417.jpg,153,226,226 404 355 156 304,0.04403349366746977
data\raw\val\03297_Animalia_Chordata_Aves_Caprimulgiformes_Podargidae_Podargus_strigoides\fc17808f-9dcf-4e06-9678-0bf0afe92a9b.jpg,153,209,209 435 399 222 395,0.035002239671296356
data\raw\val\03297_Animalia_Chordata_Aves_Caprimulgiformes_Podargidae_Podargus_strigoides\2b910bdb-a0b3-49cc-8d82-71a25997691c.jpg,153,400,400 198 193 206 175,0.033699021337740505
data\raw\val\03297_Animalia_Chordata_Aves_Caprimulgiformes_Podargidae_Podargus_strigoides\14693411-e635-4237-b2d8-dea4fd4f9fdb.jpg,153,391,391 348 376 493 425,0.021538289299639038
data\raw\val\03297_Animalia_Chordata_Aves_Caprimulgiformes_Podargidae_Podargus_strigoides\b335f5e6-3f67-4607-8a62-cd02635cb615.jpg,153,196,196 191 207 183 206,0.01505269538243575
data\raw\val\03297_Animalia_Chordata_Aves_Caprimulgiformes_Podargidae_Podargus_strigoides\0024bc5b-c52c-4d72-a3c8-97bee987453a.jpg,153,206,206 192 186 15 187,0.020229777179043274
data\raw\val\03297_Animalia_Chordata_Aves_Caprimulgiformes_Podargidae_Podargus_strigoides\42fa189f-61e3-43f8-8823-cbbbd552d9df.jpg,153,210,210 112 267 149 64,0.029477359173235282
data\raw\val\03341_Animalia_Chordata_Aves_Charadriiformes_Alcidae_Cerorhinca_monocerata\e04048cc-9e6e-4c57-8e65-c169889344ed.jpg,154,301,301 200 201 151 213,0.06328971345247764
data\raw\val\03341_Animalia_Chordata_Aves_Charadriiformes_Alcidae_Cerorhinca_monocerata\325b4a7b-2106-41e4-ba0b-04a774062149.jpg,154,155,155 203 154 216 173,0.06373132286947102
data\raw\val\03341_Animalia_Chordata_Aves_Charadriiformes_Alcidae_Cerorhinca_monocerata\1bfeb5ce-3f60-4132-aef7-30e181c0de6a.jpg,154,154,154 155 216 204 203,0.13151858469604882
data\raw\val\03341_Animalia_Chordata_Aves_Charadriiformes_Alcidae_Cerorhinca_monocerata\215ae68f-3648-49f8-906f-ea7d80ee2712.jpg,154,151,151 150 101 118 203,0.02816980753938729
data\raw\val\03341_Animalia_Chordata_Aves_Charadriiformes_Alcidae_Cerorhinca_monocerata\08ab8c70-59c8-4527-8747-f5d07c429de0.jpg,154,150,150 216 154 159 203,0.06031021387415665
data\raw\val\03341_Animalia_Chordata_Aves_Charadriiformes_Alcidae_Cerorhinca_monocerata\97105fe3-8def-4388-aa48-d5e07fd99c09.jpg,154,148,148 152 173 146 172,0.033294473935958385
data\raw\val\03341_Animalia_Chordata_Aves_Charadriiformes_Alcidae_Cerorhinca_monocerata\aa2fd1ac-41e6-4429-9a61-9b9a4472557b.jpg,154,154,154 12 108 0 115,0.0316160060551308
data\raw\val\03341_Animalia_Chordata_Aves_Charadriiformes_Alcidae_Cerorhinca_monocerata\db2b3ecd-178a-4407-9440-072cc378d1cf.jpg,154,150,150 154 158 216 45,0.056528254418743394
data\raw\val\03341_Animalia_Chordata_Aves_Charadriiformes_Alcidae_Cerorhinca_monocerata\6871f834-e5ed-41bf-920c-d0c19f178c18.jpg,154,150,150 111 203 154 157,0.04127556409260479
data\raw\val\03341_Animalia_Chordata_Aves_Charadriiformes_Alcidae_Cerorhinca_monocerata\a9943838-09f3-4b3b-9714-3f3838c86ec7.jpg,154,393,393 360 162 494 236,0.022979111780417512
data\raw\val\03342_Animalia_Chordata_Aves_Charadriiformes_Alcidae_Fratercula_arctica\3d67e1bc-47e7-4904-8967-fc7160095de3.jpg,155,203,203 150 303 42 204,0.04243838246866574
data\raw\val\03342_Animalia_Chordata_Aves_Charadriiformes_Alcidae_Fratercula_arctica\6752ee6a-9377-44b1-b364-9f0dad9571a1.jpg,155,212,212 220 280 183 204,0.011382820926745441
data\raw\val\03342_Animalia_Chordata_Aves_Charadriiformes_Alcidae_Fratercula_arctica\1b62fa65-64b0-48da-96d9-d78d13506ffd.jpg,155,149,149 183 174 16 187,0.019738688130027396
data\raw\val\03342_Animalia_Chordata_Aves_Charadriiformes_Alcidae_Fratercula_arctica\66346614-d277-4291-8ed8-2ba43a790457.jpg,155,66,66 60 82 157 345,0.02117907825624355
data\raw\val\03342_Animalia_Chordata_Aves_Charadriiformes_Alcidae_Fratercula_arctica\2f0349c4-7a56-4507-bf31-73a701355b88.jpg,155,269,269 136 24 9 134,0.028920871315375574
data\raw\val\03342_Animalia_Chordata_Aves_Charadriiformes_Alcidae_Fratercula_arctica\23625c2f-f3cc-4437-b276-e152f21023ff.jpg,155,213,213 215 349 280 316,0.03188984044240727
data\raw\val\03342_Animalia_Chordata_Aves_Charadriiformes_Alcidae_Fratercula_arctica\1f5bc33d-50be-4b20-a0ad-ef299fd8cdc5.jpg,155,215,215 155 83 227 212,0.02086997079403303
data\raw\val\03342_Animalia_Chordata_Aves_Charadriiformes_Alcidae_Fratercula_arctica\08cdb847-c82b-4fbf-bd5f-3b69e6bb419c.jpg,155,301,301 159 303 355 195,0.05959489789894524
data\raw\val\03342_Animalia_Chordata_Aves_Charadriiformes_Alcidae_Fratercula_arctica\9850e979-e73c-4953-85e1-f91922a35fbd.jpg,155,215,215 220 280 155 202,0.023683381270917625
data\raw\val\03342_Animalia_Chordata_Aves_Charadriiformes_Alcidae_Fratercula_arctica\f3004947-eea1-4e2f-88b2-db9badbed9d1.jpg,155,375,375 392 226 389 376,0.018834640736742347
data\raw\val\03346_Animalia_Chordata_Aves_Charadriiformes_Burhinidae_Burhinus_grallarius\324ac794-aee1-400f-ab0e-159a04c781cc.jpg,156,150,150 301 278 303 428,0.05120704195461859
data\raw\val\03346_Animalia_Chordata_Aves_Charadriiformes_Burhinidae_Burhinus_grallarius\347faeef-4042-478e-84f2-a6544d6ff83a.jpg,156,381,381 377 403 402 281,0.0410973339078171
data\raw\val\03346_Animalia_Chordata_Aves_Charadriiformes_Burhinidae_Burhinus_grallarius\5ae8119a-758f-45ef-9c20-7d4fce7c6415.jpg,156,215,215 220 202 214 147,0.017271745898121187
data\raw\val\03346_Animalia_Chordata_Aves_Charadriiformes_Burhinidae_Burhinus_grallarius\53569351-f0ee-4e4e-a697-8838ce5c4dfb.jpg,156,226,226 242 232 25 217,0.04903211608496269
data\raw\val\03346_Animalia_Chordata_Aves_Charadriiformes_Burhinidae_Burhinus_grallarius\b6efcc1d-77ec-49b8-ba2a-c43d84e06256.jpg,156,393,393 236 156 270 221,0.029287666171032144
data\raw\val\03346_Animalia_Chordata_Aves_Charadriiformes_Burhinidae_Burhinus_grallarius\b6c012a7-8f2a-4516-bcd7-c620fa257b63.jpg,156,224,224 201 215 160 214,0.0652265808546624
data\raw\val\03346_Animalia_Chordata_Aves_Charadriiformes_Burhinidae_Burhinus_grallarius\b0b5f3f5-71d3-445a-b24e-f6a79b69c3ff.jpg,156,236,236 270 404 78 212,0.020962269896141864
data\raw\val\03346_Animalia_Chordata_Aves_Charadriiformes_Burhinidae_Burhinus_grallarius\0752d5ab-f2fd-4c3d-885d-0e362698b253.jpg,156,498,498 459 353 210 293,0.03219546112550069
data\raw\val\03346_Animalia_Chordata_Aves_Charadriiformes_Burhinidae_Burhinus_grallarius\34e97d5e-68cb-426c-af1e-f15ed3d3592a.jpg,156,226,226 232 191 162 418,0.020182267515571596
data\raw\val\03346_Animalia_Chordata_Aves_Charadriiformes_Burhinidae_Burhinus_grallarius\fb0a13a4-ad07-4be2-ad9e-35b020c59db9.jpg,156,393,393 254 234 232 230,0.026978320420453075
data\raw\val\03352_Animalia_Chordata_Aves_Charadriiformes_Charadriidae_Charadrius_hiaticula\4991b00d-6aaa-4487-8b83-eda1f0a330d4.jpg,157,199,199 215 159 232 163,0.018475378103007416
data\raw\val\03352_Animalia_Chordata_Aves_Charadriiformes_Charadriidae_Charadrius_hiaticula\a8afd468-d7e6-40c6-8744-6837b5b0e861.jpg,157,4,4 46 159 76 21,0.025555953915554035
data\raw\val\03352_Animalia_Chordata_Aves_Charadriiformes_Charadriidae_Charadrius_hiaticula\5442fc22-c999-485d-857b-11f55b2ee464.jpg,157,202,202 150 284 241 152,0.017993303314546946
data\raw\val\03352_Animalia_Chordata_Aves_Charadriiformes_Charadriidae_Charadrius_hiaticula\e12b9fa9-8b45-4f58-9766-bdf9319c9505.jpg,157,227,227 415 478 90 310,0.018259560267908193
data\raw\val\03352_Animalia_Chordata_Aves_Charadriiformes_Charadriidae_Charadrius_hiaticula\2bfcb3f0-119b-4b5f-ba72-4647442527e0.jpg,157,150,150 202 216 203 155,0.06386095306119342
data\raw\val\03352_Animalia_Chordata_Aves_Charadriiformes_Charadriidae_Charadrius_hiaticula\8345412a-b849-457b-98bd-5083de1eb6db.jpg,157,69,69 319 225 351 381,0.015398330045103825
data\raw\val\03352_Animalia_Chordata_Aves_Charadriiformes_Charadriidae_Charadrius_hiaticula\d7169000-d23d-4e0f-b69c-ff57af7241dc.jpg,157,157,157 151 159 45 166,0.03630227039304639
data\raw\val\03352_Animalia_Chordata_Aves_Charadriiformes_Charadriidae_Charadrius_hiaticula\3a9119cb-b1b4-4c42-85dd-1f2d0b5b3d5e.jpg,157,172,172 47 21 154 148,0.01469701902640576
data\raw\val\03352_Animalia_Chordata_Aves_Charadriiformes_Charadriidae_Charadrius_hiaticula\9a0d3d42-0f51-4dea-96a3-c8c26cf03b6d.jpg,157,216,216 215 220 227 214,0.011694710806764371
data\raw\val\03352_Animalia_Chordata_Aves_Charadriiformes_Charadriidae_Charadrius_hiaticula\54dd4a3f-885c-49a5-adcb-d48ce2894339.jpg,157,375,375 265 403 419 240,0.009311986319734386
data\raw\val\03402_Animalia_Chordata_Aves_Charadriiformes_Laridae_Chroicocephalus_ridibundus\b3530d17-727e-4764-95b1-ad381c33c92b.jpg,158,224,224 159 61 164 46,0.039639416128489466
data\raw\val\03402_Animalia_Chordata_Aves_Charadriiformes_Laridae_Chroicocephalus_ridibundus\86d223d3-23ed-46eb-a051-9a14d2687427.jpg,158,154,154 159 8 205 239,0.0421494213518343
data\raw\val\03402_Animalia_Chordata_Aves_Charadriiformes_Laridae_Chroicocephalus_ridibundus\6023e79c-3da4-42d0-b709-c4df79138a40.jpg,158,140,140 131 127 219 204,0.02793879480524845
data\raw\val\03402_Animalia_Chordata_Aves_Charadriiformes_Laridae_Chroicocephalus_ridibundus\9953c5b8-fcc6-40cb-9389-411c7cb32fac.jpg,158,205,205 164 122 158 0,0.01597998851544405
data\raw\val\03402_Animalia_Chordata_Aves_Charadriiformes_Laridae_Chroicocephalus_ridibundus\bcbae826-c16d-4097-b7b0-3d192f957fa9.jpg,158,148,148 245 18 147 125,0.01533807162692717
data\raw\val\03402_Animalia_Chordata_Aves_Charadriiformes_Laridae_Chroicocephalus_ridibundus\724adb40-b05d-4b6c-994c-52cde5bc1145.jpg,158,278,278 200 289 300 404,0.07210936191652004
data\raw\val\03402_Animalia_Chordata_Aves_Charadriiformes_Laridae_Chroicocephalus_ridibundus\2e19e6ad-0961-4acb-a354-29cc7a92ce4f.jpg,158,44,44 245 244 80 18,0.008360951413444178
data\raw\val\03402_Animalia_Chordata_Aves_Charadriiformes_Laridae_Chroicocephalus_ridibundus\5393aed5-9960-4106-8604-af7f658cbd97.jpg,158,212,212 227 269 270 311,0.02217969245103885
data\raw\val\03402_Animalia_Chordata_Aves_Charadriiformes_Laridae_Chroicocephalus_ridibundus\65bad439-1763-46d8-9b27-3245f81653b0.jpg,158,128,128 236 183 187 75,0.033972832572127916
data\raw\val\03402_Animalia_Chordata_Aves_Charadriiformes_Laridae_Chroicocephalus_ridibundus\185f5d68-7b6e-4f76-9f76-1e975891079d.jpg,158,158,158 185 205 148 147,0.014198541595745403
data\raw\val\03479_Animalia_Chordata_Aves_Charadriiformes_Scolopacidae_Numenius_americanus\193eea0e-e6cb-4de9-8c26-3fb0c437a91b.jpg,159,159,159 154 150 102 158,0.024886672986241396
data\raw\val\03479_Animalia_Chordata_Aves_Charadriiformes_Scolopacidae_Numenius_americanus\14e36164-b940-43e0-adb8-9d077e17bad6.jpg,159,122,122 53 251 55 56,0.023835322539283534
data\raw\val\03479_Animalia_Chordata_Aves_Charadriiformes_Scolopacidae_Numenius_americanus\1f97c733-7b79-4474-a04d-8d7cd292cdc6.jpg,159,203,203 150 152 158 154,0.03043374737931307
data\raw\val\03479_Animalia_Chordata_Aves_Charadriiformes_Scolopacidae_Numenius_americanus\7126ae70-3b02-4581-a4a0-c836c5314ab7.jpg,159,173,173 158 148 108 250,0.016878689388400002
data\raw\val\03479_Animalia_Chordata_Aves_Charadriiformes_Scolopacidae_Numenius_americanus\cc73709b-073f-4780-bc45-d4a726e5f502.jpg,159,154,154 158 15 116 203,0.02308561742873115
data\raw\val\03479_Animalia_Chordata_Aves_Charadriiformes_Scolopacidae_Numenius_americanus\9e147d9c-2e2c-4bc3-a614-233ddb69dc1d.jpg,159,149,149 158 154 113 102,0.03563036646757535
data\raw\val\03479_Animalia_Chordata_Aves_Charadriiformes_Scolopacidae_Numenius_americanus\1422b015-1e43-4e65-b21f-e43953a1a158.jpg,159,159,159 157 164 50 205,0.035185816340800743
data\raw\val\03479_Animalia_Chordata_Aves_Charadriiformes_Scolopacidae_Numenius_americanus\53d69bc3-c067-48f6-b85a-346c09123aad.jpg,159,42,42 217 27 40 203,0.030927339666206147
data\raw\val\03479_Animalia_Chordata_Aves_Charadriiformes_Scolopacidae_Numenius_americanus\19a65058-9906-4ca5-8549-2bd9c3d71406.jpg,159,159,159 157 150 164 151,0.04126578167723017
data\raw\val\03479_Animalia_Chordata_Aves_Charadriiformes_Scolopacidae_Numenius_americanus\d0c93bbb-933e-4ae9-840b-4fbc9686e638.jpg,159,154,154 159 47 150 216,0.05114558908715824
data\raw\val\03502_Animalia_Chordata_Aves_Ciconiiformes_Ciconiidae_Ciconia_ciconia\5e82d9f9-f628-4cc8-a17b-a645f66d81ba.jpg,160,254,254 249 250 100 205,0.012682461252460787
data\raw\val\03502_Animalia_Chordata_Aves_Ciconiiformes_Ciconiidae_Ciconia_ciconia\9c11480a-bc4b-4a3c-b408-ebafcf4c40e9.jpg,160,226,226 199 201 425 160,0.01625156978117047
data\raw\val\03502_Animalia_Chordata_Aves_Ciconiiformes_Ciconiidae_Ciconia_ciconia\53fdc7d0-cdbc-4f3b-9a23-4ba8565013c9.jpg,160,75,75 16 133 81 32,0.012241047642047108
data\raw\val\03502_Animalia_Chordata_Aves_Ciconiiformes_Ciconiidae_Ciconia_ciconia\d2d8411e-d961-4850-b017-531bed1342f1.jpg,160,219,219 17 136 38 86,0.022912896981947845
data\raw\val\03502_Animalia_Chordata_Aves_Ciconiiformes_Ciconiidae_Ciconia_ciconia\463a06e4-2cea-4196-bc4e-710ae49a22ee.jpg,160,160,160 28 211 486 474,0.00944941461131342
data\raw\val\03502_Animalia_Chordata_Aves_Ciconiiformes_Ciconiidae_Ciconia_ciconia\589df228-184b-40cc-9037-ad1cb0c1c57b.jpg,160,211,211 214 213 215 163,0.04228880583383344
data\raw\val\03502_Animalia_Chordata_Aves_Ciconiiformes_Ciconiidae_Ciconia_ciconia\d01676e9-1bf0-4460-a5ed-712929e51669.jpg,160,147,147 148 160 146 173,0.02095052245997153
data\raw\val\03502_Animalia_Chordata_Aves_Ciconiiformes_Ciconiidae_Ciconia_ciconia\12487737-1a54-4dc0-8bff-3a63e4e4eeea.jpg,160,488,488 160 486 199 175,0.013929514023516765
data\raw\val\03502_Animalia_Chordata_Aves_Ciconiiformes_Ciconiidae_Ciconia_ciconia\5664255e-c4a6-41ac-bc4e-1953c0720271.jpg,160,108,108 117 149 185 102,0.019917997422336995
data\raw\val\03502_Animalia_Chordata_Aves_Ciconiiformes_Ciconiidae_Ciconia_ciconia\5b6620c5-94cf-45a0-b6f4-d07ea79bfbab.jpg,160,152,152 133 109 158 251,0.016181294233987616
data\raw\val\03534_Animalia_Chordata_Aves_Columbiformes_Columbidae_Streptopelia_capicola\a26cbc13-2451-40ed-9291-4f1bda1be7b1.jpg,161,202,202 199 204 150 155,0.01319220185594519
data\raw\val\03534_Animalia_Chordata_Aves_Columbiformes_Columbidae_Streptopelia_capicola\4bbe09c9-6ed5-485e-9861-b4414c58e786.jpg,161,394,394 207 222 423 490,0.01794236918562429
data\raw\val\03534_Animalia_Chordata_Aves_Columbiformes_Columbidae_Streptopelia_capicola\db3e751c-7f48-450f-b970-3c72f0ea3836.jpg,161,213,213 157 214 69 223,0.02777832916758194
data\raw\val\03534_Animalia_Chordata_Aves_Columbiformes_Columbidae_Streptopelia_capicola\0387f0ac-5528-47d7-8ee2-5d3b96cce10e.jpg,161,207,207 198 175 191 193,0.036873796150121166
data\raw\val\03534_Animalia_Chordata_Aves_Columbiformes_Columbidae_Streptopelia_capicola\c4739073-3dec-40df-9143-b5b7cf5b52d3.jpg,161,25,25 166 158 126 226,0.031048974516236633
data\raw\val\03534_Animalia_Chordata_Aves_Columbiformes_Columbidae_Streptopelia_capicola\7d034fd9-c41a-4215-996e-df909b2087fa.jpg,161,286,286 231 167 106 182,0.01100289074377673
data\raw\val\03534_Animalia_Chordata_Aves_Columbiformes_Columbidae_Streptopelia_capicola\579c7070-b054-4570-9fff-d13800919f6a.jpg,161,490,490 423 287 465 163,0.017852076985806056
data\raw\val\03534_Animalia_Chordata_Aves_Columbiformes_Columbidae_Streptopelia_capicola\ef6f1c4f-b3fb-452d-bcd8-03c8ee18b26f.jpg,161,174,174 148 269 161 146,0.033211602396130066
data\raw\val\03534_Animalia_Chordata_Aves_Columbiformes_Columbidae_Streptopelia_capicola\4f598a4d-9918-4598-ba61-488c7d88be6c.jpg,161,217,217 75 26 150 142,0.01808029102047762
data\raw\val\03534_Animalia_Chordata_Aves_Columbiformes_Columbidae_Streptopelia_capicola\6e1644ed-b217-40a3-964a-d40098db5c10.jpg,161,241,241 202 199 150 151,0.01552420457362314
data\raw\val\03617_Animalia_Chordata_Aves_Galliformes_Cracidae_Penelope_obscura\836e9fc5-1783-4e27-812f-62fc224d71aa.jpg,162,217,217 110 239 72 225,0.0353532229962619
data\raw\val\03617_Animalia_Chordata_Aves_Galliformes_Cracidae_Penelope_obscura\3af371d3-c2f4-4549-892b-0065a116ceb9.jpg,162,331,331 304 291 420 289,0.020353133055323294
data\raw\val\03617_Animalia_Chordata_Aves_Galliformes_Cracidae_Penelope_obscura\57900f09-d8a3-4d4d-9eff-53abb70c4205.jpg,162,403,403 308 67 450 428,0.011277838700979047
data\raw\val\03617_Animalia_Chordata_Aves_Galliformes_Cracidae_Penelope_obscura\20ba6f4e-584c-4289-a8ec-04a9f741e955.jpg,162,197,197 120 111 26 169,0.014261483621464734
data\raw\val\03617_Animalia_Chordata_Aves_Galliformes_Cracidae_Penelope_obscura\ae8c441c-9073-4166-abdf-51a38263e184.jpg,162,348,348 475 415 269 473,0.016222163690228813
data\raw\val\03617_Animalia_Chordata_Aves_Galliformes_Cracidae_Penelope_obscura\012d7c8c-b0ee-4cbc-9d04-7948b2f69e5d.jpg,162,208,208 74 98 120 153,0.009284769949216327
data\raw\val\03617_Animalia_Chordata_Aves_Galliformes_Cracidae_Penelope_obscura\28b32f5c-884c-4bed-958f-dca5660a1c3a.jpg,162,140,140 259 190 393 479,0.02152123866495463
data\raw\val\03617_Animalia_Chordata_Aves_Galliformes_Cracidae_Penelope_obscura\5957f2aa-deba-4f9a-a566-b2fe18786b19.jpg,162,242,242 217 25 232 226,0.05717756118752164
data\raw\val\03617_Animalia_Chordata_Aves_Galliformes_Cracidae_Penelope_obscura\5c028320-e567-4ad1-8864-d293c694ade7.jpg,162,318,318 437 359 333 414,0.017644211737007545
data\raw\val\03617_Animalia_Chordata_Aves_Galliformes_Cracidae_Penelope_obscura\92760302-c73a-4d3e-8674-199669c472bd.jpg,162,495,495 381 494 498 278,0.05736858581435769
data\raw\val\03621_Animalia_Chordata_Aves_Galliformes_Odontophoridae_Callipepla_californica\64507433-350a-4be2-b3ba-5aeb8b71fe90.jpg,163,316,316 347 378 189 495,0.013939989962874023
data\raw\val\03621_Animalia_Chordata_Aves_Galliformes_Odontophoridae_Callipepla_californica\aaf1fd77-7818-41e9-b2b9-896f0bef9f2a.jpg,163,224,224 11 215 163 214,0.02957533892432146
data\raw\val\03621_Animalia_Chordata_Aves_Galliformes_Odontophoridae_Callipepla_californica\e3c0f8f1-6049-4384-9be7-1e78b830e9cf.jpg,163,106,106 165 75 64 16,0.011937695834992212
data\raw\val\03621_Animalia_Chordata_Aves_Galliformes_Odontophoridae_Callipepla_californica\dc010618-7efb-4e15-aa9d-9164ae472257.jpg,163,217,217 42 192 75 141,0.02918230701554547
data\raw\val\03621_Animalia_Chordata_Aves_Galliformes_Odontophoridae_Callipepla_californica\d561856c-0e88-433e-9d43-b1505a64ab19.jpg,163,214,214 241 78 225 211,0.014668074257574205
data\raw\val\03621_Animalia_Chordata_Aves_Galliformes_Odontophoridae_Callipepla_californica\2618d48c-4c2c-4e85-aeb0-62d4e2756982.jpg,163,438,438 359 371 323 346,0.017896090630973836
data\raw\val\03621_Animalia_Chordata_Aves_Galliformes_Odontophoridae_Callipepla_californica\922ad8e6-bfbe-49cf-8715-eda97685fb57.jpg,163,49,49 251 128 61 34,0.0216051797678961
data\raw\val\03621_Animalia_Chordata_Aves_Galliformes_Odontophoridae_Callipepla_californica\49bc9d3a-9125-4e20-a620-83640dd5d087.jpg,163,205,205 59 148 164 181,0.014482750129444751
data\raw\val\03621_Animalia_Chordata_Aves_Galliformes_Odontophoridae_Callipepla_californica\33f1478a-262e-4a1d-b2e5-dc44a11973e1.jpg,163,226,226 303 376 423 355,0.04558398268944856
data\raw\val\03621_Animalia_Chordata_Aves_Galliformes_Odontophoridae_Callipepla_californica\77b0d106-2aa9-4a4d-8d29-ce99bff5b99a.jpg,163,236,236 280 393 162 78,0.023015501612962782
data\raw\val\03647_Animalia_Chordata_Aves_Gruiformes_Gruidae_Anthropoides_virgo\81d1b8eb-eae9-46c6-907b-0433952bb590.jpg,164,346,346 415 179 177 473,0.013673569706927425
data\raw\val\03647_Animalia_Chordata_Aves_Gruiformes_Gruidae_Anthropoides_virgo\4208f1ae-f000-4555-9e02-111d539a7470.jpg,164,56,56 1 180 167 165,0.024388673475769534
data\raw\val\03647_Animalia_Chordata_Aves_Gruiformes_Gruidae_Anthropoides_virgo\f3542ae6-a2f5-496e-9bdf-dee4ef1367d1.jpg,164,21,21 250 100 159 56,0.020528440963798588
data\raw\val\03647_Animalia_Chordata_Aves_Gruiformes_Gruidae_Anthropoides_virgo\211dcb0a-bdf6-4904-8830-cdd75cdfe307.jpg,164,147,147 146 148 205 149,0.021577563911447935
data\raw\val\03647_Animalia_Chordata_Aves_Gruiformes_Gruidae_Anthropoides_virgo\fd1e9de7-2644-4131-92e1-d9f1bb6e35de.jpg,164,224,224 87 10 157 242,0.023449169386299207
data\raw\val\03647_Animalia_Chordata_Aves_Gruiformes_Gruidae_Anthropoides_virgo\f2f65295-2ff6-4c1b-8106-f6d274a98938.jpg,164,100,100 99 49 205 20,0.015372083692941785
data\raw\val\03647_Animalia_Chordata_Aves_Gruiformes_Gruidae_Anthropoides_virgo\6be2b962-5628-4fcd-8e9e-db85805a76b5.jpg,164,157,157 154 173 150 216,0.02031496254514173
data\raw\val\03647_Animalia_Chordata_Aves_Gruiformes_Gruidae_Anthropoides_virgo\1b363ce3-42c7-4770-9554-50940a531917.jpg,164,199,199 160 211 215 205,0.021598255416677314
data\raw\val\03647_Animalia_Chordata_Aves_Gruiformes_Gruidae_Anthropoides_virgo\61887c23-b98f-40a8-83e7-9cc26b0963b0.jpg,164,122,122 65 166 254 218,0.011745046973306713
data\raw\val\03647_Animalia_Chordata_Aves_Gruiformes_Gruidae_Anthropoides_virgo\301086a6-7993-474b-815c-1bbe03edc416.jpg,164,136,136 254 139 135 100,0.03085227735420066
data\raw\val\03727_Animalia_Chordata_Aves_Passeriformes_Cardinalidae_Spiza_americana\ef9cfbe6-c0de-4892-ad6f-3526d47e3960.jpg,165,119,119 165 105 122 181,0.03722366060683827
data\raw\val\03727_Animalia_Chordata_Aves_Passeriformes_Cardinalidae_Spiza_americana\e81d0072-a35a-4b59-ade7-e0e91d8adcc3.jpg,165,17,17 148 35 18 160,0.022613703755481763
data\raw\val\03727_Animalia_Chordata_Aves_Passeriformes_Cardinalidae_Spiza_americana\03db9885-3675-46fa-a5d9-29eaf2fbf6de.jpg,165,177,177 390 381 292 156,0.01096410169489493
data\raw\val\03727_Animalia_Chordata_Aves_Passeriformes_Cardinalidae_Spiza_americana\77d41a81-5d0b-418e-b2e1-c4e2f9d9a1df.jpg,165,167,167 168 186 188 209,0.01720539261842037
data\raw\val\03727_Animalia_Chordata_Aves_Passeriformes_Cardinalidae_Spiza_americana\f9773e46-16f1-45c9-b639-c5bd76f78ac3.jpg,165,411,411 499 311 37 310,0.043362916417709806
data\raw\val\03727_Animalia_Chordata_Aves_Passeriformes_Cardinalidae_Spiza_americana\673f2de4-1804-4b31-b1e8-06bd3bb47a8d.jpg,165,181,181 157 185 45 169,0.01123194506549759
data\raw\val\03727_Animalia_Chordata_Aves_Passeriformes_Cardinalidae_Spiza_americana\e3771620-645d-44a6-aac1-993cb908a6a6.jpg,165,258,258 190 262 261 266,0.019189613683134574
data\raw\val\03727_Animalia_Chordata_Aves_Passeriformes_Cardinalidae_Spiza_americana\9041824c-9e51-4add-ad61-8b9c893ef308.jpg,165,160,160 199 181 161 205,0.017082910890952287
data\raw\val\03727_Animalia_Chordata_Aves_Passeriformes_Cardinalidae_Spiza_americana\1363a9b1-c12e-428b-bb28-993a6a55d4ff.jpg,165,198,198 175 206 196 197,0.034296582002040304
data\raw\val\03727_Animalia_Chordata_Aves_Passeriformes_Cardinalidae_Spiza_americana\a3ca5e04-d8f3-422b-87c2-7a6881f6000f.jpg,165,105,105 44 112 60 4,0.01276911334828703
data\raw\val\03755_Animalia_Chordata_Aves_Passeriformes_Corvidae_Corvus_frugilegus\0f4cfb66-498f-4372-85e8-6c85c63ff613.jpg,166,149,149 146 148 147 174,0.029778104865691647
data\raw\val\03755_Animalia_Chordata_Aves_Passeriformes_Corvidae_Corvus_frugilegus\165e7e97-b53b-4ea0-95d2-666dbda424c2.jpg,166,224,224 214 232 215 234,0.03043846294215827
data\raw\val\03755_Animalia_Chordata_Aves_Passeriformes_Corvidae_Corvus_frugilegus\3c6e7bd5-0918-42b8-b650-837ef506336a.jpg,166,476,476 483 436 479 209,0.015155375573091281
data\raw\val\03755_Animalia_Chordata_Aves_Passeriformes_Corvidae_Corvus_frugilegus\57e8faf8-2fea-44ef-b989-3ae44430aa9a.jpg,166,3,3 106 236 456 110,0.01825249352283014
data\raw\val\03755_Animalia_Chordata_Aves_Passeriformes_Corvidae_Corvus_frugilegus\8b31e3ae-d79d-4103-a907-034ad9261811.jpg,166,191,191 178 167 168 192,0.02585911500359168
data\raw\val\03755_Animalia_Chordata_Aves_Passeriformes_Corvidae_Corvus_frugilegus\e5464941-b602-429d-bb12-a0d6e526f223.jpg,166,95,95 96 66 82 65,0.017572037115835996
data\raw\val\03755_Animalia_Chordata_Aves_Passeriformes_Corvidae_Corvus_frugilegus\ba26f732-f6e1-4555-a993-317c3b4db8b7.jpg,166,329,329 396 416 391 413,0.06651643106836007
data\raw\val\03755_Animalia_Chordata_Aves_Passeriformes_Corvidae_Corvus_frugilegus\d591b509-d6ac-417c-a95a-1510d6f02b06.jpg,166,146,146 148 172 147 46,0.015256385753298556
data\raw\val\03755_Animalia_Chordata_Aves_Passeriformes_Corvidae_Corvus_frugilegus\928d821f-38f7-4aa7-9cb9-59fecf52b282.jpg,166,96,96 95 60 197 30,0.03008088687510461
data\raw\val\03755_Animalia_Chordata_Aves_Passeriformes_Corvidae_Corvus_frugilegus\a8fde818-63da-4866-8c2b-255bcde0fcea.jpg,166,158,158 164 151 204 203,0.019462841860828188
data\raw\val\03767_Animalia_Chordata_Aves_Passeriformes_Corvidae_Dendrocitta_formosae\d7866e46-830f-4dba-bb18-97ccf63a3568.jpg,167,187,187 42 40 174 196,0.01638922052270846
data\raw\val\03767_Animalia_Chordata_Aves_Passeriformes_Corvidae_Dendrocitta_formosae\5ce66621-b175-4771-b077-1390a00fb98e.jpg,167,488,488 486 175 357 398,0.016791562071249443
data\raw\val\03767_Animalia_Chordata_Aves_Passeriformes_Corvidae_Dendrocitta_formosae\eebb7ca8-cdef-446a-a317-690daed0acd6.jpg,167,363,363 369 391 490 222,0.022604608857870304
data\raw\val\03767_Animalia_Chordata_Aves_Passeriformes_Corvidae_Dendrocitta_formosae\fca0717a-bb76-4ab0-87c6-2ea22c88ec92.jpg,167,171,171 184 188 119 413,0.01615696205740612
data\raw\val\03767_Animalia_Chordata_Aves_Passeriformes_Corvidae_Dendrocitta_formosae\2c86a555-7c09-4641-97b8-375549686b03.jpg,167,382,382 413 362 397 473,0.023650171299883213
data\raw\val\03767_Animalia_Chordata_Aves_Passeriformes_Corvidae_Dendrocitta_formosae\be13ce15-4409-494e-8b44-46e38ea4c697.jpg,167,230,230 62 117 15 125,0.013603365386012516
data\raw\val\03767_Animalia_Chordata_Aves_Passeriformes_Corvidae_Dendrocitta_formosae\7c60242a-a5fb-4717-ab64-f5c542101739.jpg,167,206,206 22 193 198 66,0.02913245370686266
data\raw\val\03767_Animalia_Chordata_Aves_Passeriformes_Corvidae_Dendrocitta_formosae\84e17634-fa88-4a55-b9f8-f92642653b19.jpg,167,305,305 372 465 297 353,0.020558659118510417
data\raw\val\03767_Animalia_Chordata_Aves_Passeriformes_Corvidae_Dendrocitta_formosae\45484266-17ab-4313-9d89-f42d5acd4172.jpg,167,3,3 107 0 63 116,0.02043925432085029
data\raw\val\03767_Animalia_Chordata_Aves_Passeriformes_Corvidae_Dendrocitta_formosae\90df9144-c726-4a57-9b0c-2f378a7e8ff6.jpg,167,185,185 149 206 174 180,0.0258926725298772
data\raw\val\03776_Animalia_Chordata_Aves_Passeriformes_Corvidae_Pica_serica\bddc92de-121b-41d5-8fe5-43cf562d7421.jpg,168,252,252 129 244 253 132,0.044432375151565305
data\raw\val\03776_Animalia_Chordata_Aves_Passeriformes_Corvidae_Pica_serica\734dd8d6-ee36-4cde-a362-d35bd1e594af.jpg,168,141,141 62 72 82 123,0.01970334114459409
data\raw\val\03776_Animalia_Chordata_Aves_Passeriformes_Corvidae_Pica_serica\6768823e-c62b-4cfd-8c2d-657d4c956295.jpg,168,222,222 207 209 210 394,0.03177632060430435
data\raw\val\03776_Animalia_Chordata_Aves_Passeriformes_Corvidae_Pica_serica\4eb61820-ad3d-464b-91af-138b059632cb.jpg,168,205,205 164 154 158 203,0.017505418301890667
data\raw\val\03776_Animalia_Chordata_Aves_Passeriformes_Corvidae_Pica_serica\cc9f38dd-cd86-4fb0-b063-780db90f977e.jpg,168,344,344 345 460 335 361,0.030194597616195366
data\raw\val\03776_Animalia_Chordata_Aves_Passeriformes_Corvidae_Pica_serica\4de0c8d9-acad-4883-90b7-efd9096cee77.jpg,168,214,214 215 118 127 211,0.013221487498282678
data\raw\val\03776_Animalia_Chordata_Aves_Passeriformes_Corvidae_Pica_serica\557c073b-ea04-4cf9-a182-ef958643f1e1.jpg,168,391,391 359 416 322 452,0.02108708077081096
data\raw\val\03776_Animalia_Chordata_Aves_Passeriformes_Corvidae_Pica_serica\0afacb72-8968-4e2d-a2b2-2c6fe937c41b.jpg,168,196,196 292 233 142 96,0.010317925892815147
data\raw\val\03776_Animalia_Chordata_Aves_Passeriformes_Corvidae_Pica_serica\fd941aa6-5b87-4a44-98d5-a9c5ee4e58b3.jpg,168,357,357 462 37 33 66,0.02302691848057628
data\raw\val\03776_Animalia_Chordata_Aves_Passeriformes_Corvidae_Pica_serica\724f27fa-e223-4e09-adc4-d4822605494d.jpg,168,217,217 202 96 164 158,0.026869918471241972
data\raw\val\03792_Animalia_Chordata_Aves_Passeriformes_Emberizidae_Emberiza_hortulana\7a5d8b2a-0ce4-4dab-8d3e-50f033f96ea0.jpg,169,141,141 32 183 153 65,0.012719181514008006
data\raw\val\03792_Animalia_Chordata_Aves_Passeriformes_Emberizidae_Emberiza_hortulana\052c4874-ce84-4c8b-aec7-cf2f31b73b5f.jpg,169,152,152 146 180 158 172,0.019299750791656065
data\raw\val\03792_Animalia_Chordata_Aves_Passeriformes_Emberizidae_Emberiza_hortulana\77929291-6525-4b16-9a49-fbdbea1dded6.jpg,169,194,194 443 356 472 483,0.011552227587222852
data\raw\val\03792_Animalia_Chordata_Aves_Passeriformes_Emberizidae_Emberiza_hortulana\31ec8cd9-6cf4-406c-97fc-1e95e839fdbd.jpg,169,76,76 68 127 31 230,0.008915259359529608
data\raw\val\03792_Animalia_Chordata_Aves_Passeriformes_Emberizidae_Emberiza_hortulana\e6ca676e-9b73-4931-9cf0-58e1261b3970.jpg,169,301,301 150 202 300 180,0.04309633143364797
data\raw\val\03792_Animalia_Chordata_Aves_Passeriformes_Emberizidae_Emberiza_hortulana\471cb10b-f027-4ad5-bcb4-8f495adf57b9.jpg,169,3,3 105 210 231 187,0.01648664834448954
data\raw\val\03792_Animalia_Chordata_Aves_Passeriformes_Emberizidae_Emberiza_hortulana\0657e845-1de8-4b05-b308-e0d4adfd5349.jpg,169,237,237 351 217 118 242,0.012893417985680462
data\raw\val\03792_Animalia_Chordata_Aves_Passeriformes_Emberizidae_Emberiza_hortulana\ca68194d-56c4-40b7-bee4-9bc163e0907c.jpg,169,206,206 195 172 166 193,0.06882331812988432
data\raw\val\03792_Animalia_Chordata_Aves_Passeriformes_Emberizidae_Emberiza_hortulana\4407f92a-7728-435a-8f5c-2a69b8618c4a.jpg,169,224,224 155 347 118 237,0.017635253511780018
data\raw\val\03792_Animalia_Chordata_Aves_Passeriformes_Emberizidae_Emberiza_hortulana\a93dbfb5-d8b7-4c59-8b43-e0562d54a360.jpg,169,392,392 295 306 334 465,0.03749744528707352
data\raw\val\03800_Animalia_Chordata_Aves_Passeriformes_Estrildidae_Lonchura_punctulata\8da19d84-bef8-4dc0-8e20-a6fee8e3a257.jpg,170,186,186 198 209 193 413,0.018212410532823714
data\raw\val\03800_Animalia_Chordata_Aves_Passeriformes_Estrildidae_Lonchura_punctulata\5447765a-555c-4e68-a4b2-3c197ce5648f.jpg,170,218,218 271 225 83 239,0.013364001955928476
data\raw\val\03800_Animalia_Chordata_Aves_Passeriformes_Estrildidae_Lonchura_punctulata\60e1d5b8-33b0-4ee8-93cc-829c4662f135.jpg,170,254,254 149 174 147 148,0.04320229337222957
data\raw\val\03800_Animalia_Chordata_Aves_Passeriformes_Estrildidae_Lonchura_punctulata\60b68096-a869-4603-866c-4d10d7b909d5.jpg,170,393,393 252 475 255 222,0.0074343454460236115
data\raw\val\03800_Animalia_Chordata_Aves_Passeriformes_Estrildidae_Lonchura_punctulata\5bc15c50-6317-4a41-bc3d-771f8c27d021.jpg,170,196,196 127 32 64 141,0.009015457743977488
data\raw\val\03800_Animalia_Chordata_Aves_Passeriformes_Estrildidae_Lonchura_punctulata\55e95532-07e2-4be7-b8cd-3315c2e76884.jpg,170,15,15 278 150 107 120,0.00832166198960502
data\raw\val\03800_Animalia_Chordata_Aves_Passeriformes_Estrildidae_Lonchura_punctulata\5b7c4110-0619-425c-93dd-6eccd3054145.jpg,170,1,1 119 165 180 103,0.04397616668057802
data\raw\val\03800_Animalia_Chordata_Aves_Passeriformes_Estrildidae_Lonchura_punctulata\20b45fe7-47d9-4974-ac44-980188c4c08e.jpg,170,300,300 293 187 236 284,0.02066161910484121
data\raw\val\03800_Animalia_Chordata_Aves_Passeriformes_Estrildidae_Lonchura_punctulata\b5b14ec0-b84f-4ea1-8041-4eb6412e7211.jpg,170,488,488 398 486 244 276,0.07530531881908348
data\raw\val\03800_Animalia_Chordata_Aves_Passeriformes_Estrildidae_Lonchura_punctulata\17763658-1ea4-4ff1-897e-152e8fe54258.jpg,170,253,253 115 27 29 35,0.019423871454731734
data\raw\val\03814_Animalia_Chordata_Aves_Passeriformes_Fringillidae_Coccothraustes_coccothraustes\8c9da120-9f2c-4d45-8423-5d656868f4bf.jpg,171,128,128 103 189 251 176,0.040497746080414156
data\raw\val\03814_Animalia_Chordata_Aves_Passeriformes_Fringillidae_Coccothraustes_coccothraustes\7bcdaca3-5b85-484d-a686-245b5e1c48f0.jpg,171,193,193 194 172 177 206,0.03949206690665026
data\raw\val\03814_Animalia_Chordata_Aves_Passeriformes_Fringillidae_Coccothraustes_coccothraustes\410b9dfc-0362-40e3-9e87-bbb1be10f969.jpg,171,66,66 141 130 196 35,0.018406392832694105
data\raw\val\03814_Animalia_Chordata_Aves_Passeriformes_Fringillidae_Coccothraustes_coccothraustes\5b6a54b2-de3c-45e9-94df-c88f759050bb.jpg,171,171,171 186 187 209 194,0.031846957287460724
data\raw\val\03814_Animalia_Chordata_Aves_Passeriformes_Fringillidae_Coccothraustes_coccothraustes\5a6da83f-63c8-42fd-b4fd-600ed79e0ef4.jpg,171,444,444 469 430 371 478,0.016068290845922793
data\raw\val\03814_Animalia_Chordata_Aves_Passeriformes_Fringillidae_Coccothraustes_coccothraustes\a9ed9ab8-aba8-4203-bed2-eb2fd20b56b6.jpg,171,194,194 193 171 148 184,0.020016876460388487
data\raw\val\03814_Animalia_Chordata_Aves_Passeriformes_Fringillidae_Coccothraustes_coccothraustes\4a370999-e300-4133-a8c8-0b697eca6fba.jpg,171,171,171 149 182 177 206,0.03238817832011928
data\raw\val\03814_Animalia_Chordata_Aves_Passeriformes_Fringillidae_Coccothraustes_coccothraustes\101b4ecc-16c5-4c14-bc9f-313565abae6b.jpg,171,302,302 206 170 182 172,0.04754409614474171
data\raw\val\03814_Animalia_Chordata_Aves_Passeriformes_Fringillidae_Coccothraustes_coccothraustes\c17de0a2-6eb1-4c5c-8fed-cb73657ef443.jpg,171,157,157 180 181 46 183,0.007279116627982385
data\raw\val\03814_Animalia_Chordata_Aves_Passeriformes_Fringillidae_Coccothraustes_coccothraustes\0befab6e-aae7-4245-85b8-fca2815ed9fd.jpg,171,146,146 184 194 171 167,0.03687899112934562
data\raw\val\03848_Animalia_Chordata_Aves_Passeriformes_Hirundinidae_Hirundo_neoxena\0dbd3de1-b4e1-4c2f-bf34-f17083967277.jpg,172,132,132 144 237 138 123,0.015537768834813845
data\raw\val\03848_Animalia_Chordata_Aves_Passeriformes_Hirundinidae_Hirundo_neoxena\1229ec8e-4d85-4237-8017-34ed814c14e3.jpg,172,130,130 218 66 141 60,0.015868267949835525
data\raw\val\03848_Animalia_Chordata_Aves_Passeriformes_Hirundinidae_Hirundo_neoxena\15480aa4-44f2-4f0f-9686-f3d95ba3f02a.jpg,172,107,107 239 115 109 116,0.028447403006847765
data\raw\val\03848_Animalia_Chordata_Aves_Passeriformes_Hirundinidae_Hirundo_neoxena\7daa77fa-eec9-4a3f-93c8-f76c29e03087.jpg,172,85,85 485 196 360 448,0.023833437862520578
data\raw\val\03848_Animalia_Chordata_Aves_Passeriformes_Hirundinidae_Hirundo_neoxena\1d6add27-6f1a-4186-8dcc-e918a3ba5cfa.jpg,172,149,149 102 172 185 117,0.011580131394563244
data\raw\val\03848_Animalia_Chordata_Aves_Passeriformes_Hirundinidae_Hirundo_neoxena\7ce07d4b-eb70-43b1-91df-54c967bc0c65.jpg,172,144,144 238 6 255 139,0.024866855591757577
data\raw\val\03848_Animalia_Chordata_Aves_Passeriformes_Hirundinidae_Hirundo_neoxena\77bb0ecb-86a8-4f46-9792-a6679bdb5979.jpg,172,102,102 53 101 99 77,0.047556714975579284
data\raw\val\03848_Animalia_Chordata_Aves_Passeriformes_Hirundinidae_Hirundo_neoxena\996b25e1-b14c-4532-a527-bac10fd55e80.jpg,172,75,75 141 15 105 40,0.021210046664083434
data\raw\val\03848_Animalia_Chordata_Aves_Passeriformes_Hirundinidae_Hirundo_neoxena\872e452d-67f2-4bdb-a824-e307e89eaeac.jpg,172,103,103 231 477 119 113,0.028787829858193458
data\raw\val\03848_Animalia_Chordata_Aves_Passeriformes_Hirundinidae_Hirundo_neoxena\e7c36924-81c4-4617-bd72-cb7e99c3e68d.jpg,172,47,47 141 122 130 55,0.01067372178988471
data\raw\val\03859_Animalia_Chordata_Aves_Passeriformes_Hirundinidae_Riparia_riparia\fa97a0ae-5dbd-4afb-b325-f24ee729fc90.jpg,173,53,53 166 254 58 250,0.02498392852363525
data\raw\val\03859_Animalia_Chordata_Aves_Passeriformes_Hirundinidae_Riparia_riparia\21d3ba65-9eb6-4a68-b063-e2236f0e2771.jpg,173,1,1 180 102 108 50,0.04787359981605308
data\raw\val\03859_Animalia_Chordata_Aves_Passeriformes_Hirundinidae_Riparia_riparia\94c3b511-2580-4a4a-bd65-9854c5fb8dfe.jpg,173,215,215 211 214 212 224,0.06347392073070583
data\raw\val\03859_Animalia_Chordata_Aves_Passeriformes_Hirundinidae_Riparia_riparia\d7668870-46c0-4117-a8a7-94b8ee24759b.jpg,173,113,113 112 105 42 27,0.03725496662459774
data\raw\val\03859_Animalia_Chordata_Aves_Passeriformes_Hirundinidae_Riparia_riparia\5e069ffe-91af-4ea2-8395-f6ae8aed0775.jpg,173,53,53 100 58 20 56,0.02418022443906632
data\raw\val\03859_Animalia_Chordata_Aves_Passeriformes_Hirundinidae_Riparia_riparia\80172d23-f29a-4d91-9938-6c8b1d881190.jpg,173,165,165 28 24 25 298,0.026885552310878708
data\raw\val\03859_Animalia_Chordata_Aves_Passeriformes_Hirundinidae_Riparia_riparia\44530ec2-ce9c-4a9a-8524-a3c05ca8a144.jpg,173,157,157 58 60 108 5,0.021499565322066264
data\raw\val\03859_Animalia_Chordata_Aves_Passeriformes_Hirundinidae_Riparia_riparia\8a172a0e-5718-4919-b96b-0170ff24f131.jpg,173,56,56 147 46 61 4,0.014116883464882655
data\raw\val\03859_Animalia_Chordata_Aves_Passeriformes_Hirundinidae_Riparia_riparia\edec049f-1bba-4dc5-bbd2-fe4db88d0d84.jpg,173,157,157 164 185 181 118,0.02385667978898848
data\raw\val\03859_Animalia_Chordata_Aves_Passeriformes_Hirundinidae_Riparia_riparia\f9f6d0b6-2154-4e1e-990e-eaa1c428e4c5.jpg,173,224,224 242 22 7 11,0.05888192288991645
data\raw\val\03864_Animalia_Chordata_Aves_Passeriformes_Hirundinidae_Tachycineta_bicolor\47fcc7e7-441e-4810-a2c9-cab35410d5ac.jpg,174,172,172 176 56 27 247,0.017591125076725358
data\raw\val\03864_Animalia_Chordata_Aves_Passeriformes_Hirundinidae_Tachycineta_bicolor\4214483f-f184-407e-b3c5-6b4c73f1c42c.jpg,174,104,104 183 108 53 41,0.030000159159919
data\raw\val\03864_Animalia_Chordata_Aves_Passeriformes_Hirundinidae_Tachycineta_bicolor\191ef7ff-24dd-42ac-befd-215f2649bb67.jpg,174,133,133 147 20 61 152,0.021745091910868333
data\raw\val\03864_Animalia_Chordata_Aves_Passeriformes_Hirundinidae_Tachycineta_bicolor\4edef3dc-8464-47da-9e6f-e3d07cf31a28.jpg,174,299,299 353 354 389 402,0.02906533527689316
data\raw\val\03864_Animalia_Chordata_Aves_Passeriformes_Hirundinidae_Tachycineta_bicolor\c62b40f8-2d9c-445a-a914-6700ecc6305b.jpg,174,146,146 113 4 32 105,0.01964811131227183
data\raw\val\03864_Animalia_Chordata_Aves_Passeriformes_Hirundinidae_Tachycineta_bicolor\3dee115b-16f4-48f8-8fb5-aadce0c21ffc.jpg,174,239,239 45 217 204 102,0.034101746465703166
data\raw\val\03864_Animalia_Chordata_Aves_Passeriformes_Hirundinidae_Tachycineta_bicolor\f32029cc-7b5a-4e7e-9bcc-30a649de2e91.jpg,174,220,220 218 32 216 225,0.018637521398499324
data\raw\val\03864_Animalia_Chordata_Aves_Passeriformes_Hirundinidae_Tachycineta_bicolor\03483d8f-e209-41a2-b7f3-c7114761ca89.jpg,174,129,129 252 141 65 249,0.044617217173279725
data\raw\val\03864_Animalia_Chordata_Aves_Passeriformes_Hirundinidae_Tachycineta_bicolor\a422818c-15f4-40aa-9671-9b9916bc825e.jpg,174,122,122 166 115 95 104,0.019362986914096905
data\raw\val\03864_Animalia_Chordata_Aves_Passeriformes_Hirundinidae_Tachycineta_bicolor\4b9e9bd5-6826-45b3-b33c-f000e1415381.jpg,174,236,236 116 239 191 293,0.016004479719572907
data\raw\val\03870_Animalia_Chordata_Aves_Passeriformes_Icteridae_Cassiculus_melanicterus\c64608c1-0e52-4799-9f6e-61ab7d2b6c3c.jpg,175,213,213 307 406 343 308,0.019740918992714438
data\raw\val\03870_Animalia_Chordata_Aves_Passeriformes_Icteridae_Cassiculus_melanicterus\8a081290-465f-45ae-9bb3-e650c6c86628.jpg,175,196,196 258 235 153 261,0.013002663842742417
data\raw\val\03870_Animalia_Chordata_Aves_Passeriformes_Icteridae_Cassiculus_melanicterus\817bcb56-9a2e-4d2e-8ddf-75f999069aab.jpg,175,33,33 165 14 108 23,0.009329338604399273
data\raw\val\03870_Animalia_Chordata_Aves_Passeriformes_Icteridae_Cassiculus_melanicterus\45f0026b-ccea-40dd-9b79-397530dd6c2a.jpg,175,198,198 186 210 483 356,0.017945693717790673
data\raw\val\03870_Animalia_Chordata_Aves_Passeriformes_Icteridae_Cassiculus_melanicterus\0fd58dfa-a545-4968-99d5-e5e1cb5e6c41.jpg,175,171,171 194 186 191 167,0.04127138167480364
data\raw\val\03870_Animalia_Chordata_Aves_Passeriformes_Icteridae_Cassiculus_melanicterus\d6f46ad8-985b-4889-b88e-bfdda493a8e9.jpg,175,222,222 287 363 267 190,0.013531448741285517
data\raw\val\03870_Animalia_Chordata_Aves_Passeriformes_Icteridae_Cassiculus_melanicterus\fa23efbc-ff41-4d61-a417-2052ed99f2fb.jpg,175,42,42 112 192 119 40,0.026095158236401947
data\raw\val\03870_Animalia_Chordata_Aves_Passeriformes_Icteridae_Cassiculus_melanicterus\0a25dabf-401a-4bd2-88f4-efa00342ef68.jpg,175,193,193 198 175 206 13,0.02296187546111201
data\raw\val\03870_Animalia_Chordata_Aves_Passeriformes_Icteridae_Cassiculus_melanicterus\4d38200e-d94e-4b87-8839-c14f02d22f3f.jpg,175,435,435 397 490 451 363,0.04488768578740017
data\raw\val\03870_Animalia_Chordata_Aves_Passeriformes_Icteridae_Cassiculus_melanicterus\3a48849d-9cd6-42fa-9f5e-4dc2a19c8947.jpg,175,222,222 209 207 490 435,0.039340342840260965
data\raw\val\03901_Animalia_Chordata_Aves_Passeriformes_Icteridae_Quiscalus_quiscula\2e5a30c8-9854-4842-8cac-1c150700dfa7.jpg,176,146,146 149 194 15 208,0.014327652740559487
data\raw\val\03901_Animalia_Chordata_Aves_Passeriformes_Icteridae_Quiscalus_quiscula\d39fdbe6-bcee-4873-8813-489e65829761.jpg,176,151,151 159 157 150 164,0.02572792031269356
data\raw\val\03901_Animalia_Chordata_Aves_Passeriformes_Icteridae_Quiscalus_quiscula\e51fe8b6-c312-4912-bfe0-75d9172942b1.jpg,176,73,73 345 247 99 53,0.02556485838202725
data\raw\val\03901_Animalia_Chordata_Aves_Passeriformes_Icteridae_Quiscalus_quiscula\0f605389-bb0c-40f9-bfca-823314858a6f.jpg,176,172,172 171 206 193 195,0.04453557401792217
data\raw\val\03901_Animalia_Chordata_Aves_Passeriformes_Icteridae_Quiscalus_quiscula\34853192-6911-46da-b4a0-86abc14b8c39.jpg,176,232,232 126 247 242 229,0.026891962398231918
data\raw\val\03901_Animalia_Chordata_Aves_Passeriformes_Icteridae_Quiscalus_quiscula\e8813e4b-373b-4e94-87aa-12747eccd496.jpg,176,105,105 122 45 176 113,0.025688731798149542
data\raw\val\03901_Animalia_Chordata_Aves_Passeriformes_Icteridae_Quiscalus_quiscula\a813fba2-6d62-4c05-a996-792cbc434551.jpg,176,266,266 141 14 258 236,0.022341323060845002
data\raw\val\03901_Animalia_Chordata_Aves_Passeriformes_Icteridae_Quiscalus_quiscula\483d0f50-fad9-43fc-bc13-2b21184412aa.jpg,176,186,186 191 198 175 194,0.02109449007403124
data\raw\val\03901_Animalia_Chordata_Aves_Passeriformes_Icteridae_Quiscalus_quiscula\9a132aac-adbd-4cdb-a979-0458cf182e3b.jpg,176,436,436 162 413 400 391,0.022652735221882853
data\raw\val\03901_Animalia_Chordata_Aves_Passeriformes_Icteridae_Quiscalus_quiscula\2d3d33e1-08b0-4e4e-a35f-c453651a6169.jpg,176,158,158 202 241 119 176,0.021944606248855008
data\raw\val\03922_Animalia_Chordata_Aves_Passeriformes_Maluridae_Malurus_splendens\6f82a47e-5723-4dc3-93d1-7446be617354.jpg,177,42,42 112 192 119 105,0.03730466844823221
data\raw\val\03922_Animalia_Chordata_Aves_Passeriformes_Maluridae_Malurus_splendens\56d9f7b2-fcd6-48bb-8faa-91c1df8e490a.jpg,177,209,209 435 175 192 210,0.018790341318896515
data\raw\val\03922_Animalia_Chordata_Aves_Passeriformes_Maluridae_Malurus_splendens\98e749f1-7133-415f-96ec-9b0925368790.jpg,177,293,293 355 306 428 301,0.051456209309766174
data\raw\val\03922_Animalia_Chordata_Aves_Passeriformes_Maluridae_Malurus_splendens\56907f58-3be7-4e0a-8995-3d04430a6bd4.jpg,177,210,210 190 293 208 490,0.015943835731324338
data\raw\val\03922_Animalia_Chordata_Aves_Passeriformes_Maluridae_Malurus_splendens\40ac558f-a8cb-45e5-a969-a317d56bf700.jpg,177,42,42 172 27 15 75,0.017927418576410753
data\raw\val\03922_Animalia_Chordata_Aves_Passeriformes_Maluridae_Malurus_splendens\28f9ad6f-b7aa-4152-82c4-45bc975cf924.jpg,177,318,318 423 314 324 378,0.028526791141745802
data\raw\val\03922_Animalia_Chordata_Aves_Passeriformes_Maluridae_Malurus_splendens\530078d1-a4cf-40de-a83a-293b52432218.jpg,177,288,288 450 294 195 378,0.014930862819651652
data\raw\val\03922_Animalia_Chordata_Aves_Passeriformes_Maluridae_Malurus_splendens\7aa2bb27-2ddf-491d-901f-02c1f8c26575.jpg,177,187,187 112 0 186 103,0.012945454750278557
data\raw\val\03922_Animalia_Chordata_Aves_Passeriformes_Maluridae_Malurus_splendens\4e693c82-9597-499a-8d9c-4181a7e36dda.jpg,177,131,131 132 135 245 18,0.04450005464032655
data\raw\val\03922_Animalia_Chordata_Aves_Passeriformes_Maluridae_Malurus_splendens\a5010e32-6364-4ccc-b52b-9fe49e73618c.jpg,177,118,118 227 256 211 237,0.021039948887757377
data\raw\val\03946_Animalia_Chordata_Aves_Passeriformes_Mimidae_Oreoscoptes_montanus\ebbd92c9-6d67-4831-8846-06db297e1ad7.jpg,178,148,148 147 146 20 172,0.02040587262755096
data\raw\val\03946_Animalia_Chordata_Aves_Passeriformes_Mimidae_Oreoscoptes_montanus\b4d84926-70d8-4d15-89bd-978c2f61c713.jpg,178,167,167 195 168 348 169,0.01069854224002922
data\raw\val\03946_Animalia_Chordata_Aves_Passeriformes_Mimidae_Oreoscoptes_montanus\ac140979-74b3-4aa3-92fc-1aebc04f948f.jpg,178,177,177 284 67 169 26,0.010886408235945636
data\raw\val\03946_Animalia_Chordata_Aves_Passeriformes_Mimidae_Oreoscoptes_montanus\7431367a-9ef9-4c8a-9bd9-1896c3954329.jpg,178,183,183 66 26 65 130,0.010506227150107239
data\raw\val\03946_Animalia_Chordata_Aves_Passeriformes_Mimidae_Oreoscoptes_montanus\05e29362-f62e-4d17-b130-8e9e271c793a.jpg,178,487,487 354 451 366 327,0.08125239367788903
data\raw\val\03946_Animalia_Chordata_Aves_Passeriformes_Mimidae_Oreoscoptes_montanus\c650a08b-2c78-4f27-9b9d-e3d687878cec.jpg,178,58,58 208 62 81 147,0.016233605517630142
data\raw\val\03946_Animalia_Chordata_Aves_Passeriformes_Mimidae_Oreoscoptes_montanus\1264269a-d575-4fc6-87eb-36907b484acf.jpg,178,349,349 318 316 432 281,0.03932704070460209
data\raw\val\03946_Animalia_Chordata_Aves_Passeriformes_Mimidae_Oreoscoptes_montanus\c2d499d2-b35d-465c-b22b-0c7206cfda7d.jpg,178,211,211 181 164 159 157,0.03331855006795243
data\raw\val\03946_Animalia_Chordata_Aves_Passeriformes_Mimidae_Oreoscoptes_montanus\a704136a-332a-4ac0-b553-782eb9a7b810.jpg,178,102,102 180 184 119 50,0.014568649089226735
data\raw\val\03946_Animalia_Chordata_Aves_Passeriformes_Mimidae_Oreoscoptes_montanus\52e1d6f3-f7d0-41d8-9052-30110047b5bc.jpg,178,135,135 131 244 327 136,0.017324936355386317
data\raw\val\03958_Animalia_Chordata_Aves_Passeriformes_Motacillidae_Anthus_hodgsoni\decd8682-2dc9-4ef8-908f-7711b35fd301.jpg,179,192,192 112 105 300 115,0.01960148285219734
data\raw\val\03958_Animalia_Chordata_Aves_Passeriformes_Motacillidae_Anthus_hodgsoni\47f6be59-3127-46d8-8062-bc0929fa10f3.jpg,179,184,184 177 0 185 171,0.01567218797304229
data\raw\val\03958_Animalia_Chordata_Aves_Passeriformes_Motacillidae_Anthus_hodgsoni\4bafecb6-6a27-41ac-9e85-a8de412b1e53.jpg,179,350,350 465 403 263 377,0.043855296387424386
data\raw\val\03958_Animalia_Chordata_Aves_Passeriformes_Motacillidae_Anthus_hodgsoni\2447db78-b9e7-452c-94b3-58e6a113a57b.jpg,179,294,294 177 286 450 243,0.018201395229650908
data\raw\val\03958_Animalia_Chordata_Aves_Passeriformes_Motacillidae_Anthus_hodgsoni\0ffc4164-dc70-4501-9d92-77485b276612.jpg,179,36,36 346 381 294 223,0.010694574521233634
data\raw\val\03958_Animalia_Chordata_Aves_Passeriformes_Motacillidae_Anthus_hodgsoni\868e5cb7-4764-42ff-9c49-9a2b70300d09.jpg,179,298,298 165 28 25 24,0.05563259971096192
data\raw\val\03958_Animalia_Chordata_Aves_Passeriformes_Motacillidae_Anthus_hodgsoni\6abba3c2-d6f6-4cc2-b6cb-646a7bad54c1.jpg,179,86,86 210 197 363 186,0.018239196074758643
data\raw\val\03958_Animalia_Chordata_Aves_Passeriformes_Motacillidae_Anthus_hodgsoni\9574151d-6fa4-42af-8680-8f88cef8917a.jpg,179,105,105 63 112 38 65,0.012515502105615011
data\raw\val\03958_Animalia_Chordata_Aves_Passeriformes_Motacillidae_Anthus_hodgsoni\7777e48e-671b-444f-b902-2ca2390e0a41.jpg,179,16,16 136 241 40 200,0.007791563711034167
data\raw\val\03958_Animalia_Chordata_Aves_Passeriformes_Motacillidae_Anthus_hodgsoni\8a333552-9c73-4e1a-bc27-9dcdc2002fa8.jpg,179,297,297 289 285 374 446,0.038803909161762115
data\raw\val\03971_Animalia_Chordata_Aves_Passeriformes_Motacillidae_Motacilla_citreola\c077c74e-fc65-4122-814a-e5d455947f31.jpg,180,490,490 287 324 213 201,0.013136550209422391
data\raw\val\03971_Animalia_Chordata_Aves_Passeriformes_Motacillidae_Motacilla_citreola\d50257ce-f853-4a74-ad20-a0972824f242.jpg,180,213,213 325 417 306 349,0.02889887095760019
data\raw\val\03971_Animalia_Chordata_Aves_Passeriformes_Motacillidae_Motacilla_citreola\dcfec148-af2b-4b50-a195-e8e6b7750360.jpg,180,158,158 113 0 180 1,0.026253156044135015
data\raw\val\03971_Animalia_Chordata_Aves_Passeriformes_Motacillidae_Motacilla_citreola\d95200a7-cb78-4d5d-8ba7-8d8dc0756796.jpg,180,139,139 168 160 181 211,0.005990722219790474
data\raw\val\03971_Animalia_Chordata_Aves_Passeriformes_Motacillidae_Motacilla_citreola\79aeca94-8403-422c-a3e0-f2177a480fab.jpg,180,285,285 143 294 92 317,0.015260485299086865
data\raw\val\03971_Animalia_Chordata_Aves_Passeriformes_Motacillidae_Motacilla_citreola\f21ecdad-f937-4ee5-b2c7-d87af413b19a.jpg,180,66,66 47 230 125 141,0.013821549066960582
data\raw\val\03971_Animalia_Chordata_Aves_Passeriformes_Motacillidae_Motacilla_citreola\f3a7918f-c2e6-470d-9c6e-0cf6af4db633.jpg,180,180,180 150 188 216 278,0.011252730149989926
data\raw\val\03971_Animalia_Chordata_Aves_Passeriformes_Motacillidae_Motacilla_citreola\33ec0ad1-4981-4db6-8db0-a0c05de748e6.jpg,180,211,211 118 225 217 237,0.02594543748943012
data\raw\val\03971_Animalia_Chordata_Aves_Passeriformes_Motacillidae_Motacilla_citreola\736e68be-fde8-44b1-ba3a-66e98635b7cd.jpg,180,117,117 14 185 116 10,0.008501843945980744
data\raw\val\03971_Animalia_Chordata_Aves_Passeriformes_Motacillidae_Motacilla_citreola\e783dd9d-115a-4d39-a581-c5960a23f2ff.jpg,180,361,361 224 451 179 333,0.01716800230176911
data\raw\val\03972_Animalia_Chordata_Aves_Passeriformes_Motacillidae_Motacilla_flava\23346815-f621-41e2-9a1c-be5fd265f783.jpg,181,180,180 301 63 151 150,0.012265253717372818
data\raw\val\03972_Animalia_Chordata_Aves_Passeriformes_Motacillidae_Motacilla_flava\8869caed-7b63-4388-8d19-8cc7c7a4c497.jpg,181,54,54 117 76 185 164,0.015291791927238632
data\raw\val\03972_Animalia_Chordata_Aves_Passeriformes_Motacillidae_Motacilla_flava\3d8f6d5a-8d4f-41fe-8059-4a4592bb8293.jpg,181,178,178 413 146 184 195,0.015340442578338243
data\raw\val\03972_Animalia_Chordata_Aves_Passeriformes_Motacillidae_Motacilla_flava\cd02afac-ef9d-46f1-8534-810a53057c86.jpg,181,11,11 224 22 237 36,0.03764880248651757
data\raw\val\03972_Animalia_Chordata_Aves_Passeriformes_Motacillidae_Motacilla_flava\7852104a-0a44-42b7-877c-b6cdbcd2032a.jpg,181,213,213 306 442 377 295,0.03720843774352875
data\raw\val\03972_Animalia_Chordata_Aves_Passeriformes_Motacillidae_Motacilla_flava\8ec731eb-5659-483e-a6c8-e4d3106c5604.jpg,181,425,425 322 316 320 392,0.010720677663804166
data\raw\val\03972_Animalia_Chordata_Aves_Passeriformes_Motacillidae_Motacilla_flava\5d760573-cccb-43ff-817a-253337b80fd6.jpg,181,118,118 5 157 45 224,0.02618302500775576
data\raw\val\03972_Animalia_Chordata_Aves_Passeriformes_Motacillidae_Motacilla_flava\aa5db8df-045e-4b64-9e55-0282dd7012fe.jpg,181,169,169 193 16 111 33,0.010121998189632884
data\raw\val\03972_Animalia_Chordata_Aves_Passeriformes_Motacillidae_Motacilla_flava\9864b8f3-7ccb-45bc-807f-2a9ae2d0ea29.jpg,181,211,211 176 267 123 139,0.014482955165863376
data\raw\val\03972_Animalia_Chordata_Aves_Passeriformes_Motacillidae_Motacilla_flava\ed1ae2b5-4ae2-4e42-baef-4084c63e5d1f.jpg,181,119,119 158 0 205 112,0.018470599176162485
data\raw\val\03976_Animalia_Chordata_Aves_Passeriformes_Muscicapidae_Copsychus_saularis\71f9013c-4bc4-48ff-aaad-6cc174e3bae8.jpg,182,143,143 445 266 308 222,0.012352771309136486
data\raw\val\03976_Animalia_Chordata_Aves_Passeriformes_Muscicapidae_Copsychus_saularis\f53b2c7a-fc3d-4fad-b0a9-3e8e3ec0b8a2.jpg,182,36,36 242 238 237 10,0.02092868316657766
data\raw\val\03976_Animalia_Chordata_Aves_Passeriformes_Muscicapidae_Copsychus_saularis\d821fca3-eb4f-443b-8528-fd409bae0498.jpg,182,231,231 251 128 153 122,0.03262550006220192
data\raw\val\03976_Animalia_Chordata_Aves_Passeriformes_Muscicapidae_Copsychus_saularis\b14b8698-b5b9-491e-b88a-05209b3b41ba.jpg,182,206,206 13 209 167 149,0.04341047993929459
data\raw\val\03976_Animalia_Chordata_Aves_Passeriformes_Muscicapidae_Copsychus_saularis\9be3a53a-ea1c-495e-ae18-0cf549a5d8c8.jpg,182,466,466 343 415 345 407,0.025374249039274866
data\raw\val\03976_Animalia_Chordata_Aves_Passeriformes_Muscicapidae_Copsychus_saularis\67637c38-c1c9-4455-b9c2-0228b7da17d4.jpg,182,6,6 139 255 9 7,0.015373760408016206
data\raw\val\03976_Animalia_Chordata_Aves_Passeriformes_Muscicapidae_Copsychus_saularis\36081b47-904d-4ff8-b816-f30be36f1471.jpg,182,226,226 215 425 224 161,0.02409157280243093
data\raw\val\03976_Animalia_Chordata_Aves_Passeriformes_Muscicapidae_Copsychus_saularis\3e682a18-15f4-41fd-8892-dd485171148c.jpg,182,130,130 58 82 196 400,0.014596880361427738
data\raw\val\03976_Animalia_Chordata_Aves_Passeriformes_Muscicapidae_Copsychus_saularis\c34c8678-ee31-495b-b7c9-11a9cb5715e9.jpg,182,26,26 16 40 197 172,0.014575154006327643
data\raw\val\03976_Animalia_Chordata_Aves_Passeriformes_Muscicapidae_Copsychus_saularis\e933c217-bb05-41b9-a3ca-0f30cee2da76.jpg,182,96,96 111 433 406 71,0.017184655650387116
data\raw\val\03994_Animalia_Chordata_Aves_Passeriformes_Muscicapidae_Phoenicurus_ochruros\7d34b7a3-2341-496d-9d47-10ede561f28e.jpg,183,351,351 83 237 238 212,0.02528566956000426
data\raw\val\03994_Animalia_Chordata_Aves_Passeriformes_Muscicapidae_Phoenicurus_ochruros\156d472d-b9da-4aa0-b356-1fda9e26e1ea.jpg,183,231,231 65 103 18 43,0.010689823899014047
data\raw\val\03994_Animalia_Chordata_Aves_Passeriformes_Muscicapidae_Phoenicurus_ochruros\f2441787-8e89-48e3-99e0-db83131d386c.jpg,183,230,230 30 118 2 72,0.008225479775017808
data\raw\val\03994_Animalia_Chordata_Aves_Passeriformes_Muscicapidae_Phoenicurus_ochruros\395d95c7-99e3-4a3c-933d-5ce3d8076181.jpg,183,24,24 269 398 5 138,0.01573722553774926
data\raw\val\03994_Animalia_Chordata_Aves_Passeriformes_Muscicapidae_Phoenicurus_ochruros\61e00bf0-9a4a-4d74-aeb1-d12b9085ed25.jpg,183,247,247 242 7 6 74,0.030434288962553964
data\raw\val\03994_Animalia_Chordata_Aves_Passeriformes_Muscicapidae_Phoenicurus_ochruros\16ce69cf-c194-4da7-b9dd-ec74e22f1e50.jpg,183,181,181 221 150 151 159,0.025725223147868584
data\raw\val\03994_Animalia_Chordata_Aves_Passeriformes_Muscicapidae_Phoenicurus_ochruros\58d4a899-4b78-4dee-9d7e-ab30bbc6e5c9.jpg,183,260,260 270 133 40 125,0.02484761897770149
data\raw\val\03994_Animalia_Chordata_Aves_Passeriformes_Muscicapidae_Phoenicurus_ochruros\e122fa03-5ba5-48f7-913a-8837e7248732.jpg,183,32,32 4 30 210 27,0.022968948687562663
data\raw\val\03994_Animalia_Chordata_Aves_Passeriformes_Muscicapidae_Phoenicurus_ochruros\02b64f73-ac4d-4d98-a9b0-43e2c7557cb2.jpg,183,413,413 163 327 313 376,0.017983498973790937
data\raw\val\03994_Animalia_Chordata_Aves_Passeriformes_Muscicapidae_Phoenicurus_ochruros\e3dea855-7f88-4a97-b1df-c2871fbb28de.jpg,183,217,217 236 235 152 116,0.03189154541028123
data\raw\val\03995_Animalia_Chordata_Aves_Passeriformes_Muscicapidae_Phoenicurus_phoenicurus\d5e672e1-b3c7-411b-9b2b-3049a2ac1b1c.jpg,184,193,193 206 175 14 472,0.021469690889202024
data\raw\val\03995_Animalia_Chordata_Aves_Passeriformes_Muscicapidae_Phoenicurus_phoenicurus\d60ed988-473b-48b8-accf-315da29aaa37.jpg,184,105,105 197 119 107 111,0.03868578107140076
data\raw\val\03995_Animalia_Chordata_Aves_Passeriformes_Muscicapidae_Phoenicurus_phoenicurus\c90b6318-5e48-46c4-be0b-534773eed333.jpg,184,276,276 23 448 85 477,0.020262748107550826
data\raw\val\03995_Animalia_Chordata_Aves_Passeriformes_Muscicapidae_Phoenicurus_phoenicurus\ef316132-3021-4758-8adf-84f80a5d022a.jpg,184,211,211 177 199 160 83,0.014890597430298937
data\raw\val\03995_Animalia_Chordata_Aves_Passeriformes_Muscicapidae_Phoenicurus_phoenicurus\c85e9d79-283b-4938-855e-7e3b11b71459.jpg,184,241,241 81 231 26 219,0.010404433470722459
data\raw\val\03995_Animalia_Chordata_Aves_Passeriformes_Muscicapidae_Phoenicurus_phoenicurus\1986b14a-7b52-425e-a8be-ae50b610ea55.jpg,184,411,411 66 35 37 34,0.01599679911647517
data\raw\val\03995_Animalia_Chordata_Aves_Passeriformes_Muscicapidae_Phoenicurus_phoenicurus\0b0fb918-4210-4997-9f9f-dd5e0250adb1.jpg,184,294,294 422 350 302 299,0.02593113835390426
data\raw\val\03995_Animalia_Chordata_Aves_Passeriformes_Muscicapidae_Phoenicurus_phoenicurus\6014e4c8-5b58-4e33-b3f5-d6fd3e4ed1c7.jpg,184,64,64 112 113 4 231,0.020827689598743482
data\raw\val\03995_Animalia_Chordata_Aves_Passeriformes_Muscicapidae_Phoenicurus_phoenicurus\6b6583d8-c029-4c0b-b99f-ee3ec1f3acac.jpg,184,37,37 64 26 35 40,0.014761220184982965
data\raw\val\03995_Animalia_Chordata_Aves_Passeriformes_Muscicapidae_Phoenicurus_phoenicurus\e77f990b-af7c-4c2f-a279-0515cdd265ac.jpg,184,149,149 206 193 171 209,0.023137588603011246
data\raw\val\03997_Animalia_Chordata_Aves_Passeriformes_Muscicapidae_Saxicola_maurus\60f90c1a-85d5-42b5-872f-0589c4eea5d2.jpg,185,397,397 400 431 435 436,0.02177776034858741
data\raw\val\03997_Animalia_Chordata_Aves_Passeriformes_Muscicapidae_Saxicola_maurus\362f45c6-e0c4-4cd4-8f12-6ac028d90aea.jpg,185,206,206 193 149 174 167,0.026807158795229397
data\raw\val\03997_Animalia_Chordata_Aves_Passeriformes_Muscicapidae_Saxicola_maurus\c234a2e3-d0d9-4b9e-b92f-4afafd240419.jpg,185,146,146 181 147 148 173,0.01440688410055247
data\raw\val\03997_Animalia_Chordata_Aves_Passeriformes_Muscicapidae_Saxicola_maurus\576bc92a-5a75-4fb4-a029-dcc04188bcae.jpg,185,282,282 378 303 473 318,0.02742914468419761
data\raw\val\03997_Animalia_Chordata_Aves_Passeriformes_Muscicapidae_Saxicola_maurus\d1079e9e-a0cf-45f7-86dd-7083d44ab992.jpg,185,146,146 38 185 55 148,0.010388017529591287
data\raw\val\03997_Animalia_Chordata_Aves_Passeriformes_Muscicapidae_Saxicola_maurus\cbe7c1c4-d304-4d40-8cbf-a1ee1d7267b2.jpg,185,29,29 300 27 151 456,0.012113945936345532
data\raw\val\03997_Animalia_Chordata_Aves_Passeriformes_Muscicapidae_Saxicola_maurus\7f20f999-4413-42dd-b241-ce1dc43fb47b.jpg,185,117,117 173 108 172 4,0.013245117014727784
data\raw\val\03997_Animalia_Chordata_Aves_Passeriformes_Muscicapidae_Saxicola_maurus\0dbfc17f-2b2a-4c46-9a48-5afcd510324e.jpg,185,185,185 158 152 202 164,0.01561456769754145
data\raw\val\03997_Animalia_Chordata_Aves_Passeriformes_Muscicapidae_Saxicola_maurus\9d9b4b6f-0201-429e-a74c-2798f0616721.jpg,185,157,157 159 5 50 118,0.01939863878187942
data\raw\val\03997_Animalia_Chordata_Aves_Passeriformes_Muscicapidae_Saxicola_maurus\374f8021-b32d-4e6e-b901-d302ea1912f7.jpg,185,108,108 104 76 30 125,0.009656087499651779
data\raw\val\04021_Animalia_Chordata_Aves_Passeriformes_Pachycephalidae_Pachycephala_pectoralis\94bcbf3f-a622-43cc-ba4f-a478e714587b.jpg,186,198,198 171 186 194 209,0.03158446540199679
data\raw\val\04021_Animalia_Chordata_Aves_Passeriformes_Pachycephalidae_Pachycephala_pectoralis\a3c320a5-75f6-4735-9cae-0d58ee5a15d7.jpg,186,106,106 107 187 119 109,0.01333874921432382
data\raw\val\04021_Animalia_Chordata_Aves_Passeriformes_Pachycephalidae_Pachycephala_pectoralis\4d7c06f1-44a6-4fcf-b202-b16836bbce37.jpg,186,141,141 196 15 218 153,0.03782783879178142
data\raw\val\04021_Animalia_Chordata_Aves_Passeriformes_Pachycephalidae_Pachycephala_pectoralis\3bb380c5-0386-4187-94c7-11a4a61aa767.jpg,186,183,183 105 104 65 196,0.01851349813209418
data\raw\val\04021_Animalia_Chordata_Aves_Passeriformes_Pachycephalidae_Pachycephala_pectoralis\aa70b1f0-2b81-46bb-ba61-599dd1438161.jpg,186,13,13 10 116 186 192,0.011900503585772685
data\raw\val\04021_Animalia_Chordata_Aves_Passeriformes_Pachycephalidae_Pachycephala_pectoralis\66dfb60b-2f46-4423-b09f-1eaa8ed379d4.jpg,186,231,231 394 140 435 129,0.02827451326484454
data\raw\val\04021_Animalia_Chordata_Aves_Passeriformes_Pachycephalidae_Pachycephala_pectoralis\adb06435-4db4-457c-8d28-5b07b1145394.jpg,186,182,182 440 436 252 129,0.011538469251164718
data\raw\val\04021_Animalia_Chordata_Aves_Passeriformes_Pachycephalidae_Pachycephala_pectoralis\a926c917-f483-4018-a102-7c9d9aa63824.jpg,186,186,186 191 194 167 198,0.05430403739330111
data\raw\val\04021_Animalia_Chordata_Aves_Passeriformes_Pachycephalidae_Pachycephala_pectoralis\8a8bbb0b-ca6a-487e-9d65-ab1df95961ad.jpg,186,298,298 331 288 426 286,0.01702476582014565
data\raw\val\04021_Animalia_Chordata_Aves_Passeriformes_Pachycephalidae_Pachycephala_pectoralis\f50d55eb-2e07-4bc1-a2ab-618fab29090d.jpg,186,187,187 186 105 119 107,0.02226192302702592
data\raw\val\04027_Animalia_Chordata_Aves_Passeriformes_Paridae_Baeolophus_bicolor\8c2230db-a8c1-44f8-aee3-e9ea7696eae0.jpg,187,198,198 206 207 193 171,0.017424797642390546
data\raw\val\04027_Animalia_Chordata_Aves_Passeriformes_Paridae_Baeolophus_bicolor\19cdfc65-eea3-4b17-966c-2ce8faa0b391.jpg,187,166,166 191 195 171 187,0.02298428223111433
data\raw\val\04027_Animalia_Chordata_Aves_Passeriformes_Paridae_Baeolophus_bicolor\98a6f98b-f144-49aa-ba1a-6ce4da271b9f.jpg,187,495,495 304 226 404 302,0.027515939025142915
data\raw\val\04027_Animalia_Chordata_Aves_Passeriformes_Paridae_Baeolophus_bicolor\c8b48ad9-b5ba-4733-a1f2-ad1921836733.jpg,187,383,383 411 466 345 317,0.009585615881637321
data\raw\val\04027_Animalia_Chordata_Aves_Passeriformes_Paridae_Baeolophus_bicolor\6204567e-b1e1-48bd-b98a-0e7604613548.jpg,187,93,93 23 207 141 34,0.013698735723295186
data\raw\val\04027_Animalia_Chordata_Aves_Passeriformes_Paridae_Baeolophus_bicolor\20ac419e-88fb-4ed2-8cdd-d25d31068873.jpg,187,404,404 236 191 270 192,0.0371508578836483
data\raw\val\04027_Animalia_Chordata_Aves_Passeriformes_Paridae_Baeolophus_bicolor\f764ed7c-ff1f-4cb7-82df-3a4f3bc74304.jpg,187,192,192 187 116 186 174,0.02261019683111876
data\raw\val\04027_Animalia_Chordata_Aves_Passeriformes_Paridae_Baeolophus_bicolor\94650de0-97d7-48fb-972b-dc19552b8110.jpg,187,206,206 198 196 400 85,0.0207036629391921
data\raw\val\04027_Animalia_Chordata_Aves_Passeriformes_Paridae_Baeolophus_bicolor\0ca48a29-392c-4502-8bfb-9bea541b562e.jpg,187,113,113 112 153 103 4,0.06778388464973602
data\raw\val\04027_Animalia_Chordata_Aves_Passeriformes_Paridae_Baeolophus_bicolor\49f539c1-3790-4e11-8dbc-fc7aae6c128f.jpg,187,140,140 399 400 393 395,0.02954450109451727
data\raw\val\04075_Animalia_Chordata_Aves_Passeriformes_Parulidae_Setophaga_graciae\2dff1551-3f9b-4113-9a03-41c2039cf73a.jpg,188,270,270 191 153 217 278,0.034991647041673915
data\raw\val\04075_Animalia_Chordata_Aves_Passeriformes_Parulidae_Setophaga_graciae\7c9acfcc-90fe-4cb4-a945-c31a1098e2ae.jpg,188,278,278 188 300 404 200,0.09279772938976817
data\raw\val\04075_Animalia_Chordata_Aves_Passeriformes_Parulidae_Setophaga_graciae\29ba31ff-94c6-4ee8-b1bf-11b7244f3301.jpg,188,188,188 191 207 209 186,0.1099501172347776
data\raw\val\04075_Animalia_Chordata_Aves_Passeriformes_Parulidae_Setophaga_graciae\58eee4d2-377f-49ab-9c96-fb5569223cdc.jpg,188,188,188 162 207 209 210,0.06750412185162312
data\raw\val\04075_Animalia_Chordata_Aves_Passeriformes_Parulidae_Setophaga_graciae\c0aabea1-c556-4161-a18d-3f4dfadfdf3d.jpg,188,187,187 167 206 165 121,0.023754315135967423
data\raw\val\04075_Animalia_Chordata_Aves_Passeriformes_Parulidae_Setophaga_graciae\fdfa0c70-c397-45b2-8554-5b477c14d326.jpg,188,184,184 186 194 13 1,0.009706218401870411
data\raw\val\04075_Animalia_Chordata_Aves_Passeriformes_Parulidae_Setophaga_graciae\0dd642ab-20bc-4393-98bf-dd5a2bbf7f3d.jpg,188,125,125 183 161 187 208,0.01168087436797709
data\raw\val\04075_Animalia_Chordata_Aves_Passeriformes_Parulidae_Setophaga_graciae\dff2f92f-a4e6-41d1-a79d-4d1d41835889.jpg,188,186,186 184 209 171 187,0.027527947380596347
data\raw\val\04075_Animalia_Chordata_Aves_Passeriformes_Parulidae_Setophaga_graciae\cbd63054-341c-4e6b-abd7-0476ea2c0fa1.jpg,188,150,150 107 428 192 241,0.029994836960536977
data\raw\val\04075_Animalia_Chordata_Aves_Passeriformes_Parulidae_Setophaga_graciae\249cc8db-9267-49e7-8a9a-8f3d05d79698.jpg,188,188,188 151 204 304 300,0.06559996790736072
data\raw\val\04114_Animalia_Chordata_Aves_Passeriformes_Passerellidae_Peucaea_carpalis\6f799948-1e5d-4e28-9545-710069a7ce08.jpg,189,251,251 141 129 130 133,0.02764103984881091
data\raw\val\04114_Animalia_Chordata_Aves_Passeriformes_Passerellidae_Peucaea_carpalis\d71cb413-c381-4769-ae90-cf4cf3bc61f7.jpg,189,184,184 149 194 177 180,0.011776770633911032
data\raw\val\04114_Animalia_Chordata_Aves_Passeriformes_Passerellidae_Peucaea_carpalis\8613d181-0f9f-43d0-aaff-ae0c9d3ebd3c.jpg,189,454,454 64 86 197 405,0.015281166599019786
data\raw\val\04114_Animalia_Chordata_Aves_Passeriformes_Passerellidae_Peucaea_carpalis\918300f6-af93-44fe-8558-98a7ae05d083.jpg,189,116,116 13 184 45 107,0.01707813788562334
data\raw\val\04114_Animalia_Chordata_Aves_Passeriformes_Passerellidae_Peucaea_carpalis\04a86f99-39b5-4eba-ba28-632c551916fc.jpg,189,453,453 310 346 478 143,0.013832754583078512
data\raw\val\04114_Animalia_Chordata_Aves_Passeriformes_Passerellidae_Peucaea_carpalis\da30cd1d-8a4d-41e6-82ec-25abaee85dce.jpg,189,411,411 481 410 357 335,0.0181775211665354
data\raw\val\04114_Animalia_Chordata_Aves_Passeriformes_Passerellidae_Peucaea_carpalis\8619d4eb-38b4-4799-98e2-1ee528394d67.jpg,189,196,196 130 40 206 38,0.01074634502839492
data\raw\val\04114_Animalia_Chordata_Aves_Passeriformes_Passerellidae_Peucaea_carpalis\fb4ce278-8d73-4c05-be19-2c88a9a9ad2c.jpg,189,391,391 378 490 489 361,0.01734645816881005
data\raw\val\04114_Animalia_Chordata_Aves_Passeriformes_Passerellidae_Peucaea_carpalis\db6b61fb-6c5c-48b5-837d-29187024f084.jpg,189,153,153 188 191 206 456,0.01806442686466256
data\raw\val\04114_Animalia_Chordata_Aves_Passeriformes_Passerellidae_Peucaea_carpalis\ae2e6891-ef6e-4351-8bc4-80dee4d4dcd5.jpg,189,294,294 428 282 498 465,0.04496741282382642
data\raw\val\04139_Animalia_Chordata_Aves_Passeriformes_Petroicidae_Petroica_australis\46433973-8073-4e60-9843-8d5873be9340.jpg,190,399,399 382 391 440 393,0.027658662354422
data\raw\val\04139_Animalia_Chordata_Aves_Passeriformes_Petroicidae_Petroica_australis\fa48d629-5c1d-4130-a649-329ca2f0fc70.jpg,190,349,349 498 316 467 227,0.037968828062856265
data\raw\val\04139_Animalia_Chordata_Aves_Passeriformes_Petroicidae_Petroica_australis\3ef2368c-41c4-4a15-8d8c-f015d64e8ea8.jpg,190,162,162 415 243 346 450,0.008982568353631874
data\raw\val\04139_Animalia_Chordata_Aves_Passeriformes_Petroicidae_Petroica_australis\86d611ed-9101-4c07-828c-989f79af5612.jpg,190,187,187 193 206 194 198,0.024259917738224245
data\raw\val\04139_Animalia_Chordata_Aves_Passeriformes_Petroicidae_Petroica_australis\bb498b5f-0de9-4fc8-9844-63d7e349a696.jpg,190,302,302 389 226 315 120,0.015384842872440171
data\raw\val\04139_Animalia_Chordata_Aves_Passeriformes_Petroicidae_Petroica_australis\dd631770-0a43-4b5c-9110-51bb37d96f6f.jpg,190,190,190 322 375 314 226,0.016392206071883752
data\raw\val\04139_Animalia_Chordata_Aves_Passeriformes_Petroicidae_Petroica_australis\6b60df07-0297-4fef-bb85-e960b2621688.jpg,190,325,325 442 389 432 281,0.036191890790862505
data\raw\val\04139_Animalia_Chordata_Aves_Passeriformes_Petroicidae_Petroica_australis\775404bb-a072-442c-875f-1cae64a2b7fb.jpg,190,178,178 232 195 163 389,0.0077719785182799655
data\raw\val\04139_Animalia_Chordata_Aves_Passeriformes_Petroicidae_Petroica_australis\eca68682-fbe8-4944-a2b5-19041a6ab485.jpg,190,359,359 366 257 313 361,0.029419410933264403
data\raw\val\04139_Animalia_Chordata_Aves_Passeriformes_Petroicidae_Petroica_australis\c0a08c41-10bf-4ed3-9c2d-ecec1c95491b.jpg,190,249,249 264 262 9 123,0.0254225674219733
data\raw\val\04187_Animalia_Chordata_Aves_Passeriformes_Sittidae_Sitta_carolinensis\8d9dfd86-e60b-4c8d-bbb0-5a5d4fc18159.jpg,191,186,186 187 191 207 209,0.04060231742429435
data\raw\val\04187_Animalia_Chordata_Aves_Passeriformes_Sittidae_Sitta_carolinensis\6ae972bc-b098-430a-b7f5-41e37cf57439.jpg,191,270,270 78 191 218 212,0.0302938348907308
data\raw\val\04187_Animalia_Chordata_Aves_Passeriformes_Sittidae_Sitta_carolinensis\44c83e03-723f-4fb2-98bc-d47de4b330fa.jpg,191,221,221 301 395 236 191,0.04669247436324251
data\raw\val\04187_Animalia_Chordata_Aves_Passeriformes_Sittidae_Sitta_carolinensis\c054f52d-bd5d-4329-bc12-5f90931868cf.jpg,191,270,270 395 476 497 191,0.07244330671659163
data\raw\val\04187_Animalia_Chordata_Aves_Passeriformes_Sittidae_Sitta_carolinensis\5313e6d3-5d5d-4342-8c9b-580f7922786d.jpg,191,198,198 186 175 207 206,0.032311001485370514
data\raw\val\04187_Animalia_Chordata_Aves_Passeriformes_Sittidae_Sitta_carolinensis\93d3fd10-38cc-4805-94d2-7310ec4619e3.jpg,191,395,395 400 399 222 209,0.02887513308134939
data\raw\val\04187_Animalia_Chordata_Aves_Passeriformes_Sittidae_Sitta_carolinensis\3966f250-6dd4-4bc2-8848-1992ea76ac6b.jpg,191,279,279 380 152 389 277,0.014022476687178374
data\raw\val\04187_Animalia_Chordata_Aves_Passeriformes_Sittidae_Sitta_carolinensis\7d2539b1-2c1a-41d4-b618-5d636f99514e.jpg,191,276,276 398 429 129 478,0.06726119614764643
data\raw\val\04187_Animalia_Chordata_Aves_Passeriformes_Sittidae_Sitta_carolinensis\1b3417ea-486d-4b88-9e2d-a69dcb444aa0.jpg,191,42,42 172 46 32 4,0.014211940805064712
data\raw\val\04187_Animalia_Chordata_Aves_Passeriformes_Sittidae_Sitta_carolinensis\d1dd6b48-aa46-4440-9493-397f11a87d64.jpg,191,171,171 175 198 194 193,0.03531078614628264
data\raw\val\04190_Animalia_Chordata_Aves_Passeriformes_Sittidae_Sitta_pygmaea\1636b967-62ca-4bf5-bffe-f3c3d84ef0a9.jpg,192,278,278 151 301 300 355,0.04411411393282817
data\raw\val\04190_Animalia_Chordata_Aves_Passeriformes_Sittidae_Sitta_pygmaea\797227b0-c869-493b-8642-8607d4551b3f.jpg,192,270,270 269 497 192 264,0.04175498114442896
data\raw\val\04190_Animalia_Chordata_Aves_Passeriformes_Sittidae_Sitta_pygmaea\9fc0dcd9-4e6a-4e1b-a137-e52db5263a41.jpg,192,130,130 260 270 191 456,0.01640627218258396
data\raw\val\04190_Animalia_Chordata_Aves_Passeriformes_Sittidae_Sitta_pygmaea\6ffcc981-5833-4113-af8b-6dbc5fc2c0f3.jpg,192,293,293 210 186 209 191,0.036211637405967154
data\raw\val\04190_Animalia_Chordata_Aves_Passeriformes_Sittidae_Sitta_pygmaea\1671a28f-c83d-4b6e-8892-132c01fa8368.jpg,192,196,196 187 37 33 63,0.012305434339560389
data\raw\val\04190_Animalia_Chordata_Aves_Passeriformes_Sittidae_Sitta_pygmaea\0b00f150-dc7b-46a6-9c20-dd49c92a6d53.jpg,192,435,435 363 222 210 124,0.019851239070410684
data\raw\val\04190_Animalia_Chordata_Aves_Passeriformes_Sittidae_Sitta_pygmaea\e412c644-e62e-44a6-a722-bbd1f2335536.jpg,192,188,188 191 192 167 210,0.0724862985406878
data\raw\val\04190_Animalia_Chordata_Aves_Passeriformes_Sittidae_Sitta_pygmaea\2788cb02-f1ca-4106-aaec-01ccea7e87d5.jpg,192,269,269 24 256 51 5,0.04116715476406684
data\raw\val\04190_Animalia_Chordata_Aves_Passeriformes_Sittidae_Sitta_pygmaea\17840f9e-8485-4c66-a155-cd69b65cc36b.jpg,192,271,271 150 242 305 73,0.018110361924472625
data\raw\val\04190_Animalia_Chordata_Aves_Passeriformes_Sittidae_Sitta_pygmaea\a4d6366a-7bf5-4eb7-aaa0-5486cb021acc.jpg,192,364,364 85 363 398 435,0.011774767659920053
data\raw\val\04195_Animalia_Chordata_Aves_Passeriformes_Sturnidae_Cinnyricinclus_leucogaster\dd85892e-d96a-476a-8743-87a16f300dab.jpg,193,196,196 406 106 96 407,0.014392006767669404
data\raw\val\04195_Animalia_Chordata_Aves_Passeriformes_Sturnidae_Cinnyricinclus_leucogaster\7f45e022-9721-4c8b-a4f7-1c6b6bd37372.jpg,193,193,193 206 13 198 82,0.022277706939493058
data\raw\val\04195_Animalia_Chordata_Aves_Passeriformes_Sturnidae_Cinnyricinclus_leucogaster\7add6379-6dce-4070-8ec8-45bdf2f741aa.jpg,193,226,226 425 314 224 316,0.016308595804167277
data\raw\val\04195_Animalia_Chordata_Aves_Passeriformes_Sturnidae_Cinnyricinclus_leucogaster\933b4f60-a6fb-446b-9dc7-29e4bad1a301.jpg,193,112,112 210 64 194 367,0.032924519063202894
data\raw\val\04195_Animalia_Chordata_Aves_Passeriformes_Sturnidae_Cinnyricinclus_leucogaster\e7a9bdca-16aa-4b07-b66c-4ae472de593a.jpg,193,193,193 311 169 146 82,0.01587370267731069
data\raw\val\04195_Animalia_Chordata_Aves_Passeriformes_Sturnidae_Cinnyricinclus_leucogaster\2829986a-ac07-4ca3-8536-762e46bb8ab9.jpg,193,4,4 2 32 210 45,0.018662599719336762
data\raw\val\04195_Animalia_Chordata_Aves_Passeriformes_Sturnidae_Cinnyricinclus_leucogaster\fe8c1b18-18dd-4905-93c1-b3e5e3cd7df4.jpg,193,171,171 146 195 167 194,0.037879524328490004
data\raw\val\04195_Animalia_Chordata_Aves_Passeriformes_Sturnidae_Cinnyricinclus_leucogaster\78e43c74-fadf-492b-9fd7-ff4dbb596363.jpg,193,210,210 112 267 4 177,0.017118379618938296
data\raw\val\04195_Animalia_Chordata_Aves_Passeriformes_Sturnidae_Cinnyricinclus_leucogaster\86e2e3b9-647a-4f46-bd9f-a6e084371523.jpg,193,107,107 186 116 184 192,0.02371339611860918
data\raw\val\04195_Animalia_Chordata_Aves_Passeriformes_Sturnidae_Cinnyricinclus_leucogaster\f5b825f5-fb95-42c0-9f21-f9ea7dfc34cb.jpg,193,206,206 302 172 193 149,0.054666485691153247
data\raw\val\04221_Animalia_Chordata_Aves_Passeriformes_Thraupidae_Pipraeidea_bonariensis\cabba2eb-bacc-4c2a-be22-c1beb3161738.jpg,194,84,84 146 171 169 486,0.03295089318844781
data\raw\val\04221_Animalia_Chordata_Aves_Passeriformes_Thraupidae_Pipraeidea_bonariensis\acb6393e-85aa-4a5b-b301-e74e48f05dc9.jpg,194,105,105 65 45 236 103,0.01779326631042602
data\raw\val\04221_Animalia_Chordata_Aves_Passeriformes_Thraupidae_Pipraeidea_bonariensis\7835dadc-ba34-4e67-bce5-4fc8f2b1021f.jpg,194,306,306 215 211 347 220,0.0320740508695952
data\raw\val\04221_Animalia_Chordata_Aves_Passeriformes_Thraupidae_Pipraeidea_bonariensis\86327527-14d1-4ca3-8741-9ab5c5ddef72.jpg,194,363,363 293 364 369 435,0.03768862732436079
data\raw\val\04221_Animalia_Chordata_Aves_Passeriformes_Thraupidae_Pipraeidea_bonariensis\185ab3dc-574f-4d71-a82f-afbd6618f7b0.jpg,194,270,270 212 82 28 87,0.012561370682401197
data\raw\val\04221_Animalia_Chordata_Aves_Passeriformes_Thraupidae_Pipraeidea_bonariensis\74d33376-3dae-46a0-8136-0a318a3063cd.jpg,194,302,302 186 84 413 194,0.020670152998466848
data\raw\val\04221_Animalia_Chordata_Aves_Passeriformes_Thraupidae_Pipraeidea_bonariensis\bcb2663c-7de6-437d-9a01-5b869ab5f0ea.jpg,194,293,293 213 467 292 436,0.02062725530167435
data\raw\val\04221_Animalia_Chordata_Aves_Passeriformes_Thraupidae_Pipraeidea_bonariensis\b947f5ea-c9b0-4063-b39e-d713563be466.jpg,194,146,146 194 195 184 193,0.029417868714483684
data\raw\val\04221_Animalia_Chordata_Aves_Passeriformes_Thraupidae_Pipraeidea_bonariensis\0580ef09-6031-4cf4-87b3-10c7662607be.jpg,194,269,269 145 481 15 5,0.011157546230683211
data\raw\val\04221_Animalia_Chordata_Aves_Passeriformes_Thraupidae_Pipraeidea_bonariensis\56eea7cf-b16f-4c07-ad8a-239de557513c.jpg,194,193,193 175 486 456 206,0.023235507757468882
data\raw\val\04231_Animalia_Chordata_Aves_Passeriformes_Thraupidae_Sicalis_luteola\fcd4211b-5f1a-427a-b53b-d268c216dec2.jpg,195,175,175 209 197 198 193,0.02173153675701836
data\raw\val\04231_Animalia_Chordata_Aves_Passeriformes_Thraupidae_Sicalis_luteola\b971a64e-8ec2-4d2b-b8bd-f35a7e624786.jpg,195,316,316 425 325 240 190,0.0184706733687195
data\raw\val\04231_Animalia_Chordata_Aves_Passeriformes_Thraupidae_Sicalis_luteola\59008982-0a90-47b2-9a5a-e844a2ec1e51.jpg,195,15,15 51 149 172 183,0.015993798880994153
data\raw\val\04231_Animalia_Chordata_Aves_Passeriformes_Thraupidae_Sicalis_luteola\e341d185-8c29-428b-bf2f-cffa19469f21.jpg,195,167,167 293 186 171 209,0.01234320154887919
data\raw\val\04231_Animalia_Chordata_Aves_Passeriformes_Thraupidae_Sicalis_luteola\4475ebad-a602-4c9c-919a-8349b702e8e8.jpg,195,193,193 167 194 146 178,0.018026634687719954
data\raw\val\04231_Animalia_Chordata_Aves_Passeriformes_Thraupidae_Sicalis_luteola\1925a38d-cfb6-42bc-ba54-9d93031be628.jpg,195,349,349 318 384 316 333,0.02897886954686944
data\raw\val\04231_Animalia_Chordata_Aves_Passeriformes_Thraupidae_Sicalis_luteola\32b34495-2866-4306-a155-dd5c05d16297.jpg,195,170,170 18 302 206 4,0.026070194381691527
data\raw\val\04231_Animalia_Chordata_Aves_Passeriformes_Thraupidae_Sicalis_luteola\61f89814-2a94-45dc-bc32-13e008d7c9c4.jpg,195,148,148 54 205 59 50,0.03363519741652232
data\raw\val\04231_Animalia_Chordata_Aves_Passeriformes_Thraupidae_Sicalis_luteola\e39569e4-c40e-4801-8f4f-73b50506bed4.jpg,195,303,303 425 213 215 458,0.028491390807022246
data\raw\val\04231_Animalia_Chordata_Aves_Passeriformes_Thraupidae_Sicalis_luteola\e4276abc-a1e7-409d-8a85-be0e2465ed7c.jpg,195,42,42 112 119 105 114,0.01710217445528374
data\raw\val\04241_Animalia_Chordata_Aves_Passeriformes_Thraupidae_Tangara_arthus\012a86e5-e7a5-4737-94df-928907552924.jpg,196,217,217 339 216 196 116,0.013196481297499757
data\raw\val\04241_Animalia_Chordata_Aves_Passeriformes_Thraupidae_Tangara_arthus\de225c03-cfb6-493b-84b7-7b9ea8644872.jpg,196,183,183 206 198 191 194,0.018934538370193134
data\raw\val\04241_Animalia_Chordata_Aves_Passeriformes_Thraupidae_Tangara_arthus\854184e3-0a6a-474c-88cc-da09cbb627b8.jpg,196,86,86 106 198 182 186,0.009909114409647
data\raw\val\04241_Animalia_Chordata_Aves_Passeriformes_Thraupidae_Tangara_arthus\c5b2dc52-7409-4112-bf7f-521268c5e826.jpg,196,260,260 266 448 130 140,0.048142980334262175
data\raw\val\04241_Animalia_Chordata_Aves_Passeriformes_Thraupidae_Tangara_arthus\ba978cd3-4a08-47c0-8406-887d2d48d984.jpg,196,196,196 280 141 71 32,0.011114195552968342
data\raw\val\04241_Animalia_Chordata_Aves_Passeriformes_Thraupidae_Tangara_arthus\8ecc3ca1-a113-4b74-9af2-e309f317ebc0.jpg,196,130,130 196 141 26 258,0.0279950170211532
data\raw\val\04241_Animalia_Chordata_Aves_Passeriformes_Thraupidae_Tangara_arthus\e8473889-440d-442d-9a8b-e602bb4cf7cd.jpg,196,186,186 364 197 188 198,0.02929644866784528
data\raw\val\04241_Animalia_Chordata_Aves_Passeriformes_Thraupidae_Tangara_arthus\64bb510f-e382-4f1a-b2f8-7807b175aa10.jpg,196,108,108 37 66 23 40,0.019568499078589464
data\raw\val\04241_Animalia_Chordata_Aves_Passeriformes_Thraupidae_Tangara_arthus\8aff8f7b-8336-43aa-a421-b3bca73992a1.jpg,196,229,229 127 214 234 162,0.010088147556699895
data\raw\val\04241_Animalia_Chordata_Aves_Passeriformes_Thraupidae_Tangara_arthus\a48fe183-218e-4e52-8568-9c12f179b187.jpg,196,352,352 420 417 461 313,0.015144725154151405
data\raw\val\04245_Animalia_Chordata_Aves_Passeriformes_Thraupidae_Thraupis_episcopus\9107676c-a0b7-4a1e-a205-13741344b916.jpg,197,267,267 153 188 27 186,0.014054961712730244
data\raw\val\04245_Animalia_Chordata_Aves_Passeriformes_Thraupidae_Thraupis_episcopus\449d41fd-e71f-4377-8e0e-3dc57ef99b9d.jpg,197,412,412 40 263 260 408,0.017026521202768548
data\raw\val\04245_Animalia_Chordata_Aves_Passeriformes_Thraupidae_Thraupis_episcopus\ab90a945-1ffe-435b-9a24-90417c1b8e7a.jpg,197,198,198 175 188 191 206,0.032725698025232314
data\raw\val\04245_Animalia_Chordata_Aves_Passeriformes_Thraupidae_Thraupis_episcopus\2dd925cb-3b3c-48e3-b15a-b78c0ac230c1.jpg,197,196,196 141 3 143 26,0.014516297581889825
data\raw\val\04245_Animalia_Chordata_Aves_Passeriformes_Thraupidae_Thraupis_episcopus\0b8d2a69-ad07-4eb9-a06e-8cc9e4d0b0ce.jpg,197,198,198 207 175 186 206,0.030955573538271074
data\raw\val\04245_Animalia_Chordata_Aves_Passeriformes_Thraupidae_Thraupis_episcopus\6ed088ca-ff8f-40cd-b7fd-7a0bca43af58.jpg,197,366,366 418 399 469 490,0.02268700676828508
data\raw\val\04245_Animalia_Chordata_Aves_Passeriformes_Thraupidae_Thraupis_episcopus\34710505-5747-4bdb-bfe3-f90e4371edbf.jpg,197,431,431 369 460 397 473,0.01546032307479434
data\raw\val\04245_Animalia_Chordata_Aves_Passeriformes_Thraupidae_Thraupis_episcopus\46d452a2-afb9-4b1e-89a4-5775d3fc741a.jpg,197,58,58 149 197 148 400,0.04416719924598549
data\raw\val\04245_Animalia_Chordata_Aves_Passeriformes_Thraupidae_Thraupis_episcopus\e5012cfc-99cc-43e3-a2da-3de3bcde9ff3.jpg,197,197,197 186 193 107 184,0.020106264963248483
data\raw\val\04245_Animalia_Chordata_Aves_Passeriformes_Thraupidae_Thraupis_episcopus\f91b7498-2364-4b60-837d-a866bd753427.jpg,197,231,231 65 196 26 206,0.01842946016561475
data\raw\val\04250_Animalia_Chordata_Aves_Passeriformes_Tityridae_Pachyramphus_aglaiae\2a3b0ac8-b300-4d95-8efc-953ec4b553e3.jpg,198,210,210 209 207 175 186,0.02956710389019804
data\raw\val\04250_Animalia_Chordata_Aves_Passeriformes_Tityridae_Pachyramphus_aglaiae\fbed62b5-83b4-4de0-8da5-e8e0261c833d.jpg,198,413,413 293 167 191 186,0.03640982544046567
data\raw\val\04250_Animalia_Chordata_Aves_Passeriformes_Tityridae_Pachyramphus_aglaiae\e3317f14-04b6-4b52-b05f-85b6617f425f.jpg,198,76,76 218 50 183 26,0.008818399846077607
data\raw\val\04250_Animalia_Chordata_Aves_Passeriformes_Tityridae_Pachyramphus_aglaiae\c82bd28d-8c09-4d5a-b8b6-bd54aa28a2d1.jpg,198,119,119 187 188 112 180,0.02090111484233024
data\raw\val\04250_Animalia_Chordata_Aves_Passeriformes_Tityridae_Pachyramphus_aglaiae\2e5cfc38-5bba-4582-b731-55b2a3303a02.jpg,198,435,435 395 399 358 367,0.0646643662549039
data\raw\val\04250_Animalia_Chordata_Aves_Passeriformes_Tityridae_Pachyramphus_aglaiae\6af0610a-b9c1-42a9-9e0d-fac99b149a0b.jpg,198,62,62 72 22 206 82,0.024667927323195282
data\raw\val\04250_Animalia_Chordata_Aves_Passeriformes_Tityridae_Pachyramphus_aglaiae\ee36b664-6327-4728-ae64-d157b698fd87.jpg,198,447,447 433 478 362 85,0.028068867482740487
data\raw\val\04250_Animalia_Chordata_Aves_Passeriformes_Tityridae_Pachyramphus_aglaiae\31ce6e83-912d-484a-9930-ad5101ce6d62.jpg,198,175,175 194 198 193 169,0.02175741284219422
data\raw\val\04250_Animalia_Chordata_Aves_Passeriformes_Tityridae_Pachyramphus_aglaiae\85ec64fe-eda7-46e3-ac92-5c17cb079cab.jpg,198,323,323 369 367 363 287,0.020983129600313392
data\raw\val\04250_Animalia_Chordata_Aves_Passeriformes_Tityridae_Pachyramphus_aglaiae\0cd59ee3-98e2-4f08-857b-50827e96423e.jpg,198,486,486 278 488 456 175,0.02232763314450781
data\raw\val\04356_Animalia_Chordata_Aves_Pelecaniformes_Ardeidae_Ardea_cinerea\026afee9-88cc-4679-872b-ea127fa68dcc.jpg,199,181,181 149 168 165 206,0.023620787987116906
data\raw\val\04356_Animalia_Chordata_Aves_Pelecaniformes_Ardeidae_Ardea_cinerea\05b8a8b2-8172-451d-9700-40004d2a7908.jpg,199,210,210 151 136 241 219,0.006651365174079145
data\raw\val\04356_Animalia_Chordata_Aves_Pelecaniformes_Ardeidae_Ardea_cinerea\baa3c832-f3e0-48d7-8b39-2dc30dadae91.jpg,199,276,276 360 440 396 394,0.028422304182109816
data\raw\val\04356_Animalia_Chordata_Aves_Pelecaniformes_Ardeidae_Ardea_cinerea\8ae42782-93e8-4321-9260-a34978eb5346.jpg,199,224,224 215 160 199 181,0.04814121456393076
data\raw\val\04356_Animalia_Chordata_Aves_Pelecaniformes_Ardeidae_Ardea_cinerea\5520b51a-80e6-4897-ba9c-786a52a2ec0e.jpg,199,314,314 324 273 377 442,0.026596462250386237
data\raw\val\04356_Animalia_Chordata_Aves_Pelecaniformes_Ardeidae_Ardea_cinerea\f41aae7c-82cc-47bc-8faf-27b700a0ecaa.jpg,199,402,402 350 306 392 299,0.03947715747758917
data\raw\val\04356_Animalia_Chordata_Aves_Pelecaniformes_Ardeidae_Ardea_cinerea\04870b77-ac90-4760-834b-d592680575a0.jpg,199,306,306 300 188 338 491,0.05900353253879265
data\raw\val\04356_Animalia_Chordata_Aves_Pelecaniformes_Ardeidae_Ardea_cinerea\b78937f4-dc68-4adf-aea0-4235c1e8c4e1.jpg,199,140,140 440 124 129 219,0.018381464927697138
data\raw\val\04356_Animalia_Chordata_Aves_Pelecaniformes_Ardeidae_Ardea_cinerea\c1d076e5-3a07-405c-b56c-140b5f82bb29.jpg,199,104,104 135 38 132 136,0.019971429160093427
data\raw\val\04356_Animalia_Chordata_Aves_Pelecaniformes_Ardeidae_Ardea_cinerea\45af9275-5fda-42f6-b31e-dd7f6ca30959.jpg,199,32,32 75 47 60 26,0.034874400730806804
data\raw\val\04363_Animalia_Chordata_Aves_Pelecaniformes_Ardeidae_Ardea_purpurea\b6c6f0c5-4433-4633-8987-bd2667a5410d.jpg,200,193,193 175 198 453 206,0.02603665695701593
data\raw\val\04363_Animalia_Chordata_Aves_Pelecaniformes_Ardeidae_Ardea_purpurea\529bb0da-cf44-45c8-bb41-1271b3d63b68.jpg,200,148,148 146 149 147 17,0.02525424048230549
data\raw\val\04363_Animalia_Chordata_Aves_Pelecaniformes_Ardeidae_Ardea_purpurea\396ff2a8-d065-4004-9604-f9dcdf18cf4e.jpg,200,147,147 149 166 152 173,0.024572354980516648
data\raw\val\04363_Animalia_Chordata_Aves_Pelecaniformes_Ardeidae_Ardea_purpurea\e0d8b817-6f35-4e57-9a29-e57c5e35e390.jpg,200,404,404 301 278 200 151,0.04244232094251811
data\raw\val\04363_Animalia_Chordata_Aves_Pelecaniformes_Ardeidae_Ardea_purpurea\8aabad15-dc7b-4a62-8865-82f21bc6cf9e.jpg,200,108,108 45 147 173 159,0.014079465663028506
data\raw\val\04363_Animalia_Chordata_Aves_Pelecaniformes_Ardeidae_Ardea_purpurea\3c92c9ec-bcb6-4eaa-bf0f-fbd034702c61.jpg,200,369,369 362 361 426 418,0.024379955919617762
data\raw\val\04363_Animalia_Chordata_Aves_Pelecaniformes_Ardeidae_Ardea_purpurea\f0a3e200-566a-43d3-b7b8-b136edcfda2b.jpg,200,152,152 219 195 205 4,0.013704415103902084
data\raw\val\04363_Animalia_Chordata_Aves_Pelecaniformes_Ardeidae_Ardea_purpurea\d335aa5d-68a8-4cd3-9c7f-20f00b83869e.jpg,200,278,278 303 150 202 188,0.07345613079540333
data\raw\val\04363_Animalia_Chordata_Aves_Pelecaniformes_Ardeidae_Ardea_purpurea\c5d41b70-7db5-49b9-9c50-f7e418ea9360.jpg,200,322,322 254 48 201 330,0.012134985639490973
data\raw\val\04363_Animalia_Chordata_Aves_Pelecaniformes_Ardeidae_Ardea_purpurea\ef4763ea-bead-4d20-b6ae-09f1b34ec514.jpg,200,1,1 50 56 172 185,0.03733369900623627
data\raw\val\04366_Animalia_Chordata_Aves_Pelecaniformes_Ardeidae_Ardeola_ralloides\ca42b741-f850-419f-9e1e-479545df4448.jpg,201,203,203 150 152 216 202,0.057385492052460546
data\raw\val\04366_Animalia_Chordata_Aves_Pelecaniformes_Ardeidae_Ardeola_ralloides\ec40ad47-fa32-4b51-9005-34220ea03cc0.jpg,201,130,130 72 127 216 110,0.01616530853291829
data\raw\val\04366_Animalia_Chordata_Aves_Pelecaniformes_Ardeidae_Ardeola_ralloides\d8893fd9-d91b-4753-a287-e216544bf379.jpg,201,297,297 284 354 299 353,0.03570690704419237
data\raw\val\04366_Animalia_Chordata_Aves_Pelecaniformes_Ardeidae_Ardeola_ralloides\cfe7e7d9-0c8e-4e4f-b59d-0771384702be.jpg,201,28,28 26 63 153 106,0.008473626625982122
data\raw\val\04366_Animalia_Chordata_Aves_Pelecaniformes_Ardeidae_Ardeola_ralloides\2428ad2a-88ec-4548-acd6-4310515d5bea.jpg,201,400,400 58 197 148 182,0.01681122017601614
data\raw\val\04366_Animalia_Chordata_Aves_Pelecaniformes_Ardeidae_Ardeola_ralloides\7752d394-7695-4d0e-a020-b9ed374fcc6d.jpg,201,495,495 316 480 224 348,0.08291152511607137
data\raw\val\04366_Animalia_Chordata_Aves_Pelecaniformes_Ardeidae_Ardeola_ralloides\163d0fcf-46e2-4df3-b72e-7950de00898f.jpg,201,291,291 34 437 33 449,0.013726168105235645
data\raw\val\04366_Animalia_Chordata_Aves_Pelecaniformes_Ardeidae_Ardeola_ralloides\21bc5a58-ac6e-4a8e-97cc-a5a5b0b2bb1e.jpg,201,59,59 25 159 181 178,0.021960058253565035
data\raw\val\04366_Animalia_Chordata_Aves_Pelecaniformes_Ardeidae_Ardeola_ralloides\d4c33a96-e992-4a59-b3db-d9b8dd028650.jpg,201,226,226 225 181 199 215,0.016382687436412142
data\raw\val\04366_Animalia_Chordata_Aves_Pelecaniformes_Ardeidae_Ardeola_ralloides\0bb95e05-83ad-4ead-8d5e-2bf420efa708.jpg,201,160,160 376 234 355 330,0.01822254952787292
data\raw\val\04404_Animalia_Chordata_Aves_Pelecaniformes_Threskiornithidae_Platalea_flavipes\f2718ba8-6bbc-4e2b-ba52-86b86748c07a.jpg,202,27,27 158 226 151 305,0.017621377133006474
data\raw\val\04404_Animalia_Chordata_Aves_Pelecaniformes_Threskiornithidae_Platalea_flavipes\2316f1c6-2f2d-48ba-ae51-d4bb8ae3465e.jpg,202,163,163 199 280 361 233,0.00966496950090203
data\raw\val\04404_Animalia_Chordata_Aves_Pelecaniformes_Threskiornithidae_Platalea_flavipes\0364b715-6b8d-4a67-835e-d880c4146f8c.jpg,202,152,152 204 203 151 150,0.04052571549598284
data\raw\val\04404_Animalia_Chordata_Aves_Pelecaniformes_Threskiornithidae_Platalea_flavipes\0a4e1eb0-2b12-429b-820d-6315636b0c13.jpg,202,105,105 158 119 113 112,0.024481783461583542
data\raw\val\04404_Animalia_Chordata_Aves_Pelecaniformes_Threskiornithidae_Platalea_flavipes\215552f3-d9d3-454c-93bc-688d85276d1c.jpg,202,4,4 203 42 219 202,0.019968941752011925
data\raw\val\04404_Animalia_Chordata_Aves_Pelecaniformes_Threskiornithidae_Platalea_flavipes\4665970c-4a78-4e8f-bef1-43ef9220a37e.jpg,202,395,395 152 355 404 151,0.0260895074229122
data\raw\val\04404_Animalia_Chordata_Aves_Pelecaniformes_Threskiornithidae_Platalea_flavipes\571d2396-0763-4cc5-9c5d-e3090fbe84c8.jpg,202,301,301 300 306 200 202,0.11389564009142937
data\raw\val\04404_Animalia_Chordata_Aves_Pelecaniformes_Threskiornithidae_Platalea_flavipes\b06f573f-4b1b-4a73-b307-3393972c731d.jpg,202,117,117 27 158 219 75,0.020444670053260488
data\raw\val\04404_Animalia_Chordata_Aves_Pelecaniformes_Threskiornithidae_Platalea_flavipes\666c6f42-8b62-4090-88a4-a3b7a28d83cc.jpg,202,364,364 363 267 293 338,0.0273910551531657
data\raw\val\04404_Animalia_Chordata_Aves_Pelecaniformes_Threskiornithidae_Platalea_flavipes\21f32fde-a565-4a06-8909-5f9770f4853d.jpg,202,224,224 242 240 22 254,0.036150369833703705
data\raw\val\04405_Animalia_Chordata_Aves_Pelecaniformes_Threskiornithidae_Platalea_leucorodia\79fd1338-9189-45b0-bcb0-5f2ef9e79fbd.jpg,203,175,175 280 202 284 456,0.011002636512874676
data\raw\val\04405_Animalia_Chordata_Aves_Pelecaniformes_Threskiornithidae_Platalea_leucorodia\31f036f7-11d4-47e2-9105-b7c801ff65c9.jpg,203,418,418 327 201 389 471,0.014174062764529068
data\raw\val\04405_Animalia_Chordata_Aves_Pelecaniformes_Threskiornithidae_Platalea_leucorodia\df4f2868-aabc-46cb-85a8-6553a7e8e049.jpg,203,1,1 0 8 180 193,0.050983647070529645
data\raw\val\04405_Animalia_Chordata_Aves_Pelecaniformes_Threskiornithidae_Platalea_leucorodia\4950faee-b90e-4bdc-9a8b-dc73f350b41b.jpg,203,49,49 152 158 20 205,0.01495067477490966
data\raw\val\04405_Animalia_Chordata_Aves_Pelecaniformes_Threskiornithidae_Platalea_leucorodia\419e3c7e-095d-49da-b50c-ac5bb0bdfaf3.jpg,203,204,204 202 164 203 152,0.012937312166866614
data\raw\val\04405_Animalia_Chordata_Aves_Pelecaniformes_Threskiornithidae_Platalea_leucorodia\d815b006-9e0d-4cce-86bd-3e8f26f19fe2.jpg,203,458,458 384 162 425 220,0.012729764114030054
data\raw\val\04405_Animalia_Chordata_Aves_Pelecaniformes_Threskiornithidae_Platalea_leucorodia\c4d20053-61fd-4b20-bcd9-cd24441a4c9e.jpg,203,234,234 127 236 90 228,0.014410996225897501
data\raw\val\04405_Animalia_Chordata_Aves_Pelecaniformes_Threskiornithidae_Platalea_leucorodia\0c5a6785-0bc2-49d9-9702-b9e94ba9b686.jpg,203,217,217 26 96 142 141,0.024556479811840868
data\raw\val\04405_Animalia_Chordata_Aves_Pelecaniformes_Threskiornithidae_Platalea_leucorodia\ae09376d-65bf-4171-a333-b9bdd32cff7d.jpg,203,221,221 223 404 319 229,0.07191022392745987
data\raw\val\04405_Animalia_Chordata_Aves_Pelecaniformes_Threskiornithidae_Platalea_leucorodia\82c5023d-237a-48e2-9049-42bb380684a1.jpg,203,160,160 205 152 164 202,0.022500808285016136
data\raw\val\04407_Animalia_Chordata_Aves_Pelecaniformes_Threskiornithidae_Platalea_regia\27a511bb-65d4-497b-ae2e-ff489ec2d344.jpg,204,25,25 79 128 15 12,0.02514552311797706
data\raw\val\04407_Animalia_Chordata_Aves_Pelecaniformes_Threskiornithidae_Platalea_regia\1e521ce2-8437-455a-923b-0fda08c03355.jpg,204,381,381 213 200 388 353,0.025431215617406702
data\raw\val\04407_Animalia_Chordata_Aves_Pelecaniformes_Threskiornithidae_Platalea_regia\434c1247-d2e3-492d-a76c-b3690766601d.jpg,204,188,188 150 151 202 253,0.06972366149452863
data\raw\val\04407_Animalia_Chordata_Aves_Pelecaniformes_Threskiornithidae_Platalea_regia\c72744a3-d501-47c2-9274-7be11aa2e1b1.jpg,204,128,128 176 40 141 122,0.028576716855900897
data\raw\val\04407_Animalia_Chordata_Aves_Pelecaniformes_Threskiornithidae_Platalea_regia\4ca666f5-635d-4009-bd13-f5a6317f4fb8.jpg,204,61,61 104 58 35 66,0.014612369542140256
data\raw\val\04407_Animalia_Chordata_Aves_Pelecaniformes_Threskiornithidae_Platalea_regia\3889a5be-59f9-4e78-a1a8-551b73a1cb5a.jpg,204,218,218 270 141 241 266,0.021970279061961164
data\raw\val\04407_Animalia_Chordata_Aves_Pelecaniformes_Threskiornithidae_Platalea_regia\63710ab9-4756-4f12-8418-e880d0f736ad.jpg,204,245,245 20 244 18 147,0.010260032517458155
data\raw\val\04407_Animalia_Chordata_Aves_Pelecaniformes_Threskiornithidae_Platalea_regia\3fa3797b-bdce-4c12-ae8a-532691eff2d8.jpg,204,59,59 239 74 56 45,0.053742176266466504
data\raw\val\04407_Animalia_Chordata_Aves_Pelecaniformes_Threskiornithidae_Platalea_regia\6a3331b8-1457-49dd-b479-fc071ef5fde9.jpg,204,152,152 204 115 151 300,0.031734444417795396
data\raw\val\04407_Animalia_Chordata_Aves_Pelecaniformes_Threskiornithidae_Platalea_regia\6d431421-d436-408f-bc3b-2b5fa3c412b7.jpg,204,425,425 287 156 213 314,0.02114337631001887
data\raw\val\04413_Animalia_Chordata_Aves_Pelecaniformes_Threskiornithidae_Threskiornis_melanocephalus\6a546558-51e5-4266-b48d-712f0c6c920f.jpg,205,155,155 227 215 214 220,0.020078458074170857
data\raw\val\04413_Animalia_Chordata_Aves_Pelecaniformes_Threskiornithidae_Threskiornis_melanocephalus\a74ed344-2b74-4e06-87d1-dfa78b776ec8.jpg,205,451,451 160 215 199 214,0.013236190688836228
data\raw\val\04413_Animalia_Chordata_Aves_Pelecaniformes_Threskiornithidae_Threskiornis_melanocephalus\6cf7c142-e337-4b23-b42a-7256219e57be.jpg,205,149,149 166 146 174 189,0.07232430810410813
data\raw\val\04413_Animalia_Chordata_Aves_Pelecaniformes_Threskiornithidae_Threskiornis_melanocephalus\1570d9f8-d704-4185-b8d7-cb9378f1fd8e.jpg,205,215,215 213 243 227 214,0.039985229108937675
data\raw\val\04413_Animalia_Chordata_Aves_Pelecaniformes_Threskiornithidae_Threskiornis_melanocephalus\5f51db65-d548-4d9a-8543-68f88dd70dc9.jpg,205,435,435 222 162 124 9,0.024012077386580497
data\raw\val\04413_Animalia_Chordata_Aves_Pelecaniformes_Threskiornithidae_Threskiornis_melanocephalus\62a17819-bdcb-466a-ba54-e2c400ff55b1.jpg,205,160,160 351 214 100 74,0.01603378099255165
data\raw\val\04413_Animalia_Chordata_Aves_Pelecaniformes_Threskiornithidae_Threskiornis_melanocephalus\1fa914be-3cbe-483d-aadf-b55ee09930cd.jpg,205,188,188 300 278 151 284,0.05435093998779973
data\raw\val\04413_Animalia_Chordata_Aves_Pelecaniformes_Threskiornithidae_Threskiornis_melanocephalus\f178d307-3cfa-4ed2-84d2-cc20e859ff73.jpg,205,347,347 269 307 396 419,0.019576693899006275
data\raw\val\04413_Animalia_Chordata_Aves_Pelecaniformes_Threskiornithidae_Threskiornis_melanocephalus\51861d0a-c1fb-47f9-b591-1a75669ca833.jpg,205,185,185 174 21 172 102,0.014113643524808988
data\raw\val\04413_Animalia_Chordata_Aves_Pelecaniformes_Threskiornithidae_Threskiornis_melanocephalus\a6d3e7e8-b3e4-44f8-b341-3b3904245b44.jpg,205,82,82 147 208 122 146,0.013358239589584077
data\raw\val\04422_Animalia_Chordata_Aves_Piciformes_Megalaimidae_Psilopogon_haemacephalus\0238890b-689d-4bee-98e3-ead4428548a8.jpg,206,206,206 167 187 174 1,0.04806208734232355
data\raw\val\04422_Animalia_Chordata_Aves_Piciformes_Megalaimidae_Psilopogon_haemacephalus\f1864004-1585-4ac9-aa22-24dbe7549f5d.jpg,206,182,182 207 186 210 153,0.010423731667473766
data\raw\val\04422_Animalia_Chordata_Aves_Piciformes_Megalaimidae_Psilopogon_haemacephalus\41bbeaac-8d7c-4ae6-af2a-272e636b7705.jpg,206,171,171 175 207 186 198,0.045938599794174875
data\raw\val\04422_Animalia_Chordata_Aves_Piciformes_Megalaimidae_Psilopogon_haemacephalus\a2fb4a5e-e8ca-41f5-b5e3-30548ae1d613.jpg,206,168,168 209 187 167 174,0.029468155562860553
data\raw\val\04422_Animalia_Chordata_Aves_Piciformes_Megalaimidae_Psilopogon_haemacephalus\17cf571e-72da-47fd-b9fe-2b227e03c204.jpg,206,149,149 206 205 171 165,0.07868876640269994
data\raw\val\04422_Animalia_Chordata_Aves_Piciformes_Megalaimidae_Psilopogon_haemacephalus\cdff21f2-d39d-43a7-9f45-8d2eb968a20f.jpg,206,209,209 222 182 168 436,0.025280864428958317
data\raw\val\04422_Animalia_Chordata_Aves_Piciformes_Megalaimidae_Psilopogon_haemacephalus\ee0a0f8e-cb7e-4c19-b7e6-80619f0b3d20.jpg,206,104,104 165 183 22 50,0.021424726322668067
data\raw\val\04422_Animalia_Chordata_Aves_Piciformes_Megalaimidae_Psilopogon_haemacephalus\72d8178f-0753-48db-b6cc-0bd44c4eb6ac.jpg,206,171,171 166 194 195 187,0.04983895566070247
data\raw\val\04422_Animalia_Chordata_Aves_Piciformes_Megalaimidae_Psilopogon_haemacephalus\8a9d6157-eb77-4664-9aee-a8057a124761.jpg,206,166,166 167 1 173 195,0.022942524227450016
data\raw\val\04422_Animalia_Chordata_Aves_Piciformes_Megalaimidae_Psilopogon_haemacephalus\5e1ae4eb-1afb-4f4d-872b-a359ced77290.jpg,206,182,182 170 169 369 307,0.008560015715941222
data\raw\val\04424_Animalia_Chordata_Aves_Piciformes_Picidae_Campephilus_guatemalensis\7db124ff-7558-4c3b-9497-116b9c42d501.jpg,207,394,394 222 209 395 490,0.027190000183339978
data\raw\val\04424_Animalia_Chordata_Aves_Piciformes_Picidae_Campephilus_guatemalensis\ff83140f-a5e3-4986-b3d9-920ba2b1d08a.jpg,207,435,435 197 187 210 175,0.019962477908254898
data\raw\val\04424_Animalia_Chordata_Aves_Piciformes_Picidae_Campephilus_guatemalensis\f4b8d8ef-3875-4631-ae4f-8db55c9f0e70.jpg,207,363,363 490 397 293 382,0.021454821841381682
data\raw\val\04424_Animalia_Chordata_Aves_Piciformes_Picidae_Campephilus_guatemalensis\d87f0dd9-9a15-4771-854d-4700dec73e5d.jpg,207,270,270 269 130 123 227,0.03210946195081812
data\raw\val\04424_Animalia_Chordata_Aves_Piciformes_Picidae_Campephilus_guatemalensis\0fdfa726-8bf4-471f-ac83-7d6ac464f209.jpg,207,170,170 186 363 187 197,0.01691629670748599
data\raw\val\04424_Animalia_Chordata_Aves_Piciformes_Picidae_Campephilus_guatemalensis\24629eca-db07-4b8c-8b73-ad93a68d1be3.jpg,207,187,187 193 197 206 165,0.025786171106476418
data\raw\val\04424_Animalia_Chordata_Aves_Piciformes_Picidae_Campephilus_guatemalensis\b0ec2c10-1309-4c1f-9423-dbcb45e633d5.jpg,207,58,58 254 400 189 149,0.035730368270660694
data\raw\val\04424_Animalia_Chordata_Aves_Piciformes_Picidae_Campephilus_guatemalensis\0c36981e-5f43-493e-9d97-f918aa0054bf.jpg,207,188,188 186 197 175 187,0.03476456509828823
data\raw\val\04424_Animalia_Chordata_Aves_Piciformes_Picidae_Campephilus_guatemalensis\f8ec6253-3ba9-4b9e-a568-cd6c0213f418.jpg,207,162,162 435 363 293 209,0.01278856650623633
data\raw\val\04424_Animalia_Chordata_Aves_Piciformes_Picidae_Campephilus_guatemalensis\62de5173-a689-4694-bb52-e8eff14c6524.jpg,207,37,37 443 475 419 90,0.021137305543685463
data\raw\val\04428_Animalia_Chordata_Aves_Piciformes_Picidae_Colaptes_campestris\c73e9d99-1509-4032-8e94-de2008f1a179.jpg,208,486,486 188 459 207 153,0.022960340285863762
data\raw\val\04428_Animalia_Chordata_Aves_Piciformes_Picidae_Colaptes_campestris\4fa3105e-5a07-481d-99a8-fe3ddc53d7fc.jpg,208,186,186 198 191 194 175,0.04011828691791111
data\raw\val\04428_Animalia_Chordata_Aves_Piciformes_Picidae_Colaptes_campestris\3fe372c0-1457-4fcd-ab04-3f533c0eb835.jpg,208,217,217 220 225 211 214,0.03033858323880414
data\raw\val\04428_Animalia_Chordata_Aves_Piciformes_Picidae_Colaptes_campestris\4c0a1306-2763-4bf5-b368-fdefd2204ea0.jpg,208,269,269 153 90 258 144,0.013255005948163699
data\raw\val\04428_Animalia_Chordata_Aves_Piciformes_Picidae_Colaptes_campestris\693cf992-7f2f-4057-a9a3-f48212943663.jpg,208,393,393 207 264 400 436,0.025670102828422272
data\raw\val\04428_Animalia_Chordata_Aves_Piciformes_Picidae_Colaptes_campestris\99f6fcdb-e0bb-4590-b51f-08ad66be87e5.jpg,208,206,206 196 186 207 116,0.03151428355350801
data\raw\val\04428_Animalia_Chordata_Aves_Piciformes_Picidae_Colaptes_campestris\4f15a761-6984-4659-9066-5614721d0e21.jpg,208,247,247 221 236 208 226,0.0373809892672065
data\raw\val\04428_Animalia_Chordata_Aves_Piciformes_Picidae_Colaptes_campestris\93cb4fd5-1f76-41c0-9b43-db080bda6a4c.jpg,208,276,276 129 249 255 272,0.018522833732146613
data\raw\val\04428_Animalia_Chordata_Aves_Piciformes_Picidae_Colaptes_campestris\d2933804-b75e-45ad-93de-c855eb5c05d9.jpg,208,250,250 125 245 249 255,0.031961788507528496
data\raw\val\04428_Animalia_Chordata_Aves_Piciformes_Picidae_Colaptes_campestris\fd4abd55-3f51-4ba1-914c-c63e749a39fe.jpg,208,441,441 397 490 451 467,0.016940355267257286
data\raw\val\04472_Animalia_Chordata_Aves_Piciformes_Ramphastidae_Ramphastos_toco\2be85ab4-86eb-424c-915f-392263a5b64c.jpg,209,271,271 28 196 96 116,0.014002163436484432
data\raw\val\04472_Animalia_Chordata_Aves_Piciformes_Ramphastidae_Ramphastos_toco\71bd0143-c261-4527-ac18-61730dceb234.jpg,209,160,160 211 250 157 151,0.02048088296422035
data\raw\val\04472_Animalia_Chordata_Aves_Piciformes_Ramphastidae_Ramphastos_toco\edec84ac-5f06-4c53-bb98-8565f3bcde11.jpg,209,459,459 293 458 278 498,0.03549595671000719
data\raw\val\04472_Animalia_Chordata_Aves_Piciformes_Ramphastidae_Ramphastos_toco\90edd800-175d-410c-8507-a26fb9fb2231.jpg,209,329,329 391 361 487 429,0.02303721860458966
data\raw\val\04472_Animalia_Chordata_Aves_Piciformes_Ramphastidae_Ramphastos_toco\3bf52aaa-db53-4a7d-af1e-1b64d2568fd8.jpg,209,193,193 1 177 171 116,0.024448582220527044
data\raw\val\04472_Animalia_Chordata_Aves_Piciformes_Ramphastidae_Ramphastos_toco\f103420b-803d-4eb0-8382-dc53f456f514.jpg,209,196,196 222 433 33 460,0.01425422475603543
data\raw\val\04472_Animalia_Chordata_Aves_Piciformes_Ramphastidae_Ramphastos_toco\46fc18d2-0a9a-4703-b532-89abe0573201.jpg,209,413,413 396 477 486 398,0.041225290041179766
data\raw\val\04472_Animalia_Chordata_Aves_Piciformes_Ramphastidae_Ramphastos_toco\cf964820-982f-4280-b072-5361a4eec09b.jpg,209,103,103 121 113 105 80,0.025335937983442827
data\raw\val\04472_Animalia_Chordata_Aves_Piciformes_Ramphastidae_Ramphastos_toco\b436d279-66d8-45db-8249-fcf902a24e76.jpg,209,188,188 186 210 207 153,0.04514179719890005
data\raw\val\04472_Animalia_Chordata_Aves_Piciformes_Ramphastidae_Ramphastos_toco\74a2b783-9030-4d83-be9c-3ac70ad0d560.jpg,209,364,364 363 369 444 423,0.031153720910106094
data\raw\val\04540_Animalia_Chordata_Aves_Strigiformes_Strigidae_Aegolius_acadicus\eff53625-ef54-40b9-b7c6-0f03a8a62d42.jpg,210,75,75 16 32 65 18,0.017112988373937873
data\raw\val\04540_Animalia_Chordata_Aves_Strigiformes_Strigidae_Aegolius_acadicus\c909331e-891c-4cf8-bedd-23571618cabf.jpg,210,265,265 443 182 207 261,0.011633032329847116
data\raw\val\04540_Animalia_Chordata_Aves_Strigiformes_Strigidae_Aegolius_acadicus\f7c9ebe8-1846-4225-adba-09cd4be5b0b8.jpg,210,267,267 363 380 364 293,0.022612034077939564
data\raw\val\04540_Animalia_Chordata_Aves_Strigiformes_Strigidae_Aegolius_acadicus\f38269e7-3781-4c4c-b73d-f0c83732c122.jpg,210,32,32 105 113 172 63,0.01954847235000187
data\raw\val\04540_Animalia_Chordata_Aves_Strigiformes_Strigidae_Aegolius_acadicus\107d807e-1d3a-4172-8798-2c933ba29ae5.jpg,210,80,80 125 245 230 35,0.0111894998417625
data\raw\val\04540_Animalia_Chordata_Aves_Strigiformes_Strigidae_Aegolius_acadicus\75d0a350-95b4-46c9-a3b3-647f97d2e532.jpg,210,210,210 348 376 209 467,0.020072928785642565
data\raw\val\04540_Animalia_Chordata_Aves_Strigiformes_Strigidae_Aegolius_acadicus\53b2294d-25b9-43f6-96f7-e95d015434d4.jpg,210,188,188 203 29 456 27,0.039105596097738164
data\raw\val\04540_Animalia_Chordata_Aves_Strigiformes_Strigidae_Aegolius_acadicus\bc21739f-07d5-4c63-b99d-fa73fea0ac4a.jpg,210,191,191 209 186 175 187,0.03442790620274027
data\raw\val\04540_Animalia_Chordata_Aves_Strigiformes_Strigidae_Aegolius_acadicus\25d25f02-d3ee-47d3-8f00-b888bcc58e73.jpg,210,143,143 130 261 216 196,0.011057745465109292
data\raw\val\04540_Animalia_Chordata_Aves_Strigiformes_Strigidae_Aegolius_acadicus\9dbfdf53-61f8-4fb3-b5c7-5d583c7ee7d7.jpg,210,456,456 153 206 192 196,0.01600409819880802
data\raw\val\04617_Animalia_Chordata_Mammalia_Artiodactyla_Bovidae_Alcelaphus_buselaphus\aedcd86d-5898-475b-b382-81a61c99e226.jpg,211,160,160 201 205 163 389,0.014164506083675086
data\raw\val\04617_Animalia_Chordata_Mammalia_Artiodactyla_Bovidae_Alcelaphus_buselaphus\4f0bd6da-f6c0-4783-943c-bad4d731c694.jpg,211,316,316 224 425 347 215,0.02479879103864671
data\raw\val\04617_Animalia_Chordata_Mammalia_Artiodactyla_Bovidae_Alcelaphus_buselaphus\6b5f327f-8c3d-4aba-808a-bc24d408d053.jpg,211,162,162 213 292 120 380,0.010435623518278982
data\raw\val\04617_Animalia_Chordata_Mammalia_Artiodactyla_Bovidae_Alcelaphus_buselaphus\60e64701-8ce5-4de1-8e6d-b261b0dbd6ee.jpg,211,181,181 215 227 303 212,0.014806283870087051
data\raw\val\04617_Animalia_Chordata_Mammalia_Artiodactyla_Bovidae_Alcelaphus_buselaphus\e6aede58-9ca2-4bde-af78-bf281dcf8de4.jpg,211,214,214 118 215 227 211,0.048098993166350947
data\raw\val\04617_Animalia_Chordata_Mammalia_Artiodactyla_Bovidae_Alcelaphus_buselaphus\0a1ad4c3-103f-4bf7-9c8b-efd6c8ff1d57.jpg,211,212,212 118 242 214 110,0.018182397037554497
data\raw\val\04617_Animalia_Chordata_Mammalia_Artiodactyla_Bovidae_Alcelaphus_buselaphus\739d49dd-ea76-4d64-9c56-c19abf494279.jpg,211,211,211 118 110 214 160,0.0582761470845655
data\raw\val\04617_Animalia_Chordata_Mammalia_Artiodactyla_Bovidae_Alcelaphus_buselaphus\fe0ea7b3-4a6c-40a2-bde0-e6194b3eeded.jpg,211,118,118 211 164 238 214,0.03874692790645992
data\raw\val\04617_Animalia_Chordata_Mammalia_Artiodactyla_Bovidae_Alcelaphus_buselaphus\5f5b94cd-a336-4068-b1f0-7bb70c5e0050.jpg,211,147,147 220 131 214 215,0.015245823457231938
data\raw\val\04617_Animalia_Chordata_Mammalia_Artiodactyla_Bovidae_Alcelaphus_buselaphus\c0d13e25-a385-45c8-be3c-0b17fc611557.jpg,211,486,486 205 376 451 163,0.014920187817356989
data\raw\val\04624_Animalia_Chordata_Mammalia_Artiodactyla_Bovidae_Capra_ibex\881c0fa5-8bf8-49f7-b51d-c99153ab8c20.jpg,212,369,369 363 452 401 394,0.018929358106779173
data\raw\val\04624_Animalia_Chordata_Mammalia_Artiodactyla_Bovidae_Capra_ibex\158f5e2f-c3f7-4fa6-9134-92cd0122ee29.jpg,212,269,269 227 155 467 24,0.03604671837289739
data\raw\val\04624_Animalia_Chordata_Mammalia_Artiodactyla_Bovidae_Capra_ibex\dead7fae-200d-4def-8782-17ea1e3ddad8.jpg,212,217,217 212 227 218 214,0.02748777515199485
data\raw\val\04624_Animalia_Chordata_Mammalia_Artiodactyla_Bovidae_Capra_ibex\3b65e1ce-5c96-4174-b47c-a654df3a3c6f.jpg,212,311,311 212 475 433 357,0.016888061602007363
data\raw\val\04624_Animalia_Chordata_Mammalia_Artiodactyla_Bovidae_Capra_ibex\f3a5ee19-a35d-4e23-bae2-5307882069a0.jpg,212,131,131 65 400 35 95,0.017861960852277127
data\raw\val\04624_Animalia_Chordata_Mammalia_Artiodactyla_Bovidae_Capra_ibex\2fb7d1b5-fd0c-4e18-9080-6e442367e447.jpg,212,399,399 395 396 393 394,0.028189916452098583
data\raw\val\04624_Animalia_Chordata_Mammalia_Artiodactyla_Bovidae_Capra_ibex\b28da2fe-3952-4a96-b82c-8bf71fee2633.jpg,212,252,252 255 140 124 136,0.04605131067475491
data\raw\val\04624_Animalia_Chordata_Mammalia_Artiodactyla_Bovidae_Capra_ibex\f3a94a3c-6afe-4636-89b4-e43fbbd90f09.jpg,212,213,213 215 18 30 205,0.02556913697620777
data\raw\val\04624_Animalia_Chordata_Mammalia_Artiodactyla_Bovidae_Capra_ibex\ad8678fe-1704-49eb-a77d-0cedb05a9fc4.jpg,212,66,66 82 148 28 206,0.01823917890680067
data\raw\val\04624_Animalia_Chordata_Mammalia_Artiodactyla_Bovidae_Capra_ibex\4904caec-37e4-4a2c-9400-8d2a29846b70.jpg,212,212,212 217 241 214 218,0.03303338207960439
data\raw\val\04640_Animalia_Chordata_Mammalia_Artiodactyla_Bovidae_Tragelaphus_angasii\96d6cc39-d63e-4dbb-9d3e-f2fe8774fd6f.jpg,213,75,75 78 177 67 239,0.022780354966959734
data\raw\val\04640_Animalia_Chordata_Mammalia_Artiodactyla_Bovidae_Tragelaphus_angasii\812fee67-62d3-4dd1-ac51-c0884b3f198c.jpg,213,270,270 237 227 212 269,0.020703250013768056
data\raw\val\04640_Animalia_Chordata_Mammalia_Artiodactyla_Bovidae_Tragelaphus_angasii\512968bd-de42-4cee-a9f1-a13c43c4f827.jpg,213,435,435 490 399 451 209,0.03371896709384068
data\raw\val\04640_Animalia_Chordata_Mammalia_Artiodactyla_Bovidae_Tragelaphus_angasii\8154de35-1d9f-4430-88c0-7961ab8cfa11.jpg,213,224,224 316 214 347 215,0.03918380749829704
data\raw\val\04640_Animalia_Chordata_Mammalia_Artiodactyla_Bovidae_Tragelaphus_angasii\6c0dde56-505a-4678-a234-f6811e3c526d.jpg,213,237,237 214 118 238 242,0.02202425657832407
data\raw\val\04640_Animalia_Chordata_Mammalia_Artiodactyla_Bovidae_Tragelaphus_angasii\c4898703-f23e-4f40-be5b-7001242ba781.jpg,213,349,349 303 227 335 466,0.03626937825077741
data\raw\val\04640_Animalia_Chordata_Mammalia_Artiodactyla_Bovidae_Tragelaphus_angasii\dbb608d4-b3a3-4b95-ba1c-870e8f56eeb2.jpg,213,199,199 280 293 436 349,0.014045761714899197
data\raw\val\04640_Animalia_Chordata_Mammalia_Artiodactyla_Bovidae_Tragelaphus_angasii\895f60bb-78bf-43b0-ac06-76d3c7f6d857.jpg,213,233,233 120 163 305 213,0.016122632587534935
data\raw\val\04640_Animalia_Chordata_Mammalia_Artiodactyla_Bovidae_Tragelaphus_angasii\eae84669-bbb1-4e67-9e82-65d176e668fd.jpg,213,111,111 302 110 142 456,0.012191130817984968
data\raw\val\04640_Animalia_Chordata_Mammalia_Artiodactyla_Bovidae_Tragelaphus_angasii\eff0da99-e202-478b-830e-7d48717d65ec.jpg,213,36,36 83 139 73 227,0.010645469581048205
data\raw\val\04665_Animalia_Chordata_Mammalia_Artiodactyla_Suidae_Phacochoerus_africanus\13066527-a01f-4a48-af87-99a5e6a3b953.jpg,214,327,327 224 417 333 361,0.034522821945892686
data\raw\val\04665_Animalia_Chordata_Mammalia_Artiodactyla_Suidae_Phacochoerus_africanus\418c61e3-0c1d-45de-8712-bb039b1a999e.jpg,214,211,211 118 215 214 173,0.02115404427236213
data\raw\val\04665_Animalia_Chordata_Mammalia_Artiodactyla_Suidae_Phacochoerus_africanus\447d7ecd-7bf6-475b-a86b-04447705b9af.jpg,214,214,214 160 215 224 220,0.03358205855195037
data\raw\val\04665_Animalia_Chordata_Mammalia_Artiodactyla_Suidae_Phacochoerus_africanus\561f5f8f-53e6-4c38-8bb2-3a04a88fe1f0.jpg,214,215,215 224 161 201 491,0.0383377161620949
data\raw\val\04665_Animalia_Chordata_Mammalia_Artiodactyla_Suidae_Phacochoerus_africanus\6c635071-2c10-451a-a620-d3c03a9ab89e.jpg,214,431,431 316 467 227 425,0.015500721434980344
data\raw\val\04665_Animalia_Chordata_Mammalia_Artiodactyla_Suidae_Phacochoerus_africanus\41463575-19c8-411d-960b-803e1c70f4d4.jpg,214,211,211 160 215 164 214,0.03868163568186589
data\raw\val\04665_Animalia_Chordata_Mammalia_Artiodactyla_Suidae_Phacochoerus_africanus\720709e1-15a9-42b0-9c58-db8acfdc128d.jpg,214,489,489 274 318 487 136,0.043101429504425
data\raw\val\04665_Animalia_Chordata_Mammalia_Artiodactyla_Suidae_Phacochoerus_africanus\01802be1-dbba-410f-9fa2-277f681c2b9b.jpg,214,224,224 100 163 214 131,0.021921017180157244
data\raw\val\04665_Animalia_Chordata_Mammalia_Artiodactyla_Suidae_Phacochoerus_africanus\b422c3aa-55d4-4855-9ebd-6b6a7cc6f5aa.jpg,214,30,30 250 139 126 199,0.008924383050818586
data\raw\val\04665_Animalia_Chordata_Mammalia_Artiodactyla_Suidae_Phacochoerus_africanus\402280e3-d5c2-4d83-938c-e8c1aeadf737.jpg,214,243,243 376 349 316 425,0.018062544420471352
data\raw\val\04688_Animalia_Chordata_Mammalia_Carnivora_Hyaenidae_Crocuta_crocuta\031f6e83-94de-481d-be14-9d5361a2e4f7.jpg,215,220,220 214 227 215 224,0.04926572281245572
data\raw\val\04688_Animalia_Chordata_Mammalia_Carnivora_Hyaenidae_Crocuta_crocuta\50eabe57-996b-4650-a515-8fad12633141.jpg,215,345,345 90 83 215 37,0.016339278146099156
data\raw\val\04688_Animalia_Chordata_Mammalia_Carnivora_Hyaenidae_Crocuta_crocuta\3d09743a-75b5-4dbe-872d-5c02a1963f7b.jpg,215,344,344 347 257 480 414,0.021497001653504214
data\raw\val\04688_Animalia_Chordata_Mammalia_Carnivora_Hyaenidae_Crocuta_crocuta\88a20263-7d58-4019-a8e4-d494d28b9223.jpg,215,220,220 355 278 306 227,0.023075083220199296
data\raw\val\04688_Animalia_Chordata_Mammalia_Carnivora_Hyaenidae_Crocuta_crocuta\df1b9a33-bf9f-4d66-a67c-43b7db3a6747.jpg,215,200,200 301 180 300 150,0.026064294584196016
data\raw\val\04688_Animalia_Chordata_Mammalia_Carnivora_Hyaenidae_Crocuta_crocuta\2a4ae190-6ea2-4a71-aec2-10494c7ad738.jpg,215,160,160 211 215 214 118,0.030499317847149356
data\raw\val\04688_Animalia_Chordata_Mammalia_Carnivora_Hyaenidae_Crocuta_crocuta\1352d501-654f-4573-95c3-049e89689e52.jpg,215,217,217 237 239 351 220,0.03874690607660977
data\raw\val\04688_Animalia_Chordata_Mammalia_Carnivora_Hyaenidae_Crocuta_crocuta\3c2a3bec-7f62-45ae-94b1-cd9cab6361fb.jpg,215,215,215 224 316 347 320,0.04471724192751004
data\raw\val\04688_Animalia_Chordata_Mammalia_Carnivora_Hyaenidae_Crocuta_crocuta\743c5773-2c27-4287-88f1-88c40fb02f19.jpg,215,237,237 242 214 215 351,0.012691933627393149
data\raw\val\04688_Animalia_Chordata_Mammalia_Carnivora_Hyaenidae_Crocuta_crocuta\adacddcd-5802-4c05-862a-fdfb124672ea.jpg,215,53,53 128 55 122 250,0.04760037458291035
data\raw\val\04711_Animalia_Chordata_Mammalia_Carnivora_Phocidae_Halichoerus_grypus\5c4bf490-9042-48f5-834e-a78e10efd88e.jpg,216,188,188 151 150 203 284,0.04312214454803576
data\raw\val\04711_Animalia_Chordata_Mammalia_Carnivora_Phocidae_Halichoerus_grypus\bc6f26fb-78ea-4500-a16d-29604fcc278c.jpg,216,152,152 154 216 217 158,0.018979548665209976
data\raw\val\04711_Animalia_Chordata_Mammalia_Carnivora_Phocidae_Halichoerus_grypus\362b0a3f-5581-48dc-826d-ca382763f0c1.jpg,216,216,216 152 150 154 203,0.07667765961947287
data\raw\val\04711_Animalia_Chordata_Mammalia_Carnivora_Phocidae_Halichoerus_grypus\59eb7dc7-9230-4adf-a1c6-c2074e474388.jpg,216,130,130 127 64 123 207,0.01198853178968559
data\raw\val\04711_Animalia_Chordata_Mammalia_Carnivora_Phocidae_Halichoerus_grypus\b4ed5609-0939-425c-b652-c19bfb96d54c.jpg,216,155,155 154 204 60 216,0.044800734863667216
data\raw\val\04711_Animalia_Chordata_Mammalia_Carnivora_Phocidae_Halichoerus_grypus\0156e287-d04a-4904-b0e4-c224693e1f03.jpg,216,87,87 217 220 15 150,0.014274274175082324
data\raw\val\04711_Animalia_Chordata_Mammalia_Carnivora_Phocidae_Halichoerus_grypus\6c4f4819-4c87-4bbe-bd35-4e689e30258e.jpg,216,150,150 217 154 204 158,0.028517802154803783
data\raw\val\04711_Animalia_Chordata_Mammalia_Carnivora_Phocidae_Halichoerus_grypus\540d403b-d21d-40c8-bec0-a06a57cb5020.jpg,216,190,190 13 228 237 393,0.008641904392156242
data\raw\val\04711_Animalia_Chordata_Mammalia_Carnivora_Phocidae_Halichoerus_grypus\e1188ef7-7ea9-40a2-a001-8fa975a41a97.jpg,216,154,154 155 216 174 202,0.10139445794903838
data\raw\val\04711_Animalia_Chordata_Mammalia_Carnivora_Phocidae_Halichoerus_grypus\67b92b60-d9fe-4d3b-8a38-cf594402f0a5.jpg,216,219,219 151 204 241 284,0.049686139396151095
data\raw\val\04713_Animalia_Chordata_Mammalia_Carnivora_Phocidae_Mirounga_leonina\f9c9f1fd-7506-4097-b87e-033f28db0090.jpg,217,283,283 151 220 157 221,0.03084235298661281
data\raw\val\04713_Animalia_Chordata_Mammalia_Carnivora_Phocidae_Mirounga_leonina\d232b2e4-ab0f-4d7a-928f-c7ab62dfd2ba.jpg,217,108,108 102 46 185 45,0.018524194660004684
data\raw\val\04713_Animalia_Chordata_Mammalia_Carnivora_Phocidae_Mirounga_leonina\a13c9592-898f-4404-82b6-f62986fc1a72.jpg,217,53,53 247 27 21 251,0.013391606918581931
data\raw\val\04713_Animalia_Chordata_Mammalia_Carnivora_Phocidae_Mirounga_leonina\0ebb96d4-c120-479f-9426-e30f1711ad8a.jpg,217,280,280 183 141 197 75,0.01689947907825491
data\raw\val\04713_Animalia_Chordata_Mammalia_Carnivora_Phocidae_Mirounga_leonina\9bafc423-92b9-4c54-84b7-4594c0c919a4.jpg,217,220,220 217 232 163 226,0.01984855700972051
data\raw\val\04713_Animalia_Chordata_Mammalia_Carnivora_Phocidae_Mirounga_leonina\23fb4ae8-109d-4e2f-8b1b-fe9e94483f1f.jpg,217,262,262 264 227 190 269,0.010761178052224124
data\raw\val\04713_Animalia_Chordata_Mammalia_Carnivora_Phocidae_Mirounga_leonina\5e9832d6-f7b7-4097-ac9e-f07acb9ba398.jpg,217,220,220 208 214 158 204,0.019265489754893395
data\raw\val\04713_Animalia_Chordata_Mammalia_Carnivora_Phocidae_Mirounga_leonina\783eccd2-27a9-41c2-bb87-165c6502ddb4.jpg,217,177,177 348 409 67 359,0.013898113286594748
data\raw\val\04713_Animalia_Chordata_Mammalia_Carnivora_Phocidae_Mirounga_leonina\7b654153-87fb-470b-8664-6d345f030d6a.jpg,217,217,217 220 223 75 216,0.04864105644569994
data\raw\val\04713_Animalia_Chordata_Mammalia_Carnivora_Phocidae_Mirounga_leonina\ca4266c0-cc3e-4845-9bda-d62071ed78b8.jpg,217,235,235 217 116 145 107,0.02206214575992385
data\raw\val\04722_Animalia_Chordata_Mammalia_Chiroptera_Emballonuridae_Rhynchonycteris_naso\3ddab8ab-45a2-4282-bb42-5fd9d13608fb.jpg,218,485,485 260 448 61 456,0.03302732203617104
data\raw\val\04722_Animalia_Chordata_Mammalia_Chiroptera_Emballonuridae_Rhynchonycteris_naso\739e8c86-e0b7-49f5-b2cd-fb9ab619b24e.jpg,218,143,143 233 26 220 127,0.013234300119829834
data\raw\val\04722_Animalia_Chordata_Mammalia_Chiroptera_Emballonuridae_Rhynchonycteris_naso\4553aadc-5512-4b6f-ae4a-fd9ab22de5c8.jpg,218,172,172 191 102 208 253,0.008382277706463942
data\raw\val\04722_Animalia_Chordata_Mammalia_Chiroptera_Emballonuridae_Rhynchonycteris_naso\696fe510-2dcf-45a6-9118-63c6d17d172f.jpg,218,211,211 83 144 73 118,0.02891753905378232
data\raw\val\04722_Animalia_Chordata_Mammalia_Chiroptera_Emballonuridae_Rhynchonycteris_naso\54ec642c-c39b-4b1a-9984-0427edcc0662.jpg,218,110,110 116 8 191 239,0.0214592832774869
data\raw\val\04722_Animalia_Chordata_Mammalia_Chiroptera_Emballonuridae_Rhynchonycteris_naso\3fa25ff1-ec39-4c1c-a93d-4349b645cb5d.jpg,218,62,62 217 280 72 225,0.017467170084751533
data\raw\val\04722_Animalia_Chordata_Mammalia_Chiroptera_Emballonuridae_Rhynchonycteris_naso\a680e6de-cfc5-46a7-b179-7758ff21c62c.jpg,218,264,264 5 271 24 269,0.026285746033798064
data\raw\val\04722_Animalia_Chordata_Mammalia_Chiroptera_Emballonuridae_Rhynchonycteris_naso\53128fdd-70a2-4099-a7bf-b4dd7e99c8e1.jpg,218,78,78 225 301 236 235,0.02382401328861855
data\raw\val\04722_Animalia_Chordata_Mammalia_Chiroptera_Emballonuridae_Rhynchonycteris_naso\513c65af-6323-44a1-b1e9-f4bda0eacc24.jpg,218,112,112 32 172 42 117,0.01436441681500965
data\raw\val\04722_Animalia_Chordata_Mammalia_Chiroptera_Emballonuridae_Rhynchonycteris_naso\ff95694a-fba5-4eea-b2f8-fa4123f0ae24.jpg,218,62,62 72 110 22 77,0.022070818118902297
data\raw\val\04766_Animalia_Chordata_Mammalia_Monotremata_Ornithorhynchidae_Ornithorhynchus_anatinus\5309265a-b3f8-43c0-af53-d76c63aa4398.jpg,219,219,219 132 135 20 104,0.06843271833864181
data\raw\val\04766_Animalia_Chordata_Mammalia_Monotremata_Ornithorhynchidae_Ornithorhynchus_anatinus\c45085d5-fbb5-45b7-82bb-6c13db39cb2d.jpg,219,278,278 188 459 202 143,0.01997629860522578
data\raw\val\04766_Animalia_Chordata_Mammalia_Monotremata_Ornithorhynchidae_Ornithorhynchus_anatinus\7ba22ef1-b567-4d2c-925a-caa07ac7c0a3.jpg,219,153,153 65 251 104 231,0.018516417660289698
data\raw\val\04766_Animalia_Chordata_Mammalia_Monotremata_Ornithorhynchidae_Ornithorhynchus_anatinus\888977ba-243f-49ed-b84f-b2d6b5386916.jpg,219,209,209 124 182 252 140,0.016293378298417868
data\raw\val\04766_Animalia_Chordata_Mammalia_Monotremata_Ornithorhynchidae_Ornithorhynchus_anatinus\90be341b-ae2b-4ca8-a697-8c1a7cd1cc59.jpg,219,204,204 151 278 219 188,0.03668089864834745
data\raw\val\04766_Animalia_Chordata_Mammalia_Monotremata_Ornithorhynchidae_Ornithorhynchus_anatinus\73ec3002-baf7-485d-a53b-f6c20dad942d.jpg,219,219,219 4 20 46 136,0.02063453124623189
data\raw\val\04766_Animalia_Chordata_Mammalia_Monotremata_Ornithorhynchidae_Ornithorhynchus_anatinus\f058a4f4-d10d-4f9e-bab7-738953663787.jpg,219,152,152 216 150 159 151,0.02636666847992819
data\raw\val\04766_Animalia_Chordata_Mammalia_Monotremata_Ornithorhynchidae_Ornithorhynchus_anatinus\7a324fb9-157c-4f2f-b558-88bf41c7711e.jpg,219,253,253 219 245 202 244,0.09413850649167425
data\raw\val\04766_Animalia_Chordata_Mammalia_Monotremata_Ornithorhynchidae_Ornithorhynchus_anatinus\d691757d-2c27-4f06-b5e9-5a0f2abba4a1.jpg,219,188,188 219 140 86 168,0.019314308779613466
data\raw\val\04766_Animalia_Chordata_Mammalia_Monotremata_Ornithorhynchidae_Ornithorhynchus_anatinus\26c5603d-7502-4346-b898-262a7404e570.jpg,219,219,219 136 132 4 20,0.034722870392983315
data\raw\val\04769_Animalia_Chordata_Mammalia_Perissodactyla_Equidae_Equus_caballus\293bcc33-7673-47f1-bf8a-8c74a24c2bd7.jpg,220,146,146 58 174 148 49,0.024111948228921997
data\raw\val\04769_Animalia_Chordata_Mammalia_Perissodactyla_Equidae_Equus_caballus\6ba51903-73a3-44cc-b9b5-2cf39ac0fa6b.jpg,220,132,132 158 204 151 276,0.017530413548770662
data\raw\val\04769_Animalia_Chordata_Mammalia_Perissodactyla_Equidae_Equus_caballus\9e64a21b-0db7-447a-8978-d8ab0940ab79.jpg,220,28,28 433 76 96 60,0.017070529535650823
data\raw\val\04769_Animalia_Chordata_Mammalia_Perissodactyla_Equidae_Equus_caballus\0ba322ea-5ea9-4b87-9be9-9f2d3b346f59.jpg,220,22,22 59 98 211 87,0.018154600588392387
data\raw\val\04769_Animalia_Chordata_Mammalia_Perissodactyla_Equidae_Equus_caballus\17a0250e-6b6d-4465-8741-682e0c876b10.jpg,220,280,280 96 183 111 271,0.013429282786080481
data\raw\val\04769_Animalia_Chordata_Mammalia_Perissodactyla_Equidae_Equus_caballus\e60ba515-72d8-48f9-823a-2ce5d9d0b1e9.jpg,220,183,183 130 218 176 127,0.011918050996492575
data\raw\val\04769_Animalia_Chordata_Mammalia_Perissodactyla_Equidae_Equus_caballus\c662df5f-36a7-42d6-870a-d1ab0c71c215.jpg,220,118,118 10 237 242 173,0.03977742980774209
data\raw\val\04769_Animalia_Chordata_Mammalia_Perissodactyla_Equidae_Equus_caballus\3a60a1ae-dbc9-457c-a691-4000b23b0dbb.jpg,220,62,62 260 58 100 41,0.016423620137415194
data\raw\val\04769_Animalia_Chordata_Mammalia_Perissodactyla_Equidae_Equus_caballus\db744859-2f9b-47b8-a4b6-ccbfaaeab9af.jpg,220,27,27 247 152 150 73,0.054625170040228106
data\raw\val\04769_Animalia_Chordata_Mammalia_Perissodactyla_Equidae_Equus_caballus\3a2ee62a-8dcc-4638-b527-52d286210b06.jpg,220,223,223 150 151 215 242,0.014324512151747324
data\raw\val\04770_Animalia_Chordata_Mammalia_Perissodactyla_Equidae_Equus_quagga\21f83762-9201-4b6d-a92d-5adae8b1710d.jpg,221,221,221 247 173 157 164,0.07102159436040777
data\raw\val\04770_Animalia_Chordata_Mammalia_Perissodactyla_Equidae_Equus_quagga\65f87b45-495b-46bf-9c5e-523d22a2baf2.jpg,221,123,123 32 212 271 220,0.010851998391795842
data\raw\val\04770_Animalia_Chordata_Mammalia_Perissodactyla_Equidae_Equus_quagga\fc18f83a-3cf7-49da-9469-824bba678eff.jpg,221,211,211 456 204 239 110,0.02041789485564778
data\raw\val\04770_Animalia_Chordata_Mammalia_Perissodactyla_Equidae_Equus_quagga\13eac505-7674-4388-8783-5d22f6c82eb8.jpg,221,214,214 220 215 211 280,0.03548726984221805
data\raw\val\04770_Animalia_Chordata_Mammalia_Perissodactyla_Equidae_Equus_quagga\89c97ad3-151d-44ad-b816-517820a72c05.jpg,221,280,280 347 349 214 220,0.048115662569841094
data\raw\val\04770_Animalia_Chordata_Mammalia_Perissodactyla_Equidae_Equus_quagga\d33c004d-50fd-4b36-81ce-cb83ac0af154.jpg,221,244,244 135 134 131 136,0.020251086699211433
data\raw\val\04770_Animalia_Chordata_Mammalia_Perissodactyla_Equidae_Equus_quagga\840d7906-a9aa-45a1-9f06-f7f032ad4c2c.jpg,221,221,221 494 495 404 283,0.12093586530839143
data\raw\val\04770_Animalia_Chordata_Mammalia_Perissodactyla_Equidae_Equus_quagga\12999c33-331e-47b4-b9a2-b935ab2fda08.jpg,221,151,151 283 200 278 195,0.010047648652761063
data\raw\val\04770_Animalia_Chordata_Mammalia_Perissodactyla_Equidae_Equus_quagga\a20331f2-7127-43b7-b167-1f0e4dcdb2e4.jpg,221,221,221 243 227 215 351,0.03568435394556832
data\raw\val\04770_Animalia_Chordata_Mammalia_Perissodactyla_Equidae_Equus_quagga\7b642a0a-c001-4981-92d4-bb4cce1d92a9.jpg,221,47,47 59 46 32 62,0.019276370606325283
data\raw\val\04782_Animalia_Chordata_Mammalia_Primates_Cercopithecidae_Cercopithecus_mitis\0956fefa-5c9d-4bff-8b78-3dfef0f8d6f3.jpg,222,435,435 40 162 434 182,0.016848116682238425
data\raw\val\04782_Animalia_Chordata_Mammalia_Primates_Cercopithecidae_Cercopithecus_mitis\c0e34554-38c4-4eba-94be-10739d46a724.jpg,222,399,399 255 395 486 490,0.021037446299500932
data\raw\val\04782_Animalia_Chordata_Mammalia_Primates_Cercopithecidae_Cercopithecus_mitis\3fd01660-4a84-4c06-9b1a-b1d61b6f1c7e.jpg,222,473,473 415 445 308 362,0.03331192806335938
data\raw\val\04782_Animalia_Chordata_Mammalia_Primates_Cercopithecidae_Cercopithecus_mitis\b1deefc4-55eb-4743-abff-1fe23dc2feaa.jpg,222,198,198 222 197 483 194,0.021690342169202907
data\raw\val\04782_Animalia_Chordata_Mammalia_Primates_Cercopithecidae_Cercopithecus_mitis\474b6464-dcde-4956-b2f5-4df179b58ad7.jpg,222,241,241 86 75 192 26,0.012165635277114381
data\raw\val\04782_Animalia_Chordata_Mammalia_Primates_Cercopithecidae_Cercopithecus_mitis\3d3c5cc5-54f2-4a77-bc44-0b6cd7fad814.jpg,222,162,162 490 376 441 353,0.01821745308274357
data\raw\val\04782_Animalia_Chordata_Mammalia_Primates_Cercopithecidae_Cercopithecus_mitis\d8045cc9-be88-4cd7-af0b-ce65076af57e.jpg,222,483,483 222 405 357 85,0.016941059259915767
data\raw\val\04782_Animalia_Chordata_Mammalia_Primates_Cercopithecidae_Cercopithecus_mitis\38b33ce7-d4d8-4dbc-a93b-c7b70e05cf4e.jpg,222,361,361 307 445 267 362,0.019216283151833078
data\raw\val\04782_Animalia_Chordata_Mammalia_Primates_Cercopithecidae_Cercopithecus_mitis\bb3294a3-51fa-4fe4-9d1e-ff8ac7673182.jpg,222,399,399 255 395 435 396,0.03188906055704604
data\raw\val\04782_Animalia_Chordata_Mammalia_Primates_Cercopithecidae_Cercopithecus_mitis\74446b39-479d-46fa-a853-6740c2eec634.jpg,222,338,338 435 475 33 197,0.01194498572469479
data\raw\val\04811_Animalia_Chordata_Mammalia_Rodentia_Hystricidae_Hystrix_africaeaustralis\0557cc30-7500-4c44-8473-429fdb45b406.jpg,223,278,278 294 284 428 303,0.042409933876314795
data\raw\val\04811_Animalia_Chordata_Mammalia_Rodentia_Hystricidae_Hystrix_africaeaustralis\8ee93c82-5691-4799-b27e-64e6cd6be38b.jpg,223,7,7 247 242 240 124,0.03747392073232263
data\raw\val\04811_Animalia_Chordata_Mammalia_Rodentia_Hystricidae_Hystrix_africaeaustralis\ada2c782-2806-44ab-af6e-d6f9b693a62a.jpg,223,32,32 148 4 18 147,0.014218685609418986
data\raw\val\04811_Animalia_Chordata_Mammalia_Rodentia_Hystricidae_Hystrix_africaeaustralis\1b6e54da-6f95-4cfc-84bf-c130e6d6a56c.jpg,223,244,244 134 135 132 131,0.03488071984695289
data\raw\val\04811_Animalia_Chordata_Mammalia_Rodentia_Hystricidae_Hystrix_africaeaustralis\4388a691-4c5e-4916-aea6-df3a89db68fd.jpg,223,325,325 425 316 350 305,0.02648936017680406
data\raw\val\04811_Animalia_Chordata_Mammalia_Rodentia_Hystricidae_Hystrix_africaeaustralis\12b6ad65-fa3f-4388-bdc1-8740ac358c61.jpg,223,376,376 226 425 325 322,0.02213038731970349
data\raw\val\04811_Animalia_Chordata_Mammalia_Rodentia_Hystricidae_Hystrix_africaeaustralis\0641b4ce-8fa1-40bc-ada9-a1876430b930.jpg,223,392,392 389 402 425 325,0.03252705837339087
data\raw\val\04811_Animalia_Chordata_Mammalia_Rodentia_Hystricidae_Hystrix_africaeaustralis\f343e2c1-78de-4b84-80ae-026413778432.jpg,223,56,56 251 133 128 32,0.013269859651659029
data\raw\val\04811_Animalia_Chordata_Mammalia_Rodentia_Hystricidae_Hystrix_africaeaustralis\b428a3a1-b584-40a8-85c3-43698fa20e52.jpg,223,267,267 210 64 367 153,0.016003665179884285
data\raw\val\04811_Animalia_Chordata_Mammalia_Rodentia_Hystricidae_Hystrix_africaeaustralis\018322f1-7a19-44d9-a118-4f00d2d27c13.jpg,223,491,491 200 389 226 498,0.037418255486845686
data\raw\val\04823_Animalia_Chordata_Mammalia_Rodentia_Sciuridae_Cynomys_ludovicianus\e346a10b-27b0-44ea-b709-22578ea56d35.jpg,224,287,287 163 467 308 490,0.018854442248251065
data\raw\val\04823_Animalia_Chordata_Mammalia_Rodentia_Sciuridae_Cynomys_ludovicianus\d270b002-f075-44db-85b9-cf6974bb7488.jpg,224,100,100 238 250 205 164,0.019072930478045796
data\raw\val\04823_Animalia_Chordata_Mammalia_Rodentia_Sciuridae_Cynomys_ludovicianus\d8e4f819-1207-4e7b-8d82-d2b15b687426.jpg,224,224,224 316 163 201 327,0.01770832789546875
data\raw\val\04823_Animalia_Chordata_Mammalia_Rodentia_Sciuridae_Cynomys_ludovicianus\f7fc4b13-016a-4f71-a22a-68bd30dffc9e.jpg,224,204,204 254 215 220 201,0.01969372290788622
data\raw\val\04823_Animalia_Chordata_Mammalia_Rodentia_Sciuridae_Cynomys_ludovicianus\7852a3d6-93e0-444a-926b-9cf2ae3ea46c.jpg,224,7,7 211 22 60 217,0.021029855761024882
data\raw\val\04823_Animalia_Chordata_Mammalia_Rodentia_Sciuridae_Cynomys_ludovicianus\7f1858a3-051a-4d65-be5e-54cdd8ffea3a.jpg,224,220,220 214 224 215 211,0.030393887853463527
data\raw\val\04823_Animalia_Chordata_Mammalia_Rodentia_Sciuridae_Cynomys_ludovicianus\d33f56e2-1ac7-4dcb-a982-db9d6c16767d.jpg,224,83,83 243 242 214 350,0.02126370473767702
data\raw\val\04823_Animalia_Chordata_Mammalia_Rodentia_Sciuridae_Cynomys_ludovicianus\11d053e7-519e-41cf-86b4-f395372339a1.jpg,224,224,224 425 201 238 215,0.04882704176083189
data\raw\val\04823_Animalia_Chordata_Mammalia_Rodentia_Sciuridae_Cynomys_ludovicianus\a3db71a3-9db7-46eb-9ddf-8ea39a07f2bc.jpg,224,118,118 173 214 83 238,0.026128243501379347
data\raw\val\04823_Animalia_Chordata_Mammalia_Rodentia_Sciuridae_Cynomys_ludovicianus\0ff0d854-0082-4545-8358-55495807de43.jpg,224,224,224 214 161 118 237,0.024851170129035538
data\raw\val\04826_Animalia_Chordata_Mammalia_Rodentia_Sciuridae_Funambulus_pennantii\19d18133-44c9-496d-ae79-672c1cb07118.jpg,225,239,239 235 109 236 110,0.02491561871195454
data\raw\val\04826_Animalia_Chordata_Mammalia_Rodentia_Sciuridae_Funambulus_pennantii\38be18b0-2d09-4054-b5db-f8ef6ec3de83.jpg,225,221,221 217 202 204 150,0.05904544344699706
data\raw\val\04826_Animalia_Chordata_Mammalia_Rodentia_Sciuridae_Funambulus_pennantii\62bc8538-c2ce-4c1c-b58d-612c40821565.jpg,225,105,105 128 172 174 15,0.02204379361735517
data\raw\val\04826_Animalia_Chordata_Mammalia_Rodentia_Sciuridae_Funambulus_pennantii\d7ae007d-668f-4f40-99fc-fd47d7b094cf.jpg,225,436,436 348 228 393 346,0.011821394771951096
data\raw\val\04826_Animalia_Chordata_Mammalia_Rodentia_Sciuridae_Funambulus_pennantii\d5892f36-9fde-45f9-ab12-3599bc47be9f.jpg,225,183,183 130 141 196 131,0.010783424360944639
data\raw\val\04826_Animalia_Chordata_Mammalia_Rodentia_Sciuridae_Funambulus_pennantii\56454d39-f8d9-4ff8-9334-b7b551bc29cb.jpg,225,224,224 201 333 461 320,0.03433716680144002
data\raw\val\04826_Animalia_Chordata_Mammalia_Rodentia_Sciuridae_Funambulus_pennantii\d1ae8b47-9802-4af7-a4a7-decb8638f9d1.jpg,225,222,222 209 358 398 400,0.025662778856782965
data\raw\val\04826_Animalia_Chordata_Mammalia_Rodentia_Sciuridae_Funambulus_pennantii\b79c17a7-2110-47d7-8edc-93d8284f1c1a.jpg,225,150,150 216 154 203 217,0.055055221865356725
data\raw\val\04826_Animalia_Chordata_Mammalia_Rodentia_Sciuridae_Funambulus_pennantii\f9616f62-bc07-4137-bd82-8f299fad7857.jpg,225,412,412 106 405 80 40,0.01311514151521618
data\raw\val\04826_Animalia_Chordata_Mammalia_Rodentia_Sciuridae_Funambulus_pennantii\b30ce9a1-ef54-4b98-beae-8d1990c50c34.jpg,225,62,62 72 110 82 211,0.020431724608597223
data\raw\val\04829_Animalia_Chordata_Mammalia_Rodentia_Sciuridae_Ictidomys_tridecemlineatus\881a8cce-cbb2-4917-826b-ba1d7d348ae0.jpg,226,200,200 301 278 355 496,0.034767565233816716
data\raw\val\04829_Animalia_Chordata_Mammalia_Rodentia_Sciuridae_Ictidomys_tridecemlineatus\4fe0d0a9-4105-41b1-b959-ce3d8dae70cb.jpg,226,226,226 247 150 46 168,0.015160685917377627
data\raw\val\04829_Animalia_Chordata_Mammalia_Rodentia_Sciuridae_Ictidomys_tridecemlineatus\98bb8dca-5732-464b-a833-45480541f113.jpg,226,279,279 350 325 379 377,0.058801169899387724
data\raw\val\04829_Animalia_Chordata_Mammalia_Rodentia_Sciuridae_Ictidomys_tridecemlineatus\1863ca85-c6c3-4a21-821e-ae35708b7bd8.jpg,226,446,446 297 29 298 289,0.022174397085975114
data\raw\val\04829_Animalia_Chordata_Mammalia_Rodentia_Sciuridae_Ictidomys_tridecemlineatus\c417c58f-d78d-47bb-a434-0957633dfd61.jpg,226,303,303 200 458 301 306,0.04691932144800813
data\raw\val\04829_Animalia_Chordata_Mammalia_Rodentia_Sciuridae_Ictidomys_tridecemlineatus\38aeb8bb-be70-4b29-b9b8-b1e05e00dc24.jpg,226,474,474 310 482 447 464,0.05751410461214382
data\raw\val\04829_Animalia_Chordata_Mammalia_Rodentia_Sciuridae_Ictidomys_tridecemlineatus\d59f6f91-3f51-472e-b7c9-2cb65e707757.jpg,226,160,160 199 425 322 320,0.02479166633265918
data\raw\val\04829_Animalia_Chordata_Mammalia_Rodentia_Sciuridae_Ictidomys_tridecemlineatus\7cc67937-6e6e-456d-8022-070553f9e657.jpg,226,220,220 215 214 78 217,0.03501382203222948
data\raw\val\04829_Animalia_Chordata_Mammalia_Rodentia_Sciuridae_Ictidomys_tridecemlineatus\f77e5d8d-f4b4-4ff5-853a-7960f3aabd27.jpg,226,465,465 226 384 350 277,0.022988653170980117
data\raw\val\04829_Animalia_Chordata_Mammalia_Rodentia_Sciuridae_Ictidomys_tridecemlineatus\abf27440-189f-433c-aa82-5ca1d6f8854b.jpg,226,353,353 350 402 379 354,0.03597460157728796
data\raw\val\04831_Animalia_Chordata_Mammalia_Rodentia_Sciuridae_Marmota_flaviventris\c12d157b-7cb2-4dd4-9a8e-18f4b214c832.jpg,227,223,223 278 226 241 283,0.02001957827298682
data\raw\val\04831_Animalia_Chordata_Mammalia_Rodentia_Sciuridae_Marmota_flaviventris\3c674a99-a2ec-4f7a-9dfb-bd7860481591.jpg,227,110,110 205 150 45 216,0.016715359187839503
data\raw\val\04831_Animalia_Chordata_Mammalia_Rodentia_Sciuridae_Marmota_flaviventris\5fe43f62-64a0-4d35-b367-14140c0b2e7c.jpg,227,173,173 218 211 215 212,0.02545236283156973
data\raw\val\04831_Animalia_Chordata_Mammalia_Rodentia_Sciuridae_Marmota_flaviventris\d339d948-2deb-4064-9b04-e138f1fdfb93.jpg,227,274,274 452 361 382 398,0.03259448191798971
data\raw\val\04831_Animalia_Chordata_Mammalia_Rodentia_Sciuridae_Marmota_flaviventris\eb2359d1-235d-461d-b901-3a42b7af0e79.jpg,227,492,492 24 269 264 227,0.02086179461780495
data\raw\val\04831_Animalia_Chordata_Mammalia_Rodentia_Sciuridae_Marmota_flaviventris\bd490bfb-3dfb-4114-a2ae-a8110d589967.jpg,227,141,141 127 150 241 15,0.016861074232845316
data\raw\val\04831_Animalia_Chordata_Mammalia_Rodentia_Sciuridae_Marmota_flaviventris\d65eaa1e-aa3b-40ea-b5a5-a85ca0eeab06.jpg,227,135,135 212 227 132 155,0.017340611861372864
data\raw\val\04831_Animalia_Chordata_Mammalia_Rodentia_Sciuridae_Marmota_flaviventris\a39cb00f-45c7-4718-a09f-97256f9d92e2.jpg,227,92,92 350 226 325 465,0.023694007388473808
data\raw\val\04831_Animalia_Chordata_Mammalia_Rodentia_Sciuridae_Marmota_flaviventris\9dd16262-4ffc-4eb3-a726-d5ba40c4e945.jpg,227,441,441 222 420 354 292,0.01407159178759757
data\raw\val\04831_Animalia_Chordata_Mammalia_Rodentia_Sciuridae_Marmota_flaviventris\e958a461-1c5b-4a46-985e-ef94dc77c78a.jpg,227,393,393 431 360 436 475,0.032409851601508624
data\raw\val\04883_Animalia_Chordata_Reptilia_Squamata_Anguidae_Elgaria_multicarinata\4ecc1ab2-21a6-4da8-9381-d7ac03c40a9a.jpg,228,258,258 196 235 141 270,0.032597098389365246
data\raw\val\04883_Animalia_Chordata_Reptilia_Squamata_Anguidae_Elgaria_multicarinata\05c6e24c-4e17-4961-a976-fdc92fb4d795.jpg,228,130,130 183 133 127 106,0.023673159896380733
data\raw\val\04883_Animalia_Chordata_Reptilia_Squamata_Anguidae_Elgaria_multicarinata\f1428648-1af4-422a-a844-9777d0453231.jpg,228,187,187 167 206 174 13,0.027761144038133505
data\raw\val\04883_Animalia_Chordata_Reptilia_Squamata_Anguidae_Elgaria_multicarinata\b8ba6f0a-7dfd-4a33-8d39-916e7d51c5f8.jpg,228,403,403 441 399 326 451,0.02158422606623975
data\raw\val\04883_Animalia_Chordata_Reptilia_Squamata_Anguidae_Elgaria_multicarinata\16dfa163-d609-4a66-a331-51a0a8263e22.jpg,228,14,14 82 66 189 193,0.01437046700553268
data\raw\val\04883_Animalia_Chordata_Reptilia_Squamata_Anguidae_Elgaria_multicarinata\0dafc7dd-b5de-428b-9e06-5abeca461e0a.jpg,228,238,238 302 139 178 10,0.02210209195303602
data\raw\val\04883_Animalia_Chordata_Reptilia_Squamata_Anguidae_Elgaria_multicarinata\d5dff063-0cea-40aa-a494-b624d1fedf42.jpg,228,73,73 7 13 98 230,0.01378987504475054
data\raw\val\04883_Animalia_Chordata_Reptilia_Squamata_Anguidae_Elgaria_multicarinata\dce947e9-62ef-44d1-890c-5df196d354de.jpg,228,141,141 251 153 236 183,0.02139201756255543
data\raw\val\04883_Animalia_Chordata_Reptilia_Squamata_Anguidae_Elgaria_multicarinata\0ef80b33-55ed-4d32-83a0-fd89cebc2eba.jpg,228,226,226 232 359 234 161,0.043445118301374826
data\raw\val\04883_Animalia_Chordata_Reptilia_Squamata_Anguidae_Elgaria_multicarinata\bf109fcf-924b-426d-b689-16408fc2adab.jpg,228,141,141 42 114 105 27,0.03315584690993064
data\raw\val\04885_Animalia_Chordata_Reptilia_Squamata_Anguidae_Ophisaurus_attenuatus\0c3ad086-12dd-4435-8c64-b7307f89f316.jpg,229,238,238 118 11 10 92,0.027703740387832087
data\raw\val\04885_Animalia_Chordata_Reptilia_Squamata_Anguidae_Ophisaurus_attenuatus\6c8f1b92-38e3-44a6-bc4d-c3596df327fd.jpg,229,253,253 219 104 251 122,0.027532106724829978
data\raw\val\04885_Animalia_Chordata_Reptilia_Squamata_Anguidae_Ophisaurus_attenuatus\a6f2d0b1-677b-429d-99ac-e05cfdbbe4e6.jpg,229,142,142 223 459 263 235,0.020367651467679798
data\raw\val\04885_Animalia_Chordata_Reptilia_Squamata_Anguidae_Ophisaurus_attenuatus\a3423d3c-65fd-4ad2-88ee-fe55ac146313.jpg,229,178,178 177 116 107 302,0.014121915531180388
data\raw\val\04885_Animalia_Chordata_Reptilia_Squamata_Anguidae_Ophisaurus_attenuatus\331def3f-bbb0-4117-ac69-f4e0ddf9170f.jpg,229,403,403 326 337 303 442,0.0331309787517095
data\raw\val\04885_Animalia_Chordata_Reptilia_Squamata_Anguidae_Ophisaurus_attenuatus\d9299fcf-c180-49ff-b3f2-ce88d2bfae3e.jpg,229,280,280 349 190 376 213,0.022304417701685446
data\raw\val\04885_Animalia_Chordata_Reptilia_Squamata_Anguidae_Ophisaurus_attenuatus\3f9131a4-fe58-4e98-9089-23cdfca9bdfb.jpg,229,229,229 99 54 239 254,0.02473430919075959
data\raw\val\04885_Animalia_Chordata_Reptilia_Squamata_Anguidae_Ophisaurus_attenuatus\a99d451d-6e3b-410c-aa59-3d74071a8866.jpg,229,99,99 53 55 77 54,0.03188171379429879
data\raw\val\04885_Animalia_Chordata_Reptilia_Squamata_Anguidae_Ophisaurus_attenuatus\bc0f6904-4f07-477d-adc1-fdaec8fbfcca.jpg,229,229,229 305 303 349 381,0.030291580076175537
data\raw\val\04885_Animalia_Chordata_Reptilia_Squamata_Anguidae_Ophisaurus_attenuatus\23d6f306-fbfe-4d36-91f4-4aa639c55f6a.jpg,229,229,229 232 240 126 7,0.04651995108484686
data\raw\val\04915_Animalia_Chordata_Reptilia_Squamata_Colubridae_Hypsiglena_jani\0696d293-a9c7-4c0f-8298-d6bb3f1caf28.jpg,230,216,216 13 230 22 36,0.014014978148147604
data\raw\val\04915_Animalia_Chordata_Reptilia_Squamata_Colubridae_Hypsiglena_jani\b1f89953-e26b-428f-a056-b8d4a85cb063.jpg,230,138,138 73 457 83 242,0.021754686101762906
data\raw\val\04915_Animalia_Chordata_Reptilia_Squamata_Colubridae_Hypsiglena_jani\504d26a2-7297-48e4-b964-aab2ab2e03d7.jpg,230,226,226 240 242 36 314,0.02741161738326473
data\raw\val\04915_Animalia_Chordata_Reptilia_Squamata_Colubridae_Hypsiglena_jani\04286534-f182-4b49-b2d9-940e4e992b93.jpg,230,128,128 122 21 251 168,0.04046293253812778
data\raw\val\04915_Animalia_Chordata_Reptilia_Squamata_Colubridae_Hypsiglena_jani\b25ee19c-e2c7-42f0-91ba-54baca7c7c05.jpg,230,230,230 187 128 141 125,0.016971515734889395
data\raw\val\04915_Animalia_Chordata_Reptilia_Squamata_Colubridae_Hypsiglena_jani\f53efbcf-5b96-49a3-8a1e-c64937b40eea.jpg,230,224,224 83 243 118 238,0.02423967924262243
data\raw\val\04915_Animalia_Chordata_Reptilia_Squamata_Colubridae_Hypsiglena_jani\068de23e-cc4e-42aa-9a41-d0d6933883f5.jpg,230,128,128 62 251 55 125,0.02844735560597357
data\raw\val\04915_Animalia_Chordata_Reptilia_Squamata_Colubridae_Hypsiglena_jani\b52e98d0-98fb-49e7-889d-22cb40ee9d74.jpg,230,230,230 15 174 117 79,0.011826544732566923
data\raw\val\04915_Animalia_Chordata_Reptilia_Squamata_Colubridae_Hypsiglena_jani\afcb83f5-e398-44c8-9bff-0fb7a25100b7.jpg,230,46,46 108 102 56 101,0.02325428480027882
data\raw\val\04915_Animalia_Chordata_Reptilia_Squamata_Colubridae_Hypsiglena_jani\dba05ddc-6d72-4a5d-b7c7-858920c70eb9.jpg,230,92,92 69 83 157 90,0.020555922127500757
data\raw\val\04917_Animalia_Chordata_Reptilia_Squamata_Colubridae_Imantodes_cenchoa\52fced96-7fd8-44fc-84ca-f73910456d89.jpg,231,15,15 117 241 44 104,0.008666920822814998
data\raw\val\04917_Animalia_Chordata_Reptilia_Squamata_Colubridae_Imantodes_cenchoa\04083ff5-63eb-4ece-9c70-ca7d4eea11f6.jpg,231,433,433 231 93 85 65,0.022576399923124935
data\raw\val\04917_Animalia_Chordata_Reptilia_Squamata_Colubridae_Imantodes_cenchoa\80687809-8c6e-40db-8f1d-b6ee47e79fd9.jpg,231,222,222 231 475 481 439,0.01967785401621841
data\raw\val\04917_Animalia_Chordata_Reptilia_Squamata_Colubridae_Imantodes_cenchoa\91ff7931-b588-48b0-abae-4ab0a7e1c17b.jpg,231,231,231 197 96 198 196,0.045413584470545575
data\raw\val\04917_Animalia_Chordata_Reptilia_Squamata_Colubridae_Imantodes_cenchoa\0a73037f-d3a4-4dee-8066-cc51f6c2d4bb.jpg,231,231,231 172 65 121 128,0.03244237990494845
data\raw\val\04917_Animalia_Chordata_Reptilia_Squamata_Colubridae_Imantodes_cenchoa\97b071b6-1320-4192-a00b-ee9f38af74aa.jpg,231,231,231 65 93 86 141,0.024824601492325328
data\raw\val\04917_Animalia_Chordata_Reptilia_Squamata_Colubridae_Imantodes_cenchoa\c7c83312-d53c-4813-be48-f4edddac5cab.jpg,231,231,231 112 113 105 86,0.03438430549366327
data\raw\val\04917_Animalia_Chordata_Reptilia_Squamata_Colubridae_Imantodes_cenchoa\b32799e8-bb77-461d-9e07-e9a4fb1f96c6.jpg,231,153,153 96 231 103 82,0.0220199936176256
data\raw\val\04917_Animalia_Chordata_Reptilia_Squamata_Colubridae_Imantodes_cenchoa\2a8096d9-7bc9-45ae-ae9b-ab1fa48ebf48.jpg,231,153,153 435 258 145 210,0.011962576117057453
data\raw\val\04917_Animalia_Chordata_Reptilia_Squamata_Colubridae_Imantodes_cenchoa\40f5bc57-e13b-4e3e-8675-202407f5c2fb.jpg,231,4,4 64 210 112 113,0.023503291775923592
data\raw\val\04939_Animalia_Chordata_Reptilia_Squamata_Colubridae_Nerodia_floridana\c7753f8e-c92a-4f8a-adcb-dd0824fb8fc3.jpg,232,350,350 226 325 294 240,0.029570590329463804
data\raw\val\04939_Animalia_Chordata_Reptilia_Squamata_Colubridae_Nerodia_floridana\a0f6b84b-4654-4af7-8c34-c472a5b45b69.jpg,232,6,6 235 242 229 7,0.020912494589295488
data\raw\val\04939_Animalia_Chordata_Reptilia_Squamata_Colubridae_Nerodia_floridana\9771fbce-eda2-43c8-a72e-417c164d6e1b.jpg,232,263,263 374 285 289 324,0.02352047607573326
data\raw\val\04939_Animalia_Chordata_Reptilia_Squamata_Colubridae_Nerodia_floridana\b78446fe-6813-4247-9793-291755930aa4.jpg,232,133,133 228 265 32 26,0.017046180821817834
data\raw\val\04939_Animalia_Chordata_Reptilia_Squamata_Colubridae_Nerodia_floridana\e802249b-a980-4b12-8eff-4cb60f8cde57.jpg,232,260,260 491 372 465 446,0.04035266885673364
data\raw\val\04939_Animalia_Chordata_Reptilia_Squamata_Colubridae_Nerodia_floridana\dc7c3636-45b9-4957-8ded-62480e7e4ffa.jpg,232,229,229 7 6 114 74,0.028416597020964336
data\raw\val\04939_Animalia_Chordata_Reptilia_Squamata_Colubridae_Nerodia_floridana\79d5c857-7b27-4d59-8076-a6a3d2e82bcb.jpg,232,279,279 392 303 226 377,0.03445981006881666
data\raw\val\04939_Animalia_Chordata_Reptilia_Squamata_Colubridae_Nerodia_floridana\85d8290a-18cb-4339-a4c9-6d3967cf796a.jpg,232,229,229 126 232 240 247,0.03587271280579743
data\raw\val\04939_Animalia_Chordata_Reptilia_Squamata_Colubridae_Nerodia_floridana\b2ff88fd-3b59-4fac-ac67-0e57d41cda0c.jpg,232,232,232 215 160 241 166,0.012492038695726562
data\raw\val\04939_Animalia_Chordata_Reptilia_Squamata_Colubridae_Nerodia_floridana\9450eccc-81d0-497f-851c-a7ad134151f7.jpg,232,465,465 491 300 338 200,0.03375177938130804
data\raw\val\04942_Animalia_Chordata_Reptilia_Squamata_Colubridae_Nerodia_taxispilota\c525293c-0f84-44fe-aefb-8962aa82f07a.jpg,233,42,42 192 105 40 112,0.025586716069685413
data\raw\val\04942_Animalia_Chordata_Reptilia_Squamata_Colubridae_Nerodia_taxispilota\6e437f4d-d203-43fb-a092-c31d52ce4130.jpg,233,467,467 233 496 457 280,0.019413589570392024
data\raw\val\04942_Animalia_Chordata_Reptilia_Squamata_Colubridae_Nerodia_taxispilota\bd42fa4c-3bb9-40e4-8824-d4eec79e055a.jpg,233,267,267 293 233 120 364,0.023918167877005583
data\raw\val\04942_Animalia_Chordata_Reptilia_Squamata_Colubridae_Nerodia_taxispilota\66492e42-5f53-435d-91d5-432ef7d89424.jpg,233,10,10 474 443 406 212,0.013033249618557353
data\raw\val\04942_Animalia_Chordata_Reptilia_Squamata_Colubridae_Nerodia_taxispilota\0291ecd3-3cc1-4307-8c0a-d13e21e8112a.jpg,233,214,214 237 225 211 218,0.019870987514784014
data\raw\val\04942_Animalia_Chordata_Reptilia_Squamata_Colubridae_Nerodia_taxispilota\c81180f6-4dc8-4089-b67f-532d39962e9b.jpg,233,455,455 380 334 281 287,0.020624830979844702
data\raw\val\04942_Animalia_Chordata_Reptilia_Squamata_Colubridae_Nerodia_taxispilota\cb8c977e-9422-45ac-bdfd-be9c053e7e65.jpg,233,262,262 307 267 464 258,0.025303332251175505
data\raw\val\04942_Animalia_Chordata_Reptilia_Squamata_Colubridae_Nerodia_taxispilota\882424ff-e79d-45e5-acc9-0715dc8d42c2.jpg,233,489,489 163 190 425 389,0.011993007566579169
data\raw\val\04942_Animalia_Chordata_Reptilia_Squamata_Colubridae_Nerodia_taxispilota\4d61fb7f-a1f6-467e-8de6-5928ff959e82.jpg,233,473,473 490 455 308 309,0.01716682202901155
data\raw\val\04942_Animalia_Chordata_Reptilia_Squamata_Colubridae_Nerodia_taxispilota\befe532d-bf1d-4f5c-9564-bf24e7ebd822.jpg,233,110,110 139 118 238 237,0.017578686295399007
data\raw\val\04947_Animalia_Chordata_Reptilia_Squamata_Colubridae_Pantherophis_emoryi\c2f70530-3bdc-46da-b3a5-30a4b9de68e4.jpg,234,226,226 466 279 498 94,0.02365981570881527
data\raw\val\04947_Animalia_Chordata_Reptilia_Squamata_Colubridae_Pantherophis_emoryi\13f0c5f4-b352-4e66-9783-47df035ac9af.jpg,234,235,235 271 141 191 153,0.015162067583259635
data\raw\val\04947_Animalia_Chordata_Reptilia_Squamata_Colubridae_Pantherophis_emoryi\f11cbf9c-f6a2-4cc5-95cc-cc2f1fab15b6.jpg,234,79,79 58 44 57 21,0.03517936389948663
data\raw\val\04947_Animalia_Chordata_Reptilia_Squamata_Colubridae_Pantherophis_emoryi\5483a51f-fe0d-41bb-b96c-6d63b978461d.jpg,234,60,60 153 96 27 64,0.026368211735388676
data\raw\val\04947_Animalia_Chordata_Reptilia_Squamata_Colubridae_Pantherophis_emoryi\eec55dfe-6c6b-417c-8151-feb816f62c18.jpg,234,229,229 36 254 156 223,0.014209757365723519
data\raw\val\04947_Animalia_Chordata_Reptilia_Squamata_Colubridae_Pantherophis_emoryi\25c36e05-2bf6-4228-9bef-cb5276e68748.jpg,234,353,353 305 300 298 304,0.03565854844700196
data\raw\val\04947_Animalia_Chordata_Reptilia_Squamata_Colubridae_Pantherophis_emoryi\07bfd8af-ce51-40bc-b366-c3194322b50f.jpg,234,239,239 192 150 278 270,0.02519378256706232
data\raw\val\04947_Animalia_Chordata_Reptilia_Squamata_Colubridae_Pantherophis_emoryi\95cf59cc-f084-4e19-a1e1-ad2f04a51fe0.jpg,234,251,251 254 58 129 250,0.034723459845307135
data\raw\val\04947_Animalia_Chordata_Reptilia_Squamata_Colubridae_Pantherophis_emoryi\f36f4c51-e8be-4f79-b021-bbc6c34bbc6b.jpg,234,351,351 83 69 238 243,0.023191393918643124
data\raw\val\04947_Animalia_Chordata_Reptilia_Squamata_Colubridae_Pantherophis_emoryi\755683cd-be34-4222-90c7-096969d11ab5.jpg,234,260,260 353 372 446 265,0.06159391045143748
data\raw\val\04955_Animalia_Chordata_Reptilia_Squamata_Colubridae_Regina_grahamii\4b616431-13a9-4063-a973-62a02e113458.jpg,235,235,235 217 216 220 102,0.03767599581259425
data\raw\val\04955_Animalia_Chordata_Reptilia_Squamata_Colubridae_Regina_grahamii\da05eabc-d07e-4122-bf3e-cf0ff9a499fb.jpg,235,126,126 232 254 248 234,0.04882758325850964
data\raw\val\04955_Animalia_Chordata_Reptilia_Squamata_Colubridae_Regina_grahamii\5307ad66-a852-4628-b998-2a064edafcb0.jpg,235,229,229 7 126 247 242,0.03760293876459284
data\raw\val\04955_Animalia_Chordata_Reptilia_Squamata_Colubridae_Regina_grahamii\004163e4-6f09-4b6a-807c-7fe68c305b1d.jpg,235,254,254 139 250 251 126,0.04482678996488498
data\raw\val\04955_Animalia_Chordata_Reptilia_Squamata_Colubridae_Regina_grahamii\41d1a5e2-0add-40f0-800c-47bca8704ef7.jpg,235,55,55 128 260 133 61,0.026922215336482404
data\raw\val\04955_Animalia_Chordata_Reptilia_Squamata_Colubridae_Regina_grahamii\01659d49-cd34-4a7f-9360-ffc8ff55a212.jpg,235,393,393 436 144 9 360,0.0221054893233338
data\raw\val\04955_Animalia_Chordata_Reptilia_Squamata_Colubridae_Regina_grahamii\941b1e60-99ac-42e8-8e37-dc089f99048e.jpg,235,222,222 209 210 198 435,0.03862393549410262
data\raw\val\04955_Animalia_Chordata_Reptilia_Squamata_Colubridae_Regina_grahamii\5d5da9f8-b950-4e69-9d10-0b00b44d3c56.jpg,235,140,140 236 267 139 440,0.01903367216655804
data\raw\val\04955_Animalia_Chordata_Reptilia_Squamata_Colubridae_Regina_grahamii\55f2c137-434f-4734-bc83-5f1b12371f3e.jpg,235,264,264 9 258 262 123,0.06279875898229886
data\raw\val\04955_Animalia_Chordata_Reptilia_Squamata_Colubridae_Regina_grahamii\49a9de9c-3911-4fc7-be0c-5c4d1d2a63a6.jpg,235,329,329 237 11 22 79,0.037965451666863596
data\raw\val\04993_Animalia_Chordata_Reptilia_Squamata_Dactyloidae_Anolis_sagrei\c4798d90-f9a4-46be-a56a-7f16e2b73c36.jpg,236,235,235 141 271 217 72,0.026012199644903387
data\raw\val\04993_Animalia_Chordata_Reptilia_Squamata_Dactyloidae_Anolis_sagrei\c79c3a05-a0fc-4d12-ad95-9c5c6af8a04c.jpg,236,354,354 331 318 379 480,0.020884978128095186
data\raw\val\04993_Animalia_Chordata_Reptilia_Squamata_Dactyloidae_Anolis_sagrei\03fadffb-dcb4-4f65-94d6-43a94ca2b9b3.jpg,236,196,196 3 198 363 175,0.00962711571720551
data\raw\val\04993_Animalia_Chordata_Reptilia_Squamata_Dactyloidae_Anolis_sagrei\12796077-ff72-468b-85ce-34f9c66fb3b5.jpg,236,153,153 270 236 78 191,0.019760432503755775
data\raw\val\04993_Animalia_Chordata_Reptilia_Squamata_Dactyloidae_Anolis_sagrei\18229865-af5f-4920-9c51-ae54b2b7ab30.jpg,236,231,231 258 40 196 28,0.014773055773214794
data\raw\val\04993_Animalia_Chordata_Reptilia_Squamata_Dactyloidae_Anolis_sagrei\f672fa3d-c40b-43cb-af47-61413eac2915.jpg,236,229,229 214 53 254 239,0.01336054102951253
data\raw\val\04993_Animalia_Chordata_Reptilia_Squamata_Dactyloidae_Anolis_sagrei\99a452b2-5056-472d-86a4-3a715e48b70d.jpg,236,353,353 446 354 29 374,0.01695492992485074
data\raw\val\04993_Animalia_Chordata_Reptilia_Squamata_Dactyloidae_Anolis_sagrei\341f0d98-c338-48d7-a998-003a3c2c6555.jpg,236,7,7 242 254 238 120,0.032074639712116305
data\raw\val\04993_Animalia_Chordata_Reptilia_Squamata_Dactyloidae_Anolis_sagrei\6b4e28bc-fe68-44a6-9895-941dbe1d9a64.jpg,236,229,229 242 7 240 247,0.036641130525160846
data\raw\val\04993_Animalia_Chordata_Reptilia_Squamata_Dactyloidae_Anolis_sagrei\5e6905cf-51dd-4688-8195-a1dbae9add18.jpg,236,141,141 130 62 32 64,0.024677132967490283
data\raw\val\05065_Animalia_Chordata_Reptilia_Squamata_Phrynosomatidae_Urosaurus_ornatus\411faa14-e11a-43dd-a6d9-3054dab8ec75.jpg,237,224,224 238 83 160 425,0.02297184865679209
data\raw\val\05065_Animalia_Chordata_Reptilia_Squamata_Phrynosomatidae_Urosaurus_ornatus\a6dd2f6a-f750-404d-8b10-e093b7695259.jpg,237,192,192 150 278 239 221,0.02927111429953258
data\raw\val\05065_Animalia_Chordata_Reptilia_Squamata_Phrynosomatidae_Urosaurus_ornatus\5ad77296-9d1f-439e-b3f1-37a989ba2602.jpg,237,72,72 78 81 45 161,0.00969362518398194
data\raw\val\05065_Animalia_Chordata_Reptilia_Squamata_Phrynosomatidae_Urosaurus_ornatus\86e38453-495a-4646-b2f8-464a88d5b780.jpg,237,164,164 100 54 77 5,0.015185761503436791
data\raw\val\05065_Animalia_Chordata_Reptilia_Squamata_Phrynosomatidae_Urosaurus_ornatus\062b35c4-e0fb-4eb8-82fa-888283dc27b5.jpg,237,202,202 150 284 278 188,0.016710387965508222
data\raw\val\05065_Animalia_Chordata_Reptilia_Squamata_Phrynosomatidae_Urosaurus_ornatus\3476f955-0816-420a-978e-56e56d650f70.jpg,237,83,83 238 10 24 237,0.02134917212991622
data\raw\val\05065_Animalia_Chordata_Reptilia_Squamata_Phrynosomatidae_Urosaurus_ornatus\b4a784dc-60c7-4fc1-af55-4b0493f05abc.jpg,237,102,102 159 216 203 172,0.01893632351875252
data\raw\val\05065_Animalia_Chordata_Reptilia_Squamata_Phrynosomatidae_Urosaurus_ornatus\263f322e-411c-4320-833d-47da7b48d42b.jpg,237,346,346 192 393 270 207,0.015825044481005683
data\raw\val\05065_Animalia_Chordata_Reptilia_Squamata_Phrynosomatidae_Urosaurus_ornatus\83fba715-b496-4f67-8c13-6d9a4bb0fa6e.jpg,237,237,237 217 220 62 242,0.02006599980441953
data\raw\val\05065_Animalia_Chordata_Reptilia_Squamata_Phrynosomatidae_Urosaurus_ornatus\d347e0ae-8b14-403d-9f12-fe83d750e143.jpg,237,211,211 110 237 212 62,0.028035295464745112
data\raw\val\05066_Animalia_Chordata_Reptilia_Squamata_Phrynosomatidae_Uta_stansburiana\b3bb804b-0523-4226-8710-4a5541776204.jpg,238,110,110 211 76 82 164,0.018938156021485943
data\raw\val\05066_Animalia_Chordata_Reptilia_Squamata_Phrynosomatidae_Uta_stansburiana\510e7c09-7d2d-4d59-b6bf-fb2998df770e.jpg,238,258,258 261 86 271 262,0.026980695575321068
data\raw\val\05066_Animalia_Chordata_Reptilia_Squamata_Phrynosomatidae_Uta_stansburiana\f398ef88-c04a-477e-8255-128bbb168e13.jpg,238,250,250 144 11 132 6,0.04892798712614138
data\raw\val\05066_Animalia_Chordata_Reptilia_Squamata_Phrynosomatidae_Uta_stansburiana\1a546022-6173-4709-a28e-042d4bd23cc2.jpg,238,25,25 242 226 232 229,0.036661181084719704
data\raw\val\05066_Animalia_Chordata_Reptilia_Squamata_Phrynosomatidae_Uta_stansburiana\728afacc-9ec2-40f1-a7d8-787915cce32e.jpg,238,7,7 238 22 254 144,0.029026914482557314
data\raw\val\05066_Animalia_Chordata_Reptilia_Squamata_Phrynosomatidae_Uta_stansburiana\5321e8a2-0c98-42f7-9afd-0a9b6c355c8c.jpg,238,118,118 237 11 224 480,0.028839134488491586
data\raw\val\05066_Animalia_Chordata_Reptilia_Squamata_Phrynosomatidae_Uta_stansburiana\dcdf1c35-b4d7-4b57-b199-3363d4c8cc8b.jpg,238,348,348 177 422 11 83,0.02449892441077177
data\raw\val\05066_Animalia_Chordata_Reptilia_Squamata_Phrynosomatidae_Uta_stansburiana\1dc929c7-5b2d-40c5-a420-26894cadc146.jpg,238,118,118 11 5 157 69,0.030379543389869913
data\raw\val\05066_Animalia_Chordata_Reptilia_Squamata_Phrynosomatidae_Uta_stansburiana\f13cd69f-8978-4f18-a632-99d46352586c.jpg,238,351,351 224 243 242 92,0.023278604121116073
data\raw\val\05066_Animalia_Chordata_Reptilia_Squamata_Phrynosomatidae_Uta_stansburiana\8970b5f1-48ed-4bf8-81e9-3ec22c15f88b.jpg,238,242,242 238 351 237 7,0.056876816540063636
data\raw\val\05086_Animalia_Chordata_Reptilia_Squamata_Scincidae_Trachylepis_striata\3d38a4e5-6234-458a-a34e-aac8130166b9.jpg,239,25,25 168 178 235 228,0.035679775805991944
data\raw\val\05086_Animalia_Chordata_Reptilia_Squamata_Scincidae_Trachylepis_striata\dc52932d-c7ec-4762-b61c-1f05f3df1f7e.jpg,239,496,496 293 490 200 428,0.027824485636359128
data\raw\val\05086_Animalia_Chordata_Reptilia_Squamata_Scincidae_Trachylepis_striata\c73ab2d1-2d82-4377-a1a2-61008bd8fdf4.jpg,239,235,235 143 225 239 145,0.013302340415335134
data\raw\val\05086_Animalia_Chordata_Reptilia_Squamata_Scincidae_Trachylepis_striata\c8207410-ef20-4dbd-ad06-66ada74c8f17.jpg,239,178,178 302 348 199 213,0.017791560374349875
data\raw\val\05086_Animalia_Chordata_Reptilia_Squamata_Scincidae_Trachylepis_striata\477a3655-ceb3-4a65-b5b7-bd2c933de2dd.jpg,239,258,258 269 264 271 24,0.051134449756046606
data\raw\val\05086_Animalia_Chordata_Reptilia_Squamata_Scincidae_Trachylepis_striata\1f8cfac1-3676-4e73-9627-fa17fbb4aaa7.jpg,239,139,139 142 223 233 143,0.018332270880646224
data\raw\val\05086_Animalia_Chordata_Reptilia_Squamata_Scincidae_Trachylepis_striata\85cbaf9c-c7b7-4dee-a0fc-9392345bb965.jpg,239,302,302 116 8 119 115,0.024440034457436467
data\raw\val\05086_Animalia_Chordata_Reptilia_Squamata_Scincidae_Trachylepis_striata\23b5cd84-dff5-4a8f-9561-01cced8a0852.jpg,239,250,250 118 6 30 144,0.019568410789859908
data\raw\val\05086_Animalia_Chordata_Reptilia_Squamata_Scincidae_Trachylepis_striata\df564525-bb08-4355-91ec-844feb5b0cc2.jpg,239,151,151 159 221 150 181,0.022685707448580963
data\raw\val\05086_Animalia_Chordata_Reptilia_Squamata_Scincidae_Trachylepis_striata\909b84e4-438f-4fc4-9d53-ca2f1ec09ac4.jpg,239,227,227 271 123 218 134,0.02052561755521003
data\raw\val\05124_Animalia_Chordata_Reptilia_Squamata_Viperidae_Sistrurus_catenatus\b8465f22-7b33-4990-8c80-94f903084d2d.jpg,240,58,58 250 100 234 166,0.026903495476286635
data\raw\val\05124_Animalia_Chordata_Reptilia_Squamata_Viperidae_Sistrurus_catenatus\fab17f05-2717-4dd8-a962-fda235eeca8c.jpg,240,353,353 402 294 474 261,0.014897628116192482
data\raw\val\05124_Animalia_Chordata_Reptilia_Squamata_Viperidae_Sistrurus_catenatus\9270c851-ec01-46d3-aebd-5444fddf1e43.jpg,240,214,214 225 211 227 215,0.0361135594428431
data\raw\val\05124_Animalia_Chordata_Reptilia_Squamata_Viperidae_Sistrurus_catenatus\3f38b707-4f3d-463d-9882-d1b49b43ff9d.jpg,240,303,303 306 213 425 326,0.021226426682791198
data\raw\val\05124_Animalia_Chordata_Reptilia_Squamata_Viperidae_Sistrurus_catenatus\144ff514-b937-4855-a9c0-cc77e51e125d.jpg,240,331,331 464 265 285 289,0.021307722836134607
data\raw\val\05124_Animalia_Chordata_Reptilia_Squamata_Viperidae_Sistrurus_catenatus\33c18e4a-b0eb-487b-bccc-1d4e2f210f4a.jpg,240,224,224 214 215 351 425,0.0440024369005163
data\raw\val\05124_Animalia_Chordata_Reptilia_Squamata_Viperidae_Sistrurus_catenatus\2a3e9e2e-d04a-4beb-a746-669665f2a304.jpg,240,240,240 403 303 267 349,0.032962346941179374
data\raw\val\05124_Animalia_Chordata_Reptilia_Squamata_Viperidae_Sistrurus_catenatus\99d1c2d1-3399-4944-8264-aa2c1212daa2.jpg,240,308,308 447 89 403 233,0.021199385024996093
data\raw\val\05124_Animalia_Chordata_Reptilia_Squamata_Viperidae_Sistrurus_catenatus\6c71a84e-561f-4765-8a96-a286d274d833.jpg,240,271,271 235 223 265 120,0.018221784614720567
data\raw\val\05124_Animalia_Chordata_Reptilia_Squamata_Viperidae_Sistrurus_catenatus\b410cc36-5d92-4461-86f9-43e6d55682bf.jpg,240,39,39 72 116 48 142,0.010239793753757975
data\raw\val\05150_Animalia_Chordata_Reptilia_Testudines_Emydidae_Pseudemys_texana\3879e669-9bf5-481c-8ed0-92f075d8327f.jpg,241,188,188 278 192 284 143,0.028198939614262952
data\raw\val\05150_Animalia_Chordata_Reptilia_Testudines_Emydidae_Pseudemys_texana\be145ee4-88c6-4486-a466-8dcb883cc3a8.jpg,241,217,217 216 220 215 218,0.05854182702533685
data\raw\val\05150_Animalia_Chordata_Reptilia_Testudines_Emydidae_Pseudemys_texana\d65c198a-007c-48b6-897f-77d149ec670e.jpg,241,202,202 158 151 204 219,0.017069425671070088
data\raw\val\05150_Animalia_Chordata_Reptilia_Testudines_Emydidae_Pseudemys_texana\1c6b84dc-db3b-4794-9605-26b4f977fc56.jpg,241,157,157 181 118 173 164,0.02583981576359572
data\raw\val\05150_Animalia_Chordata_Reptilia_Testudines_Emydidae_Pseudemys_texana\e833758e-0523-473f-b900-ce29ef7a7297.jpg,241,163,163 226 305 201 392,0.016362211581501585
data\raw\val\05150_Animalia_Chordata_Reptilia_Testudines_Emydidae_Pseudemys_texana\aa95aaee-08d1-4796-aa8e-2ca3cb2c98a0.jpg,241,180,180 164 158 147 32,0.011239130692886973
data\raw\val\05150_Animalia_Chordata_Reptilia_Testudines_Emydidae_Pseudemys_texana\2f3ed808-5684-40d4-a458-ede990fe037b.jpg,241,251,251 129 58 135 131,0.03888086739188901
data\raw\val\05150_Animalia_Chordata_Reptilia_Testudines_Emydidae_Pseudemys_texana\b69b15c5-25dd-4cdd-a638-dd7a1a627427.jpg,241,152,152 154 204 203 151,0.04812027568734469
data\raw\val\05150_Animalia_Chordata_Reptilia_Testudines_Emydidae_Pseudemys_texana\ae5e9f1c-dd44-4cf9-8499-c5ed0ca6eed0.jpg,241,270,270 141 129 217 130,0.03247948143771538
data\raw\val\05150_Animalia_Chordata_Reptilia_Testudines_Emydidae_Pseudemys_texana\8ba016a0-adf0-4918-8848-e9e3a05bff83.jpg,241,347,347 269 349 316 134,0.03091103318774568
data\raw\val\05163_Animalia_Chordata_Reptilia_Testudines_Testudinidae_Gopherus_agassizii\d8c7407e-e76a-4308-a6c1-685b9c02771d.jpg,242,141,141 130 183 34 231,0.016830887129496597
data\raw\val\05163_Animalia_Chordata_Reptilia_Testudines_Testudinidae_Gopherus_agassizii\87eff4b5-bfd2-4e65-907a-24a893692711.jpg,242,141,141 231 196 40 206,0.028700693388964846
data\raw\val\05163_Animalia_Chordata_Reptilia_Testudines_Testudinidae_Gopherus_agassizii\40aec6a1-cad3-402a-88d4-e41f9cab2ecd.jpg,242,301,301 306 389 428 355,0.06862131169853983
data\raw\val\05163_Animalia_Chordata_Reptilia_Testudines_Testudinidae_Gopherus_agassizii\56bb8289-091c-4533-b03a-9998812feae9.jpg,242,242,242 238 302 232 305,0.03791203083720813
data\raw\val\05163_Animalia_Chordata_Reptilia_Testudines_Testudinidae_Gopherus_agassizii\462e0de5-1b21-44ff-b7fc-f359883e3fb0.jpg,242,90,90 351 67 83 415,0.02239758701140352
data\raw\val\05163_Animalia_Chordata_Reptilia_Testudines_Testudinidae_Gopherus_agassizii\9dfebdc9-b1f5-4648-89c7-e72a7f1067d1.jpg,242,436,436 448 393 262 399,0.0337576080593139
data\raw\val\05163_Animalia_Chordata_Reptilia_Testudines_Testudinidae_Gopherus_agassizii\357dd958-9b6e-4128-8ec3-09667048658c.jpg,242,269,269 218 270 191 24,0.012929285601196093
data\raw\val\05163_Animalia_Chordata_Reptilia_Testudines_Testudinidae_Gopherus_agassizii\66b5b655-b003-47ba-bc0f-4fdb054ef508.jpg,242,118,118 157 151 59 173,0.029969526928331654
data\raw\val\05163_Animalia_Chordata_Reptilia_Testudines_Testudinidae_Gopherus_agassizii\b1a3f655-dfa7-453d-af82-1932e5cef031.jpg,242,393,393 362 262 240 469,0.017058129184248316
data\raw\val\05163_Animalia_Chordata_Reptilia_Testudines_Testudinidae_Gopherus_agassizii\4abdbea3-a645-414a-971c-54bf78fd7f92.jpg,242,451,451 274 361 227 438,0.013934067608092677
data\raw\val\05168_Animalia_Chordata_Reptilia_Testudines_Testudinidae_Testudo_graeca\52175260-10ae-4c16-9516-044c4c19d63b.jpg,243,415,415 391 348 320 317,0.018006982670052497
data\raw\val\05168_Animalia_Chordata_Reptilia_Testudines_Testudinidae_Testudo_graeca\a931948a-c61d-4c5f-8669-c7a507e1efff.jpg,243,261,261 233 271 223 86,0.01879190281416056
data\raw\val\05168_Animalia_Chordata_Reptilia_Testudines_Testudinidae_Testudo_graeca\42e86f00-8c1a-4746-974a-9ec31aeca813.jpg,243,217,217 62 82 220 75,0.03329823438038197
data\raw\val\05168_Animalia_Chordata_Reptilia_Testudines_Testudinidae_Testudo_graeca\dee211d6-6010-431d-bf1b-fdd423e7f239.jpg,243,116,116 110 13 1 180,0.016442559326125233
data\raw\val\05168_Animalia_Chordata_Reptilia_Testudines_Testudinidae_Testudo_graeca\8aab9c26-2c08-4c28-bb9a-33d04acef54f.jpg,243,261,261 464 415 270 496,0.02662000885345914
data\raw\val\05168_Animalia_Chordata_Reptilia_Testudines_Testudinidae_Testudo_graeca\d6ab9df6-c6b1-4e7f-b1ca-8e89ae183c2c.jpg,243,293,293 233 428 142 284,0.02814827440082668
data\raw\val\05168_Animalia_Chordata_Reptilia_Testudines_Testudinidae_Testudo_graeca\c68e3421-9624-4f46-b697-52fb127e6ca7.jpg,243,118,118 224 238 243 237,0.03338386219128501
data\raw\val\05168_Animalia_Chordata_Reptilia_Testudines_Testudinidae_Testudo_graeca\c00fdfa3-e362-479e-8fd6-54cb7d82dfda.jpg,243,374,374 403 267 390 299,0.029631240175021712
data\raw\val\05168_Animalia_Chordata_Reptilia_Testudines_Testudinidae_Testudo_graeca\0496dc8b-d575-45c2-84a0-e0375dd576bc.jpg,243,306,306 491 295 213 226,0.056738897526172664
data\raw\val\05168_Animalia_Chordata_Reptilia_Testudines_Testudinidae_Testudo_graeca\e347d9df-ec34-4340-89d0-3014d2119d08.jpg,243,10,10 87 404 242 223,0.01733262607409067
data\raw\val\05186_Animalia_Cnidaria_Anthozoa_Actiniaria_Metridiidae_Metridium_senile\d3fd1f55-4a39-401e-8743-8d98e61841c1.jpg,244,222,222 209 129 252 470,0.018980179506400675
data\raw\val\05186_Animalia_Cnidaria_Anthozoa_Actiniaria_Metridiidae_Metridium_senile\aa985597-ee05-4217-a788-8a4387c6c5c9.jpg,244,436,436 395 139 222 142,0.028037202888606866
data\raw\val\05186_Animalia_Cnidaria_Anthozoa_Actiniaria_Metridiidae_Metridium_senile\ee1cf6ed-79f5-48b4-b705-061b783b4089.jpg,244,147,147 137 283 63 160,0.012185222055885384
data\raw\val\05186_Animalia_Cnidaria_Anthozoa_Actiniaria_Metridiidae_Metridium_senile\4cfbe7b6-c1da-407b-94c0-ddc5ca36b677.jpg,244,276,276 134 358 33 207,0.0227225214246148
data\raw\val\05186_Animalia_Cnidaria_Anthozoa_Actiniaria_Metridiidae_Metridium_senile\3385cd91-6f92-4f1f-b7e4-2c609785a282.jpg,244,255,255 246 366 274 398,0.04560767713293809
data\raw\val\05186_Animalia_Cnidaria_Anthozoa_Actiniaria_Metridiidae_Metridium_senile\43374827-1253-47f5-a7dc-e33aa2e36acb.jpg,244,132,132 244 129 125 138,0.018660347565360228
data\raw\val\05186_Animalia_Cnidaria_Anthozoa_Actiniaria_Metridiidae_Metridium_senile\1fe8dacf-3c0b-41a8-9b1e-26794e36c8a6.jpg,244,274,274 255 246 9 492,0.03910124214825993
data\raw\val\05186_Animalia_Cnidaria_Anthozoa_Actiniaria_Metridiidae_Metridium_senile\9df6301c-1efd-4d38-a047-b5b19d4d8d20.jpg,244,246,246 274 252 255 123,0.10022276594727243
data\raw\val\05186_Animalia_Cnidaria_Anthozoa_Actiniaria_Metridiidae_Metridium_senile\9f746af0-64eb-4de1-9af9-a7f6f2823a69.jpg,244,147,147 160 220 81 173,0.014587613240393071
data\raw\val\05186_Animalia_Cnidaria_Anthozoa_Actiniaria_Metridiidae_Metridium_senile\292362de-3867-4211-b277-b0df96308e22.jpg,244,455,455 202 219 63 39,0.00969523370369424
data\raw\val\05193_Animalia_Cnidaria_Scyphozoa_Semaeostomeae_Cyaneidae_Cyanea_ferruginea\a3c320f8-9540-499e-8083-392f7a9732f7.jpg,245,219,219 251 20 152 245,0.06589030470964441
data\raw\val\05193_Animalia_Cnidaria_Scyphozoa_Semaeostomeae_Cyaneidae_Cyanea_ferruginea\1392bb9c-87fd-45df-9bd8-6f053a51e096.jpg,245,237,237 11 457 242 329,0.022927805775684675
data\raw\val\05193_Animalia_Cnidaria_Scyphozoa_Semaeostomeae_Cyaneidae_Cyanea_ferruginea\e0e95e9b-aee2-460b-b7c9-14bb95f9ddb8.jpg,245,9,9 424 266 469 405,0.05738279249309998
data\raw\val\05193_Animalia_Cnidaria_Scyphozoa_Semaeostomeae_Cyaneidae_Cyanea_ferruginea\30461a72-c784-4b2e-a08a-e4ced45bbf49.jpg,245,129,129 252 244 255 140,0.03900379022433143
data\raw\val\05193_Animalia_Cnidaria_Scyphozoa_Semaeostomeae_Cyaneidae_Cyanea_ferruginea\d7235025-d491-454f-be5e-79e37d0d8a56.jpg,245,9,9 460 257 145 424,0.039295293548403575
data\raw\val\05193_Animalia_Cnidaria_Scyphozoa_Semaeostomeae_Cyaneidae_Cyanea_ferruginea\2754365f-3984-4b97-9d0d-29bd7c1dae68.jpg,245,274,274 397 487 244 246,0.04050812138530989
data\raw\val\05193_Animalia_Cnidaria_Scyphozoa_Semaeostomeae_Cyaneidae_Cyanea_ferruginea\95a8d767-d739-4119-b18a-be19973926e0.jpg,245,144,144 256 10 348 422,0.021794702021008874
data\raw\val\05193_Animalia_Cnidaria_Scyphozoa_Semaeostomeae_Cyaneidae_Cyanea_ferruginea\c6f36baf-cb81-41b8-ba76-6d7d9095926f.jpg,245,129,129 252 255 140 245,0.03220891895765057
data\raw\val\05193_Animalia_Cnidaria_Scyphozoa_Semaeostomeae_Cyaneidae_Cyanea_ferruginea\bfccf1e3-1e52-4109-aa9c-e556c9324175.jpg,245,125,125 33 126 144 7,0.0173932463339349
data\raw\val\05193_Animalia_Cnidaria_Scyphozoa_Semaeostomeae_Cyaneidae_Cyanea_ferruginea\f43eab3d-56aa-434d-8719-272c741befab.jpg,245,227,227 376 238 220 440,0.012579311169899052
data\raw\val\05201_Animalia_Echinodermata_Asteroidea_Forcipulatida_Asteriidae_Pisaster_giganteus\232b8a76-f458-496c-8cb8-57dfadedebbd.jpg,246,136,136 252 490 400 399,0.0281894271833157
data\raw\val\05201_Animalia_Echinodermata_Asteroidea_Forcipulatida_Asteriidae_Pisaster_giganteus\0c7dcc7a-aed3-49df-b195-d8d49fe6ca11.jpg,246,246,246 126 91 125 274,0.39099378299257387
data\raw\val\05201_Animalia_Echinodermata_Asteroidea_Forcipulatida_Asteriidae_Pisaster_giganteus\9f395f89-bcda-444a-93bd-78ed1afd27ea.jpg,246,137,137 18 135 20 100,0.02006346975041498
data\raw\val\05201_Animalia_Echinodermata_Asteroidea_Forcipulatida_Asteriidae_Pisaster_giganteus\4e943186-52e2-4289-a459-66206b763248.jpg,246,246,246 274 255 252 134,0.06518259260324523
data\raw\val\05201_Animalia_Echinodermata_Asteroidea_Forcipulatida_Asteriidae_Pisaster_giganteus\da3de2e1-a991-4a4d-b909-6920ece0eba5.jpg,246,246,246 255 259 274 91,0.4872063581205411
data\raw\val\05201_Animalia_Echinodermata_Asteroidea_Forcipulatida_Asteriidae_Pisaster_giganteus\3859bb63-f921-44f3-a166-977ce137720e.jpg,246,256,256 246 124 257 276,0.0345444304320287
data\raw\val\05201_Animalia_Echinodermata_Asteroidea_Forcipulatida_Asteriidae_Pisaster_giganteus\99f2f835-7ff9-488e-8cbe-d54266425afa.jpg,246,274,274 347 354 451 344,0.04918047909383037
data\raw\val\05201_Animalia_Echinodermata_Asteroidea_Forcipulatida_Asteriidae_Pisaster_giganteus\7654ae75-9493-4820-8382-d7be4840f121.jpg,246,259,259 43 44 264 250,0.050220794697875194
data\raw\val\05201_Animalia_Echinodermata_Asteroidea_Forcipulatida_Asteriidae_Pisaster_giganteus\51f23135-c383-4908-b88e-eb3acbaccd26.jpg,246,246,246 274 126 248 255,0.30400918286792944
data\raw\val\05201_Animalia_Echinodermata_Asteroidea_Forcipulatida_Asteriidae_Pisaster_giganteus\11020b51-93fd-41e8-a30e-c4f29e5ebd2d.jpg,246,246,246 126 255 274 276,0.10717733292341033
data\raw\val\05227_Animalia_Mollusca_Bivalvia_Myida_Pholadidae_Cyrtopleura_costata\ddb9681f-7e0c-49ae-b62e-7507923dc220.jpg,247,271,271 233 100 62 130,0.014982183117030135
data\raw\val\05227_Animalia_Mollusca_Bivalvia_Myida_Pholadidae_Cyrtopleura_costata\b1d54c5d-3721-41aa-a616-9a39432d6f7a.jpg,247,147,147 251 32 128 18,0.01201631302709712
data\raw\val\05227_Animalia_Mollusca_Bivalvia_Myida_Pholadidae_Cyrtopleura_costata\65400297-25b1-42bb-a227-e6e4b5f5302f.jpg,247,138,138 270 249 255 123,0.015565389045893474
data\raw\val\05227_Animalia_Mollusca_Bivalvia_Myida_Pholadidae_Cyrtopleura_costata\251386f7-be93-4577-b8e4-16930bf40fdc.jpg,247,247,247 248 126 276 229,0.0719603380047373
data\raw\val\05227_Animalia_Mollusca_Bivalvia_Myida_Pholadidae_Cyrtopleura_costata\fac0b48f-06a2-4a69-b658-593d54466187.jpg,247,183,183 104 121 22 298,0.018447733482141158
data\raw\val\05227_Animalia_Mollusca_Bivalvia_Myida_Pholadidae_Cyrtopleura_costata\579161ad-bb64-41b6-bac3-83940950f8af.jpg,247,47,47 45 39 44 77,0.03252487662157698
data\raw\val\05227_Animalia_Mollusca_Bivalvia_Myida_Pholadidae_Cyrtopleura_costata\514d9390-11f3-464d-89f2-d14036d38aee.jpg,247,226,226 242 232 234 7,0.041978739394911355
data\raw\val\05227_Animalia_Mollusca_Bivalvia_Myida_Pholadidae_Cyrtopleura_costata\cee67207-799f-4059-9dc2-be05aba88a91.jpg,247,247,247 253 251 12 21,0.21319411020423287
data\raw\val\05227_Animalia_Mollusca_Bivalvia_Myida_Pholadidae_Cyrtopleura_costata\98cb0970-e57e-4108-9866-b07ee38d0ddd.jpg,247,99,99 12 79 54 247,0.03302335737758182
data\raw\val\05227_Animalia_Mollusca_Bivalvia_Myida_Pholadidae_Cyrtopleura_costata\9cd4728d-0df3-4db8-998b-997b42b0df27.jpg,247,247,247 271 59 220 74,0.08630099250779943
data\raw\val\05279_Animalia_Mollusca_Gastropoda_Neogastropoda_Buccinidae_Cominella_adspersa\27556595-3309-484e-aed4-06bdc9af7b16.jpg,248,413,413 417 329 391 346,0.013844652606061948
data\raw\val\05279_Animalia_Mollusca_Gastropoda_Neogastropoda_Buccinidae_Cominella_adspersa\e1690153-f373-46bc-8676-7ed0804c9d5a.jpg,248,247,247 124 126 240 242,0.0825161178687311
data\raw\val\05279_Animalia_Mollusca_Gastropoda_Neogastropoda_Buccinidae_Cominella_adspersa\dff8f91c-ad03-4117-8a1e-0638f2b2ea6c.jpg,248,248,248 62 141 55 58,0.01553615527350599
data\raw\val\05279_Animalia_Mollusca_Gastropoda_Neogastropoda_Buccinidae_Cominella_adspersa\a9e822af-9d59-4c7f-b0ba-680fdc191b79.jpg,248,132,132 252 245 131 244,0.012869947631621912
data\raw\val\05279_Animalia_Mollusca_Gastropoda_Neogastropoda_Buccinidae_Cominella_adspersa\a89280d7-57cf-4552-858f-d6a7547a5a16.jpg,248,247,247 221 46 27 32,0.026114553744236768
data\raw\val\05279_Animalia_Mollusca_Gastropoda_Neogastropoda_Buccinidae_Cominella_adspersa\31955cd7-c374-4014-bc67-29dee6c4e147.jpg,248,242,242 224 248 247 126,0.019973097089437664
data\raw\val\05279_Animalia_Mollusca_Gastropoda_Neogastropoda_Buccinidae_Cominella_adspersa\69138daa-41ad-4309-82ca-fe5fd9440b7d.jpg,248,98,98 133 62 234 74,0.013217056287137144
data\raw\val\05279_Animalia_Mollusca_Gastropoda_Neogastropoda_Buccinidae_Cominella_adspersa\6d116447-2a60-44b0-8850-85db449b1ef3.jpg,248,247,247 248 126 229 232,0.08594940692912505
data\raw\val\05279_Animalia_Mollusca_Gastropoda_Neogastropoda_Buccinidae_Cominella_adspersa\b7db34ba-58a0-4ff7-bbcb-74d4edcf5e97.jpg,248,250,250 21 125 248 159,0.04817095552279125
data\raw\val\05279_Animalia_Mollusca_Gastropoda_Neogastropoda_Buccinidae_Cominella_adspersa\bceeb23c-c2cb-4923-b7e3-db45d9c37a8d.jpg,248,264,264 9 249 258 262,0.025481922812038822
data\raw\val\05281_Animalia_Mollusca_Gastropoda_Neogastropoda_Buccinidae_Kelletia_kelletii\f8f18e7c-ad52-42e3-97ec-34068d072bf5.jpg,249,249,249 136 155 255 135,0.021098683770002114
data\raw\val\05281_Animalia_Mollusca_Gastropoda_Neogastropoda_Buccinidae_Kelletia_kelletii\a9cf667c-ea4f-4ede-b591-2114d4817a1b.jpg,249,129,129 401 123 258 408,0.01620389051756051
data\raw\val\05281_Animalia_Mollusca_Gastropoda_Neogastropoda_Buccinidae_Kelletia_kelletii\9fea6913-6c00-4f45-baa6-1303e2f78df6.jpg,249,9,9 255 264 492 274,0.02508168954056843
data\raw\val\05281_Animalia_Mollusca_Gastropoda_Neogastropoda_Buccinidae_Kelletia_kelletii\93f0ddfa-0bac-4f49-b52b-ebc15b8d3b02.jpg,249,123,123 249 129 248 276,0.01696149205007293
data\raw\val\05281_Animalia_Mollusca_Gastropoda_Neogastropoda_Buccinidae_Kelletia_kelletii\eb2fc03b-0fd8-4671-8438-6cc6501143f5.jpg,249,60,60 66 96 196 141,0.020251393268572483
data\raw\val\05281_Animalia_Mollusca_Gastropoda_Neogastropoda_Buccinidae_Kelletia_kelletii\97c789f5-346d-4549-ab93-71efde686b58.jpg,249,249,249 252 129 255 140,0.048525219880737436
data\raw\val\05281_Animalia_Mollusca_Gastropoda_Neogastropoda_Buccinidae_Kelletia_kelletii\f70253f6-84f4-4575-9eef-0cc5fc1e5dad.jpg,249,252,252 129 255 136 135,0.07056992196093217
data\raw\val\05281_Animalia_Mollusca_Gastropoda_Neogastropoda_Buccinidae_Kelletia_kelletii\a3b537bf-0e44-42a8-8d05-8ae18cff4066.jpg,249,252,252 129 244 253 276,0.03529941994000309
data\raw\val\05281_Animalia_Mollusca_Gastropoda_Neogastropoda_Buccinidae_Kelletia_kelletii\eb6283e5-a158-406f-b686-29138f5695a0.jpg,249,145,145 360 422 138 467,0.018510174250729792
data\raw\val\05281_Animalia_Mollusca_Gastropoda_Neogastropoda_Buccinidae_Kelletia_kelletii\f1e981b5-06cd-497f-8c85-f96258de7448.jpg,249,477,477 424 244 249 481,0.016393599441283636
data\raw\val\05290_Animalia_Mollusca_Gastropoda_Neogastropoda_Nassariidae_Tritia_obsoleta\1f99e50e-0a8e-4fb4-840d-3bebd2803b17.jpg,250,249,249 129 255 123 274,0.10238781723159862
data\raw\val\05290_Animalia_Mollusca_Gastropoda_Neogastropoda_Nassariidae_Tritia_obsoleta\973e4f64-8a8a-4fd6-944b-db5f59f59ce6.jpg,250,72,72 3 110 122 2,0.01598323145671052
data\raw\val\05290_Animalia_Mollusca_Gastropoda_Neogastropoda_Nassariidae_Tritia_obsoleta\af3e0b70-8256-4add-a34b-8827c9d55f47.jpg,250,221,221 283 150 278 151,0.052371261082691155
data\raw\val\05290_Animalia_Mollusca_Gastropoda_Neogastropoda_Nassariidae_Tritia_obsoleta\038110a4-3638-45b9-8e83-d8f7008d58d5.jpg,250,287,287 208 375 163 459,0.011213641397969763
data\raw\val\05290_Animalia_Mollusca_Gastropoda_Neogastropoda_Nassariidae_Tritia_obsoleta\2aa93d6c-c716-45aa-a7ab-4611e7fa7191.jpg,250,251,251 65 16 49 130,0.024422001825231233
data\raw\val\05290_Animalia_Mollusca_Gastropoda_Neogastropoda_Nassariidae_Tritia_obsoleta\114a6ff5-ca11-4563-9d5c-9efe60345e6d.jpg,250,251,251 80 129 125 128,0.02163783297956212
data\raw\val\05290_Animalia_Mollusca_Gastropoda_Neogastropoda_Nassariidae_Tritia_obsoleta\1c0cbb0c-36a7-44ca-b067-f85512c94aee.jpg,250,264,264 270 271 127 262,0.014060532343372064
data\raw\val\05290_Animalia_Mollusca_Gastropoda_Neogastropoda_Nassariidae_Tritia_obsoleta\deebf200-b2b3-4174-b4c6-9963fabfd6f0.jpg,250,359,359 437 418 327 487,0.03046463871003959
data\raw\val\05290_Animalia_Mollusca_Gastropoda_Neogastropoda_Nassariidae_Tritia_obsoleta\94ea7d9f-5275-4061-8c40-ff2baecadfbd.jpg,250,144,144 256 10 269 424,0.020155687977520348
data\raw\val\05290_Animalia_Mollusca_Gastropoda_Neogastropoda_Nassariidae_Tritia_obsoleta\580815e0-e006-4898-8eac-306bd696da13.jpg,250,250,250 11 5 118 157,0.02584622287764594
data\raw\val\05291_Animalia_Mollusca_Gastropoda_Neogastropoda_Olividae_Americoliva_sayana\04cd38c3-3579-4fdf-a8dd-5d300f1d9d9e.jpg,251,251,251 18 56 55 103,0.040507883503586944
data\raw\val\05291_Animalia_Mollusca_Gastropoda_Neogastropoda_Olividae_Americoliva_sayana\5d721264-a08c-440b-b8e6-ff5f225fb46b.jpg,251,55,55 61 251 218 79,0.03898288744469627
data\raw\val\05291_Animalia_Mollusca_Gastropoda_Neogastropoda_Olividae_Americoliva_sayana\889ee4e1-5e37-49e7-8bcd-ca53575ca83b.jpg,251,265,265 266 374 261 369,0.033121911976286465
data\raw\val\05291_Animalia_Mollusca_Gastropoda_Neogastropoda_Olividae_Americoliva_sayana\ed1ffddf-374e-4d4e-82fc-47455cfc64e3.jpg,251,250,250 77 214 118 127,0.019071557900652746
data\raw\val\05291_Animalia_Mollusca_Gastropoda_Neogastropoda_Olividae_Americoliva_sayana\c0de8360-12dc-4556-9559-63abeec6a74d.jpg,251,132,132 245 20 124 219,0.06608361680579093
data\raw\val\05291_Animalia_Mollusca_Gastropoda_Neogastropoda_Olividae_Americoliva_sayana\a5dd17e7-2c14-4688-80a9-2ee0dee6f27d.jpg,251,27,27 247 12 251 173,0.03931985938523192
data\raw\val\05291_Animalia_Mollusca_Gastropoda_Neogastropoda_Olividae_Americoliva_sayana\b9571375-2b46-4707-a60e-f1ba92e3e669.jpg,251,125,125 250 132 248 47,0.016265043574405464
data\raw\val\05291_Animalia_Mollusca_Gastropoda_Neogastropoda_Olividae_Americoliva_sayana\4c134f98-fe97-4d77-abd6-010f26d7b9a5.jpg,251,248,248 250 125 41 100,0.013607850959943785
data\raw\val\05291_Animalia_Mollusca_Gastropoda_Neogastropoda_Olividae_Americoliva_sayana\c402890e-65f2-457c-aa7c-97bdc5ea71c0.jpg,251,247,247 7 248 126 24,0.039802259873805056
data\raw\val\05291_Animalia_Mollusca_Gastropoda_Neogastropoda_Olividae_Americoliva_sayana\c36bdb87-d7b9-4df1-b9b6-2b5c6da45209.jpg,251,250,250 254 139 6 7,0.048835224026475
data\raw\val\05309_Animalia_Mollusca_Gastropoda_Nudibranchia_Discodorididae_Rostanga_pulchra\cdb1acb3-9a02-469d-85c0-1b1fe26a6470.jpg,252,252,252 276 255 124 244,0.04119388159445214
data\raw\val\05309_Animalia_Mollusca_Gastropoda_Nudibranchia_Discodorididae_Rostanga_pulchra\6c361f7f-233e-473a-9d64-d2b69eec62f5.jpg,252,251,251 152 129 56 58,0.04401899016264212
data\raw\val\05309_Animalia_Mollusca_Gastropoda_Nudibranchia_Discodorididae_Rostanga_pulchra\e8e0f1e1-4d16-4a31-970d-6edd1a3956f4.jpg,252,129,129 252 244 245 255,0.057962261490342094
data\raw\val\05309_Animalia_Mollusca_Gastropoda_Nudibranchia_Discodorididae_Rostanga_pulchra\438deb32-a684-4e39-ba99-7305dbd49586.jpg,252,255,255 244 134 252 129,0.05331727854306986
data\raw\val\05309_Animalia_Mollusca_Gastropoda_Nudibranchia_Discodorididae_Rostanga_pulchra\cc8ba2be-6e38-4158-863d-603adfbfbd27.jpg,252,125,125 248 250 58 252,0.04950635035652694
data\raw\val\05309_Animalia_Mollusca_Gastropoda_Nudibranchia_Discodorididae_Rostanga_pulchra\2632e5c9-0e5c-4af0-a427-1cae3c634f06.jpg,252,252,252 129 244 245 131,0.07519125844812986
data\raw\val\05309_Animalia_Mollusca_Gastropoda_Nudibranchia_Discodorididae_Rostanga_pulchra\e85d8b8e-6a0e-4a60-bf3a-cfb8e5ab1341.jpg,252,125,125 248 250 252 244,0.0516489366886705
data\raw\val\05309_Animalia_Mollusca_Gastropoda_Nudibranchia_Discodorididae_Rostanga_pulchra\5e73d781-717c-4243-9eb5-a06e0c862323.jpg,252,398,398 255 252 399 136,0.014010123805608192
data\raw\val\05309_Animalia_Mollusca_Gastropoda_Nudibranchia_Discodorididae_Rostanga_pulchra\4b28cf1e-7b0c-4d4f-b445-99a71ef9e47f.jpg,252,274,274 249 257 255 134,0.014059427703137098
data\raw\val\05309_Animalia_Mollusca_Gastropoda_Nudibranchia_Discodorididae_Rostanga_pulchra\a91b55aa-5c4a-46b0-a88f-952ee6206e1a.jpg,252,23,23 125 37 134 427,0.019459878892776398
data\raw\val\05326_Animalia_Mollusca_Gastropoda_Nudibranchia_Polyceridae_Polycera_atra\517b897d-4223-45f8-8107-5253b4302a96.jpg,253,219,219 245 253 20 75,0.052370077835101114
data\raw\val\05326_Animalia_Mollusca_Gastropoda_Nudibranchia_Polyceridae_Polycera_atra\59c1b622-53a4-4973-8d64-679fcae92ba1.jpg,253,192,192 97 206 288 207,0.01811690237289453
data\raw\val\05326_Animalia_Mollusca_Gastropoda_Nudibranchia_Polyceridae_Polycera_atra\fe08e634-f59d-49e1-8095-5dc3ae0d302a.jpg,253,252,252 140 129 245 276,0.033292819810083474
data\raw\val\05326_Animalia_Mollusca_Gastropoda_Nudibranchia_Polyceridae_Polycera_atra\188d3266-5422-4eed-ae85-55cee748fe42.jpg,253,182,182 209 104 39 93,0.006309329933665809
data\raw\val\05326_Animalia_Mollusca_Gastropoda_Nudibranchia_Polyceridae_Polycera_atra\dfd50110-f64d-4484-8cf3-e3d99425fb0a.jpg,253,253,253 374 338 85 84,0.018943791704985603
data\raw\val\05326_Animalia_Mollusca_Gastropoda_Nudibranchia_Polyceridae_Polycera_atra\7d37e7ef-66b2-491a-acd2-f47946e2ead3.jpg,253,202,202 110 158 45 72,0.01713917923512457
data\raw\val\05326_Animalia_Mollusca_Gastropoda_Nudibranchia_Polyceridae_Polycera_atra\e1c71ac5-4e76-406c-ba18-db279cee23a2.jpg,253,125,125 250 152 244 245,0.042140394494458194
data\raw\val\05326_Animalia_Mollusca_Gastropoda_Nudibranchia_Polyceridae_Polycera_atra\41a57c54-ea0c-46dd-b3d1-73014ea81361.jpg,253,253,253 219 131 202 245,0.12686044084358775
data\raw\val\05326_Animalia_Mollusca_Gastropoda_Nudibranchia_Polyceridae_Polycera_atra\efa47aaf-b330-4af8-bdbe-ba3479cb9432.jpg,253,58,58 172 166 16 146,0.016809583142406492
data\raw\val\05326_Animalia_Mollusca_Gastropoda_Nudibranchia_Polyceridae_Polycera_atra\d97aba5b-c6c8-433b-a409-436d2335f235.jpg,253,253,253 219 12 150 151,0.05130210733582141
data\raw\val\05370_Animalia_Mollusca_Gastropoda_Systellommatophora_Veronicellidae_Laevicaulis_alte\7f105890-5296-4ef9-b6bd-95b29114406d.jpg,254,6,6 144 9 255 246,0.027698846331355453
data\raw\val\05370_Animalia_Mollusca_Gastropoda_Systellommatophora_Veronicellidae_Laevicaulis_alte\64dadfb2-d310-4e26-8d27-85382be5aedd.jpg,254,467,467 212 269 139 145,0.023242088890086138
data\raw\val\05370_Animalia_Mollusca_Gastropoda_Systellommatophora_Veronicellidae_Laevicaulis_alte\39ef16c4-6e37-4d23-91a8-d27cec88f1c4.jpg,254,226,226 240 7 242 22,0.022746310305091888
data\raw\val\05370_Animalia_Mollusca_Gastropoda_Systellommatophora_Veronicellidae_Laevicaulis_alte\70d7018b-dc07-4757-990a-9cfd7103aea9.jpg,254,254,254 234 238 248 139,0.054710628955840765
data\raw\val\05370_Animalia_Mollusca_Gastropoda_Systellommatophora_Veronicellidae_Laevicaulis_alte\4cd7de81-cce4-4825-98fc-b8fb5c430e35.jpg,254,87,87 238 111 67 68,0.020951207443231378
data\raw\val\05370_Animalia_Mollusca_Gastropoda_Systellommatophora_Veronicellidae_Laevicaulis_alte\4410dd12-c41f-4310-a0e3-d41a8cdaf48f.jpg,254,14,14 22 92 116 10,0.030593005495591737
data\raw\val\05370_Animalia_Mollusca_Gastropoda_Systellommatophora_Veronicellidae_Laevicaulis_alte\3225b41e-448e-4e11-b58a-7d07ee041277.jpg,254,254,254 7 320 24 238,0.026334546522234433
data\raw\val\05370_Animalia_Mollusca_Gastropoda_Systellommatophora_Veronicellidae_Laevicaulis_alte\d1f1d493-0e8e-4f58-bd22-b54988e54bbb.jpg,254,254,254 125 240 21 139,0.04140677986146572
data\raw\val\05370_Animalia_Mollusca_Gastropoda_Systellommatophora_Veronicellidae_Laevicaulis_alte\8ff948fe-7ec5-4a25-acb2-b6642c9f223a.jpg,254,6,6 129 140 252 124,0.022560267911988542
data\raw\val\05370_Animalia_Mollusca_Gastropoda_Systellommatophora_Veronicellidae_Laevicaulis_alte\fc26c56e-4e2a-48b7-aaa9-d1e3ad3aa3c3.jpg,254,248,248 77 101 250 2,0.015620927562311912
data\raw\val\05375_Animalia_Mollusca_Gastropoda_Trochida_Tegulidae_Tegula_funebralis\23dbe839-09f5-415c-b296-ec1b18a3d993.jpg,255,256,256 118 238 24 31,0.050913360834206244
data\raw\val\05375_Animalia_Mollusca_Gastropoda_Trochida_Tegulidae_Tegula_funebralis\3f922c3b-e74a-4e1c-8b87-52181593c570.jpg,255,264,264 249 262 255 123,0.030692505844253426
data\raw\val\05375_Animalia_Mollusca_Gastropoda_Trochida_Tegulidae_Tegula_funebralis\d7701ecc-61d3-43cd-ae21-2479b31ed76b.jpg,255,131,131 129 252 139 135,0.040739584449070484
data\raw\val\05375_Animalia_Mollusca_Gastropoda_Trochida_Tegulidae_Tegula_funebralis\87f54cf0-149c-428f-8ef1-b334c003c6c7.jpg,255,255,255 238 274 246 397,0.015699834845095125
data\raw\val\05375_Animalia_Mollusca_Gastropoda_Trochida_Tegulidae_Tegula_funebralis\7f76c378-cfff-4dce-84b2-a9ed465c88db.jpg,255,255,255 274 329 322 354,0.018794417849946576
data\raw\val\05375_Animalia_Mollusca_Gastropoda_Trochida_Tegulidae_Tegula_funebralis\c0c8d332-6c55-458d-ad2d-ff9ef522fe94.jpg,255,255,255 238 274 139 256,0.023767867917630973
data\raw\val\05375_Animalia_Mollusca_Gastropoda_Trochida_Tegulidae_Tegula_funebralis\655b2ed6-4073-4af0-b7ab-eb218795b2ff.jpg,255,351,351 238 242 237 74,0.03784561353239945
data\raw\val\05375_Animalia_Mollusca_Gastropoda_Trochida_Tegulidae_Tegula_funebralis\6a01c961-eac2-4a1f-a4e4-9301f0db7da1.jpg,255,329,329 7 238 237 457,0.027667662091948184
data\raw\val\05375_Animalia_Mollusca_Gastropoda_Trochida_Tegulidae_Tegula_funebralis\33d2e9ff-269e-464f-a66f-111bf9790db7.jpg,255,257,257 424 438 312 310,0.06409518131414023
data\raw\val\05375_Animalia_Mollusca_Gastropoda_Trochida_Tegulidae_Tegula_funebralis\8bee336e-0159-4de6-8f59-4af63022fe6a.jpg,255,269,269 9 492 264 24,0.06173024432847608
data\raw\val\05396_Fungi_Ascomycota_Lecanoromycetes_Candelariales_Candelariaceae_Candelaria_concolor\d2569068-d018-4f3d-b5ed-a16faa7169b0.jpg,256,257,257 480 347 256 348,0.061903781983988215
data\raw\val\05396_Fungi_Ascomycota_Lecanoromycetes_Candelariales_Candelariaceae_Candelaria_concolor\290d6d26-d7b0-405e-b140-53a12d84ae55.jpg,256,257,257 256 344 480 31,0.0966063606031093
data\raw\val\05396_Fungi_Ascomycota_Lecanoromycetes_Candelariales_Candelariaceae_Candelaria_concolor\59fc235d-adfe-4ce0-b282-4952a5551f22.jpg,256,256,256 347 480 237 242,0.02853521437824892
data\raw\val\05396_Fungi_Ascomycota_Lecanoromycetes_Candelariales_Candelariaceae_Candelaria_concolor\8b5fd240-1827-4294-8c53-dba81b99ee9a.jpg,256,256,256 257 391 492 329,0.05378195664555157
data\raw\val\05396_Fungi_Ascomycota_Lecanoromycetes_Candelariales_Candelariaceae_Candelaria_concolor\ad98e60f-c2e4-4b50-bcfd-ebca493fcc8b.jpg,256,224,224 118 160 83 322,0.023638972580007044
data\raw\val\05396_Fungi_Ascomycota_Lecanoromycetes_Candelariales_Candelariaceae_Candelaria_concolor\72f61b36-6d36-4a2f-965e-9ab87112a97e.jpg,256,256,256 480 257 24 348,0.04604689698058178
data\raw\val\05396_Fungi_Ascomycota_Lecanoromycetes_Candelariales_Candelariaceae_Candelaria_concolor\d70e0f5e-d7fe-4ba0-bdcf-49737cbea426.jpg,256,391,391 413 322 431 497,0.018601391521135532
data\raw\val\05396_Fungi_Ascomycota_Lecanoromycetes_Candelariales_Candelariaceae_Candelaria_concolor\e0a5f877-2e14-4f49-8925-282cb3a5f14d.jpg,256,256,256 257 6 329 424,0.06533229765510762
data\raw\val\05396_Fungi_Ascomycota_Lecanoromycetes_Candelariales_Candelariaceae_Candelaria_concolor\9fe8c6c9-5ca3-4abe-abe4-a89554faf66b.jpg,256,269,269 270 192 191 145,0.027126094097832728
data\raw\val\05396_Fungi_Ascomycota_Lecanoromycetes_Candelariales_Candelariaceae_Candelaria_concolor\4e1b922f-3bba-45a1-83c9-1e8affe9a8ea.jpg,256,391,391 396 354 256 257,0.029588097695413172
data\raw\val\05435_Fungi_Ascomycota_Lecanoromycetes_Pertusariales_Icmadophilaceae_Dibaeis_baeomyces\375bd492-cf56-40f2-8df1-95eaa97a8950.jpg,257,24,24 256 5 269 422,0.02651144321451935
data\raw\val\05435_Fungi_Ascomycota_Lecanoromycetes_Pertusariales_Icmadophilaceae_Dibaeis_baeomyces\c9fa4e0c-5381-4ab9-8924-9bbf8253ec80.jpg,257,257,257 256 275 480 409,0.09262623225710437
data\raw\val\05435_Fungi_Ascomycota_Lecanoromycetes_Pertusariales_Icmadophilaceae_Dibaeis_baeomyces\9714b250-e4d7-49fb-8220-301034e98746.jpg,257,257,257 11 344 480 256,0.10545257011985379
data\raw\val\05435_Fungi_Ascomycota_Lecanoromycetes_Pertusariales_Icmadophilaceae_Dibaeis_baeomyces\ce3c0700-0fb6-42ed-92a3-907091b65906.jpg,257,257,257 256 14 138 68,0.030002850137367882
data\raw\val\05435_Fungi_Ascomycota_Lecanoromycetes_Pertusariales_Icmadophilaceae_Dibaeis_baeomyces\2027b3ad-dc0b-4904-9852-f3cee37ae2a7.jpg,257,257,257 422 480 457 145,0.1306510536232097
data\raw\val\05435_Fungi_Ascomycota_Lecanoromycetes_Pertusariales_Icmadophilaceae_Dibaeis_baeomyces\956a0800-7724-481a-a94e-8e5f0f74f20a.jpg,257,388,388 294 427 285 409,0.0229477018112804
data\raw\val\05435_Fungi_Ascomycota_Lecanoromycetes_Pertusariales_Icmadophilaceae_Dibaeis_baeomyces\eb0fee70-9a44-4e60-a98f-c010ef6fb6fa.jpg,257,257,257 480 409 275 422,0.17124440268998303
data\raw\val\05435_Fungi_Ascomycota_Lecanoromycetes_Pertusariales_Icmadophilaceae_Dibaeis_baeomyces\61ef739e-b530-4988-85b4-66f4319220d1.jpg,257,257,257 457 329 145 438,0.02633742630208921
data\raw\val\05435_Fungi_Ascomycota_Lecanoromycetes_Pertusariales_Icmadophilaceae_Dibaeis_baeomyces\5a259790-7e57-4be0-aeed-e8a3ae6584eb.jpg,257,246,246 257 275 274 255,0.07091382625858492
data\raw\val\05435_Fungi_Ascomycota_Lecanoromycetes_Pertusariales_Icmadophilaceae_Dibaeis_baeomyces\85bb5786-4aef-4569-92fc-5b991bcde1df.jpg,257,257,257 424 275 9 492,0.15663364789578627
data\raw\val\05462_Fungi_Ascomycota_Pezizomycetes_Pezizales_Sarcoscyphaceae_Sarcoscypha_occidentalis\42907da8-889f-405c-b5ac-28b1e8e89f04.jpg,258,347,347 349 24 145 257,0.0689182450541156
data\raw\val\05462_Fungi_Ascomycota_Pezizomycetes_Pezizales_Sarcoscyphaceae_Sarcoscypha_occidentalis\e392c673-24ee-40bd-9726-5e70a35ede97.jpg,258,16,16 172 121 148 66,0.00874533094718492
data\raw\val\05462_Fungi_Ascomycota_Pezizomycetes_Pezizales_Sarcoscyphaceae_Sarcoscypha_occidentalis\bbdd902f-6e71-4d96-ae8a-95ba4507e5c3.jpg,258,406,406 443 258 464 261,0.03053709608638178
data\raw\val\05462_Fungi_Ascomycota_Pezizomycetes_Pezizales_Sarcoscyphaceae_Sarcoscypha_occidentalis\644a3647-2122-4910-928c-24183b073b9c.jpg,258,407,407 464 307 310 335,0.0209184596336392
data\raw\val\05462_Fungi_Ascomycota_Pezizomycetes_Pezizales_Sarcoscyphaceae_Sarcoscypha_occidentalis\31c60102-10eb-46e6-875b-d382e4d4abd0.jpg,258,258,258 76 28 10 145,0.10547848079784093
data\raw\val\05462_Fungi_Ascomycota_Pezizomycetes_Pezizales_Sarcoscyphaceae_Sarcoscypha_occidentalis\75c4eda9-b0d9-4d14-8545-68d0521c8090.jpg,258,265,265 125 62 133 66,0.008549212633106573
data\raw\val\05462_Fungi_Ascomycota_Pezizomycetes_Pezizales_Sarcoscyphaceae_Sarcoscypha_occidentalis\252d33ed-3d87-487f-bb43-ac31c2a985dd.jpg,258,86,86 64 288 184 231,0.009984633711138334
data\raw\val\05462_Fungi_Ascomycota_Pezizomycetes_Pezizales_Sarcoscyphaceae_Sarcoscypha_occidentalis\06b6a33f-e1b0-439b-a271-4d4bbd18c98b.jpg,258,260,260 251 252 129 49,0.034719285239437944
data\raw\val\05462_Fungi_Ascomycota_Pezizomycetes_Pezizales_Sarcoscyphaceae_Sarcoscypha_occidentalis\d5e03f38-c0c6-47cd-b5bf-176ee8032c26.jpg,258,460,460 258 222 307 362,0.012881938340188899
data\raw\val\05462_Fungi_Ascomycota_Pezizomycetes_Pezizales_Sarcoscyphaceae_Sarcoscypha_occidentalis\43e3e1e2-c18a-4b56-8ff4-b816158fe4ef.jpg,258,269,269 24 264 270 227,0.019810809089175388
data\raw\val\05467_Fungi_Ascomycota_Sordariomycetes_Hypocreales_Nectriaceae_Nectria_cinnabarina\189978d7-57e8-42fb-90f6-e7e3ad3a6ad7.jpg,259,259,259 252 129 255 134,0.09326121335218766
data\raw\val\05467_Fungi_Ascomycota_Sordariomycetes_Hypocreales_Nectriaceae_Nectria_cinnabarina\40917415-f48c-4fbf-809f-84b7ab8123f1.jpg,259,44,44 251 34 43 252,0.024375449928330697
data\raw\val\05467_Fungi_Ascomycota_Sordariomycetes_Hypocreales_Nectriaceae_Nectria_cinnabarina\e976bfa2-d5cd-4ad5-ad27-d0c2e4a62607.jpg,259,423,423 342 275 480 421,0.011136278193298245
data\raw\val\05467_Fungi_Ascomycota_Sordariomycetes_Hypocreales_Nectriaceae_Nectria_cinnabarina\1b763f2b-3e57-4acf-9f66-076c968c2b64.jpg,259,258,258 145 141 192 10,0.04296540724522582
data\raw\val\05467_Fungi_Ascomycota_Sordariomycetes_Hypocreales_Nectriaceae_Nectria_cinnabarina\3fd05d8c-4a12-48a2-95ad-09b3b2cf9369.jpg,259,134,134 18 137 136 135,0.04879205460770386
data\raw\val\05467_Fungi_Ascomycota_Sordariomycetes_Hypocreales_Nectriaceae_Nectria_cinnabarina\fa51485b-7f57-4d6f-b38d-6c08243a668e.jpg,259,192,192 187 106 235 3,0.02402990602737048
data\raw\val\05467_Fungi_Ascomycota_Sordariomycetes_Hypocreales_Nectriaceae_Nectria_cinnabarina\29ecc814-3eae-4386-bcc8-087549109e42.jpg,259,218,218 251 16 56 95,0.012983664609173055
data\raw\val\05467_Fungi_Ascomycota_Sordariomycetes_Hypocreales_Nectriaceae_Nectria_cinnabarina\59702d3d-2ad3-4de1-93e5-020db2328584.jpg,259,192,192 217 270 278 150,0.026766909461853106
data\raw\val\05467_Fungi_Ascomycota_Sordariomycetes_Hypocreales_Nectriaceae_Nectria_cinnabarina\677ff941-eb15-458c-a1e5-364b0977fd80.jpg,259,174,174 148 188 197 58,0.025281446016436532
data\raw\val\05467_Fungi_Ascomycota_Sordariomycetes_Hypocreales_Nectriaceae_Nectria_cinnabarina\dabd7462-dbb5-4a42-80af-231b489d44ae.jpg,259,391,391 369 209 423 413,0.021730922143851982
data\raw\val\05481_Fungi_Basidiomycota_Agaricomycetes_Agaricales_Agaricaceae_Leucoagaricus_leucothites\135df2f7-9e3b-4978-9602-13a764b1bc4b.jpg,260,441,441 449 389 471 451,0.025420799520695363
data\raw\val\05481_Fungi_Basidiomycota_Agaricomycetes_Agaricales_Agaricaceae_Leucoagaricus_leucothites\ce911a3f-881b-43d5-917b-6735bedcbd10.jpg,260,260,260 485 202 454 471,0.11244190049867098
data\raw\val\05481_Fungi_Basidiomycota_Agaricomycetes_Agaricales_Agaricaceae_Leucoagaricus_leucothites\9d3a4800-a126-4962-b259-4f42f9f4dfb6.jpg,260,260,260 263 485 464 265,0.05116141126712129
data\raw\val\05481_Fungi_Basidiomycota_Agaricomycetes_Agaricales_Agaricaceae_Leucoagaricus_leucothites\5a4e2999-4dd0-4f6b-9af7-13da0b3cd9a6.jpg,260,206,206 149 18 170 167,0.02774356401558625
data\raw\val\05481_Fungi_Basidiomycota_Agaricomycetes_Agaricales_Agaricaceae_Leucoagaricus_leucothites\3028f173-752b-4a0d-bdc9-1beca5d02574.jpg,260,27,27 95 105 65 172,0.03373460939673369
data\raw\val\05481_Fungi_Basidiomycota_Agaricomycetes_Agaricales_Agaricaceae_Leucoagaricus_leucothites\ecf8ef0c-7655-47b6-9282-35c1d4e01959.jpg,260,44,44 206 196 197 189,0.014163810246914587
data\raw\val\05481_Fungi_Basidiomycota_Agaricomycetes_Agaricales_Agaricaceae_Leucoagaricus_leucothites\3963e930-0ed3-4057-b62d-80cb4726c208.jpg,260,260,260 353 403 331 402,0.05321798423884608
data\raw\val\05481_Fungi_Basidiomycota_Agaricomycetes_Agaricales_Agaricaceae_Leucoagaricus_leucothites\4f32b7b8-6a7b-43aa-8dac-10f3ce61500b.jpg,260,88,88 435 91 140 129,0.04788133795765518
data\raw\val\05481_Fungi_Basidiomycota_Agaricomycetes_Agaricales_Agaricaceae_Leucoagaricus_leucothites\5bd3c997-179d-428e-abcf-e3edf19ee506.jpg,260,166,166 56 231 79 251,0.024244189548298187
data\raw\val\05481_Fungi_Basidiomycota_Agaricomycetes_Agaricales_Agaricaceae_Leucoagaricus_leucothites\4260578e-4ac9-4e5d-af2f-fde8a43754e0.jpg,260,266,266 265 260 262 268,0.0470843078701684
data\raw\val\05493_Fungi_Basidiomycota_Agaricomycetes_Agaricales_Amanitaceae_Amanita_jacksonii\fbceca09-c61a-46a7-a17b-4566b4a448e3.jpg,261,443,443 261 419 415 482,0.023642993994549926
data\raw\val\05493_Fungi_Basidiomycota_Agaricomycetes_Agaricales_Amanitaceae_Amanita_jacksonii\e4e99610-4ff1-496c-a9d2-157624fe9cd2.jpg,261,261,261 292 284 243 472,0.028783742508900485
data\raw\val\05493_Fungi_Basidiomycota_Agaricomycetes_Agaricales_Amanitaceae_Amanita_jacksonii\f5d12fde-f360-4a98-a39c-b226919e626b.jpg,261,388,388 337 285 402 328,0.016683740218955294
data\raw\val\05493_Fungi_Basidiomycota_Agaricomycetes_Agaricales_Amanitaceae_Amanita_jacksonii\b3fd77c5-6b4f-49e5-a321-d0463f2fabca.jpg,261,258,258 288 134 9 449,0.019082436880337745
data\raw\val\05493_Fungi_Basidiomycota_Agaricomycetes_Agaricales_Amanitaceae_Amanita_jacksonii\9e03ff42-c1a1-4b7e-b5a9-fcd792e63b7b.jpg,261,285,285 265 331 297 289,0.03418344785960713
data\raw\val\05493_Fungi_Basidiomycota_Agaricomycetes_Agaricales_Amanitaceae_Amanita_jacksonii\c81ca530-10ef-4de3-a435-dc036c737525.jpg,261,443,443 265 261 434 406,0.06590609771516917
data\raw\val\05493_Fungi_Basidiomycota_Agaricomycetes_Agaricales_Amanitaceae_Amanita_jacksonii\a3f8b089-23a2-4ba2-be24-5c838b174346.jpg,261,483,483 258 472 222 434,0.01699738463640529
data\raw\val\05493_Fungi_Basidiomycota_Agaricomycetes_Agaricales_Amanitaceae_Amanita_jacksonii\f4246341-50c6-4b35-b6fd-351d33467b9f.jpg,261,379,379 350 402 403 407,0.03724445258120544
data\raw\val\05493_Fungi_Basidiomycota_Agaricomycetes_Agaricales_Amanitaceae_Amanita_jacksonii\8b333831-1fb4-481c-a55c-3836d86df26c.jpg,261,287,287 490 262 308 363,0.02677220908325282
data\raw\val\05493_Fungi_Basidiomycota_Agaricomycetes_Agaricales_Amanitaceae_Amanita_jacksonii\0baba4f0-8b85-4cc7-8677-b3d744fb65df.jpg,261,272,272 433 443 258 406,0.026983362163789843
data\raw\val\05567_Fungi_Basidiomycota_Agaricomycetes_Agaricales_Psathyrellaceae_Coprinopsis_variegata\d72696e9-9bc6-4259-9121-c4b48da34c11.jpg,262,337,337 190 369 325 314,0.018593494916135846
data\raw\val\05567_Fungi_Basidiomycota_Agaricomycetes_Agaricales_Psathyrellaceae_Coprinopsis_variegata\cf3a1ad6-5640-4c5f-bb85-a8e2fdfb67c0.jpg,262,261,261 266 265 440 262,0.014049832740864333
data\raw\val\05567_Fungi_Basidiomycota_Agaricomycetes_Agaricales_Psathyrellaceae_Coprinopsis_variegata\6aef42af-466c-4c74-86db-73392056f6ce.jpg,262,262,262 258 264 9 265,0.03731866626685589
data\raw\val\05567_Fungi_Basidiomycota_Agaricomycetes_Agaricales_Psathyrellaceae_Coprinopsis_variegata\bb882f47-1b29-4fb9-b06c-2c8f63c2d743.jpg,262,443,443 258 424 262 472,0.05913606324505474
data\raw\val\05567_Fungi_Basidiomycota_Agaricomycetes_Agaricales_Psathyrellaceae_Coprinopsis_variegata\e0d93410-d69b-40d5-9c58-e4474512091a.jpg,262,310,310 345 408 412 453,0.029390743409554856
data\raw\val\05567_Fungi_Basidiomycota_Agaricomycetes_Agaricales_Psathyrellaceae_Coprinopsis_variegata\5fbc1918-6464-4120-918b-5ef0549ba169.jpg,262,443,443 262 264 248 123,0.03939643147658889
data\raw\val\05567_Fungi_Basidiomycota_Agaricomycetes_Agaricales_Psathyrellaceae_Coprinopsis_variegata\51399753-2404-4b53-9892-f260e9cb5822.jpg,262,268,268 262 272 260 223,0.1300845658412114
data\raw\val\05567_Fungi_Basidiomycota_Agaricomycetes_Agaricales_Psathyrellaceae_Coprinopsis_variegata\bd5cadce-29fd-4755-9122-dc105e94eab9.jpg,262,262,262 258 90 70 9,0.01893217705713298
data\raw\val\05567_Fungi_Basidiomycota_Agaricomycetes_Agaricales_Psathyrellaceae_Coprinopsis_variegata\2bf70fb0-8027-4556-a8a5-a4638356a5dd.jpg,262,212,212 270 87 271 96,0.0443362821380782
data\raw\val\05567_Fungi_Basidiomycota_Agaricomycetes_Agaricales_Psathyrellaceae_Coprinopsis_variegata\8f153736-6a5d-43d2-a597-b9b0d107447a.jpg,262,423,423 375 459 458 309,0.014720450468485795
data\raw\val\05570_Fungi_Basidiomycota_Agaricomycetes_Agaricales_Psathyrellaceae_Panaeolus_foenisecii\25b54681-eb92-4825-a689-c9077ac5b48c.jpg,263,260,260 267 293 308 364,0.02716724203156839
data\raw\val\05570_Fungi_Basidiomycota_Agaricomycetes_Agaricales_Psathyrellaceae_Panaeolus_foenisecii\b23e326d-09e4-46ad-9f6e-5607acfeda89.jpg,263,263,263 410 388 299 402,0.04367328614168343
data\raw\val\05570_Fungi_Basidiomycota_Agaricomycetes_Agaricales_Psathyrellaceae_Panaeolus_foenisecii\60cc3cd8-fa92-443c-a113-8c58ae0c0940.jpg,263,373,373 263 408 26 285,0.03260899455778995
data\raw\val\05570_Fungi_Basidiomycota_Agaricomycetes_Agaricales_Psathyrellaceae_Panaeolus_foenisecii\56b624a1-0f41-4013-b0d7-b2a5993b1b00.jpg,263,324,324 263 408 406 307,0.024890612779489164
data\raw\val\05570_Fungi_Basidiomycota_Agaricomycetes_Agaricales_Psathyrellaceae_Panaeolus_foenisecii\0ba2123b-25f2-402a-bd1e-768842d72720.jpg,263,263,263 289 265 304 374,0.0459852650244272
data\raw\val\05570_Fungi_Basidiomycota_Agaricomycetes_Agaricales_Psathyrellaceae_Panaeolus_foenisecii\65382b03-eb22-4d4f-a7c1-efc0ac32aa71.jpg,263,263,263 454 96 406 43,0.01668457193367838
data\raw\val\05570_Fungi_Basidiomycota_Agaricomycetes_Agaricales_Psathyrellaceae_Panaeolus_foenisecii\ae5537f6-cfcf-4c20-82d7-5f9ecda05345.jpg,263,412,412 285 28 443 410,0.02136105216337786
data\raw\val\05570_Fungi_Basidiomycota_Agaricomycetes_Agaricales_Psathyrellaceae_Panaeolus_foenisecii\93d97caa-5840-4ed4-9126-542968df47e6.jpg,263,289,289 308 459 263 374,0.027824040663250352
data\raw\val\05570_Fungi_Basidiomycota_Agaricomycetes_Agaricales_Psathyrellaceae_Panaeolus_foenisecii\5687fecc-fa49-4510-ae88-ee42dde153cf.jpg,263,62,62 260 125 133 251,0.011031725974174643
data\raw\val\05570_Fungi_Basidiomycota_Agaricomycetes_Agaricales_Psathyrellaceae_Panaeolus_foenisecii\c4e2617e-03a0-410f-862c-ce081edfb387.jpg,263,27,27 42 53 40 152,0.04611326614666959
data\raw\val\05574_Fungi_Basidiomycota_Agaricomycetes_Agaricales_Schizophyllaceae_Schizophyllum_commune\fe475526-2101-44d3-a56c-8fbf9d43dbd6.jpg,264,379,379 361 190 343 419,0.02125626617786701
data\raw\val\05574_Fungi_Basidiomycota_Agaricomycetes_Agaricales_Schizophyllaceae_Schizophyllum_commune\b855fe08-7b6d-4da2-aeef-507a1a5f02c5.jpg,264,363,363 233 272 293 435,0.019607023807834266
data\raw\val\05574_Fungi_Basidiomycota_Agaricomycetes_Agaricales_Schizophyllaceae_Schizophyllum_commune\90728d58-8238-44c6-aab0-e74fe60ce7b9.jpg,264,462,462 473 470 343 396,0.021527353577356897
data\raw\val\05574_Fungi_Basidiomycota_Agaricomycetes_Agaricales_Schizophyllaceae_Schizophyllum_commune\472d45ac-f936-4bb7-9af2-75b7ef96e2a1.jpg,264,93,93 44 1 17 86,0.019720082599064208
data\raw\val\05574_Fungi_Basidiomycota_Agaricomycetes_Agaricales_Schizophyllaceae_Schizophyllum_commune\c451cf57-a03e-4896-8abf-6c1176d4c903.jpg,264,168,168 397 436 400 399,0.01387633593348967
data\raw\val\05574_Fungi_Basidiomycota_Agaricomycetes_Agaricales_Schizophyllaceae_Schizophyllum_commune\f7ea0da9-ac7b-4b8b-8633-46e022afbaf1.jpg,264,259,259 116 218 191 192,0.008040660627520794
data\raw\val\05574_Fungi_Basidiomycota_Agaricomycetes_Agaricales_Schizophyllaceae_Schizophyllum_commune\20c1b31c-a7e2-4ceb-83cf-a8fbe5f22f03.jpg,264,262,262 422 243 480 272,0.039431806162270405
data\raw\val\05574_Fungi_Basidiomycota_Agaricomycetes_Agaricales_Schizophyllaceae_Schizophyllum_commune\791ec3b7-6da3-4217-9960-7e73dff8aa7b.jpg,264,0,0 1 302 184 165,0.027061800594669148
data\raw\val\05574_Fungi_Basidiomycota_Agaricomycetes_Agaricales_Schizophyllaceae_Schizophyllum_commune\0661a869-0010-4463-84f9-4b85a8effa30.jpg,264,261,261 443 97 258 262,0.011478245120204272
data\raw\val\05574_Fungi_Basidiomycota_Agaricomycetes_Agaricales_Schizophyllaceae_Schizophyllum_commune\ba7062c9-afa4-4ab4-a977-c3d82857e91e.jpg,264,399,399 435 467 395 490,0.026804117245447685
data\raw\val\05576_Fungi_Basidiomycota_Agaricomycetes_Agaricales_Strophariaceae_Agrocybe_praecox\6d6a360e-d854-46c5-8cc1-13a9ee36d0a9.jpg,265,498,498 375 376 491 262,0.02768552666913756
data\raw\val\05576_Fungi_Basidiomycota_Agaricomycetes_Agaricales_Strophariaceae_Agrocybe_praecox\6a93bca1-66be-4bad-99ef-3e783310c285.jpg,265,261,261 447 265 450 374,0.03195680196119474
data\raw\val\05576_Fungi_Basidiomycota_Agaricomycetes_Agaricales_Strophariaceae_Agrocybe_praecox\97ec8b55-9089-487c-b205-b79132d8dd6c.jpg,265,218,218 10 116 192 87,0.012291960322728532
data\raw\val\05576_Fungi_Basidiomycota_Agaricomycetes_Agaricales_Strophariaceae_Agrocybe_praecox\0aee7454-db33-4a51-9c86-9a0b6186930c.jpg,265,141,141 66 96 196 231,0.01884953536733292
data\raw\val\05576_Fungi_Basidiomycota_Agaricomycetes_Agaricales_Strophariaceae_Agrocybe_praecox\5a0a168d-0c25-4d3a-b043-73166da96512.jpg,265,268,268 36 343 407 304,0.029144553576127136
data\raw\val\05576_Fungi_Basidiomycota_Agaricomycetes_Agaricales_Strophariaceae_Agrocybe_praecox\1f7aac1d-9c72-4d6e-9280-bf8812c51a3a.jpg,265,61,61 166 79 55 56,0.023864339965702645
data\raw\val\05576_Fungi_Basidiomycota_Agaricomycetes_Agaricales_Strophariaceae_Agrocybe_praecox\c7d20a21-a5b2-4d31-9511-f768fdbb2795.jpg,265,123,123 130 265 15 264,0.010792865604404152
data\raw\val\05576_Fungi_Basidiomycota_Agaricomycetes_Agaricales_Strophariaceae_Agrocybe_praecox\d85b70c6-d891-49b5-9f05-b147b18c6c41.jpg,265,412,412 443 464 407 285,0.051689264576606525
data\raw\val\05576_Fungi_Basidiomycota_Agaricomycetes_Agaricales_Strophariaceae_Agrocybe_praecox\d46f8f16-f856-4c8a-ad26-5f7d6aeea723.jpg,265,265,265 261 266 262 292,0.016797194115489498
data\raw\val\05576_Fungi_Basidiomycota_Agaricomycetes_Agaricales_Strophariaceae_Agrocybe_praecox\07952186-e53d-434d-aa06-68b3cd96d443.jpg,265,265,265 223 261 266 258,0.05031531362343289
data\raw\val\05580_Fungi_Basidiomycota_Agaricomycetes_Agaricales_Strophariaceae_Hypholoma_lateritium\8256b7f2-fd4b-4dec-8b8c-e94820336319.jpg,266,262,262 266 460 434 261,0.029403889418224378
data\raw\val\05580_Fungi_Basidiomycota_Agaricomycetes_Agaricales_Strophariaceae_Hypholoma_lateritium\975785cd-64b3-4f4e-bca4-0eb1e72e18b8.jpg,266,412,412 464 474 310 263,0.025934605197269717
data\raw\val\05580_Fungi_Basidiomycota_Agaricomycetes_Agaricales_Strophariaceae_Hypholoma_lateritium\8abea79e-3aa1-4118-94cf-cef65815740a.jpg,266,343,343 83 409 90 36,0.014754910254350953
data\raw\val\05580_Fungi_Basidiomycota_Agaricomycetes_Agaricales_Strophariaceae_Hypholoma_lateritium\ca2a9f23-7e1b-4a26-a024-0def1cdd25f7.jpg,266,270,270 153 22 145 13,0.023461552935984925
data\raw\val\05580_Fungi_Basidiomycota_Agaricomycetes_Agaricales_Strophariaceae_Hypholoma_lateritium\19336ddb-c1af-4f14-b179-3dc8c8e02456.jpg,266,266,266 354 356 268 265,0.02665119757832098
data\raw\val\05580_Fungi_Basidiomycota_Agaricomycetes_Agaricales_Strophariaceae_Hypholoma_lateritium\d8bd6f65-21b0-4a91-a32a-c02219584413.jpg,266,278,278 459 284 496 223,0.02762919469945816
data\raw\val\05580_Fungi_Basidiomycota_Agaricomycetes_Agaricales_Strophariaceae_Hypholoma_lateritium\4609bea8-420c-4daa-af01-a7d09fa5cbb6.jpg,266,443,443 474 450 288 261,0.014178590017946864
data\raw\val\05580_Fungi_Basidiomycota_Agaricomycetes_Agaricales_Strophariaceae_Hypholoma_lateritium\0d2ee657-711a-4c2c-bc15-511cc9f06b04.jpg,266,311,311 123 14 265 434,0.02356222476472516
data\raw\val\05580_Fungi_Basidiomycota_Agaricomycetes_Agaricales_Strophariaceae_Hypholoma_lateritium\bbc5ecc2-5a64-4ef2-82f1-dd4b5cfa8f99.jpg,266,86,86 231 456 197 93,0.02755516033552006
data\raw\val\05580_Fungi_Basidiomycota_Agaricomycetes_Agaricales_Strophariaceae_Hypholoma_lateritium\59d6c4be-47c5-4f00-bf81-c3cba4b03345.jpg,266,311,311 443 383 474 310,0.043657638011774656
data\raw\val\05601_Fungi_Basidiomycota_Agaricomycetes_Boletales_Boletaceae_Imleria_badia\ecf23a37-dcf8-4155-b951-886cefe306be.jpg,267,273,273 318 287 490 361,0.028813404876238662
data\raw\val\05601_Fungi_Basidiomycota_Agaricomycetes_Boletales_Boletaceae_Imleria_badia\f9ceeb95-ef95-4221-a9b6-066d840c2851.jpg,267,190,190 89 429 445 261,0.007491135845559812
data\raw\val\05601_Fungi_Basidiomycota_Agaricomycetes_Boletales_Boletaceae_Imleria_badia\522a5032-54a0-494e-923c-2091e31ab848.jpg,267,261,261 288 271 262 267,0.013560014973224992
data\raw\val\05601_Fungi_Basidiomycota_Agaricomycetes_Boletales_Boletaceae_Imleria_badia\6f56a3f8-c9d1-492c-8b4c-dcce1810c4a8.jpg,267,267,267 420 442 299 363,0.020881762346186536
data\raw\val\05601_Fungi_Basidiomycota_Agaricomycetes_Boletales_Boletaceae_Imleria_badia\e8d0cceb-a280-448b-b427-18b8f50e4545.jpg,267,276,276 130 333 123 419,0.011994883603183754
data\raw\val\05601_Fungi_Basidiomycota_Agaricomycetes_Boletales_Boletaceae_Imleria_badia\5948fbbc-4ce7-45b8-98bf-c51e01534d67.jpg,267,266,266 265 262 440 307,0.023429086242592073
data\raw\val\05601_Fungi_Basidiomycota_Agaricomycetes_Boletales_Boletaceae_Imleria_badia\15596367-b5b2-4261-ac5e-c9a1c571563a.jpg,267,403,403 378 273 377 388,0.0305876924897826
data\raw\val\05601_Fungi_Basidiomycota_Agaricomycetes_Boletales_Boletaceae_Imleria_badia\086d41d6-658e-4f86-9960-c2f877074127.jpg,267,222,222 266 358 264 85,0.009905312164434868
data\raw\val\05601_Fungi_Basidiomycota_Agaricomycetes_Boletales_Boletaceae_Imleria_badia\dffa3e5b-e649-47bb-b735-c5c1735a6aaa.jpg,267,285,285 289 142 298 297,0.02609987579960203
data\raw\val\05601_Fungi_Basidiomycota_Agaricomycetes_Boletales_Boletaceae_Imleria_badia\be9402f7-f730-4d9f-98be-c64a8d73b302.jpg,267,267,267 465 353 354 490,0.034968479386010644
data\raw\val\05613_Fungi_Basidiomycota_Agaricomycetes_Boletales_Sclerodermataceae_Scleroderma_citrinum\a2c8c7ac-2b8a-476d-aba0-28bd319f76c4.jpg,268,268,268 49 46 137 99,0.10854389428307186
data\raw\val\05613_Fungi_Basidiomycota_Agaricomycetes_Boletales_Sclerodermataceae_Scleroderma_citrinum\8c119389-1b66-47a9-9714-78c2bedc56f8.jpg,268,268,268 137 80 74 247,0.21787422799173
data\raw\val\05613_Fungi_Basidiomycota_Agaricomycetes_Boletales_Sclerodermataceae_Scleroderma_citrinum\59c8d51a-21ce-42e5-8faa-c208a99a121a.jpg,268,90,90 433 85 483 92,0.011685894859083876
data\raw\val\05613_Fungi_Basidiomycota_Agaricomycetes_Boletales_Sclerodermataceae_Scleroderma_citrinum\a4c7bdd6-364c-4658-825e-41ef6261539b.jpg,268,257,257 274 255 492 256,0.03731002148706169
data\raw\val\05613_Fungi_Basidiomycota_Agaricomycetes_Boletales_Sclerodermataceae_Scleroderma_citrinum\b35f2290-d150-4d07-8474-a2edab5309c6.jpg,268,268,268 74 238 73 137,0.059531143010061495
data\raw\val\05613_Fungi_Basidiomycota_Agaricomycetes_Boletales_Sclerodermataceae_Scleroderma_citrinum\7c4f2ea9-81f4-4932-b886-d116b88294c9.jpg,268,271,271 265 258 235 268,0.04537455669439568
data\raw\val\05613_Fungi_Basidiomycota_Agaricomycetes_Boletales_Sclerodermataceae_Scleroderma_citrinum\c7a88270-41db-4f00-873c-928bd453133b.jpg,268,268,268 70 248 90 22,0.16192250605803987
data\raw\val\05613_Fungi_Basidiomycota_Agaricomycetes_Boletales_Sclerodermataceae_Scleroderma_citrinum\3bc303c6-3a9b-432e-bb2b-b56723e60100.jpg,268,268,268 240 234 432 342,0.021098815946629507
data\raw\val\05613_Fungi_Basidiomycota_Agaricomycetes_Boletales_Sclerodermataceae_Scleroderma_citrinum\4f5ac7b9-bff4-45e9-b3ea-fff98d23dc07.jpg,268,268,268 137 405 74 248,0.24240617119708688
data\raw\val\05613_Fungi_Basidiomycota_Agaricomycetes_Boletales_Sclerodermataceae_Scleroderma_citrinum\9b11ff96-57cf-467a-b22a-bd0c7a299ae0.jpg,268,240,240 498 425 314 226,0.013012974040614883
data\raw\val\05635_Fungi_Basidiomycota_Agaricomycetes_Hymenochaetales_Hymenochaetaceae_Inonotus_obliquus\3d036ed2-63fd-479a-952f-afae1187120c.jpg,269,269,269 393 349 240 436,0.025968780157838028
data\raw\val\05635_Fungi_Basidiomycota_Agaricomycetes_Hymenochaetales_Hymenochaetaceae_Inonotus_obliquus\62c56adf-a4d3-4b6a-8da8-c3a60cea2810.jpg,269,269,269 264 270 9 24,0.11109328733326992
data\raw\val\05635_Fungi_Basidiomycota_Agaricomycetes_Hymenochaetales_Hymenochaetaceae_Inonotus_obliquus\77621cc0-2d91-47a0-8415-872b46037f60.jpg,269,22,22 13 269 14 8,0.02055201416727038
data\raw\val\05635_Fungi_Basidiomycota_Agaricomycetes_Hymenochaetales_Hymenochaetaceae_Inonotus_obliquus\3803ad82-9fe5-4d2c-9a0d-1d12a7729171.jpg,269,413,413 497 227 391 124,0.030466142300181034
data\raw\val\05635_Fungi_Basidiomycota_Agaricomycetes_Hymenochaetales_Hymenochaetaceae_Inonotus_obliquus\7a4d7f0e-9b7a-4b85-8536-6a76c0761201.jpg,269,275,275 492 497 269 371,0.01995253959292432
data\raw\val\05635_Fungi_Basidiomycota_Agaricomycetes_Hymenochaetales_Hymenochaetaceae_Inonotus_obliquus\007ee79f-9181-40cd-a600-c3fe80848577.jpg,269,319,319 348 302 422 10,0.019699773002792957
data\raw\val\05635_Fungi_Basidiomycota_Agaricomycetes_Hymenochaetales_Hymenochaetaceae_Inonotus_obliquus\ee2f6ea2-01ae-4202-8501-081ee4f33861.jpg,269,269,269 83 144 211 24,0.026600393574505492
data\raw\val\05635_Fungi_Basidiomycota_Agaricomycetes_Hymenochaetales_Hymenochaetaceae_Inonotus_obliquus\d0703bb3-1847-4d6c-8c0d-ef81496c274b.jpg,269,274,274 487 354 257 256,0.020817087355508995
data\raw\val\05635_Fungi_Basidiomycota_Agaricomycetes_Hymenochaetales_Hymenochaetaceae_Inonotus_obliquus\cda4ab3f-b015-430a-aaf5-5c71913e368d.jpg,269,256,256 257 480 354 24,0.023452661551292844
data\raw\val\05635_Fungi_Basidiomycota_Agaricomycetes_Hymenochaetales_Hymenochaetaceae_Inonotus_obliquus\1c955ae3-2808-409b-8646-d621a0535d13.jpg,269,269,269 348 349 422 227,0.03303025224073289
data\raw\val\05672_Fungi_Basidiomycota_Agaricomycetes_Polyporales_Phanerochaetaceae_Climacodon_septentrionalis\7a826dc1-06be-42cd-828b-a380f62b3a08.jpg,270,270,270 456 191 192 212,0.02410262743250525
data\raw\val\05672_Fungi_Basidiomycota_Agaricomycetes_Polyporales_Phanerochaetaceae_Climacodon_septentrionalis\eae3c544-6709-47a3-a465-e4ef60766008.jpg,270,270,270 209 435 393 222,0.0239216054638997
data\raw\val\05672_Fungi_Basidiomycota_Agaricomycetes_Polyporales_Phanerochaetaceae_Climacodon_septentrionalis\f518f425-08bf-4cd4-a9d5-e0cf1d43a693.jpg,270,393,393 360 475 399 434,0.027268643875678303
data\raw\val\05672_Fungi_Basidiomycota_Agaricomycetes_Polyporales_Phanerochaetaceae_Climacodon_septentrionalis\0f4b7d0c-03c2-4bad-8fe0-ac8d4a11d1da.jpg,270,264,264 262 270 439 272,0.04635809967272555
data\raw\val\05672_Fungi_Basidiomycota_Agaricomycetes_Polyporales_Phanerochaetaceae_Climacodon_septentrionalis\05a08bcf-0a30-4c84-a48c-e1bb97ec44ba.jpg,270,188,188 191 475 210 192,0.03848148009762396
data\raw\val\05672_Fungi_Basidiomycota_Agaricomycetes_Polyporales_Phanerochaetaceae_Climacodon_septentrionalis\b390f0ad-beb9-4aad-9cf4-98debac9c57d.jpg,270,262,262 434 357 269 266,0.01849818739707644
data\raw\val\05672_Fungi_Basidiomycota_Agaricomycetes_Polyporales_Phanerochaetaceae_Climacodon_septentrionalis\9ee76464-2afd-403c-bfb6-1feecf957690.jpg,270,152,152 147 148 133 172,0.027935265259358317
data\raw\val\05672_Fungi_Basidiomycota_Agaricomycetes_Polyporales_Phanerochaetaceae_Climacodon_septentrionalis\cceee027-df1d-46ea-a0f2-3b79ab681afb.jpg,270,440,440 393 488 397 395,0.021583867371507793
data\raw\val\05672_Fungi_Basidiomycota_Agaricomycetes_Polyporales_Phanerochaetaceae_Climacodon_septentrionalis\49fde859-f5ef-4dfd-baf2-2cbd199541a0.jpg,270,270,270 278 192 207 210,0.0760722314706703
data\raw\val\05672_Fungi_Basidiomycota_Agaricomycetes_Polyporales_Phanerochaetaceae_Climacodon_septentrionalis\dc0c0e8f-1add-4614-a164-691846b6306e.jpg,270,270,270 269 192 218 156,0.08664572122781715
data\raw\val\05684_Fungi_Basidiomycota_Agaricomycetes_Polyporales_Polyporaceae_Lentinus_arcularius\56d51577-ee64-4e91-9880-46f3c377296f.jpg,271,268,268 326 331 324 229,0.015486903522261206
data\raw\val\05684_Fungi_Basidiomycota_Agaricomycetes_Polyporales_Polyporaceae_Lentinus_arcularius\451637d0-3217-444c-8324-d7f0c099ad14.jpg,271,92,92 351 423 86 342,0.011671494623084012
data\raw\val\05684_Fungi_Basidiomycota_Agaricomycetes_Polyporales_Polyporaceae_Lentinus_arcularius\ff3fdc34-b1dd-4f55-b693-0423eb1262e2.jpg,271,32,32 15 133 47 125,0.012112645862385986
data\raw\val\05684_Fungi_Basidiomycota_Agaricomycetes_Polyporales_Polyporaceae_Lentinus_arcularius\828c83eb-8f47-4a90-8c80-7712d02f953e.jpg,271,245,245 141 34 104 264,0.01010156810825068
data\raw\val\05684_Fungi_Basidiomycota_Agaricomycetes_Polyporales_Polyporaceae_Lentinus_arcularius\6b955bf6-60d1-4315-ae91-99a295599d73.jpg,271,422,422 370 342 190 417,0.01645183169746
data\raw\val\05684_Fungi_Basidiomycota_Agaricomycetes_Polyporales_Polyporaceae_Lentinus_arcularius\98cb7731-21e7-4697-a87a-f20c1344ffb1.jpg,271,271,271 144 91 346 140,0.0064098124993899235
data\raw\val\05684_Fungi_Basidiomycota_Agaricomycetes_Polyporales_Polyporaceae_Lentinus_arcularius\ccaa8a9b-3686-4603-ab15-d659b085522c.jpg,271,369,369 363 222 367 323,0.01532923140088585
data\raw\val\05684_Fungi_Basidiomycota_Agaricomycetes_Polyporales_Polyporaceae_Lentinus_arcularius\8d5a5519-2e52-47ae-a64e-be304f5d56a3.jpg,271,239,239 121 115 192 116,0.03908655561345963
data\raw\val\05684_Fungi_Basidiomycota_Agaricomycetes_Polyporales_Polyporaceae_Lentinus_arcularius\5ba47348-6413-46b9-ab6b-9287105b9875.jpg,271,264,264 401 259 91 85,0.023812649161537275
data\raw\val\05684_Fungi_Basidiomycota_Agaricomycetes_Polyporales_Polyporaceae_Lentinus_arcularius\91262cda-104f-417a-940d-b4672d2a5624.jpg,271,272,272 363 405 457 233,0.04260710876237676
data\raw\val\05696_Fungi_Basidiomycota_Agaricomycetes_Polyporales_Sparassidaceae_Sparassis_spathulata\e4fb26df-8d91-44cd-8718-86a771146c5a.jpg,272,260,260 272 403 372 281,0.025241311690107956
data\raw\val\05696_Fungi_Basidiomycota_Agaricomycetes_Polyporales_Sparassidaceae_Sparassis_spathulata\6f9183aa-469d-4e82-9163-316e08b17688.jpg,272,365,365 492 9 497 422,0.02293831052860556
data\raw\val\05696_Fungi_Basidiomycota_Agaricomycetes_Polyporales_Sparassidaceae_Sparassis_spathulata\7312a3cc-0409-4fa6-8a5b-e0ec7ece5a56.jpg,272,270,270 264 14 436 474,0.027847415219412013
data\raw\val\05696_Fungi_Basidiomycota_Agaricomycetes_Polyporales_Sparassidaceae_Sparassis_spathulata\1f90e609-b3ec-4a84-a387-0de046c21cb8.jpg,272,272,272 443 482 464 261,0.12676388419736692
data\raw\val\05696_Fungi_Basidiomycota_Agaricomycetes_Polyporales_Sparassidaceae_Sparassis_spathulata\1121c3e7-9b03-49c5-8e61-f4be6507e888.jpg,272,177,177 215 212 349 318,0.011859441904664944
data\raw\val\05696_Fungi_Basidiomycota_Agaricomycetes_Polyporales_Sparassidaceae_Sparassis_spathulata\95e612fd-bd39-4b46-9d5c-a7343a9cf968.jpg,272,343,343 90 345 443 68,0.02142241228614047
data\raw\val\05696_Fungi_Basidiomycota_Agaricomycetes_Polyporales_Sparassidaceae_Sparassis_spathulata\fc445ad4-c8a9-4b69-b6a6-4c4769b62ee7.jpg,272,439,439 272 262 471 312,0.04039080957778846
data\raw\val\05696_Fungi_Basidiomycota_Agaricomycetes_Polyporales_Sparassidaceae_Sparassis_spathulata\a0e09314-c3fd-457d-a67f-5ba90d7148ea.jpg,272,272,272 443 258 37 472,0.038007897018378214
data\raw\val\05696_Fungi_Basidiomycota_Agaricomycetes_Polyporales_Sparassidaceae_Sparassis_spathulata\70743ff9-6b2a-4679-8afe-5ca2f86f0d4e.jpg,272,272,272 308 402 337 491,0.0696345024471129
data\raw\val\05696_Fungi_Basidiomycota_Agaricomycetes_Polyporales_Sparassidaceae_Sparassis_spathulata\48f62fe3-3511-4117-a93b-29f0e953e13c.jpg,272,492,492 490 262 489 255,0.026790909744435314
data\raw\val\05746_Plantae_Bryophyta_Bryopsida_Hypnales_Hylocomiaceae_Pleurozium_schreberi\2a12339c-82e7-4969-824a-c19bf313e629.jpg,273,265,265 441 279 177 292,0.009286372964882153
data\raw\val\05746_Plantae_Bryophyta_Bryopsida_Hypnales_Hylocomiaceae_Pleurozium_schreberi\6e38ea49-9951-41e7-8da3-e1b3162379c9.jpg,273,379,379 327 333 366 281,0.0211937973394773
data\raw\val\05746_Plantae_Bryophyta_Bryopsida_Hypnales_Hylocomiaceae_Pleurozium_schreberi\853624bb-4425-424f-afe6-83bdbe4ed4f8.jpg,273,273,273 288 369 282 324,0.029720296390040247
data\raw\val\05746_Plantae_Bryophyta_Bryopsida_Hypnales_Hylocomiaceae_Pleurozium_schreberi\7dc5bb9c-5562-4e4e-a48e-6744c5be9de1.jpg,273,193,193 194 146 183 186,0.016965146589375493
data\raw\val\05746_Plantae_Bryophyta_Bryopsida_Hypnales_Hylocomiaceae_Pleurozium_schreberi\7c0b4ebd-ca6e-48f7-b568-5f01b7414a10.jpg,273,273,273 318 279 377 333,0.05417558681732628
data\raw\val\05746_Plantae_Bryophyta_Bryopsida_Hypnales_Hylocomiaceae_Pleurozium_schreberi\af9cc9ef-1bb2-4d0f-8515-d8728e102174.jpg,273,273,273 275 314 361 321,0.10116880407607828
data\raw\val\05746_Plantae_Bryophyta_Bryopsida_Hypnales_Hylocomiaceae_Pleurozium_schreberi\cbe5a36c-cf62-4509-8f58-ee8b5401bc4c.jpg,273,281,281 273 403 377 279,0.06720595960663527
data\raw\val\05746_Plantae_Bryophyta_Bryopsida_Hypnales_Hylocomiaceae_Pleurozium_schreberi\9b11fca7-09e0-4248-8672-90cdb3b8d8cf.jpg,273,353,353 299 285 388 444,0.02779526329572157
data\raw\val\05746_Plantae_Bryophyta_Bryopsida_Hypnales_Hylocomiaceae_Pleurozium_schreberi\31123d96-e7ae-44bf-aede-739c2a6ce75a.jpg,273,273,273 343 410 324 308,0.12774864808746395
data\raw\val\05746_Plantae_Bryophyta_Bryopsida_Hypnales_Hylocomiaceae_Pleurozium_schreberi\2c451f4f-408d-44d7-b63a-2c830dcfab30.jpg,273,333,333 318 316 324 379,0.03094107522099371
data\raw\val\05765_Plantae_Chlorophyta_Ulvophyceae_Cladophorales_Cladophoraceae_Cladophora_columbiana\b90cce06-b4b1-4607-8d34-a1443e0ba91f.jpg,274,274,274 354 246 487 255,0.14446907457848515
data\raw\val\05765_Plantae_Chlorophyta_Ulvophyceae_Cladophorales_Cladophoraceae_Cladophora_columbiana\f8b15262-9ab5-48fd-a2d4-0394074af07c.jpg,274,274,274 354 489 487 492,0.1008217341072012
data\raw\val\05765_Plantae_Chlorophyta_Ulvophyceae_Cladophorales_Cladophoraceae_Cladophora_columbiana\5b743bad-f121-4449-bfa1-87d60779265c.jpg,274,344,344 457 257 438 451,0.029507398866800278
data\raw\val\05765_Plantae_Chlorophyta_Ulvophyceae_Cladophorales_Cladophoraceae_Cladophora_columbiana\cd391c9b-f219-487a-9fac-75d7bf549ed7.jpg,274,274,274 413 486 487 269,0.06697683138589837
data\raw\val\05765_Plantae_Chlorophyta_Ulvophyceae_Cladophorales_Cladophoraceae_Cladophora_columbiana\08b721eb-2d7d-4dbc-be0d-7d8fdf1a54f1.jpg,274,269,269 144 311 218 211,0.019364552056038393
data\raw\val\05765_Plantae_Chlorophyta_Ulvophyceae_Cladophorales_Cladophoraceae_Cladophora_columbiana\ebda73a7-5165-4ced-b993-1f3a5ab9563c.jpg,274,134,134 274 488 244 398,0.023202055713011694
data\raw\val\05765_Plantae_Chlorophyta_Ulvophyceae_Cladophorales_Cladophoraceae_Cladophora_columbiana\1433202a-0793-481d-80b6-8179a47dbac6.jpg,274,344,344 354 224 329 409,0.02120323796049827
data\raw\val\05765_Plantae_Chlorophyta_Ulvophyceae_Cladophorales_Cladophoraceae_Cladophora_columbiana\56a8551d-57c0-4c13-b208-e5acc824f888.jpg,274,274,274 347 257 24 424,0.09208924631666067
data\raw\val\05765_Plantae_Chlorophyta_Ulvophyceae_Cladophorales_Cladophoraceae_Cladophora_columbiana\ac0fabb7-cb1f-4d2b-9edf-d2a56309d66f.jpg,274,246,246 274 255 424 249,0.020161094515420707
data\raw\val\05765_Plantae_Chlorophyta_Ulvophyceae_Cladophorales_Cladophoraceae_Cladophora_columbiana\ed1cc867-61ba-4435-971c-8f140f26a01d.jpg,274,479,479 399 201 487 394,0.02202125856271813
data\raw\val\05768_Plantae_Marchantiophyta_Jungermanniopsida_Jungermanniales_Lepidoziaceae_Bazzania_trilobata\0662d38a-e6d4-4ae0-801a-5802fd696693.jpg,275,424,424 398 329 70 430,0.045438714537046995
data\raw\val\05768_Plantae_Marchantiophyta_Jungermanniopsida_Jungermanniales_Lepidoziaceae_Bazzania_trilobata\d0216f1b-4763-458b-8322-914ae41790b4.jpg,275,275,275 369 363 442 394,0.07211697896919184
data\raw\val\05768_Plantae_Marchantiophyta_Jungermanniopsida_Jungermanniales_Lepidoziaceae_Bazzania_trilobata\f007e889-efdf-4e3e-a7a7-0ff05a496bf2.jpg,275,275,275 369 442 287 418,0.024924886199670978
data\raw\val\05768_Plantae_Marchantiophyta_Jungermanniopsida_Jungermanniales_Lepidoziaceae_Bazzania_trilobata\d4c5550a-f5c0-450e-a522-9c39ad68cce1.jpg,275,275,275 366 452 365 468,0.13871890412520899
data\raw\val\05768_Plantae_Marchantiophyta_Jungermanniopsida_Jungermanniales_Lepidoziaceae_Bazzania_trilobata\bc0a44be-624c-45d3-9db8-b6a1dbb014d1.jpg,275,468,468 275 70 421 365,0.04962377311479196
data\raw\val\05768_Plantae_Marchantiophyta_Jungermanniopsida_Jungermanniales_Lepidoziaceae_Bazzania_trilobata\d8878011-0373-406f-8ce7-61550d337f33.jpg,275,134,134 244 252 274 246,0.10112385131548786
data\raw\val\05768_Plantae_Marchantiophyta_Jungermanniopsida_Jungermanniales_Lepidoziaceae_Bazzania_trilobata\44c6e322-1a29-4818-bbe3-ad310398b8d4.jpg,275,364,364 361 391 480 379,0.02049343396689828
data\raw\val\05768_Plantae_Marchantiophyta_Jungermanniopsida_Jungermanniales_Lepidoziaceae_Bazzania_trilobata\c323c61b-1e21-4fab-ba20-ce4d9eafac59.jpg,275,287,287 490 273 334 275,0.023869038809598474
data\raw\val\05768_Plantae_Marchantiophyta_Jungermanniopsida_Jungermanniales_Lepidoziaceae_Bazzania_trilobata\6bce181c-7acd-40a3-aca8-6cac0c982a33.jpg,275,275,275 460 257 365 421,0.11579429305348776
data\raw\val\05768_Plantae_Marchantiophyta_Jungermanniopsida_Jungermanniales_Lepidoziaceae_Bazzania_trilobata\0d86c764-8158-438e-851f-92f34289bef8.jpg,275,275,275 442 361 281 377,0.03037421124454918
data\raw\val\05779_Plantae_Rhodophyta_Florideophyceae_Gigartinales_Gigartinaceae_Chondrus_crispus\84089d6f-3e14-4093-a7b4-5ebcb2990459.jpg,276,222,222 398 401 478 435,0.01599333298639173
data\raw\val\05779_Plantae_Rhodophyta_Florideophyceae_Gigartinales_Gigartinaceae_Chondrus_crispus\bc61dbf5-1315-42a5-9a9f-e4eaf837be25.jpg,276,274,274 135 489 136 255,0.04852643986279248
data\raw\val\05779_Plantae_Rhodophyta_Florideophyceae_Gigartinales_Gigartinaceae_Chondrus_crispus\5b34993e-9172-47c3-bddf-dfdf8eb52297.jpg,276,361,361 487 371 401 354,0.017233827374560015
data\raw\val\05779_Plantae_Rhodophyta_Florideophyceae_Gigartinales_Gigartinaceae_Chondrus_crispus\29b77be4-963c-45f8-bba6-a65e91273acc.jpg,276,398,398 362 382 452 357,0.024922734429510235
data\raw\val\05779_Plantae_Rhodophyta_Florideophyceae_Gigartinales_Gigartinaceae_Chondrus_crispus\624487e3-0ae3-4133-8497-ff48d4c0073f.jpg,276,157,157 345 250 248 5,0.02525007544411905
data\raw\val\05779_Plantae_Rhodophyta_Florideophyceae_Gigartinales_Gigartinaceae_Chondrus_crispus\5f99d365-88be-4ffd-b34f-490444bbf930.jpg,276,66,66 37 411 462 82,0.022779005064456695
data\raw\val\05779_Plantae_Rhodophyta_Florideophyceae_Gigartinales_Gigartinaceae_Chondrus_crispus\c2a0cde0-8f28-4cfc-8636-6d2c0ecafbbd.jpg,276,238,238 73 237 139 110,0.01543494103965907
data\raw\val\05779_Plantae_Rhodophyta_Florideophyceae_Gigartinales_Gigartinaceae_Chondrus_crispus\48341187-d205-4144-bc93-8b7f950c4390.jpg,276,276,276 132 248 250 245,0.0390625690006749
data\raw\val\05779_Plantae_Rhodophyta_Florideophyceae_Gigartinales_Gigartinaceae_Chondrus_crispus\f53a7539-fb55-44ac-90e0-c05cc12185e0.jpg,276,148,148 137 244 147 18,0.010608055689079621
data\raw\val\05779_Plantae_Rhodophyta_Florideophyceae_Gigartinales_Gigartinaceae_Chondrus_crispus\ca23f96b-5613-47ba-bb7c-f8f2482076dd.jpg,276,274,274 246 230 255 254,0.06547152671549462
data\raw\val\05820_Plantae_Tracheophyta_Liliopsida_Alismatales_Tofieldiaceae_Triantha_glutinosa\fcf4314e-a2d5-40a6-a8a0-ae7e9d6914b3.jpg,277,421,421 315 366 380 323,0.021490036122868948
data\raw\val\05820_Plantae_Tracheophyta_Liliopsida_Alismatales_Tofieldiaceae_Triantha_glutinosa\20c8c76c-722d-4aff-8b94-2d4061d0b785.jpg,277,326,326 267 293 260 112,0.012598981523748968
data\raw\val\05820_Plantae_Tracheophyta_Liliopsida_Alismatales_Tofieldiaceae_Triantha_glutinosa\1b6a7770-f53f-441f-994d-6a08063f6d93.jpg,277,16,16 20 32 19 298,0.008782108002866934
data\raw\val\05820_Plantae_Tracheophyta_Liliopsida_Alismatales_Tofieldiaceae_Triantha_glutinosa\b2a9f058-5795-48cf-a8dc-66461893ab24.jpg,277,328,328 330 387 68 427,0.016536269583251738
data\raw\val\05820_Plantae_Tracheophyta_Liliopsida_Alismatales_Tofieldiaceae_Triantha_glutinosa\85fb03aa-fcbb-485f-b661-ef8149fe5cc9.jpg,277,317,317 410 378 415 419,0.012620894452035914
data\raw\val\05820_Plantae_Tracheophyta_Liliopsida_Alismatales_Tofieldiaceae_Triantha_glutinosa\93f65405-ab5b-4297-884b-bf100f35cbd9.jpg,277,97,97 339 117 427 290,0.016669472730374144
data\raw\val\05820_Plantae_Tracheophyta_Liliopsida_Alismatales_Tofieldiaceae_Triantha_glutinosa\e93e42f0-37bc-4332-8e53-6057656e38f2.jpg,277,374,374 423 404 286 290,0.016624994756132605
data\raw\val\05820_Plantae_Tracheophyta_Liliopsida_Alismatales_Tofieldiaceae_Triantha_glutinosa\24ddb4ac-9afb-4658-b93f-24f300032ccc.jpg,277,374,374 297 289 142 331,0.028078071831196566
data\raw\val\05820_Plantae_Tracheophyta_Liliopsida_Alismatales_Tofieldiaceae_Triantha_glutinosa\aa2cb352-cf92-4caa-b17c-08405cb21fb6.jpg,277,411,411 37 317 390 35,0.054472204088587765
data\raw\val\05820_Plantae_Tracheophyta_Liliopsida_Alismatales_Tofieldiaceae_Triantha_glutinosa\c044e99e-28ff-44ee-a723-8f49e726beae.jpg,277,446,446 289 386 290 291,0.020357833917149338
data\raw\val\05826_Plantae_Tracheophyta_Liliopsida_Arecales_Arecaceae_Phoenix_dactylifera\6b4a6f72-8ccb-475c-9f37-6aa2015b6d7a.jpg,278,278,278 283 284 156 179,0.028663299190577023
data\raw\val\05826_Plantae_Tracheophyta_Liliopsida_Arecales_Arecaceae_Phoenix_dactylifera\f762ee52-c877-436a-b85f-397bcb7a15dd.jpg,278,278,278 486 207 186 188,0.03735889814864197
data\raw\val\05826_Plantae_Tracheophyta_Liliopsida_Arecales_Arecaceae_Phoenix_dactylifera\31958e61-bcc2-4d26-a005-2de968440ac7.jpg,278,278,278 283 428 200 300,0.05702063988677883
data\raw\val\05826_Plantae_Tracheophyta_Liliopsida_Arecales_Arecaceae_Phoenix_dactylifera\2e8e47ed-fff4-43c9-97a9-47ba59e2ccb7.jpg,278,278,278 284 188 204 203,0.04323992650170437
data\raw\val\05826_Plantae_Tracheophyta_Liliopsida_Arecales_Arecaceae_Phoenix_dactylifera\81d3db2f-5654-478f-8899-5c622a743aef.jpg,278,347,347 237 351 242 224,0.0175280103081866
data\raw\val\05826_Plantae_Tracheophyta_Liliopsida_Arecales_Arecaceae_Phoenix_dactylifera\85f6877d-2f26-4933-bc79-49cd47a3a43e.jpg,278,467,467 440 258 280 349,0.018474580477498306
data\raw\val\05826_Plantae_Tracheophyta_Liliopsida_Arecales_Arecaceae_Phoenix_dactylifera\6dd624e0-70a1-4a9d-9454-e525d7b34e85.jpg,278,17,17 32 130 133 125,0.011996641273123361
data\raw\val\05826_Plantae_Tracheophyta_Liliopsida_Arecales_Arecaceae_Phoenix_dactylifera\56dc48b5-6427-4905-b45c-7f7a12a10e5d.jpg,278,278,278 284 188 283 293,0.05175247191671574
data\raw\val\05826_Plantae_Tracheophyta_Liliopsida_Arecales_Arecaceae_Phoenix_dactylifera\afceea7b-cc94-4cb0-ad8b-be018e2bafb1.jpg,278,227,227 280 211 220 218,0.01544382939672399
data\raw\val\05826_Plantae_Tracheophyta_Liliopsida_Arecales_Arecaceae_Phoenix_dactylifera\b24ae3a5-9f6d-4bff-bbe4-485553ca0cfd.jpg,278,476,476 486 376 459 209,0.01364040444201205
data\raw\val\05853_Plantae_Tracheophyta_Liliopsida_Asparagales_Amaryllidaceae_Habranthus_tubispathus\564a3df0-61a8-43a1-8a56-76d00d0cae87.jpg,279,277,277 289 286 446 304,0.024708344879283528
data\raw\val\05853_Plantae_Tracheophyta_Liliopsida_Asparagales_Amaryllidaceae_Habranthus_tubispathus\2b1c6b25-8a5c-48e5-aa12-e6ce7dfd6e93.jpg,279,306,306 380 277 330 337,0.030588954658487214
data\raw\val\05853_Plantae_Tracheophyta_Liliopsida_Asparagales_Amaryllidaceae_Habranthus_tubispathus\77f3fbf6-8360-4c10-8c6d-8ab865f01d64.jpg,279,403,403 285 465 491 263,0.027942335484313126
data\raw\val\05853_Plantae_Tracheophyta_Liliopsida_Asparagales_Amaryllidaceae_Habranthus_tubispathus\f3a404f6-85ac-4ceb-a6fc-e67f3143481e.jpg,279,350,350 491 446 377 402,0.04600617060208649
data\raw\val\05853_Plantae_Tracheophyta_Liliopsida_Asparagales_Amaryllidaceae_Habranthus_tubispathus\2cab2f09-aca0-42d4-a6c0-933933d80070.jpg,279,279,279 333 33 437 409,0.0548100330194496
data\raw\val\05853_Plantae_Tracheophyta_Liliopsida_Asparagales_Amaryllidaceae_Habranthus_tubispathus\51d34197-621f-4d26-ac26-6387498fa6fe.jpg,279,94,94 377 403 392 226,0.015593931011069194
data\raw\val\05853_Plantae_Tracheophyta_Liliopsida_Asparagales_Amaryllidaceae_Habranthus_tubispathus\f76104e5-5532-448c-a7a5-40e5f5cd24e5.jpg,279,408,408 443 332 385 454,0.029683177942836588
data\raw\val\05853_Plantae_Tracheophyta_Liliopsida_Asparagales_Amaryllidaceae_Habranthus_tubispathus\a16ac9b7-3a23-4dae-89cf-d57bdcfa1752.jpg,279,277,277 260 236 128 296,0.013341761005900286
data\raw\val\05853_Plantae_Tracheophyta_Liliopsida_Asparagales_Amaryllidaceae_Habranthus_tubispathus\486bb874-1c9a-4120-afe3-dddbff79d38a.jpg,279,403,403 281 350 402 263,0.04033400237134401
data\raw\val\05853_Plantae_Tracheophyta_Liliopsida_Asparagales_Amaryllidaceae_Habranthus_tubispathus\440a380f-65a3-4a53-8ebd-5a8dfc0f6347.jpg,279,391,391 282 426 322 329,0.017794878153279094
data\raw\val\05875_Plantae_Tracheophyta_Liliopsida_Asparagales_Asparagaceae_Agave_salmiana\2ab6b906-1625-497b-817d-3a8fd70647a9.jpg,280,280,280 428 479 227 212,0.03459703706890908
data\raw\val\05875_Plantae_Tracheophyta_Liliopsida_Asparagales_Asparagaceae_Agave_salmiana\b04b88ca-c652-4c59-8fd2-80701284db19.jpg,280,280,280 236 156 302 393,0.030305683370445976
data\raw\val\05875_Plantae_Tracheophyta_Liliopsida_Asparagales_Asparagaceae_Agave_salmiana\1cbfe6bb-b969-4dc1-b468-50996b318f85.jpg,280,130,130 280 258 141 153,0.01923911684890524
data\raw\val\05875_Plantae_Tracheophyta_Liliopsida_Asparagales_Asparagaceae_Agave_salmiana\bb6185b6-37c2-4565-b63e-9c72745b2a76.jpg,280,434,434 433 440 308 447,0.048786573523143126
data\raw\val\05875_Plantae_Tracheophyta_Liliopsida_Asparagales_Asparagaceae_Agave_salmiana\8c6274b3-5edc-4ee7-a051-667e5a820008.jpg,280,302,302 498 494 436 243,0.015813498125898388
data\raw\val\05875_Plantae_Tracheophyta_Liliopsida_Asparagales_Asparagaceae_Agave_salmiana\a738c1e3-d2e3-4ae5-8ca4-20d66a056198.jpg,280,319,319 182 156 143 178,0.013301461887921473
data\raw\val\05875_Plantae_Tracheophyta_Liliopsida_Asparagales_Asparagaceae_Agave_salmiana\ab8abae6-3167-4ef9-9b34-bae5f17a5bc4.jpg,280,220,220 204 280 153 199,0.011056187201546103
data\raw\val\05875_Plantae_Tracheophyta_Liliopsida_Asparagales_Asparagaceae_Agave_salmiana\cc6bd167-d388-4373-b556-64a7c66d288b.jpg,280,280,280 220 131 218 447,0.030536257593722173
data\raw\val\05875_Plantae_Tracheophyta_Liliopsida_Asparagales_Asparagaceae_Agave_salmiana\15f6a590-2386-4136-bfe0-dee3c2f0d294.jpg,280,311,311 431 361 307 477,0.03256639266165121
data\raw\val\05875_Plantae_Tracheophyta_Liliopsida_Asparagales_Asparagaceae_Agave_salmiana\a117a97d-97e7-4b7c-aa47-01860768243d.jpg,280,240,240 333 325 320 224,0.026373252588329014
data\raw\val\05879_Plantae_Tracheophyta_Liliopsida_Asparagales_Asparagaceae_Asparagus_aethiopicus\ebabe0b7-1e35-4de9-b0ab-14c2593df280.jpg,281,281,281 377 334 279 273,0.04977099080522638
data\raw\val\05879_Plantae_Tracheophyta_Liliopsida_Asparagales_Asparagaceae_Asparagus_aethiopicus\0d5804d2-e5f4-4cf1-9d42-c6baa3fd15d8.jpg,281,325,325 495 466 240 392,0.021215786518184548
data\raw\val\05879_Plantae_Tracheophyta_Liliopsida_Asparagales_Asparagaceae_Asparagus_aethiopicus\0d0d0d7b-7c90-48c3-a9aa-f8a9bdebead1.jpg,281,325,325 333 316 224 340,0.019343644701600902
data\raw\val\05879_Plantae_Tracheophyta_Liliopsida_Asparagales_Asparagaceae_Asparagus_aethiopicus\81007d8b-d912-4dea-888b-9f4701656b0e.jpg,281,285,285 403 303 299 377,0.02046928304390284
data\raw\val\05879_Plantae_Tracheophyta_Liliopsida_Asparagales_Asparagaceae_Asparagus_aethiopicus\f7affdf0-3f57-4929-a2e2-b94a6458d50c.jpg,281,386,386 374 297 385 338,0.019304599245449996
data\raw\val\05879_Plantae_Tracheophyta_Liliopsida_Asparagales_Asparagaceae_Asparagus_aethiopicus\3e04ce8d-b9ae-4628-8d25-545df7da9513.jpg,281,442,442 281 333 461 379,0.02647099781747667
data\raw\val\05879_Plantae_Tracheophyta_Liliopsida_Asparagales_Asparagaceae_Asparagus_aethiopicus\3ce6ed1e-44bd-47db-9572-1d15144fcef7.jpg,281,281,281 263 430 324 444,0.027856819098415947
data\raw\val\05879_Plantae_Tracheophyta_Liliopsida_Asparagales_Asparagaceae_Asparagus_aethiopicus\34b75e2e-41c5-47ad-92ce-74d332e8f2e7.jpg,281,363,363 293 353 354 315,0.02258805397796528
data\raw\val\05879_Plantae_Tracheophyta_Liliopsida_Asparagales_Asparagaceae_Asparagus_aethiopicus\c2dc6154-010f-45de-8427-4fa3fd6ead39.jpg,281,281,281 377 381 350 324,0.06014230920054046
data\raw\val\05879_Plantae_Tracheophyta_Liliopsida_Asparagales_Asparagaceae_Asparagus_aethiopicus\d8886c78-35b1-4e68-bda4-0a1ebd6b2dcd.jpg,281,301,301 491 389 226 338,0.05532070611818103
data\raw\val\05883_Plantae_Tracheophyta_Liliopsida_Asparagales_Asparagaceae_Bloomeria_crocea\b16d43d2-d334-48cb-9eff-3118b7a8a16e.jpg,282,286,286 318 384 282 423,0.03545031887781237
data\raw\val\05883_Plantae_Tracheophyta_Liliopsida_Asparagales_Asparagaceae_Bloomeria_crocea\89f6fc48-0f07-494e-b5ef-ba4d73ba39c6.jpg,282,260,260 20 147 133 386,0.033434562066472065
data\raw\val\05883_Plantae_Tracheophyta_Liliopsida_Asparagales_Asparagaceae_Bloomeria_crocea\a5547ca1-aa90-4a9e-b9cd-b96392c39e84.jpg,282,299,299 282 286 374 378,0.02680582451497693
data\raw\val\05883_Plantae_Tracheophyta_Liliopsida_Asparagales_Asparagaceae_Bloomeria_crocea\1d75f6cc-239e-4adf-8c07-a553ef66437a.jpg,282,282,282 374 336 473 390,0.02942482356971462
data\raw\val\05883_Plantae_Tracheophyta_Liliopsida_Asparagales_Asparagaceae_Bloomeria_crocea\14e5e879-21dc-46c0-bb96-2a306f3e9fc4.jpg,282,323,323 279 318 359 437,0.042331434834950506
data\raw\val\05883_Plantae_Tracheophyta_Liliopsida_Asparagales_Asparagaceae_Bloomeria_crocea\366c6a31-bbee-4914-a686-adc9c67eb6ef.jpg,282,459,459 263 450 338 373,0.02699895424173426
data\raw\val\05883_Plantae_Tracheophyta_Liliopsida_Asparagales_Asparagaceae_Bloomeria_crocea\b393fc35-b5b2-4008-935a-cca9463d5b91.jpg,282,292,292 106 29 207 265,0.019407978925627182
data\raw\val\05883_Plantae_Tracheophyta_Liliopsida_Asparagales_Asparagaceae_Bloomeria_crocea\e34c5334-5a0a-4e07-bc08-b13633a299c6.jpg,282,128,128 103 56 53 251,0.03701004665457111
data\raw\val\05883_Plantae_Tracheophyta_Liliopsida_Asparagales_Asparagaceae_Bloomeria_crocea\460af55f-faa5-47b4-8a24-3f0c14e96a7e.jpg,282,38,38 1 420 338 136,0.009262478115700535
data\raw\val\05883_Plantae_Tracheophyta_Liliopsida_Asparagales_Asparagaceae_Bloomeria_crocea\30bd0d51-e345-41b2-90d6-487cb0026d92.jpg,282,282,282 299 374 375 292,0.02502358443839031
data\raw\val\05917_Plantae_Tracheophyta_Liliopsida_Asparagales_Asparagaceae_Nolina_parryi\1addf462-56e3-4663-bd51-d24861a550a5.jpg,283,136,136 490 483 398 477,0.01646696140763162
data\raw\val\05917_Plantae_Tracheophyta_Liliopsida_Asparagales_Asparagaceae_Nolina_parryi\ffba3913-871a-4834-9ad7-64756401acef.jpg,283,300,300 200 465 306 301,0.059957345946093685
data\raw\val\05917_Plantae_Tracheophyta_Liliopsida_Asparagales_Asparagaceae_Nolina_parryi\0481934b-0936-4115-9b9f-fe29149f7760.jpg,283,451,451 487 490 489 274,0.017086283714215843
data\raw\val\05917_Plantae_Tracheophyta_Liliopsida_Asparagales_Asparagaceae_Nolina_parryi\ba5236b7-b41b-4351-9d10-f882e4cf6190.jpg,283,188,188 300 278 192 151,0.1166268905078819
data\raw\val\05917_Plantae_Tracheophyta_Liliopsida_Asparagales_Asparagaceae_Nolina_parryi\8450e368-a81a-4127-9c07-d3b6a46357fa.jpg,283,347,347 269 351 127 424,0.018045196810293828
data\raw\val\05917_Plantae_Tracheophyta_Liliopsida_Asparagales_Asparagaceae_Nolina_parryi\447f62ac-7641-4c51-8110-bb5edde79cfb.jpg,283,283,283 486 489 488 398,0.03535080772675054
data\raw\val\05917_Plantae_Tracheophyta_Liliopsida_Asparagales_Asparagaceae_Nolina_parryi\57feeca9-08db-48b5-9625-925d0660a363.jpg,283,283,283 278 221 404 12,0.2012469318152647
data\raw\val\05917_Plantae_Tracheophyta_Liliopsida_Asparagales_Asparagaceae_Nolina_parryi\62e5a842-20a9-4bf4-ab92-d8b1856d8c5f.jpg,283,283,283 280 151 278 242,0.033227650149494276
data\raw\val\05917_Plantae_Tracheophyta_Liliopsida_Asparagales_Asparagaceae_Nolina_parryi\a88f517f-7e37-4708-bcf9-22a5fb0c9585.jpg,283,283,283 278 151 221 202,0.10224724429290563
data\raw\val\05917_Plantae_Tracheophyta_Liliopsida_Asparagales_Asparagaceae_Nolina_parryi\9f42a35c-7fd6-4a8c-a526-cf20bddfc030.jpg,283,300,300 188 301 306 278,0.05005190214451176
data\raw\val\05953_Plantae_Tracheophyta_Liliopsida_Asparagales_Asphodelaceae_Phormium_tenax\fcdb311e-dc32-4de0-b79c-1da22ef996b8.jpg,284,309,309 299 353 388 374,0.02717649784868154
data\raw\val\05953_Plantae_Tracheophyta_Liliopsida_Asparagales_Asphodelaceae_Phormium_tenax\a794659b-a2b3-4fb2-8e0d-ed017b946755.jpg,284,301,301 300 202 278 305,0.04220581411203316
data\raw\val\05953_Plantae_Tracheophyta_Liliopsida_Asparagales_Asphodelaceae_Phormium_tenax\c787805e-0bbc-410e-9321-2c35b6de9043.jpg,284,476,476 319 194 178 146,0.018592535856558002
data\raw\val\05953_Plantae_Tracheophyta_Liliopsida_Asparagales_Asphodelaceae_Phormium_tenax\01040690-983c-41b4-a401-5702eca228c1.jpg,284,284,284 278 293 305 297,0.11033455685587759
data\raw\val\05953_Plantae_Tracheophyta_Liliopsida_Asparagales_Asphodelaceae_Phormium_tenax\6c2c35cc-9f64-4f12-b1a9-d96c187063ec.jpg,284,376,376 375 280 431 476,0.014799361557614066
data\raw\val\05953_Plantae_Tracheophyta_Liliopsida_Asparagales_Asphodelaceae_Phormium_tenax\37fb1808-8dc6-4e70-8ad3-5d671a735073.jpg,284,300,300 278 404 303 192,0.0361906215739575
data\raw\val\05953_Plantae_Tracheophyta_Liliopsida_Asparagales_Asphodelaceae_Phormium_tenax\499e00c7-04f1-4bad-850c-b64e26889577.jpg,284,361,361 480 416 335 460,0.029376894436485126
data\raw\val\05953_Plantae_Tracheophyta_Liliopsida_Asparagales_Asphodelaceae_Phormium_tenax\284fd0f0-6295-4a6b-9e47-9f8478f5ba77.jpg,284,435,435 399 293 222 207,0.053676531572238666
data\raw\val\05953_Plantae_Tracheophyta_Liliopsida_Asparagales_Asphodelaceae_Phormium_tenax\0811ef94-7a36-45f9-9192-6ff18fb6fa87.jpg,284,278,278 428 284 498 297,0.05455178656402188
data\raw\val\05953_Plantae_Tracheophyta_Liliopsida_Asparagales_Asphodelaceae_Phormium_tenax\1f005f34-9e55-4e63-899f-4fc4f28f1369.jpg,284,319,319 235 151 225 150,0.031208865401926966
data\raw\val\05957_Plantae_Tracheophyta_Liliopsida_Asparagales_Hypoxidaceae_Hypoxis_hirsuta\fd019915-e905-490c-93cc-0c9a4ee23e0e.jpg,285,285,285 288 443 482 464,0.025258724142938078
data\raw\val\05957_Plantae_Tracheophyta_Liliopsida_Asparagales_Hypoxidaceae_Hypoxis_hirsuta\060fc0bf-18e4-4f5c-9588-ba6e30ed7dc9.jpg,285,371,371 403 369 324 361,0.015198135625260555
data\raw\val\05957_Plantae_Tracheophyta_Liliopsida_Asparagales_Hypoxidaceae_Hypoxis_hirsuta\ee679388-fcf0-494a-a5e2-fe09ff176ade.jpg,285,343,343 444 430 296 409,0.025865061140235974
data\raw\val\05957_Plantae_Tracheophyta_Liliopsida_Asparagales_Hypoxidaceae_Hypoxis_hirsuta\2d57b536-3245-478a-ac6c-0cc85a3765f4.jpg,285,260,260 374 285 114 263,0.026799143767863534
data\raw\val\05957_Plantae_Tracheophyta_Liliopsida_Asparagales_Hypoxidaceae_Hypoxis_hirsuta\5c268ed2-c47d-41c3-92c8-6240b81369dc.jpg,285,10,10 415 90 400 36,0.012319224688611156
data\raw\val\05957_Plantae_Tracheophyta_Liliopsida_Asparagales_Hypoxidaceae_Hypoxis_hirsuta\1ad11891-d526-4ec2-858c-dd19e82ba15f.jpg,285,26,26 96 87 196 37,0.02390710533924533
data\raw\val\05957_Plantae_Tracheophyta_Liliopsida_Asparagales_Hypoxidaceae_Hypoxis_hirsuta\f3ce9de8-3c10-438d-a3f4-ff65b52a6bbe.jpg,285,465,465 403 446 260 491,0.025565331578860657
data\raw\val\05957_Plantae_Tracheophyta_Liliopsida_Asparagales_Hypoxidaceae_Hypoxis_hirsuta\f7531d13-171c-47f1-acdd-098604f45924.jpg,285,418,418 353 461 281 279,0.02026284954634024
data\raw\val\05957_Plantae_Tracheophyta_Liliopsida_Asparagales_Hypoxidaceae_Hypoxis_hirsuta\58c4ff98-fbf5-4314-8088-e83943cc6291.jpg,285,444,444 343 285 309 317,0.02101822606111317
data\raw\val\05957_Plantae_Tracheophyta_Liliopsida_Asparagales_Hypoxidaceae_Hypoxis_hirsuta\937e1ff5-93f7-4020-a6b1-0f14294a9d04.jpg,285,260,260 263 289 374 114,0.021035090846379913
data\raw\val\05992_Plantae_Tracheophyta_Liliopsida_Asparagales_Orchidaceae_Anacamptis_coriophora\9aa4af1c-1fc2-4083-a560-031c5fe71633.jpg,286,97,97 290 286 427 291,0.015233912329535226
data\raw\val\05992_Plantae_Tracheophyta_Liliopsida_Asparagales_Orchidaceae_Anacamptis_coriophora\729db3f7-18da-4300-8a2e-bb3aa4347e5f.jpg,286,23,23 34 448 66 35,0.024311431386556285
data\raw\val\05992_Plantae_Tracheophyta_Liliopsida_Asparagales_Orchidaceae_Anacamptis_coriophora\026e1244-76e3-4abc-99d6-2674e4d16a48.jpg,286,277,277 147 411 117 35,0.010521950067164615
data\raw\val\05992_Plantae_Tracheophyta_Liliopsida_Asparagales_Orchidaceae_Anacamptis_coriophora\18d11e5e-fef1-45a3-89c4-744ae52dd0bf.jpg,286,421,421 468 386 33 380,0.021659145841509526
data\raw\val\05992_Plantae_Tracheophyta_Liliopsida_Asparagales_Orchidaceae_Anacamptis_coriophora\eb59ed4a-d325-4d8b-8544-cd35fc8653aa.jpg,286,16,16 26 48 28 34,0.017177539742868824
data\raw\val\05992_Plantae_Tracheophyta_Liliopsida_Asparagales_Orchidaceae_Anacamptis_coriophora\832351f6-287c-4e7d-9ec6-1f5ced7eba7e.jpg,286,374,374 465 263 286 290,0.043844138797363805
data\raw\val\05992_Plantae_Tracheophyta_Liliopsida_Asparagales_Orchidaceae_Anacamptis_coriophora\d7f89c02-a0d2-48bf-babd-eb47d3bf3be1.jpg,286,130,130 106 141 235 40,0.01999563992205261
data\raw\val\05992_Plantae_Tracheophyta_Liliopsida_Asparagales_Orchidaceae_Anacamptis_coriophora\eb00c228-be14-4da5-976d-3e1424ef4c0c.jpg,286,33,33 411 339 298 421,0.007063178178084432
data\raw\val\05992_Plantae_Tracheophyta_Liliopsida_Asparagales_Orchidaceae_Anacamptis_coriophora\2ddbeaa7-6aaf-4ae4-8c7c-44d03b422cb0.jpg,286,374,374 465 297 353 282,0.03207103106210209
data\raw\val\05992_Plantae_Tracheophyta_Liliopsida_Asparagales_Orchidaceae_Anacamptis_coriophora\851051f1-f46f-46a8-ac13-58b253c9a214.jpg,286,452,452 429 421 365 352,0.017982294442207534
data\raw\val\06008_Plantae_Tracheophyta_Liliopsida_Asparagales_Orchidaceae_Corallorhiza_mertensiana\a13c5025-4389-4086-a711-8c9eb39dfb13.jpg,287,262,262 266 280 272 434,0.035184911907299984
data\raw\val\06008_Plantae_Tracheophyta_Liliopsida_Asparagales_Orchidaceae_Corallorhiza_mertensiana\cb5aebf6-829a-4f5a-8a50-34104ed5151e.jpg,287,460,460 455 324 423 369,0.015742231437392232
data\raw\val\06008_Plantae_Tracheophyta_Liliopsida_Asparagales_Orchidaceae_Corallorhiza_mertensiana\0632ccc2-8dbb-4b4d-a3d9-1151e5d9d4e0.jpg,287,324,324 455 380 321 490,0.014311313220367718
data\raw\val\06008_Plantae_Tracheophyta_Liliopsida_Asparagales_Orchidaceae_Corallorhiza_mertensiana\c9915a89-b56c-48fe-952a-d1d5674e0356.jpg,287,367,367 423 318 369 287,0.019585194606554338
data\raw\val\06008_Plantae_Tracheophyta_Liliopsida_Asparagales_Orchidaceae_Corallorhiza_mertensiana\79f5d4ad-e6c7-4995-ab6b-d27dab7a564c.jpg,287,456,456 196 206 82 14,0.017577135335174493
data\raw\val\06008_Plantae_Tracheophyta_Liliopsida_Asparagales_Orchidaceae_Corallorhiza_mertensiana\9d554f19-09fe-49ae-b307-b2cafb9cc530.jpg,287,324,324 420 263 290 289,0.015836662540878153
data\raw\val\06008_Plantae_Tracheophyta_Liliopsida_Asparagales_Orchidaceae_Corallorhiza_mertensiana\cdfc50f4-ed79-4a04-8e53-650287a538e1.jpg,287,303,303 459 498 458 200,0.05026207186981932
data\raw\val\06008_Plantae_Tracheophyta_Liliopsida_Asparagales_Orchidaceae_Corallorhiza_mertensiana\5bb0baf5-ddfb-4f64-8098-3957ff772953.jpg,287,394,394 321 364 423 367,0.02266143311578401
data\raw\val\06008_Plantae_Tracheophyta_Liliopsida_Asparagales_Orchidaceae_Corallorhiza_mertensiana\0781d341-572c-4812-b18f-4d98081780da.jpg,287,327,327 314 226 322 201,0.031667414451675945
data\raw\val\06008_Plantae_Tracheophyta_Liliopsida_Asparagales_Orchidaceae_Corallorhiza_mertensiana\e88af979-5af2-4b58-9505-ab7343059c5d.jpg,287,369,369 490 421 363 365,0.03698536044096072
data\raw\val\06009_Plantae_Tracheophyta_Liliopsida_Asparagales_Orchidaceae_Corallorhiza_striata\d15edf40-3155-4482-8a9a-bb078d5fb63e.jpg,288,348,348 341 481 480 37,0.012187010816190497
data\raw\val\06009_Plantae_Tracheophyta_Liliopsida_Asparagales_Orchidaceae_Corallorhiza_striata\de1e931a-3883-446c-babf-045e64434c0a.jpg,288,316,316 480 243 350 342,0.014548003212000829
data\raw\val\06009_Plantae_Tracheophyta_Liliopsida_Asparagales_Orchidaceae_Corallorhiza_striata\e8b182c3-32bb-48a5-8e55-26c3c73b28e9.jpg,288,289,289 465 304 263 299,0.012970823526949317
data\raw\val\06009_Plantae_Tracheophyta_Liliopsida_Asparagales_Orchidaceae_Corallorhiza_striata\5725c2c7-bc26-4f27-b42e-6a8266ef84c6.jpg,288,402,402 260 350 491 403,0.02764337448217014
data\raw\val\06009_Plantae_Tracheophyta_Liliopsida_Asparagales_Orchidaceae_Corallorhiza_striata\8d2f9fbb-b012-4c18-9e3c-f835431acda6.jpg,288,318,318 402 335 353 426,0.022977774486334028
data\raw\val\06009_Plantae_Tracheophyta_Liliopsida_Asparagales_Orchidaceae_Corallorhiza_striata\e10f963b-a206-4618-9b62-1900cbbee787.jpg,288,267,267 403 331 422 299,0.02411376099800043
data\raw\val\06009_Plantae_Tracheophyta_Liliopsida_Asparagales_Orchidaceae_Corallorhiza_striata\6a61f7e8-2b56-48cf-a11c-d8b192210d2f.jpg,288,288,288 450 97 287 190,0.02101473321246485
data\raw\val\06009_Plantae_Tracheophyta_Liliopsida_Asparagales_Orchidaceae_Corallorhiza_striata\26dd99e0-3fa8-4cf0-91d3-4bbf6b6f9e16.jpg,288,231,231 65 251 121 115,0.017065431753631836
data\raw\val\06009_Plantae_Tracheophyta_Liliopsida_Asparagales_Orchidaceae_Corallorhiza_striata\39179235-de54-4241-8e4e-00334fb5f4fc.jpg,288,288,288 261 427 377 491,0.019027395155524315
data\raw\val\06009_Plantae_Tracheophyta_Liliopsida_Asparagales_Orchidaceae_Corallorhiza_striata\9cd09c1d-0a4f-4231-89a6-4823bebbad93.jpg,288,378,378 450 473 410 287,0.017537767501589325
data\raw\val\06049_Plantae_Tracheophyta_Liliopsida_Asparagales_Orchidaceae_Liparis_loeselii\0a973494-84c0-4eec-919b-cb6285839412.jpg,289,434,434 440 464 360 436,0.022835305928509755
data\raw\val\06049_Plantae_Tracheophyta_Liliopsida_Asparagales_Orchidaceae_Liparis_loeselii\24797de2-2a77-4d03-bef5-fdbaf0a7c4b4.jpg,289,405,405 65 231 103 64,0.0196350661460715
data\raw\val\06049_Plantae_Tracheophyta_Liliopsida_Asparagales_Orchidaceae_Liparis_loeselii\9ac7d7f3-fa55-4601-90bd-d61b4ef08e13.jpg,289,407,407 319 474 294 302,0.023065445870967125
data\raw\val\06049_Plantae_Tracheophyta_Liliopsida_Asparagales_Orchidaceae_Liparis_loeselii\8ed1a808-55a6-4f38-abe7-9c1948954501.jpg,289,335,335 361 470 401 454,0.014766126212149662
data\raw\val\06049_Plantae_Tracheophyta_Liliopsida_Asparagales_Orchidaceae_Liparis_loeselii\d1566987-022e-4413-8308-e9482bf5cd20.jpg,289,374,374 465 294 388 353,0.02557572203980421
data\raw\val\06049_Plantae_Tracheophyta_Liliopsida_Asparagales_Orchidaceae_Liparis_loeselii\638ad89d-df17-4afa-8ab1-c99b8264e807.jpg,289,362,362 440 434 445 360,0.02534769064485764
data\raw\val\06049_Plantae_Tracheophyta_Liliopsida_Asparagales_Orchidaceae_Liparis_loeselii\fe704fe4-4dc1-49ef-9d3f-e6d876434df4.jpg,289,291,291 443 383 482 472,0.022398545029792195
data\raw\val\06049_Plantae_Tracheophyta_Liliopsida_Asparagales_Orchidaceae_Liparis_loeselii\1a94fd4c-e437-4eaf-8aa1-4e24cdab744b.jpg,289,339,339 277 16 80 291,0.009986355389911166
data\raw\val\06049_Plantae_Tracheophyta_Liliopsida_Asparagales_Orchidaceae_Liparis_loeselii\ef355b53-5ffd-4c9e-bfbe-1b445b52c2c2.jpg,289,42,42 300 203 192 298,0.032128933230652565
data\raw\val\06049_Plantae_Tracheophyta_Liliopsida_Asparagales_Orchidaceae_Liparis_loeselii\3aca4197-c869-4aef-8337-543c6b60342d.jpg,289,428,428 491 301 465 200,0.026713370255483558
data\raw\val\06051_Plantae_Tracheophyta_Liliopsida_Asparagales_Orchidaceae_Neotinea_tridentata\fc08e222-0ecd-4f6b-8996-7d3681f736e1.jpg,290,423,423 363 455 442 480,0.02355771947772909
data\raw\val\06051_Plantae_Tracheophyta_Liliopsida_Asparagales_Orchidaceae_Neotinea_tridentata\14c0fb74-9e25-4d16-be6e-040516aace47.jpg,290,14,14 393 271 10 456,0.011378405900246838
data\raw\val\06051_Plantae_Tracheophyta_Liliopsida_Asparagales_Orchidaceae_Neotinea_tridentata\92d44fe4-9faa-4feb-9477-102c014b6056.jpg,290,76,76 71 16 30 339,0.00816381577303915
data\raw\val\06051_Plantae_Tracheophyta_Liliopsida_Asparagales_Orchidaceae_Neotinea_tridentata\6dcf0888-037b-4461-8557-77e7154ffd29.jpg,290,407,407 410 352 343 388,0.027248609969141684
data\raw\val\06051_Plantae_Tracheophyta_Liliopsida_Asparagales_Orchidaceae_Neotinea_tridentata\603fb153-b7fb-4eb1-9fa2-1a1bf8053e44.jpg,290,107,107 63 116 456 217,0.02992044826881407
data\raw\val\06051_Plantae_Tracheophyta_Liliopsida_Asparagales_Orchidaceae_Neotinea_tridentata\b7763326-34fd-494b-b4d0-e8f0a22972d4.jpg,290,341,341 480 257 443 383,0.04229295131294438
data\raw\val\06051_Plantae_Tracheophyta_Liliopsida_Asparagales_Orchidaceae_Neotinea_tridentata\4fcaf438-fce4-4f96-9997-ac20b7c3c85b.jpg,290,418,418 333 361 334 325,0.019690220206629725
data\raw\val\06051_Plantae_Tracheophyta_Liliopsida_Asparagales_Orchidaceae_Neotinea_tridentata\fa57697e-0ea2-4999-8463-c30e38d82f7d.jpg,290,335,335 318 378 316 384,0.014012525574461572
data\raw\val\06051_Plantae_Tracheophyta_Liliopsida_Asparagales_Orchidaceae_Neotinea_tridentata\ce123b5c-f3f3-4e6c-8c59-1e5cfaf5997f.jpg,290,421,421 290 365 134 85,0.02401277913903645
data\raw\val\06051_Plantae_Tracheophyta_Liliopsida_Asparagales_Orchidaceae_Neotinea_tridentata\6d4d6d36-3c47-4547-afc7-bef27843f6a8.jpg,290,409,409 291 387 410 341,0.020684172901794914
data\raw\val\06064_Plantae_Tracheophyta_Liliopsida_Asparagales_Orchidaceae_Ophrys_tenthredinifera\53d7b6d4-9212-4899-ab85-52699d8d139f.jpg,291,20,20 17 16 47 60,0.008639749979600776
data\raw\val\06064_Plantae_Tracheophyta_Liliopsida_Asparagales_Orchidaceae_Ophrys_tenthredinifera\c765f743-e6e9-4c77-ba33-91545471e1fe.jpg,291,97,97 23 411 34 33,0.014368414887575027
data\raw\val\06064_Plantae_Tracheophyta_Liliopsida_Asparagales_Orchidaceae_Ophrys_tenthredinifera\14de81c8-ece9-4e73-8d41-276d28e23cf2.jpg,291,23,23 37 35 34 291,0.021204366969425115
data\raw\val\06064_Plantae_Tracheophyta_Liliopsida_Asparagales_Orchidaceae_Ophrys_tenthredinifera\6697df70-4b4e-47ad-b48c-914dfb71ce07.jpg,291,86,86 210 187 182 170,0.010102010821942226
data\raw\val\06064_Plantae_Tracheophyta_Liliopsida_Asparagales_Orchidaceae_Ophrys_tenthredinifera\502b0eef-05a3-49ca-9ebd-8729e12db3ef.jpg,291,429,429 480 317 333 343,0.012815406280354548
data\raw\val\06064_Plantae_Tracheophyta_Liliopsida_Asparagales_Orchidaceae_Ophrys_tenthredinifera\bd7a37bc-6cf3-4e43-887e-6d3323fa3f22.jpg,291,291,291 288 97 34 410,0.026301345476912135
data\raw\val\06064_Plantae_Tracheophyta_Liliopsida_Asparagales_Orchidaceae_Ophrys_tenthredinifera\3ed76f24-a4db-4bf7-b071-47bf1d54a9b3.jpg,291,291,291 286 446 465 430,0.03516003950094897
data\raw\val\06064_Plantae_Tracheophyta_Liliopsida_Asparagales_Orchidaceae_Ophrys_tenthredinifera\4aa17c52-6bc5-4310-a714-6b2488f2a548.jpg,291,419,419 317 291 480 364,0.018977431387397235
data\raw\val\06064_Plantae_Tracheophyta_Liliopsida_Asparagales_Orchidaceae_Ophrys_tenthredinifera\d93b508d-7da9-4102-8043-7a08b467cbef.jpg,291,352,352 372 430 386 409,0.022107944509265166
data\raw\val\06064_Plantae_Tracheophyta_Liliopsida_Asparagales_Orchidaceae_Ophrys_tenthredinifera\25215f7d-5e0c-4473-b78a-58f7697f81a7.jpg,291,286,286 465 294 290 427,0.016622587089265613
data\raw\val\06117_Plantae_Tracheophyta_Liliopsida_Commelinales_Haemodoraceae_Wachendorfia_paniculata\fb1a9e5b-192f-40f9-a903-a8867587516e.jpg,292,497,497 486 489 459 488,0.013849712019229058
data\raw\val\06117_Plantae_Tracheophyta_Liliopsida_Commelinales_Haemodoraceae_Wachendorfia_paniculata\5b2d6409-0697-4c27-8db9-5e3170176319.jpg,292,292,292 90 443 408 236,0.012579978492910315
data\raw\val\06117_Plantae_Tracheophyta_Liliopsida_Commelinales_Haemodoraceae_Wachendorfia_paniculata\1d1dadc9-a624-4bc4-bd5d-b05db18e3cf0.jpg,292,374,374 369 368 265 92,0.014255695870191003
data\raw\val\06117_Plantae_Tracheophyta_Liliopsida_Commelinales_Haemodoraceae_Wachendorfia_paniculata\7b9abb22-747d-4b49-9717-fc0a874a6c2f.jpg,292,141,141 196 96 66 231,0.027782330705676383
data\raw\val\06117_Plantae_Tracheophyta_Liliopsida_Commelinales_Haemodoraceae_Wachendorfia_paniculata\7daab78f-a9a1-4127-b870-bb0109442567.jpg,292,226,226 392 325 376 306,0.05051580718029222
data\raw\val\06117_Plantae_Tracheophyta_Liliopsida_Commelinales_Haemodoraceae_Wachendorfia_paniculata\a5496ccd-6878-4352-8c4e-e59f8fe23054.jpg,292,327,327 432 316 487 425,0.02494630122065557
data\raw\val\06117_Plantae_Tracheophyta_Liliopsida_Commelinales_Haemodoraceae_Wachendorfia_paniculata\e5938241-8aa0-4e49-acb9-b6a9c704a6c8.jpg,292,213,213 292 295 472 376,0.017501120585585388
data\raw\val\06117_Plantae_Tracheophyta_Liliopsida_Commelinales_Haemodoraceae_Wachendorfia_paniculata\92cc7ab2-9d45-45d6-9828-413382398a38.jpg,292,292,292 443 93 464 412,0.01414342329454118
data\raw\val\06117_Plantae_Tracheophyta_Liliopsida_Commelinales_Haemodoraceae_Wachendorfia_paniculata\c6eddf60-c1fe-4304-9873-fbd8770e1a8f.jpg,292,292,292 348 322 391 360,0.021259255602827792
data\raw\val\06117_Plantae_Tracheophyta_Liliopsida_Commelinales_Haemodoraceae_Wachendorfia_paniculata\51b7e8ad-38b3-4bb0-b029-dfef38e92029.jpg,292,269,269 227 436 292 264,0.01983593381353104
data\raw\val\06229_Plantae_Tracheophyta_Liliopsida_Poales_Bromeliaceae_Tillandsia_utriculata\2a9651bd-4db5-48ee-9dc3-24e3dad60f3a.jpg,293,293,293 354 353 363 309,0.028978015700289177
data\raw\val\06229_Plantae_Tracheophyta_Liliopsida_Poales_Bromeliaceae_Tillandsia_utriculata\babf4b7c-bae7-4049-bf81-be87b1177ec4.jpg,293,294,294 374 292 299 494,0.03010176454274073
data\raw\val\06229_Plantae_Tracheophyta_Liliopsida_Poales_Bromeliaceae_Tillandsia_utriculata\86811971-31e1-4c97-a749-d0cbf2202ccc.jpg,293,175,175 186 188 86 198,0.01610361676037265
data\raw\val\06229_Plantae_Tracheophyta_Liliopsida_Poales_Bromeliaceae_Tillandsia_utriculata\ee9b4520-3123-44bc-a21a-7a630b9fca82.jpg,293,226,226 404 223 299 465,0.020542148831837997
data\raw\val\06229_Plantae_Tracheophyta_Liliopsida_Poales_Bromeliaceae_Tillandsia_utriculata\6380f426-6f90-4d8d-9d54-15d7faade6fb.jpg,293,376,376 425 441 353 449,0.01871341125427762
data\raw\val\06229_Plantae_Tracheophyta_Liliopsida_Poales_Bromeliaceae_Tillandsia_utriculata\84c9f79f-c821-4234-8937-cfbc6e410eb2.jpg,293,297,297 188 293 278 428,0.032875004947368544
data\raw\val\06229_Plantae_Tracheophyta_Liliopsida_Poales_Bromeliaceae_Tillandsia_utriculata\da272f97-31cf-4962-a0b9-ff4a073c9e99.jpg,293,142,142 112 233 139 40,0.02802809445952633
data\raw\val\06229_Plantae_Tracheophyta_Liliopsida_Poales_Bromeliaceae_Tillandsia_utriculata\84a7c2a9-3460-4e73-a4c9-96d4c55f66f5.jpg,293,373,373 260 408 485 464,0.04412029606582843
data\raw\val\06229_Plantae_Tracheophyta_Liliopsida_Poales_Bromeliaceae_Tillandsia_utriculata\6a04f13c-8a4f-43bd-87c0-0a6bbce9952c.jpg,293,476,476 293 319 355 301,0.025299418552686078
data\raw\val\06229_Plantae_Tracheophyta_Liliopsida_Poales_Bromeliaceae_Tillandsia_utriculata\aea95e60-ed23-46db-bcef-3110017b1b47.jpg,293,374,374 282 363 353 297,0.0302029806628064
data\raw\val\06238_Plantae_Tracheophyta_Liliopsida_Poales_Cyperaceae_Carex_digitata\823cb7e2-9f3d-4001-8ac3-3a2d34bfdfa1.jpg,294,203,203 29 202 150 27,0.024646863030928494
data\raw\val\06238_Plantae_Tracheophyta_Liliopsida_Poales_Cyperaceae_Carex_digitata\db4cc72c-b017-4acf-a30d-c6a1f55935fc.jpg,294,284,284 293 297 494 309,0.0457098937600414
data\raw\val\06238_Plantae_Tracheophyta_Liliopsida_Poales_Cyperaceae_Carex_digitata\5e27df78-7be7-4e9f-ab6a-05477c3f3ac4.jpg,294,3,3 231 197 38 40,0.01680231578278052
data\raw\val\06238_Plantae_Tracheophyta_Liliopsida_Poales_Cyperaceae_Carex_digitata\3104b78b-bff3-4ad8-a0c7-fb96c694dc19.jpg,294,498,498 377 226 353 428,0.024353762692720632
data\raw\val\06238_Plantae_Tracheophyta_Liliopsida_Poales_Cyperaceae_Carex_digitata\528c8915-5d07-44af-bf1d-68762c877a26.jpg,294,297,297 294 293 285 296,0.03276013639125063
data\raw\val\06238_Plantae_Tracheophyta_Liliopsida_Poales_Cyperaceae_Carex_digitata\722873fa-3ae7-404c-945a-eae02a5a7d40.jpg,294,490,490 363 293 309 299,0.01809333747202117
data\raw\val\06238_Plantae_Tracheophyta_Liliopsida_Poales_Cyperaceae_Carex_digitata\0cf5e7cf-74b5-479b-b92e-5548796339a0.jpg,294,428,428 292 349 294 36,0.021433714746146592
data\raw\val\06238_Plantae_Tracheophyta_Liliopsida_Poales_Cyperaceae_Carex_digitata\b9b2a590-3787-488d-a188-4c34bcb7d589.jpg,294,295,295 226 491 404 181,0.020266105675241664
data\raw\val\06238_Plantae_Tracheophyta_Liliopsida_Poales_Cyperaceae_Carex_digitata\3cc29890-3423-4db3-88f3-1dbd2488dd0f.jpg,294,428,428 491 301 294 465,0.03538296248007605
data\raw\val\06238_Plantae_Tracheophyta_Liliopsida_Poales_Cyperaceae_Carex_digitata\0dc49bd1-0d1d-4e95-b149-819893362b3b.jpg,294,353,353 428 299 374 309,0.026816373395711524
data\raw\val\06239_Plantae_Tracheophyta_Liliopsida_Poales_Cyperaceae_Carex_eburnea\4452aa6b-d2ad-4396-be06-42efdeb95de7.jpg,295,442,442 282 334 337 281,0.02951168063358382
data\raw\val\06239_Plantae_Tracheophyta_Liliopsida_Poales_Cyperaceae_Carex_eburnea\2f273118-c0e0-4538-b6e9-64b4a856cadf.jpg,295,56,56 166 146 172 103,0.023967062191569535
data\raw\val\06239_Plantae_Tracheophyta_Liliopsida_Poales_Cyperaceae_Carex_eburnea\99d34ecd-443d-4ec3-a5e9-9c0c0798828f.jpg,295,304,304 228 235 265 296,0.027854868115718214
data\raw\val\06239_Plantae_Tracheophyta_Liliopsida_Poales_Cyperaceae_Carex_eburnea\269afd68-c6fe-402d-9e91-baa2dad5cd12.jpg,295,298,298 305 304 289 374,0.03398160542598959
data\raw\val\06239_Plantae_Tracheophyta_Liliopsida_Poales_Cyperaceae_Carex_eburnea\d21f06f9-2dab-4fa0-946b-3ada0c30298b.jpg,295,392,392 306 305 325 240,0.034070096928841095
data\raw\val\06239_Plantae_Tracheophyta_Liliopsida_Poales_Cyperaceae_Carex_eburnea\d35f8489-0a73-4503-a50d-af0f2adfa6d4.jpg,295,351,351 240 243 223 242,0.039948590630532986
data\raw\val\06239_Plantae_Tracheophyta_Liliopsida_Poales_Cyperaceae_Carex_eburnea\1ee3dae8-270b-4cb3-b3ec-08009db74761.jpg,295,325,325 392 350 240 461,0.030242436136473778
data\raw\val\06239_Plantae_Tracheophyta_Liliopsida_Poales_Cyperaceae_Carex_eburnea\69ef4ada-6a18-448d-9142-35c2245a73b2.jpg,295,333,333 444 279 438 323,0.013355150578345317
data\raw\val\06239_Plantae_Tracheophyta_Liliopsida_Poales_Cyperaceae_Carex_eburnea\26e59aa2-4830-45fa-8d35-448a1c0d8f04.jpg,295,305,305 465 298 301 289,0.02507788125119268
data\raw\val\06239_Plantae_Tracheophyta_Liliopsida_Poales_Cyperaceae_Carex_eburnea\99815d31-3291-43f0-ae2b-29fa2f63c3a4.jpg,295,296,296 277 304 62 114,0.023254615738554335
data\raw\val\06242_Plantae_Tracheophyta_Liliopsida_Poales_Cyperaceae_Carex_gracillima\4c13b72c-9ac0-47f9-b7cd-7809a76accda.jpg,296,472,472 383 453 443 310,0.036273715748409485
data\raw\val\06242_Plantae_Tracheophyta_Liliopsida_Poales_Cyperaceae_Carex_gracillima\62ce1a10-1f32-4993-97c8-83bfec809fcf.jpg,296,210,210 207 188 182 192,0.012082778315366057
data\raw\val\06242_Plantae_Tracheophyta_Liliopsida_Poales_Cyperaceae_Carex_gracillima\f635061c-3f4a-4578-a0e9-c75cf9920a09.jpg,296,285,285 304 260 297 263,0.04288321693781464
data\raw\val\06242_Plantae_Tracheophyta_Liliopsida_Poales_Cyperaceae_Carex_gracillima\7251732b-b4fa-425a-b636-2b46aef32965.jpg,296,195,195 1 174 56 172,0.022310498248217434
data\raw\val\06242_Plantae_Tracheophyta_Liliopsida_Poales_Cyperaceae_Carex_gracillima\40d92096-04c3-4305-bc56-4e12e31ac6a1.jpg,296,97,97 16 297 117 170,0.012833708924585442
data\raw\val\06242_Plantae_Tracheophyta_Liliopsida_Poales_Cyperaceae_Carex_gracillima\d713c7f5-c792-4399-bb8f-e7abaa847bd1.jpg,296,481,481 432 391 362 420,0.008568146356015239
data\raw\val\06242_Plantae_Tracheophyta_Liliopsida_Poales_Cyperaceae_Carex_gracillima\f6c0ae7b-e1ab-4508-a756-fbbfb4b1d1f9.jpg,296,203,203 154 150 152 204,0.03240865451041759
data\raw\val\06242_Plantae_Tracheophyta_Liliopsida_Poales_Cyperaceae_Carex_gracillima\2a30293e-978b-4b01-bb71-68ef5b126eb0.jpg,296,494,494 459 263 374 447,0.021072810388030425
data\raw\val\06242_Plantae_Tracheophyta_Liliopsida_Poales_Cyperaceae_Carex_gracillima\5862f343-0123-4059-b1e5-4e91168ff99a.jpg,296,363,363 422 190 299 374,0.018911012650045075
data\raw\val\06242_Plantae_Tracheophyta_Liliopsida_Poales_Cyperaceae_Carex_gracillima\2eaa14c0-7e68-4cad-96ac-e56cff4c5193.jpg,296,303,303 156 213 240 496,0.01639804943614414
data\raw\val\06246_Plantae_Tracheophyta_Liliopsida_Poales_Cyperaceae_Carex_hystericina\70bae1e4-1358-4e87-9643-e17195bdd8d3.jpg,297,297,297 353 446 465 374,0.06139208533323467
data\raw\val\06246_Plantae_Tracheophyta_Liliopsida_Poales_Cyperaceae_Carex_hystericina\812d2ca0-51d9-479b-9e68-58422ae067e1.jpg,297,122,122 167 165 174 197,0.02525483374588863
data\raw\val\06246_Plantae_Tracheophyta_Liliopsida_Poales_Cyperaceae_Carex_hystericina\f6a062c2-2120-4458-8481-fe13a06b31b3.jpg,297,297,297 285 298 331 353,0.05136244329283746
data\raw\val\06246_Plantae_Tracheophyta_Liliopsida_Poales_Cyperaceae_Carex_hystericina\a41bec47-290b-4073-96f8-f0db766cd2e2.jpg,297,297,297 42 112 142 304,0.05751207368369519
data\raw\val\06246_Plantae_Tracheophyta_Liliopsida_Poales_Cyperaceae_Carex_hystericina\8fd39958-163b-4771-b0f9-9d95b57ac991.jpg,297,307,307 287 369 243 390,0.011767338759104257
data\raw\val\06246_Plantae_Tracheophyta_Liliopsida_Poales_Cyperaceae_Carex_hystericina\760477e1-7c73-444f-9e4f-6dbbe3a9f49f.jpg,297,58,58 251 250 260 249,0.026368052174567353
data\raw\val\06246_Plantae_Tracheophyta_Liliopsida_Poales_Cyperaceae_Carex_hystericina\6bc5f69c-a16e-4dc6-9859-8fa5be0d8a7b.jpg,297,227,227 347 269 292 467,0.030869834183216344
data\raw\val\06246_Plantae_Tracheophyta_Liliopsida_Poales_Cyperaceae_Carex_hystericina\8d34de98-afc7-464a-8030-d13ceadfb250.jpg,297,291,291 342 438 317 71,0.016639940256253535
data\raw\val\06246_Plantae_Tracheophyta_Liliopsida_Poales_Cyperaceae_Carex_hystericina\cd59bfee-844b-49c3-b2c3-b081ab7d4f75.jpg,297,300,300 304 306 188 338,0.07052914973439267
data\raw\val\06246_Plantae_Tracheophyta_Liliopsida_Poales_Cyperaceae_Carex_hystericina\f6f49127-06c5-4315-9729-e72e920103ab.jpg,297,294,294 299 285 407 350,0.03767071362396378
data\raw\val\06273_Plantae_Tracheophyta_Liliopsida_Poales_Cyperaceae_Carex_vulpinoidea\1e225f98-b8b7-4ec9-9bc2-35d3fd2a6404.jpg,298,301,301 200 201 338 300,0.08488732592459089
data\raw\val\06273_Plantae_Tracheophyta_Liliopsida_Poales_Cyperaceae_Carex_vulpinoidea\6ab9844f-8cdf-4f7b-9f3a-ec06ddf5d895.jpg,298,304,304 289 374 297 298,0.028364430165443023
data\raw\val\06273_Plantae_Tracheophyta_Liliopsida_Poales_Cyperaceae_Carex_vulpinoidea\e46ee318-5ede-443a-9ad7-d6554ebc2911.jpg,298,277,277 147 19 160 18,0.00893116236595642
data\raw\val\06273_Plantae_Tracheophyta_Liliopsida_Poales_Cyperaceae_Carex_vulpinoidea\b663b34b-1e2b-4669-be6d-0c923547a19b.jpg,298,278,278 428 261 142 294,0.03310547088164324
data\raw\val\06273_Plantae_Tracheophyta_Liliopsida_Poales_Cyperaceae_Carex_vulpinoidea\4fa1b896-e5f8-420a-bd44-baee6baecb62.jpg,298,18,18 251 117 205 147,0.009308415873762904
data\raw\val\06273_Plantae_Tracheophyta_Liliopsida_Poales_Cyperaceae_Carex_vulpinoidea\03afa765-f2a1-46cc-9ddd-54adbea0269d.jpg,298,112,112 71 120 297 105,0.034113519467585625
data\raw\val\06273_Plantae_Tracheophyta_Liliopsida_Poales_Cyperaceae_Carex_vulpinoidea\2e994d63-df80-41a0-94c6-2d497fb798dc.jpg,298,306,306 498 303 428 496,0.030913898792608988
data\raw\val\06273_Plantae_Tracheophyta_Liliopsida_Poales_Cyperaceae_Carex_vulpinoidea\25c44355-82e0-4e70-8c7b-5d4fe4be1a9c.jpg,298,147,147 178 160 277 148,0.008848935745528978
data\raw\val\06273_Plantae_Tracheophyta_Liliopsida_Poales_Cyperaceae_Carex_vulpinoidea\ca08e6ae-18fa-4577-922f-bb7a21aba2fd.jpg,298,296,296 297 304 305 277,0.05212813491523113
data\raw\val\06273_Plantae_Tracheophyta_Liliopsida_Poales_Cyperaceae_Carex_vulpinoidea\c160c9ae-2435-4894-8b59-77dd0270a79c.jpg,298,53,53 240 226 101 126,0.018798960175353475
data\raw\val\06277_Plantae_Tracheophyta_Liliopsida_Poales_Cyperaceae_Cyperus_eragrostis\06b6189c-1b12-4533-b2f9-8d4a840c6b63.jpg,299,489,489 397 497 467 486,0.027964910123030793
data\raw\val\06277_Plantae_Tracheophyta_Liliopsida_Poales_Cyperaceae_Cyperus_eragrostis\9d1fc690-5aa1-4d9e-8664-6178ef8caea4.jpg,299,299,299 331 303 353 297,0.030519230757819527
data\raw\val\06277_Plantae_Tracheophyta_Liliopsida_Poales_Cyperaceae_Cyperus_eragrostis\c6249d66-ddbd-4abe-8cde-5aac7ed16140.jpg,299,319,319 29 381 299 350,0.02615545158102928
data\raw\val\06277_Plantae_Tracheophyta_Liliopsida_Poales_Cyperaceae_Cyperus_eragrostis\24ca7cd2-7a56-4b88-a3fe-f8cb481040cf.jpg,299,403,403 402 353 377 299,0.02982298535682847
data\raw\val\06277_Plantae_Tracheophyta_Liliopsida_Poales_Cyperaceae_Cyperus_eragrostis\2c295172-d187-4742-8e0d-9fd9e091f2b3.jpg,299,450,450 423 369 287 190,0.023333040814175813
data\raw\val\06277_Plantae_Tracheophyta_Liliopsida_Poales_Cyperaceae_Cyperus_eragrostis\9e0be913-e63d-4c01-9b58-80c8aae0be2d.jpg,299,426,426 378 480 369 490,0.013322292136266458
data\raw\val\06277_Plantae_Tracheophyta_Liliopsida_Poales_Cyperaceae_Cyperus_eragrostis\98ebf16e-518b-483f-a95b-af350e7c462b.jpg,299,342,342 423 427 391 426,0.011895125488244368
data\raw\val\06277_Plantae_Tracheophyta_Liliopsida_Poales_Cyperaceae_Cyperus_eragrostis\2d30edd2-7eca-444e-89f0-2ac21670bf70.jpg,299,384,384 316 350 325 378,0.020484805725986054
data\raw\val\06277_Plantae_Tracheophyta_Liliopsida_Poales_Cyperaceae_Cyperus_eragrostis\dbf49cd1-12af-40d7-a880-1943741d953c.jpg,299,70,70 287 483 369 346,0.014297041636131083
data\raw\val\06277_Plantae_Tracheophyta_Liliopsida_Poales_Cyperaceae_Cyperus_eragrostis\4112afd3-ea80-481b-b0ef-61140945c207.jpg,299,226,226 498 200 350 428,0.03636979514059408
data\raw\val\06293_Plantae_Tracheophyta_Liliopsida_Poales_Cyperaceae_Schoenoplectus_acutus\e330c556-0cdf-464c-8668-d6c71f75fc81.jpg,300,108,108 46 16 66 173,0.018949345809504047
data\raw\val\06293_Plantae_Tracheophyta_Liliopsida_Poales_Cyperaceae_Schoenoplectus_acutus\62261e64-5507-4f74-ba98-1d5ce791d4b2.jpg,300,278,278 283 404 188 151,0.11475513882714024
data\raw\val\06293_Plantae_Tracheophyta_Liliopsida_Poales_Cyperaceae_Schoenoplectus_acutus\7c14946d-780c-4c01-8d03-f8f95fe9e02d.jpg,300,397,397 440 486 362 451,0.023070373808247054
data\raw\val\06293_Plantae_Tracheophyta_Liliopsida_Poales_Cyperaceae_Schoenoplectus_acutus\099819fb-698e-40b8-99ec-5c719a6aa865.jpg,300,355,355 300 151 180 188,0.1209808091383054
data\raw\val\06293_Plantae_Tracheophyta_Liliopsida_Poales_Cyperaceae_Schoenoplectus_acutus\1bc6de2c-2c5d-4a12-93bf-d6eb9ae09374.jpg,300,278,278 283 300 223 202,0.07353853246892368
data\raw\val\06293_Plantae_Tracheophyta_Liliopsida_Poales_Cyperaceae_Schoenoplectus_acutus\137c4d03-afde-4e17-9354-d2ebaaf2ecc3.jpg,300,395,395 283 404 151 278,0.02891170368484854
data\raw\val\06293_Plantae_Tracheophyta_Liliopsida_Poales_Cyperaceae_Schoenoplectus_acutus\6d36aea7-a3f9-4469-b573-5ef226913286.jpg,300,151,151 300 283 278 150,0.02873188299501288
data\raw\val\06293_Plantae_Tracheophyta_Liliopsida_Poales_Cyperaceae_Schoenoplectus_acutus\94163660-4097-4102-999e-beb9ca49d2ba.jpg,300,300,300 200 301 306 338,0.11657867056050282
data\raw\val\06293_Plantae_Tracheophyta_Liliopsida_Poales_Cyperaceae_Schoenoplectus_acutus\e056f00d-e507-45bd-a853-43cefb54f3af.jpg,300,20,20 71 37 66 183,0.008338354492743005
data\raw\val\06293_Plantae_Tracheophyta_Liliopsida_Poales_Cyperaceae_Schoenoplectus_acutus\0a0ce8e0-b493-48bb-ad36-16c673a04b43.jpg,300,32,32 133 17 125 41,0.013345191996480809
data\raw\val\06321_Plantae_Tracheophyta_Liliopsida_Poales_Poaceae_Ammophila_breviligulata\8d325d1d-fd77-4e94-8358-1cb7521a58cd.jpg,301,316,316 355 215 325 224,0.02158193191345405
data\raw\val\06321_Plantae_Tracheophyta_Liliopsida_Poales_Poaceae_Ammophila_breviligulata\71250959-cd99-4b7c-b0c4-18c6937a5014.jpg,301,301,301 355 319 491 200,0.06370552693717761
data\raw\val\06321_Plantae_Tracheophyta_Liliopsida_Poales_Poaceae_Ammophila_breviligulata\6a26506a-85c8-4ec1-98fd-0d62e89da8d1.jpg,301,283,283 150 300 151 278,0.09666550319413607
data\raw\val\06321_Plantae_Tracheophyta_Liliopsida_Poales_Poaceae_Ammophila_breviligulata\b8053dfa-b651-4933-888a-cd9a0caacf12.jpg,301,238,238 11 118 237 111,0.011949719840737987
data\raw\val\06321_Plantae_Tracheophyta_Liliopsida_Poales_Poaceae_Ammophila_breviligulata\f26b11c8-f69b-487f-9d10-eb836b6c0f40.jpg,301,278,278 283 428 303 235,0.06234351607404535
data\raw\val\06321_Plantae_Tracheophyta_Liliopsida_Poales_Poaceae_Ammophila_breviligulata\0b3f4392-fe01-4b11-8eee-26427e555c44.jpg,301,131,131 49 58 15 208,0.021682403110199144
data\raw\val\06321_Plantae_Tracheophyta_Liliopsida_Poales_Poaceae_Ammophila_breviligulata\d856ced5-9824-405a-b8c5-2ad84264e397.jpg,301,203,203 216 150 152 109,0.015925617553058352
data\raw\val\06321_Plantae_Tracheophyta_Liliopsida_Poales_Poaceae_Ammophila_breviligulata\944b0b62-3e1b-45f3-a0a4-44cb9d87306f.jpg,301,280,280 212 220 227 215,0.041423098861351544
data\raw\val\06321_Plantae_Tracheophyta_Liliopsida_Poales_Poaceae_Ammophila_breviligulata\ca4d8118-a5bc-4822-b80d-d33306d3ad9d.jpg,301,355,355 301 404 225 151,0.03591631045484111
data\raw\val\06321_Plantae_Tracheophyta_Liliopsida_Poales_Poaceae_Ammophila_breviligulata\0130f8f7-682c-4fdc-9341-976afecefda2.jpg,301,301,301 306 491 300 338,0.15263360811462737
data\raw\val\06366_Plantae_Tracheophyta_Liliopsida_Poales_Poaceae_Digitaria_sanguinalis\ad57378a-a927-4dae-861b-42a7ae7cc4d2.jpg,302,178,178 404 319 181 225,0.026221843674769808
data\raw\val\06366_Plantae_Tracheophyta_Liliopsida_Poales_Poaceae_Digitaria_sanguinalis\7e511437-2acd-4605-abd6-52476c8a2ef6.jpg,302,20,20 4 165 2 112,0.01273378829239033
data\raw\val\06366_Plantae_Tracheophyta_Liliopsida_Poales_Poaceae_Digitaria_sanguinalis\5451ee91-b8c1-48c3-b07a-af808a424eae.jpg,302,451,451 431 274 361 425,0.013678508358217071
data\raw\val\06366_Plantae_Tracheophyta_Liliopsida_Poales_Poaceae_Digitaria_sanguinalis\3277b357-5ddf-4446-ba6a-b6ffdf6d6a74.jpg,302,265,265 289 292 260 304,0.025858399974735952
data\raw\val\06366_Plantae_Tracheophyta_Liliopsida_Poales_Poaceae_Digitaria_sanguinalis\aba75a14-163b-4bc9-b832-6fef10f67dec.jpg,302,302,302 211 271 225 25,0.01371383652437103
data\raw\val\06366_Plantae_Tracheophyta_Liliopsida_Poales_Poaceae_Digitaria_sanguinalis\ff3ecc98-f68c-4d56-bca4-d70ae89b4d19.jpg,302,350,350 349 295 377 325,0.023243952118246203
data\raw\val\06366_Plantae_Tracheophyta_Liliopsida_Poales_Poaceae_Digitaria_sanguinalis\26e9fdde-26c7-46be-8ef7-05d9ecf8e3fb.jpg,302,343,343 419 406 462 310,0.02216377185435119
data\raw\val\06366_Plantae_Tracheophyta_Liliopsida_Poales_Poaceae_Digitaria_sanguinalis\e84a7748-37b5-4f32-b4d4-7d190dba48ad.jpg,302,325,325 392 279 333 461,0.02827302273062643
data\raw\val\06366_Plantae_Tracheophyta_Liliopsida_Poales_Poaceae_Digitaria_sanguinalis\358a308c-530d-4074-b690-59a4e47ab7e3.jpg,302,333,333 320 316 325 324,0.025843348855444325
data\raw\val\06366_Plantae_Tracheophyta_Liliopsida_Poales_Poaceae_Digitaria_sanguinalis\2163d5bd-2602-455b-ae0e-63de1fc33010.jpg,302,433,433 357 448 434 485,0.0324099466180449
data\raw\val\06382_Plantae_Tracheophyta_Liliopsida_Poales_Poaceae_Hordeum_murinum\fb7d25ed-8efe-4b4e-a74a-ae9b829c2bbc.jpg,303,303,303 318 465 295 334,0.06157796186584416
data\raw\val\06382_Plantae_Tracheophyta_Liliopsida_Poales_Poaceae_Hordeum_murinum\b305d82b-d13b-4f6a-a4a5-935ca544d034.jpg,303,187,187 128 148 174 172,0.016143397869206166
data\raw\val\06382_Plantae_Tracheophyta_Liliopsida_Poales_Poaceae_Hordeum_murinum\0edb5c0c-7a52-4ab8-ba71-d6cf2b4468b5.jpg,303,465,465 350 303 491 304,0.03409706420766611
data\raw\val\06382_Plantae_Tracheophyta_Liliopsida_Poales_Poaceae_Hordeum_murinum\c94cd9bf-f7de-4d5c-a5be-e839362b9802.jpg,303,450,450 296 304 374 285,0.01455735127658733
data\raw\val\06382_Plantae_Tracheophyta_Liliopsida_Poales_Poaceae_Hordeum_murinum\c578c611-8996-45b0-8162-dd41de7926dd.jpg,303,226,226 392 498 466 201,0.07076041123645506
data\raw\val\06382_Plantae_Tracheophyta_Liliopsida_Poales_Poaceae_Hordeum_murinum\efd23656-100e-49f4-bdd8-2fb1a980b385.jpg,303,459,459 278 303 200 428,0.04544551291896523
data\raw\val\06382_Plantae_Tracheophyta_Liliopsida_Poales_Poaceae_Hordeum_murinum\1c8efe2a-8770-459d-8e6d-ff859ea781d9.jpg,303,151,151 459 319 213 458,0.013170589051141778
data\raw\val\06382_Plantae_Tracheophyta_Liliopsida_Poales_Poaceae_Hordeum_murinum\4035089d-79ea-41ef-93df-008c5187994c.jpg,303,226,226 442 326 389 425,0.032897441075206764
data\raw\val\06382_Plantae_Tracheophyta_Liliopsida_Poales_Poaceae_Hordeum_murinum\25be04ea-1cd6-4273-b59f-2169014bd85f.jpg,303,428,428 260 331 263 289,0.02411099210971443
data\raw\val\06382_Plantae_Tracheophyta_Liliopsida_Poales_Poaceae_Hordeum_murinum\932aefac-fbb3-4d20-bc5e-adb5ab3672fe.jpg,303,12,12 73 229 39 15,0.009703617125929478
data\raw\val\06407_Plantae_Tracheophyta_Liliopsida_Poales_Poaceae_Paspalum_dilatatum\355a838f-24b0-4830-be2d-3835fd70aca5.jpg,304,112,112 113 64 103 151,0.05233653732211975
data\raw\val\06407_Plantae_Tracheophyta_Liliopsida_Poales_Poaceae_Paspalum_dilatatum\b07aa436-33ef-4a56-a427-28679e2afb09.jpg,304,285,285 263 289 447 310,0.02055716777425075
data\raw\val\06407_Plantae_Tracheophyta_Liliopsida_Poales_Poaceae_Paspalum_dilatatum\69bd4a9e-6565-4292-af08-7fc92c13ae65.jpg,304,359,359 342 317 414 409,0.02319836678661457
data\raw\val\06407_Plantae_Tracheophyta_Liliopsida_Poales_Poaceae_Paspalum_dilatatum\8836d011-abf0-435b-83b0-5c84d546c051.jpg,304,273,273 314 379 361 418,0.031630021065737486
data\raw\val\06407_Plantae_Tracheophyta_Liliopsida_Poales_Poaceae_Paspalum_dilatatum\6b10d5cd-f46c-4084-ac3e-55c2498d7ecf.jpg,304,305,305 392 402 279 226,0.03607593808219123
data\raw\val\06407_Plantae_Tracheophyta_Liliopsida_Poales_Poaceae_Paspalum_dilatatum\f8a59364-26f8-4f4e-bec0-8a77c71caae6.jpg,304,306,306 226 200 301 355,0.058085048153929134
data\raw\val\06407_Plantae_Tracheophyta_Liliopsida_Poales_Poaceae_Paspalum_dilatatum\2237f99e-ee05-418b-8a50-f1fc84a58ecc.jpg,304,465,465 293 306 389 353,0.02661362772270798
data\raw\val\06407_Plantae_Tracheophyta_Liliopsida_Poales_Poaceae_Paspalum_dilatatum\5e6fe28b-9fc9-4531-9099-6316d202790a.jpg,304,331,331 304 282 297 305,0.018098009837846353
data\raw\val\06407_Plantae_Tracheophyta_Liliopsida_Poales_Poaceae_Paspalum_dilatatum\a458cbbc-f235-4f84-82b5-9b253af208aa.jpg,304,306,306 446 402 392 334,0.06720003151222771
data\raw\val\06407_Plantae_Tracheophyta_Liliopsida_Poales_Poaceae_Paspalum_dilatatum\37409671-cc92-4fe7-befe-9d055e42f39c.jpg,304,374,374 423 282 314 490,0.034250064604440286
data\raw\val\06409_Plantae_Tracheophyta_Liliopsida_Poales_Poaceae_Paspalum_urvillei\f11640cd-f259-4625-b9a2-c414ab274741.jpg,305,404,404 301 181 226 319,0.023101134769235376
data\raw\val\06409_Plantae_Tracheophyta_Liliopsida_Poales_Poaceae_Paspalum_urvillei\dde5995e-2d5c-4361-9140-f5212ea64911.jpg,305,188,188 107 192 300 180,0.03387367472357424
data\raw\val\06409_Plantae_Tracheophyta_Liliopsida_Poales_Poaceae_Paspalum_urvillei\6a6c01bb-9c77-45bb-a1ee-a00b43d6efcb.jpg,305,173,173 147 218 157 199,0.009011915604065245
data\raw\val\06409_Plantae_Tracheophyta_Liliopsida_Poales_Poaceae_Paspalum_urvillei\d784c806-eb37-4e85-86f9-7b2394429c05.jpg,305,465,465 282 303 304 298,0.03637967818440534
data\raw\val\06409_Plantae_Tracheophyta_Liliopsida_Poales_Poaceae_Paspalum_urvillei\d4081db4-fa1d-4891-adb2-407d358e025c.jpg,305,160,160 226 224 232 325,0.026857760614334668
data\raw\val\06409_Plantae_Tracheophyta_Liliopsida_Poales_Poaceae_Paspalum_urvillei\e66b21a5-0804-43c0-ab42-6893ffd7f1ec.jpg,305,380,380 442 386 334 281,0.05240740531148098
data\raw\val\06409_Plantae_Tracheophyta_Liliopsida_Poales_Poaceae_Paspalum_urvillei\1c02d33e-daba-4cfa-898d-d976b4b2b337.jpg,305,305,305 496 304 298 392,0.01715714703349902
data\raw\val\06409_Plantae_Tracheophyta_Liliopsida_Poales_Poaceae_Paspalum_urvillei\0b3cbe84-ea1e-436e-b121-91b374872ec7.jpg,305,306,306 305 446 293 213,0.1801455414547699
data\raw\val\06409_Plantae_Tracheophyta_Liliopsida_Poales_Poaceae_Paspalum_urvillei\f63ec329-2c53-4a5b-a6b3-4e73b6d2aa9a.jpg,305,301,301 300 200 298 289,0.08328763169116209
data\raw\val\06409_Plantae_Tracheophyta_Liliopsida_Poales_Poaceae_Paspalum_urvillei\a723e83f-cadc-450a-8f69-b941a3067238.jpg,305,200,200 304 305 298 381,0.01756972657087604
data\raw\val\06432_Plantae_Tracheophyta_Liliopsida_Poales_Poaceae_Stipa_pennata\5381c327-ae68-4f88-8565-b3b3223e3d95.jpg,306,306,306 372 392 465 334,0.07003709494267009
data\raw\val\06432_Plantae_Tracheophyta_Liliopsida_Poales_Poaceae_Stipa_pennata\23cff6a8-cdec-486f-badb-8732f0b811f7.jpg,306,301,301 306 303 305 338,0.03236166570323801
data\raw\val\06432_Plantae_Tracheophyta_Liliopsida_Poales_Poaceae_Stipa_pennata\3287ce7f-38d1-452d-82ff-c965f97825fd.jpg,306,224,224 215 384 350 320,0.043628280348706465
data\raw\val\06432_Plantae_Tracheophyta_Liliopsida_Poales_Poaceae_Stipa_pennata\7d427319-5cf1-4ccc-a57d-fbe6dc2429e7.jpg,306,306,306 305 442 350 318,0.16021135060426792
data\raw\val\06432_Plantae_Tracheophyta_Liliopsida_Poales_Poaceae_Stipa_pennata\e8128cb6-62e5-4e5b-bae9-3288376ac8d4.jpg,306,306,306 334 380 392 303,0.24440156840837404
data\raw\val\06432_Plantae_Tracheophyta_Liliopsida_Poales_Poaceae_Stipa_pennata\e117a6bd-0549-4f48-8b73-bce0bc21b1b4.jpg,306,306,306 392 303 295 305,0.21606604216451963
data\raw\val\06432_Plantae_Tracheophyta_Liliopsida_Poales_Poaceae_Stipa_pennata\8d9dfccb-4e04-4943-a236-b01abe6baa1c.jpg,306,305,305 213 233 202 301,0.013926332333551592
data\raw\val\06432_Plantae_Tracheophyta_Liliopsida_Poales_Poaceae_Stipa_pennata\7a979c59-5817-4eff-aad5-7c8830d30598.jpg,306,306,306 305 392 280 295,0.11634941594182782
data\raw\val\06432_Plantae_Tracheophyta_Liliopsida_Poales_Poaceae_Stipa_pennata\7843edcd-df7e-413b-a505-64d4755968bc.jpg,306,335,335 451 155 326 376,0.012255352281443418
data\raw\val\06432_Plantae_Tracheophyta_Liliopsida_Poales_Poaceae_Stipa_pennata\8524cc7f-1c75-478c-819c-e5a3a91299d3.jpg,306,353,353 309 305 465 428,0.03538411309395855
data\raw\val\06447_Plantae_Tracheophyta_Liliopsida_Zingiberales_Cannaceae_Canna_indica\c6c32c3b-8a0b-4a55-a14c-a5407b70e8e5.jpg,307,89,89 482 483 443 87,0.014124946722003096
data\raw\val\06447_Plantae_Tracheophyta_Liliopsida_Zingiberales_Cannaceae_Canna_indica\d7aa50fe-2b7b-4b48-8c26-6627346ec5e4.jpg,307,128,128 40 260 196 133,0.024105404761019345
data\raw\val\06447_Plantae_Tracheophyta_Liliopsida_Zingiberales_Cannaceae_Canna_indica\0c790977-5fbb-4383-a691-24090e43b621.jpg,307,435,435 433 338 363 261,0.015262102479856241
data\raw\val\06447_Plantae_Tracheophyta_Liliopsida_Zingiberales_Cannaceae_Canna_indica\2ddad893-bc3a-43dd-a25b-4c65ffd0041f.jpg,307,467,467 307 213 346 233,0.018886665610589177
data\raw\val\06447_Plantae_Tracheophyta_Liliopsida_Zingiberales_Cannaceae_Canna_indica\2ee6dbda-8f3a-44da-98ad-353ce5057c97.jpg,307,58,58 147 166 208 62,0.031642427286051066
data\raw\val\06447_Plantae_Tracheophyta_Liliopsida_Zingiberales_Cannaceae_Canna_indica\4f5727b6-0889-4567-b2c7-e67a06e6ac57.jpg,307,478,478 472 368 86 210,0.013010879440030097
data\raw\val\06447_Plantae_Tracheophyta_Liliopsida_Zingiberales_Cannaceae_Canna_indica\a7112104-c2bf-45c6-9991-0524e68488bc.jpg,307,85,85 263 71 43 485,0.014703519891617207
data\raw\val\06447_Plantae_Tracheophyta_Liliopsida_Zingiberales_Cannaceae_Canna_indica\c7e413ec-57b9-40aa-a7d6-7ef1e4713b52.jpg,307,308,308 318 375 403 240,0.030269323532274416
data\raw\val\06447_Plantae_Tracheophyta_Liliopsida_Zingiberales_Cannaceae_Canna_indica\f07cb5ab-92dc-4576-aba7-65f915d8ec84.jpg,307,422,422 431 344 480 457,0.013739828561103283
data\raw\val\06447_Plantae_Tracheophyta_Liliopsida_Zingiberales_Cannaceae_Canna_indica\55989e54-7f5c-462c-b34d-f8af64e9348b.jpg,307,335,335 415 307 431 476,0.010177980916314068
data\raw\val\06458_Plantae_Tracheophyta_Liliopsida_Zingiberales_Zingiberaceae_Hedychium_gardnerianum\23e5d7d0-91cb-4071-a5a9-a06d64b8221d.jpg,308,403,403 324 307 335 410,0.018919903899685855
data\raw\val\06458_Plantae_Tracheophyta_Liliopsida_Zingiberales_Zingiberaceae_Hedychium_gardnerianum\c8f36221-302a-4095-83d6-9e8a2a73551f.jpg,308,426,426 294 498 428 381,0.011962352602809973
data\raw\val\06458_Plantae_Tracheophyta_Liliopsida_Zingiberales_Zingiberaceae_Hedychium_gardnerianum\d1746a74-305d-42aa-9ea8-748382166de2.jpg,308,308,308 273 222 460 445,0.04820080587346066
data\raw\val\06458_Plantae_Tracheophyta_Liliopsida_Zingiberales_Zingiberaceae_Hedychium_gardnerianum\2ebd9813-3bb3-4a44-af25-4a6fa939bb5d.jpg,308,451,451 394 423 435 395,0.015036024248726439
data\raw\val\06458_Plantae_Tracheophyta_Liliopsida_Zingiberales_Zingiberaceae_Hedychium_gardnerianum\6700ec8f-1b9b-425f-9714-ef430c4000ec.jpg,308,308,308 433 440 434 307,0.04352085151329342
data\raw\val\06458_Plantae_Tracheophyta_Liliopsida_Zingiberales_Zingiberaceae_Hedychium_gardnerianum\ac630d9f-7c6d-46a7-bcc7-b80136f1a3c5.jpg,308,222,222 262 240 308 162,0.018288087334695845
data\raw\val\06458_Plantae_Tracheophyta_Liliopsida_Zingiberales_Zingiberaceae_Hedychium_gardnerianum\1d45196e-19e2-4711-8010-97dd1252d488.jpg,308,308,308 262 266 233 284,0.022661773292028196
data\raw\val\06458_Plantae_Tracheophyta_Liliopsida_Zingiberales_Zingiberaceae_Hedychium_gardnerianum\045bb704-c65f-4f44-ad28-99c12e678d3e.jpg,308,316,316 314 327 425 333,0.023893915455973382
data\raw\val\06458_Plantae_Tracheophyta_Liliopsida_Zingiberales_Zingiberaceae_Hedychium_gardnerianum\7c783a15-b8c2-4ec9-bc11-4d5c83d5a476.jpg,308,459,459 494 498 284 458,0.025981818434936178
data\raw\val\06458_Plantae_Tracheophyta_Liliopsida_Zingiberales_Zingiberaceae_Hedychium_gardnerianum\1a69169a-b31e-431e-b6f1-2bd44420f81b.jpg,308,493,493 460 361 478 368,0.0175805640464774
data\raw\val\06496_Plantae_Tracheophyta_Magnoliopsida_Apiales_Apiaceae_Cicuta_virosa\758f1d29-6905-4b29-8164-ac006e28a046.jpg,309,267,267 293 282 364 388,0.014932415212533905
data\raw\val\06496_Plantae_Tracheophyta_Magnoliopsida_Apiales_Apiaceae_Cicuta_virosa\666927b4-2207-418f-9174-f41de693fbe4.jpg,309,361,361 385 287 334 327,0.018940653563565057
data\raw\val\06496_Plantae_Tracheophyta_Magnoliopsida_Apiales_Apiaceae_Cicuta_virosa\e6b2faa4-1c78-43ea-ac34-dcdb9061fd35.jpg,309,379,379 480 257 343 438,0.02300264220850488
data\raw\val\06496_Plantae_Tracheophyta_Magnoliopsida_Apiales_Apiaceae_Cicuta_virosa\6044f7cc-395f-45fd-9dd6-7e693f9d0551.jpg,309,468,468 85 136 97 70,0.013013149353532451
data\raw\val\06496_Plantae_Tracheophyta_Magnoliopsida_Apiales_Apiaceae_Cicuta_virosa\e4625f3a-d76f-40ad-a1de-ea18a5dcf0d9.jpg,309,294,294 289 388 299 309,0.04709424367740016
data\raw\val\06496_Plantae_Tracheophyta_Magnoliopsida_Apiales_Apiaceae_Cicuta_virosa\12d55ad4-d636-4951-97ef-deaf560024f9.jpg,309,333,333 325 316 322 418,0.026066245601741155
data\raw\val\06496_Plantae_Tracheophyta_Magnoliopsida_Apiales_Apiaceae_Cicuta_virosa\ac881c3f-ba0f-4a23-ac1b-ba6567b0e9e2.jpg,309,223,223 381 299 226 295,0.017986801397414414
data\raw\val\06496_Plantae_Tracheophyta_Magnoliopsida_Apiales_Apiaceae_Cicuta_virosa\7b3c7734-cc93-4fa9-a0b1-be03814920a4.jpg,309,458,458 375 369 326 363,0.027991165190706404
data\raw\val\06496_Plantae_Tracheophyta_Magnoliopsida_Apiales_Apiaceae_Cicuta_virosa\dc551b9d-9cdb-4c12-967a-8ac6c8efbf01.jpg,309,417,417 316 489 431 361,0.017582599615228053
data\raw\val\06496_Plantae_Tracheophyta_Magnoliopsida_Apiales_Apiaceae_Cicuta_virosa\a7d57c8c-ee03-41e4-ac18-d35b6b6f1ec9.jpg,309,293,293 236 319 428 284,0.026804032565755705
data\raw\val\06499_Plantae_Tracheophyta_Magnoliopsida_Apiales_Apiaceae_Cryptotaenia_canadensis\cb6d05a6-accb-4589-a306-bbba24104632.jpg,310,410,410 333 279 334 324,0.0322546759356521
data\raw\val\06499_Plantae_Tracheophyta_Magnoliopsida_Apiales_Apiaceae_Cryptotaenia_canadensis\1853d542-e6ed-4617-b6e2-d992369f83b6.jpg,310,250,250 254 31 6 126,0.02072046317005826
data\raw\val\06499_Plantae_Tracheophyta_Magnoliopsida_Apiales_Apiaceae_Cryptotaenia_canadensis\0bfdf52d-2515-410f-8f2f-44f01cd73fc1.jpg,310,72,72 110 98 208 116,0.00992167527527278
data\raw\val\06499_Plantae_Tracheophyta_Magnoliopsida_Apiales_Apiaceae_Cryptotaenia_canadensis\ca06832f-113c-4ed0-9cdb-6cce75f34c41.jpg,310,219,219 4 2 1 18,0.019059484548799594
data\raw\val\06499_Plantae_Tracheophyta_Magnoliopsida_Apiales_Apiaceae_Cryptotaenia_canadensis\1275c169-6d3c-4829-bd0f-dfcc0d411519.jpg,310,388,388 430 331 482 474,0.03251521581373729
data\raw\val\06499_Plantae_Tracheophyta_Magnoliopsida_Apiales_Apiaceae_Cryptotaenia_canadensis\6ea2509c-adf2-470e-8614-b32214a55680.jpg,310,66,66 311 411 108 82,0.021248877019737978
data\raw\val\06499_Plantae_Tracheophyta_Magnoliopsida_Apiales_Apiaceae_Cryptotaenia_canadensis\1641e740-43d7-4a69-ae49-5402308d91ff.jpg,310,460,460 445 288 473 419,0.014485812673491548
data\raw\val\06499_Plantae_Tracheophyta_Magnoliopsida_Apiales_Apiaceae_Cryptotaenia_canadensis\bd0ca8e8-2a7b-4805-9cc2-766b7ad65d46.jpg,310,453,453 310 383 311 462,0.027282421994838886
data\raw\val\06499_Plantae_Tracheophyta_Magnoliopsida_Apiales_Apiaceae_Cryptotaenia_canadensis\127e2dc3-b3c9-4e94-b989-7daa839450f9.jpg,310,462,462 310 345 311 453,0.03983088130746524
data\raw\val\06499_Plantae_Tracheophyta_Magnoliopsida_Apiales_Apiaceae_Cryptotaenia_canadensis\9607a040-0aa3-444c-8ead-f5f249428204.jpg,310,227,227 397 360 422 431,0.015580339075145508
data\raw\val\06551_Plantae_Tracheophyta_Magnoliopsida_Apiales_Araliaceae_Aralia_racemosa\f59ebc0b-b07f-41e8-8118-eaf61f3f764d.jpg,311,311,311 436 433 400 357,0.07359696821063275
data\raw\val\06551_Plantae_Tracheophyta_Magnoliopsida_Apiales_Araliaceae_Aralia_racemosa\e27acc38-2ead-4593-a9a8-d22dcb409faa.jpg,311,125,125 148 137 108 80,0.011668301803311507
data\raw\val\06551_Plantae_Tracheophyta_Magnoliopsida_Apiales_Araliaceae_Aralia_racemosa\f21b7e04-6fa5-4ee5-8730-f3e22369ad69.jpg,311,311,311 310 62 82 453,0.02898785492989311
data\raw\val\06551_Plantae_Tracheophyta_Magnoliopsida_Apiales_Araliaceae_Aralia_racemosa\3a345f74-13be-4eac-adae-a58f08783d50.jpg,311,457,457 311 234 248 276,0.01813825296293265
data\raw\val\06551_Plantae_Tracheophyta_Magnoliopsida_Apiales_Araliaceae_Aralia_racemosa\f11510cf-dc5a-4f2f-8dc4-66863052fefd.jpg,311,296,296 72 193 182 14,0.012795232044228121
data\raw\val\06551_Plantae_Tracheophyta_Magnoliopsida_Apiales_Araliaceae_Aralia_racemosa\74d2d282-4660-46f5-9fff-7fb06f593e24.jpg,311,311,311 269 361 347 227,0.025544683413707414
data\raw\val\06551_Plantae_Tracheophyta_Magnoliopsida_Apiales_Araliaceae_Aralia_racemosa\e89e9004-74a6-48bb-84bb-7d7f55686b96.jpg,311,310,310 311 66 453 383,0.02396019395775115
data\raw\val\06551_Plantae_Tracheophyta_Magnoliopsida_Apiales_Araliaceae_Aralia_racemosa\b388ee7c-fd04-4d5c-be8c-7e8da082efee.jpg,311,415,415 311 499 310 474,0.044845888142573724
data\raw\val\06551_Plantae_Tracheophyta_Magnoliopsida_Apiales_Araliaceae_Aralia_racemosa\3992b053-df37-46b9-979e-a07cb8cac3bf.jpg,311,311,311 351 238 90 83,0.022390789329477502
data\raw\val\06551_Plantae_Tracheophyta_Magnoliopsida_Apiales_Araliaceae_Aralia_racemosa\52758ee6-d487-41b4-928b-579542b9c5cc.jpg,311,398,398 397 467 396 362,0.02801469066500593
data\raw\val\06558_Plantae_Tracheophyta_Magnoliopsida_Apiales_Araliaceae_Hydrocotyle_ranunculoides\704984b8-d484-4ead-9fdb-a34e2cffa67f.jpg,312,312,312 14 462 329 357,0.04379032635210628
data\raw\val\06558_Plantae_Tracheophyta_Magnoliopsida_Apiales_Araliaceae_Hydrocotyle_ranunculoides\5b2a720e-73d2-4e3c-a34c-3850491997f9.jpg,312,312,312 462 14 424 329,0.11454713503789735
data\raw\val\06558_Plantae_Tracheophyta_Magnoliopsida_Apiales_Araliaceae_Hydrocotyle_ranunculoides\7e34eea4-1a81-4ec2-b8e9-25964738784b.jpg,312,97,97 443 374 288 85,0.0190316314576549
data\raw\val\06558_Plantae_Tracheophyta_Magnoliopsida_Apiales_Araliaceae_Hydrocotyle_ranunculoides\fa4284db-c205-4faf-8b83-0fe6eef84101.jpg,312,482,482 443 474 310 472,0.04834257467992349
data\raw\val\06558_Plantae_Tracheophyta_Magnoliopsida_Apiales_Araliaceae_Hydrocotyle_ranunculoides\f15605c9-3b81-4e0f-9724-d7893d468384.jpg,312,424,424 312 272 262 460,0.04854129831552245
data\raw\val\06558_Plantae_Tracheophyta_Magnoliopsida_Apiales_Araliaceae_Hydrocotyle_ranunculoides\6ee223ff-8c7e-495b-8eb6-2fb7eb5393b6.jpg,312,439,439 262 9 424 261,0.03054478704422179
data\raw\val\06558_Plantae_Tracheophyta_Magnoliopsida_Apiales_Araliaceae_Hydrocotyle_ranunculoides\6d290bf3-273e-44f3-be73-3fff305f54a3.jpg,312,312,312 405 246 424 430,0.08453445056667977
data\raw\val\06558_Plantae_Tracheophyta_Magnoliopsida_Apiales_Araliaceae_Hydrocotyle_ranunculoides\13d084e5-af19-46f5-bf87-000c2a3a635e.jpg,312,312,312 424 430 481 462,0.09228367942241293
data\raw\val\06558_Plantae_Tracheophyta_Magnoliopsida_Apiales_Araliaceae_Hydrocotyle_ranunculoides\2805f31e-c61b-4bcb-9d2d-0486e801abf1.jpg,312,312,312 311 383 310 357,0.04500512167230445
data\raw\val\06558_Plantae_Tracheophyta_Magnoliopsida_Apiales_Araliaceae_Hydrocotyle_ranunculoides\ff6c5312-32d2-42a5-9e37-b32c6f241c6b.jpg,312,453,453 462 406 409 412,0.024371417087874908
data\raw\val\06589_Plantae_Tracheophyta_Magnoliopsida_Asterales_Argophyllaceae_Corokia_cotoneaster\5ff69fca-23f2-40fb-92e6-9548e870963c.jpg,313,314,314 438 313 416 418,0.02872695510119228
data\raw\val\06589_Plantae_Tracheophyta_Magnoliopsida_Asterales_Argophyllaceae_Corokia_cotoneaster\acdf26d0-26c6-4455-9427-86c05d1aebcf.jpg,313,416,416 313 487 452 275,0.02628835144778409
data\raw\val\06589_Plantae_Tracheophyta_Magnoliopsida_Asterales_Argophyllaceae_Corokia_cotoneaster\f839811b-1043-4cd2-a02f-91900a5b21df.jpg,313,10,10 472 474 116 177,0.01091319535540997
data\raw\val\06589_Plantae_Tracheophyta_Magnoliopsida_Asterales_Argophyllaceae_Corokia_cotoneaster\0ae9a1c7-c7a5-400e-88a5-f1272e536144.jpg,313,405,405 456 448 34 80,0.020405101219509923
data\raw\val\06589_Plantae_Tracheophyta_Magnoliopsida_Asterales_Argophyllaceae_Corokia_cotoneaster\faabe367-70ca-4721-831a-150eb43249b9.jpg,313,131,131 215 220 135 213,0.028663664103109464
data\raw\val\06589_Plantae_Tracheophyta_Magnoliopsida_Asterales_Argophyllaceae_Corokia_cotoneaster\5fa55c4e-0670-46f1-b7d8-fe711392f8af.jpg,313,442,442 306 389 313 425,0.043257178109345935
data\raw\val\06589_Plantae_Tracheophyta_Magnoliopsida_Asterales_Argophyllaceae_Corokia_cotoneaster\8f783448-28cc-4d01-af1c-2445a8bc4b06.jpg,313,471,471 430 371 385 463,0.041048613933356716
data\raw\val\06589_Plantae_Tracheophyta_Magnoliopsida_Asterales_Argophyllaceae_Corokia_cotoneaster\9feb34bd-a5bb-4083-beb7-bc9ae639bc69.jpg,313,354,354 353 293 299 285,0.046354104465203994
data\raw\val\06589_Plantae_Tracheophyta_Magnoliopsida_Asterales_Argophyllaceae_Corokia_cotoneaster\9a52a000-2cd6-484f-9209-a27b0e83ad5c.jpg,313,313,313 371 315 416 329,0.024999402730076656
data\raw\val\06589_Plantae_Tracheophyta_Magnoliopsida_Asterales_Argophyllaceae_Corokia_cotoneaster\296cb1e5-26c4-40ef-85e7-53edcf242aa6.jpg,313,313,313 320 442 418 327,0.14088689868056475
data\raw\val\06606_Plantae_Tracheophyta_Magnoliopsida_Asterales_Asteraceae_Ambrosia_deltoidea\441f9348-c9d1-4ae6-84b0-1df2f77b8488.jpg,314,85,85 401 433 363 308,0.029189591890171673
data\raw\val\06606_Plantae_Tracheophyta_Magnoliopsida_Asterales_Asteraceae_Ambrosia_deltoidea\bf44b826-358b-4437-b9a3-d0e98f05c27b.jpg,314,314,314 325 316 333 327,0.0330144896058464
data\raw\val\06606_Plantae_Tracheophyta_Magnoliopsida_Asterales_Asteraceae_Ambrosia_deltoidea\8f7db4c3-87ca-40ef-94f0-4c6ab52debec.jpg,314,193,193 197 184 13 198,0.024786164955958694
data\raw\val\06606_Plantae_Tracheophyta_Magnoliopsida_Asterales_Asteraceae_Ambrosia_deltoidea\c84aaab0-efb3-43b9-9fcf-42745dc5fa0c.jpg,314,240,240 234 314 313 438,0.026173285514075578
data\raw\val\06606_Plantae_Tracheophyta_Magnoliopsida_Asterales_Asteraceae_Ambrosia_deltoidea\93aebdf7-1266-4ed9-884c-4a674ea2b4fd.jpg,314,138,138 73 346 396 466,0.010675108657371259
data\raw\val\06606_Plantae_Tracheophyta_Magnoliopsida_Asterales_Asteraceae_Ambrosia_deltoidea\f66f1f97-d80d-4c65-beec-8df71c4a8fd1.jpg,314,275,275 409 414 359 437,0.03694932983920928
data\raw\val\06606_Plantae_Tracheophyta_Magnoliopsida_Asterales_Asteraceae_Ambrosia_deltoidea\814ac8ee-ee89-4b50-85c4-60f62fa23d59.jpg,314,325,325 242 7 36 438,0.021867589946996835
data\raw\val\06606_Plantae_Tracheophyta_Magnoliopsida_Asterales_Asteraceae_Ambrosia_deltoidea\0ddadcc9-047b-48c2-a9c4-56ef75a6191b.jpg,314,325,325 359 226 314 327,0.02312545503827887
data\raw\val\06606_Plantae_Tracheophyta_Magnoliopsida_Asterales_Asteraceae_Ambrosia_deltoidea\6c1ea7f5-95b3-427e-97f9-b4f3a16baee4.jpg,314,427,427 68 97 23 31,0.008415121276724532
data\raw\val\06606_Plantae_Tracheophyta_Magnoliopsida_Asterales_Asteraceae_Ambrosia_deltoidea\6468a9d7-c1e9-49bc-bc2a-f4e0535b8482.jpg,314,416,416 318 409 335 480,0.01957337798347031
data\raw\val\06611_Plantae_Tracheophyta_Magnoliopsida_Asterales_Asteraceae_Anaphalioides_bellidioides\4ca21123-ded1-4bd6-953a-d3425022bdb7.jpg,315,7,7 98 10 238 144,0.018845528027777836
data\raw\val\06611_Plantae_Tracheophyta_Magnoliopsida_Asterales_Asteraceae_Anaphalioides_bellidioides\3482f448-4810-4ba6-b104-eccb4f7ab67b.jpg,315,291,291 341 333 484 288,0.02345899859875225
data\raw\val\06611_Plantae_Tracheophyta_Magnoliopsida_Asterales_Asteraceae_Anaphalioides_bellidioides\3ca31adf-69ca-44e0-80f4-4748f6eb7e37.jpg,315,491,491 353 465 298 282,0.03828327525998925
data\raw\val\06611_Plantae_Tracheophyta_Magnoliopsida_Asterales_Asteraceae_Anaphalioides_bellidioides\e81d8031-be58-4d95-9c77-2d684765cfc7.jpg,315,416,416 468 23 315 37,0.019271803059222985
data\raw\val\06611_Plantae_Tracheophyta_Magnoliopsida_Asterales_Asteraceae_Anaphalioides_bellidioides\f2e398d0-7c66-45bc-be13-46c983a56e83.jpg,315,445,445 460 473 308 362,0.03638492458308788
data\raw\val\06611_Plantae_Tracheophyta_Magnoliopsida_Asterales_Asteraceae_Anaphalioides_bellidioides\355aa88c-8b2c-40fd-9589-4bd72349af94.jpg,315,328,328 336 341 352 315,0.03494694357922408
data\raw\val\06611_Plantae_Tracheophyta_Magnoliopsida_Asterales_Asteraceae_Anaphalioides_bellidioides\936d3ace-f4c0-494d-aaf6-3c0b1b564f60.jpg,315,416,416 317 480 257 335,0.04346815227099699
data\raw\val\06611_Plantae_Tracheophyta_Magnoliopsida_Asterales_Asteraceae_Anaphalioides_bellidioides\feceaf35-42fa-4cf7-bb78-f1f5d87b5277.jpg,315,335,335 445 457 438 344,0.017863134142940367
data\raw\val\06611_Plantae_Tracheophyta_Magnoliopsida_Asterales_Asteraceae_Anaphalioides_bellidioides\45eb873c-8d8f-4e47-aa32-5e71d4776282.jpg,315,480,480 410 460 335 258,0.03701381381457444
data\raw\val\06611_Plantae_Tracheophyta_Magnoliopsida_Asterales_Asteraceae_Anaphalioides_bellidioides\060a9c57-ebfc-486d-a5dc-2784e4500968.jpg,315,465,465 491 260 389 282,0.05267816195496819
data\raw\val\06638_Plantae_Tracheophyta_Magnoliopsida_Asterales_Asteraceae_Artemisia_tridentata\74d51330-97e3-49cd-8a53-5537f5339e89.jpg,316,316,316 359 366 487 391,0.019579060035632388
data\raw\val\06638_Plantae_Tracheophyta_Magnoliopsida_Asterales_Asteraceae_Artemisia_tridentata\2faed4f5-5007-4018-a6e8-574a57acb63e.jpg,316,179,179 143 374 170 450,0.009315212268061191
data\raw\val\06638_Plantae_Tracheophyta_Magnoliopsida_Asterales_Asteraceae_Artemisia_tridentata\73c53a19-e52e-491b-ab42-79a1acc0d577.jpg,316,204,204 150 300 188 202,0.021133376077137774
data\raw\val\06638_Plantae_Tracheophyta_Magnoliopsida_Asterales_Asteraceae_Artemisia_tridentata\4bb0b437-54f9-432e-a107-b812cc1e3e55.jpg,316,489,489 135 134 136 316,0.06596370995931751
data\raw\val\06638_Plantae_Tracheophyta_Magnoliopsida_Asterales_Asteraceae_Artemisia_tridentata\ff5ef8d7-de8c-4d89-86ab-1c480995ac6a.jpg,316,347,347 349 215 316 224,0.05949706164300567
data\raw\val\06638_Plantae_Tracheophyta_Magnoliopsida_Asterales_Asteraceae_Artemisia_tridentata\ceb56321-bfba-485c-924a-b0deb3e34c29.jpg,316,368,368 469 373 443 450,0.03123757152300008
data\raw\val\06638_Plantae_Tracheophyta_Magnoliopsida_Asterales_Asteraceae_Artemisia_tridentata\d9dd0052-d3ea-48c3-8372-da25a338b402.jpg,316,487,487 489 490 425 316,0.02539954470826735
data\raw\val\06638_Plantae_Tracheophyta_Magnoliopsida_Asterales_Asteraceae_Artemisia_tridentata\8c3ce2de-dee5-44f4-bd8c-17715b31a6f4.jpg,316,318,318 334 480 282 442,0.04998205678411672
data\raw\val\06638_Plantae_Tracheophyta_Magnoliopsida_Asterales_Asteraceae_Artemisia_tridentata\5f976cb3-85ce-4c07-af50-1697355297e8.jpg,316,318,318 378 334 409 388,0.025008393152900796
data\raw\val\06638_Plantae_Tracheophyta_Magnoliopsida_Asterales_Asteraceae_Artemisia_tridentata\705e1b50-db08-49c4-8851-5579b7220734.jpg,316,378,378 450 288 285 94,0.014126314955792644
data\raw\val\06656_Plantae_Tracheophyta_Magnoliopsida_Asterales_Asteraceae_Bidens_bipinnata\8504b93f-2824-4af7-8adf-90a149cc220d.jpg,317,380,380 137 44 43 484,0.01339031312984283
data\raw\val\06656_Plantae_Tracheophyta_Magnoliopsida_Asterales_Asteraceae_Bidens_bipinnata\6f634e0e-e78e-4a5d-8d68-f9706015832c.jpg,317,333,333 432 279 316 314,0.040333810605711534
data\raw\val\06656_Plantae_Tracheophyta_Magnoliopsida_Asterales_Asteraceae_Bidens_bipinnata\c10a0818-94d4-4b23-832d-15b73ae1e9c1.jpg,317,291,291 446 411 33 317,0.01361288247992553
data\raw\val\06656_Plantae_Tracheophyta_Magnoliopsida_Asterales_Asteraceae_Bidens_bipinnata\333a0c31-1cc0-479b-a65a-75e486431acf.jpg,317,361,361 487 335 416 315,0.024837690747325152
data\raw\val\06656_Plantae_Tracheophyta_Magnoliopsida_Asterales_Asteraceae_Bidens_bipinnata\11117136-d150-4ffd-aa64-524126d004b1.jpg,317,452,452 419 416 394 361,0.03840661150193699
data\raw\val\06656_Plantae_Tracheophyta_Magnoliopsida_Asterales_Asteraceae_Bidens_bipinnata\72b72357-b215-4810-abd6-6d4e2db7e721.jpg,317,473,473 415 317 499 411,0.031066213700027948
data\raw\val\06656_Plantae_Tracheophyta_Magnoliopsida_Asterales_Asteraceae_Bidens_bipinnata\27b8e13b-e65a-43e2-a3eb-e4390cb9e164.jpg,317,462,462 14 406 472 453,0.03370193732668874
data\raw\val\06656_Plantae_Tracheophyta_Magnoliopsida_Asterales_Asteraceae_Bidens_bipinnata\ba9c8ac2-65bc-416c-809e-67aff61f8a45.jpg,317,343,343 411 317 473 415,0.03250982290348663
data\raw\val\06656_Plantae_Tracheophyta_Magnoliopsida_Asterales_Asteraceae_Bidens_bipinnata\c4c79a0b-fcde-4cc1-acf3-8d052ce7e223.jpg,317,410,410 288 480 427 318,0.018636213819038343
data\raw\val\06656_Plantae_Tracheophyta_Magnoliopsida_Asterales_Asteraceae_Bidens_bipinnata\928ac5e6-94ee-4279-83b2-70bef9229f69.jpg,317,345,345 387 14 438 23,0.00881975747597678
data\raw\val\06672_Plantae_Tracheophyta_Magnoliopsida_Asterales_Asteraceae_Carduus_pycnocephalus\881540f4-6c8d-4de9-9829-4e48ef721708.jpg,318,275,275 442 287 369 318,0.030928143551564417
data\raw\val\06672_Plantae_Tracheophyta_Magnoliopsida_Asterales_Asteraceae_Carduus_pycnocephalus\fde5a48c-365d-4f64-90fc-8a4496a8292d.jpg,318,287,287 369 222 423 441,0.020220660547604755
data\raw\val\06672_Plantae_Tracheophyta_Magnoliopsida_Asterales_Asteraceae_Carduus_pycnocephalus\e4fbc64d-3ded-4ac0-81fe-adf88ee2cc8b.jpg,318,316,316 425 325 318 361,0.028908686390456493
data\raw\val\06672_Plantae_Tracheophyta_Magnoliopsida_Asterales_Asteraceae_Carduus_pycnocephalus\ace90564-e01b-42bd-84a4-87758e8fdef0.jpg,318,321,321 335 473 318 324,0.029109240056135303
data\raw\val\06672_Plantae_Tracheophyta_Magnoliopsida_Asterales_Asteraceae_Carduus_pycnocephalus\11a13c15-db6b-4492-bda9-1bc17f5092e1.jpg,318,414,414 282 190 316 318,0.023957018288219317
data\raw\val\06672_Plantae_Tracheophyta_Magnoliopsida_Asterales_Asteraceae_Carduus_pycnocephalus\50015e80-6cf9-4631-a843-b714faae9563.jpg,318,112,112 103 187 114 113,0.027390662984034
data\raw\val\06672_Plantae_Tracheophyta_Magnoliopsida_Asterales_Asteraceae_Carduus_pycnocephalus\6a272411-dbbf-472e-9110-0f97cfc6f372.jpg,318,318,318 417 316 432 414,0.023151732006047584
data\raw\val\06672_Plantae_Tracheophyta_Magnoliopsida_Asterales_Asteraceae_Carduus_pycnocephalus\71165baf-dea0-43a9-b2e7-09d5d64e11a0.jpg,318,323,323 455 420 446 339,0.012147834423111924
data\raw\val\06672_Plantae_Tracheophyta_Magnoliopsida_Asterales_Asteraceae_Carduus_pycnocephalus\131e146c-42af-4bcc-985d-1bde23b1295b.jpg,318,344,344 340 410 37 324,0.025725333135004847
data\raw\val\06672_Plantae_Tracheophyta_Magnoliopsida_Asterales_Asteraceae_Carduus_pycnocephalus\1bfbe608-913b-4d90-be2f-fbe81da01f67.jpg,318,37,37 23 68 70 317,0.03148172116711921
data\raw\val\06714_Plantae_Tracheophyta_Magnoliopsida_Asterales_Asteraceae_Cirsium_pitcheri\0185c461-c35d-4055-9e59-b0ca87a14052.jpg,319,116,116 37 23 16 28,0.008863430315465654
data\raw\val\06714_Plantae_Tracheophyta_Magnoliopsida_Asterales_Asteraceae_Cirsium_pitcheri\7004b24d-56b4-4afa-96be-dc33321a668e.jpg,319,319,319 221 178 348 404,0.06849709164528091
data\raw\val\06714_Plantae_Tracheophyta_Magnoliopsida_Asterales_Asteraceae_Cirsium_pitcheri\91dd792a-558b-4f28-9351-2d0f1ccb6414.jpg,319,415,415 294 499 473 404,0.012805109226805006
data\raw\val\06714_Plantae_Tracheophyta_Magnoliopsida_Asterales_Asteraceae_Cirsium_pitcheri\08ecfa21-a974-4f40-b03d-1af6c75d97e8.jpg,319,319,319 195 348 178 10,0.13352494231947853
data\raw\val\06714_Plantae_Tracheophyta_Magnoliopsida_Asterales_Asteraceae_Cirsium_pitcheri\0ab476ca-222c-4c82-b857-9022fddb839e.jpg,319,420,420 299 384 379 282,0.02363397503286594
data\raw\val\06714_Plantae_Tracheophyta_Magnoliopsida_Asterales_Asteraceae_Cirsium_pitcheri\6bea415b-8cb3-4fb5-9a82-e35b794e6991.jpg,319,319,319 25 87 92 178,0.03814550360811318
data\raw\val\06714_Plantae_Tracheophyta_Magnoliopsida_Asterales_Asteraceae_Cirsium_pitcheri\0586958d-ca5d-4813-8ed7-42339635e2b6.jpg,319,389,389 402 377 392 350,0.03483506157644594
data\raw\val\06714_Plantae_Tracheophyta_Magnoliopsida_Asterales_Asteraceae_Cirsium_pitcheri\185e8f7f-5938-4578-8f5b-941deaa5e5d7.jpg,319,392,392 316 224 305 425,0.020331707007371917
data\raw\val\06714_Plantae_Tracheophyta_Magnoliopsida_Asterales_Asteraceae_Cirsium_pitcheri\928d65cc-8b96-45c0-88a5-81146dda1d44.jpg,319,107,107 301 284 180 319,0.031238419309591415
data\raw\val\06714_Plantae_Tracheophyta_Magnoliopsida_Asterales_Asteraceae_Cirsium_pitcheri\67932ff3-9c8a-4af8-8704-f21afddbef8d.jpg,319,391,391 497 413 348 376,0.043036620628248916
data\raw\val\06745_Plantae_Tracheophyta_Magnoliopsida_Asterales_Asteraceae_Dittrichia_graveolens\d1f88ec2-8b61-419c-838d-d4aba9f089f1.jpg,320,129,129 255 249 248 123,0.03210892271991494
data\raw\val\06745_Plantae_Tracheophyta_Magnoliopsida_Asterales_Asteraceae_Dittrichia_graveolens\7a26269e-25ca-417a-a3cc-55335093cadd.jpg,320,226,226 325 320 359 425,0.03799329516020105
data\raw\val\06745_Plantae_Tracheophyta_Magnoliopsida_Asterales_Asteraceae_Dittrichia_graveolens\ba6fb2ba-d1d1-40f2-ad3f-253f52b05722.jpg,320,322,322 438 162 333 320,0.018703401281140692
data\raw\val\06745_Plantae_Tracheophyta_Magnoliopsida_Asterales_Asteraceae_Dittrichia_graveolens\fb664418-72d8-42d4-b8a1-b09dfab7aa8e.jpg,320,314,314 234 325 327 224,0.028759238001390665
data\raw\val\06745_Plantae_Tracheophyta_Magnoliopsida_Asterales_Asteraceae_Dittrichia_graveolens\fe736960-1222-489d-8068-3ff37bf0766b.jpg,320,11,11 195 184 10 194,0.03694480156325882
data\raw\val\06745_Plantae_Tracheophyta_Magnoliopsida_Asterales_Asteraceae_Dittrichia_graveolens\2bc38ac4-e065-4a6a-99aa-cc1e31488eae.jpg,320,116,116 169 110 191 177,0.016132461600114625
data\raw\val\06745_Plantae_Tracheophyta_Magnoliopsida_Asterales_Asteraceae_Dittrichia_graveolens\43b7aa4d-66da-4cb3-bb19-20465fa24001.jpg,320,453,453 419 410 89 291,0.019006633750137888
data\raw\val\06745_Plantae_Tracheophyta_Magnoliopsida_Asterales_Asteraceae_Dittrichia_graveolens\93472507-7375-4883-b5c1-daa906b4583d.jpg,320,224,224 242 22 238 36,0.038482649779864514
data\raw\val\06745_Plantae_Tracheophyta_Magnoliopsida_Asterales_Asteraceae_Dittrichia_graveolens\99fd15ec-c1e3-492d-b98b-d48578e25519.jpg,320,238,238 322 7 425 234,0.016904626827007118
data\raw\val\06745_Plantae_Tracheophyta_Magnoliopsida_Asterales_Asteraceae_Dittrichia_graveolens\c9eabb5a-947b-4a50-bbc2-f2e90976b23f.jpg,320,171,171 187 209 193 174,0.03050921358940379
data\raw\val\06747_Plantae_Tracheophyta_Magnoliopsida_Asterales_Asteraceae_Doellingeria_umbellata\cf34df06-d01e-4e6d-8ac9-2b9db957b934.jpg,321,43,43 439 412 485 434,0.026062294989412055
data\raw\val\06747_Plantae_Tracheophyta_Magnoliopsida_Asterales_Asteraceae_Doellingeria_umbellata\54ddbd59-44b7-4a3d-935e-218ace5dcd06.jpg,321,394,394 262 360 331 423,0.01826108920216666
data\raw\val\06747_Plantae_Tracheophyta_Magnoliopsida_Asterales_Asteraceae_Doellingeria_umbellata\c00417e3-a062-48a5-a4c2-bfb06f8120fd.jpg,321,321,321 361 273 333 416,0.034402893119800035
data\raw\val\06747_Plantae_Tracheophyta_Magnoliopsida_Asterales_Asteraceae_Doellingeria_umbellata\38448d31-4b32-452d-86d8-2af75bd0cf79.jpg,321,321,321 336 338 473 332,0.08571505060406927
data\raw\val\06747_Plantae_Tracheophyta_Magnoliopsida_Asterales_Asteraceae_Doellingeria_umbellata\13ae04ec-a831-466a-a906-77879cb73310.jpg,321,394,394 363 451 423 38,0.022245027304570054
data\raw\val\06747_Plantae_Tracheophyta_Magnoliopsida_Asterales_Asteraceae_Doellingeria_umbellata\056c3dc7-76b3-45cf-b827-e72e78cfb790.jpg,321,324,324 333 466 426 378,0.016230490889826938
data\raw\val\06747_Plantae_Tracheophyta_Magnoliopsida_Asterales_Asteraceae_Doellingeria_umbellata\8a73303b-1940-4a70-9b8f-30be0ce8744e.jpg,321,490,490 417 418 487 366,0.02271823860023556
data\raw\val\06747_Plantae_Tracheophyta_Magnoliopsida_Asterales_Asteraceae_Doellingeria_umbellata\1c16441a-ec60-4b7e-9fb5-aa3c787e05d2.jpg,321,363,363 353 490 441 423,0.04005230967659348
data\raw\val\06747_Plantae_Tracheophyta_Magnoliopsida_Asterales_Asteraceae_Doellingeria_umbellata\2743607e-8ca9-4c65-8099-f9ab009c6f30.jpg,321,418,418 490 369 314 441,0.020523259331162502
data\raw\val\06747_Plantae_Tracheophyta_Magnoliopsida_Asterales_Asteraceae_Doellingeria_umbellata\3c6eaee6-6254-4494-bdc9-508ce1a056aa.jpg,321,324,324 273 291 461 390,0.02039170752449899
data\raw\val\06771_Plantae_Tracheophyta_Magnoliopsida_Asterales_Asteraceae_Erigeron_canadensis\19fd6e53-716b-460c-a6da-ddbdd3492c1d.jpg,322,274,274 322 327 354 230,0.028240972060068394
data\raw\val\06771_Plantae_Tracheophyta_Magnoliopsida_Asterales_Asteraceae_Erigeron_canadensis\4dc5550d-6f3b-469d-b08f-935dc6e89c1f.jpg,322,443,443 138 37 15 472,0.009740441086319516
data\raw\val\06771_Plantae_Tracheophyta_Magnoliopsida_Asterales_Asteraceae_Erigeron_canadensis\6785ccd0-72b2-49ea-874f-3b73f55516eb.jpg,322,359,359 322 441 389 342,0.014867952313884202
data\raw\val\06771_Plantae_Tracheophyta_Magnoliopsida_Asterales_Asteraceae_Erigeron_canadensis\b84364d6-4a08-48b7-9d39-3c05d591b3ee.jpg,322,274,274 365 329 382 487,0.030087028149994526
data\raw\val\06771_Plantae_Tracheophyta_Magnoliopsida_Asterales_Asteraceae_Erigeron_canadensis\5287ae26-ce78-43ac-aa8d-5fbaa035d8b5.jpg,322,274,274 255 322 144 329,0.06604868049336586
data\raw\val\06771_Plantae_Tracheophyta_Magnoliopsida_Asterales_Asteraceae_Erigeron_canadensis\dc1f2a4b-302f-4896-a1aa-a378de7f36fe.jpg,322,322,322 274 255 354 451,0.016249864404804745
data\raw\val\06771_Plantae_Tracheophyta_Magnoliopsida_Asterales_Asteraceae_Erigeron_canadensis\89bbc960-bacb-4450-a68a-615ba4c55d41.jpg,322,373,373 478 415 403 408,0.03654997665975043
data\raw\val\06771_Plantae_Tracheophyta_Magnoliopsida_Asterales_Asteraceae_Erigeron_canadensis\8d4d8da9-3ec5-4d6a-893c-93004eb6330f.jpg,322,0,0 104 158 182 168,0.019497172357464173
data\raw\val\06771_Plantae_Tracheophyta_Magnoliopsida_Asterales_Asteraceae_Erigeron_canadensis\790c525f-1379-4724-8175-b725c724235c.jpg,322,421,421 70 23 35 468,0.013243786543739677
data\raw\val\06771_Plantae_Tracheophyta_Magnoliopsida_Asterales_Asteraceae_Erigeron_canadensis\b92ee9f3-c1aa-45d8-a9b4-2b4c8a876815.jpg,322,303,303 392 226 325 402,0.023785988095389395
data\raw\val\06773_Plantae_Tracheophyta_Magnoliopsida_Asterales_Asteraceae_Erigeron_foliosus\ba32401c-6270-4af3-8588-a2c5f6066131.jpg,323,318,318 286 334 378 384,0.03214310090858141
data\raw\val\06773_Plantae_Tracheophyta_Magnoliopsida_Asterales_Asteraceae_Erigeron_foliosus\4c896541-dff4-405a-a58b-47ee8ff2b795.jpg,323,168,168 245 39 132 73,0.007514972617815157
data\raw\val\06773_Plantae_Tracheophyta_Magnoliopsida_Asterales_Asteraceae_Erigeron_foliosus\aa420105-0e42-4c7e-a57c-5074f37f35d9.jpg,323,315,315 389 327 325 392,0.028196750260791898
data\raw\val\06773_Plantae_Tracheophyta_Magnoliopsida_Asterales_Asteraceae_Erigeron_foliosus\91d217ba-6185-496e-b718-6c754e974a4b.jpg,323,299,299 297 388 97 465,0.014808134658748466
data\raw\val\06773_Plantae_Tracheophyta_Magnoliopsida_Asterales_Asteraceae_Erigeron_foliosus\46b00811-0e5a-4f7e-abfd-ccae6aa930e6.jpg,323,112,112 105 113 187 197,0.02139414750090243
data\raw\val\06773_Plantae_Tracheophyta_Magnoliopsida_Asterales_Asteraceae_Erigeron_foliosus\87bd7976-2410-4d51-9aa0-23f228d2d005.jpg,323,323,323 421 277 468 437,0.014267736063967825
data\raw\val\06773_Plantae_Tracheophyta_Magnoliopsida_Asterales_Asteraceae_Erigeron_foliosus\aeb7d050-9f4b-47ed-a794-673d56811665.jpg,323,189,189 177 296 271 182,0.010892441881831317
data\raw\val\06773_Plantae_Tracheophyta_Magnoliopsida_Asterales_Asteraceae_Erigeron_foliosus\552d877c-38be-40d6-9f35-201c18e51d05.jpg,323,23,23 108 66 33 34,0.011796305048912511
data\raw\val\06773_Plantae_Tracheophyta_Magnoliopsida_Asterales_Asteraceae_Erigeron_foliosus\f793441b-e195-48d3-8466-bbedeab588c0.jpg,323,14,14 456 196 271 66,0.027315769936018298
data\raw\val\06773_Plantae_Tracheophyta_Magnoliopsida_Asterales_Asteraceae_Erigeron_foliosus\df012c83-20c7-4041-bd5a-45a1478dec44.jpg,323,167,167 15 450 195 169,0.006710687814738534
data\raw\val\06811_Plantae_Tracheophyta_Magnoliopsida_Asterales_Asteraceae_Gnaphalium_uliginosum\36285aa8-2f56-421d-b53f-f47667a9d989.jpg,324,10,10 228 87 427 243,0.0203081470444814
data\raw\val\06811_Plantae_Tracheophyta_Magnoliopsida_Asterales_Asteraceae_Gnaphalium_uliginosum\f8ff7c05-bd01-4cdd-b300-5f0e88bb361b.jpg,324,343,343 317 409 286 282,0.024127562071077586
data\raw\val\06811_Plantae_Tracheophyta_Magnoliopsida_Asterales_Asteraceae_Gnaphalium_uliginosum\dd966127-ee8e-4074-ac84-be392a686d6a.jpg,324,466,466 285 94 294 309,0.02715840741147638
data\raw\val\06811_Plantae_Tracheophyta_Magnoliopsida_Asterales_Asteraceae_Gnaphalium_uliginosum\245690d3-2853-44ec-aa77-b1232a0cec1c.jpg,324,314,314 327 333 418 273,0.03237555496265935
data\raw\val\06811_Plantae_Tracheophyta_Magnoliopsida_Asterales_Asteraceae_Gnaphalium_uliginosum\ddf0bae9-d8a4-45ab-a65f-c6464da26395.jpg,324,343,343 407 285 466 333,0.0274417788907986
data\raw\val\06811_Plantae_Tracheophyta_Magnoliopsida_Asterales_Asteraceae_Gnaphalium_uliginosum\28fc0811-8fa9-4b98-a773-b2096bd89b61.jpg,324,309,309 389 428 355 465,0.02617177526887972
data\raw\val\06811_Plantae_Tracheophyta_Magnoliopsida_Asterales_Asteraceae_Gnaphalium_uliginosum\ca1e277f-f5ed-44ee-8d19-85d2855fb69c.jpg,324,461,461 291 378 324 410,0.014578174332967824
data\raw\val\06811_Plantae_Tracheophyta_Magnoliopsida_Asterales_Asteraceae_Gnaphalium_uliginosum\6055fb77-7509-4ff0-b146-0249bdcaa821.jpg,324,324,324 410 273 285 343,0.026551392699697383
data\raw\val\06811_Plantae_Tracheophyta_Magnoliopsida_Asterales_Asteraceae_Gnaphalium_uliginosum\f87ea6cd-69ba-4e42-b3de-9bebd313fa59.jpg,324,324,324 66 96 412 345,0.020717216432384205
data\raw\val\06811_Plantae_Tracheophyta_Magnoliopsida_Asterales_Asteraceae_Gnaphalium_uliginosum\93a738fa-6736-4b03-b7bd-18ad011f76ab.jpg,324,324,324 308 331 263 289,0.049822622699145266
data\raw\val\06815_Plantae_Tracheophyta_Magnoliopsida_Asterales_Asteraceae_Gutierrezia_sarothrae\dc0a6089-6417-4c3e-9243-69bde6b6f697.jpg,325,413,413 487 376 451 441,0.04526869969123701
data\raw\val\06815_Plantae_Tracheophyta_Magnoliopsida_Asterales_Asteraceae_Gutierrezia_sarothrae\d0b5a4be-2ee2-4417-9fa9-3728282a0d64.jpg,325,391,391 480 348 329 342,0.03321358917054345
data\raw\val\06815_Plantae_Tracheophyta_Magnoliopsida_Asterales_Asteraceae_Gutierrezia_sarothrae\91e5d61d-608d-4e53-8b39-2cd6d7ae5c5c.jpg,325,385,385 337 325 372 333,0.04293736750010352
data\raw\val\06815_Plantae_Tracheophyta_Magnoliopsida_Asterales_Asteraceae_Gutierrezia_sarothrae\cc28316c-2f90-4632-a40b-51f2397c5af0.jpg,325,372,372 442 334 288 379,0.02912764966250452
data\raw\val\06815_Plantae_Tracheophyta_Magnoliopsida_Asterales_Asteraceae_Gutierrezia_sarothrae\d768beef-1787-48d9-b7a1-6c16d3dc9568.jpg,325,14,14 34 108 66 125,0.01345034827496895
data\raw\val\06815_Plantae_Tracheophyta_Magnoliopsida_Asterales_Asteraceae_Gutierrezia_sarothrae\f8476a07-ce00-4886-a58a-e5c7607b8b20.jpg,325,274,274 329 124 256 246,0.046603076871199814
data\raw\val\06815_Plantae_Tracheophyta_Magnoliopsida_Asterales_Asteraceae_Gutierrezia_sarothrae\c8977d23-9a2a-4275-98e6-2a15bb5694a4.jpg,325,325,325 242 240 314 7,0.025099647406239024
data\raw\val\06815_Plantae_Tracheophyta_Magnoliopsida_Asterales_Asteraceae_Gutierrezia_sarothrae\2e41bb73-9a00-49a2-9cf7-b417f1e3a5da.jpg,325,446,446 291 286 279 484,0.021953853004335434
data\raw\val\06815_Plantae_Tracheophyta_Magnoliopsida_Asterales_Asteraceae_Gutierrezia_sarothrae\78856ef4-e65b-4561-8cc7-1b471551a350.jpg,325,316,316 425 349 347 351,0.02317281243390025
data\raw\val\06815_Plantae_Tracheophyta_Magnoliopsida_Asterales_Asteraceae_Gutierrezia_sarothrae\e08df49a-2f0e-4065-a1c2-4c81a058c3ee.jpg,325,333,333 416 361 414 318,0.02287633569552923
data\raw\val\06828_Plantae_Tracheophyta_Magnoliopsida_Asterales_Asteraceae_Helianthus_maximiliani\07665692-8ccc-4859-b99f-4d673254869b.jpg,326,305,305 303 306 491 201,0.01664539607690353
data\raw\val\06828_Plantae_Tracheophyta_Magnoliopsida_Asterales_Asteraceae_Helianthus_maximiliani\608e557c-9af5-4c87-8af3-eebdca4798fd.jpg,326,260,260 263 308 289 285,0.06791240042082669
data\raw\val\06828_Plantae_Tracheophyta_Magnoliopsida_Asterales_Asteraceae_Helianthus_maximiliani\f3cd5d48-8bad-4e32-9bab-983e439eb165.jpg,326,363,363 490 367 314 423,0.023912311176602516
data\raw\val\06828_Plantae_Tracheophyta_Magnoliopsida_Asterales_Asteraceae_Helianthus_maximiliani\e07d32c5-9761-4cd3-b7c1-11637f3722de.jpg,326,260,260 374 326 304 263,0.052533486610045636
data\raw\val\06828_Plantae_Tracheophyta_Magnoliopsida_Asterales_Asteraceae_Helianthus_maximiliani\1ee20381-86f8-4eb6-a54e-a71eff81c435.jpg,326,260,260 454 434 153 485,0.021897667396907378
data\raw\val\06828_Plantae_Tracheophyta_Magnoliopsida_Asterales_Asteraceae_Helianthus_maximiliani\0f4207a5-5b50-4284-9811-a077d5282a8e.jpg,326,454,454 326 332 260 471,0.025905866623101546
data\raw\val\06828_Plantae_Tracheophyta_Magnoliopsida_Asterales_Asteraceae_Helianthus_maximiliani\f7e138eb-e63c-4a4b-b635-f3c08f1a92cb.jpg,326,335,335 386 299 455 426,0.015778868510454437
data\raw\val\06828_Plantae_Tracheophyta_Magnoliopsida_Asterales_Asteraceae_Helianthus_maximiliani\36197983-e312-4aa7-b218-7a50badedcf3.jpg,326,333,333 282 334 384 279,0.04194663831278
data\raw\val\06828_Plantae_Tracheophyta_Magnoliopsida_Asterales_Asteraceae_Helianthus_maximiliani\8f7dc0e8-27a8-43bd-a2cb-8ba68a6cc0e2.jpg,326,331,331 334 333 318 335,0.018856672923424148
data\raw\val\06828_Plantae_Tracheophyta_Magnoliopsida_Asterales_Asteraceae_Helianthus_maximiliani\05486b88-6a82-442f-87b5-cd247e0dc876.jpg,326,448,448 85 93 485 454,0.01957898352131812
data\raw\val\06850_Plantae_Tracheophyta_Magnoliopsida_Asterales_Asteraceae_Isocoma_acradenia\637712af-4136-40f6-97e0-ed194b5ca19a.jpg,327,442,442 418 403 281 377,0.04354169312962959
data\raw\val\06850_Plantae_Tracheophyta_Magnoliopsida_Asterales_Asteraceae_Isocoma_acradenia\ba768128-c756-4444-85a4-ecfc4a5f8755.jpg,327,306,306 303 325 305 446,0.08481509255864064
data\raw\val\06850_Plantae_Tracheophyta_Magnoliopsida_Asterales_Asteraceae_Isocoma_acradenia\ca3d4380-6bec-4851-bf60-6ad6f1bc69b8.jpg,327,325,325 320 7 425 224,0.014888884712165743
data\raw\val\06850_Plantae_Tracheophyta_Magnoliopsida_Asterales_Asteraceae_Isocoma_acradenia\7dac434c-028d-4e59-9c34-7cd31c14c390.jpg,327,214,214 329 248 7 98,0.03540687827374537
data\raw\val\06850_Plantae_Tracheophyta_Magnoliopsida_Asterales_Asteraceae_Isocoma_acradenia\8be17f24-e88c-4cd9-a192-fa5b54631e77.jpg,327,325,325 306 333 432 320,0.03580553349670595
data\raw\val\06850_Plantae_Tracheophyta_Magnoliopsida_Asterales_Asteraceae_Isocoma_acradenia\cecc993e-4c90-45e7-84ce-afd89179dd0b.jpg,327,480,480 314 361 419 318,0.015761980424275693
data\raw\val\06850_Plantae_Tracheophyta_Magnoliopsida_Asterales_Asteraceae_Isocoma_acradenia\a6ad2ee6-effc-4fcf-9450-ce768fc14e04.jpg,327,396,396 435 399 468 487,0.027687320224020633
data\raw\val\06850_Plantae_Tracheophyta_Magnoliopsida_Asterales_Asteraceae_Isocoma_acradenia\36182632-6539-4917-9705-e9a6ca50b5d7.jpg,327,325,325 442 414 320 461,0.027725915111855674
data\raw\val\06850_Plantae_Tracheophyta_Magnoliopsida_Asterales_Asteraceae_Isocoma_acradenia\02afc1a8-f885-473a-94ed-a2d3bb5107ae.jpg,327,442,442 490 377 334 281,0.04209937524883465
data\raw\val\06850_Plantae_Tracheophyta_Magnoliopsida_Asterales_Asteraceae_Isocoma_acradenia\af4da32f-511b-4387-8164-718798b2e142.jpg,327,409,409 329 224 118 414,0.011559273460739176
data\raw\val\06892_Plantae_Tracheophyta_Magnoliopsida_Asterales_Asteraceae_Melampodium_leucanthum\d10195be-cd26-4b2b-9009-bcbcd10ee42f.jpg,328,329,329 409 371 257 462,0.047826888434342685
data\raw\val\06892_Plantae_Tracheophyta_Magnoliopsida_Asterales_Asteraceae_Melampodium_leucanthum\1ac49854-81ce-45a9-842a-3cbc06035e99.jpg,328,315,315 328 337 389 468,0.033667688863362105
data\raw\val\06892_Plantae_Tracheophyta_Magnoliopsida_Asterales_Asteraceae_Melampodium_leucanthum\e04e1663-3201-4efb-a4f4-b30bd30b687e.jpg,328,406,406 407 409 415 346,0.012575942484316129
data\raw\val\06892_Plantae_Tracheophyta_Magnoliopsida_Asterales_Asteraceae_Melampodium_leucanthum\527f34f7-4204-4de1-a1bd-9bf7c61233a7.jpg,328,425,425 498 361 489 417,0.02054966068983563
data\raw\val\06892_Plantae_Tracheophyta_Magnoliopsida_Asterales_Asteraceae_Melampodium_leucanthum\f6d36bff-f47c-4071-9ec9-7397a9d7680f.jpg,328,328,328 484 315 340 337,0.23432680478108892
data\raw\val\06892_Plantae_Tracheophyta_Magnoliopsida_Asterales_Asteraceae_Melampodium_leucanthum\35651d0f-85ad-4933-882a-6778f8acb792.jpg,328,328,328 337 315 385 336,0.17766724290642935
data\raw\val\06892_Plantae_Tracheophyta_Magnoliopsida_Asterales_Asteraceae_Melampodium_leucanthum\31a11ebe-638a-4653-81e8-5194f689e510.jpg,328,444,444 385 371 452 423,0.02108672175958341
data\raw\val\06892_Plantae_Tracheophyta_Magnoliopsida_Asterales_Asteraceae_Melampodium_leucanthum\e89b24eb-f73e-45d9-95a9-7b665c1fb0c9.jpg,328,297,297 103 263 296 260,0.029520711219668913
data\raw\val\06892_Plantae_Tracheophyta_Magnoliopsida_Asterales_Asteraceae_Melampodium_leucanthum\b3664e62-a00e-4ca6-b008-ebe62b4d067d.jpg,328,485,485 260 332 386 412,0.02308200164799455
data\raw\val\06892_Plantae_Tracheophyta_Magnoliopsida_Asterales_Asteraceae_Melampodium_leucanthum\d2c7d714-aa52-404a-a7a7-7bd8a8de641f.jpg,328,391,391 10 348 256 191,0.018808387009445034
data\raw\val\06927_Plantae_Tracheophyta_Magnoliopsida_Asterales_Asteraceae_Perityle_emoryi\48548b72-f9b0-4fbe-b17d-5efee20d4a69.jpg,329,256,256 424 245 269 436,0.01595089344468696
data\raw\val\06927_Plantae_Tracheophyta_Magnoliopsida_Asterales_Asteraceae_Perityle_emoryi\1fe1671a-4797-4a06-80d8-67c91f167290.jpg,329,329,329 264 125 424 23,0.03195821380421201
data\raw\val\06927_Plantae_Tracheophyta_Magnoliopsida_Asterales_Asteraceae_Perityle_emoryi\a291ac69-16af-47b5-8185-0a4dc1f0e4f8.jpg,329,413,413 368 497 481 469,0.03015770436298062
data\raw\val\06927_Plantae_Tracheophyta_Magnoliopsida_Asterales_Asteraceae_Perityle_emoryi\cf8404f5-95c6-4d82-ab62-804151dbd971.jpg,329,302,302 139 319 110 213,0.018018051508580563
data\raw\val\06927_Plantae_Tracheophyta_Magnoliopsida_Asterales_Asteraceae_Perityle_emoryi\d9694dd6-c1c0-4372-9e9a-bbc472a1001a.jpg,329,451,451 347 349 480 348,0.016961486574696684
data\raw\val\06927_Plantae_Tracheophyta_Magnoliopsida_Asterales_Asteraceae_Perityle_emoryi\9c47cf7e-07f4-466d-9420-5dece2188096.jpg,329,387,387 424 37 462 329,0.021331962287059653
data\raw\val\06927_Plantae_Tracheophyta_Magnoliopsida_Asterales_Asteraceae_Perityle_emoryi\6255c367-e46e-4967-be24-5c3c16debbba.jpg,329,328,328 484 462 341 23,0.01216431733933282
data\raw\val\06927_Plantae_Tracheophyta_Magnoliopsida_Asterales_Asteraceae_Perityle_emoryi\bbe33d54-6236-4322-8628-a2edb117793c.jpg,329,329,329 341 70 255 257,0.018477314223005165
data\raw\val\06927_Plantae_Tracheophyta_Magnoliopsida_Asterales_Asteraceae_Perityle_emoryi\8cf7d1d6-946c-4422-9a1e-98fc2a99f30f.jpg,329,315,315 366 337 487 449,0.06499297880214151
data\raw\val\06927_Plantae_Tracheophyta_Magnoliopsida_Asterales_Asteraceae_Perityle_emoryi\4a222e98-92d6-4a22-9082-61ba2d1f8147.jpg,329,358,358 252 483 382 398,0.03224357650747325
data\raw\val\06938_Plantae_Tracheophyta_Magnoliopsida_Asterales_Asteraceae_Pinaropappus_roseus\31e04072-e393-4db9-a606-be6cf901eb6f.jpg,330,436,436 397 382 475 360,0.01677658548891519
data\raw\val\06938_Plantae_Tracheophyta_Magnoliopsida_Asterales_Asteraceae_Pinaropappus_roseus\a4304472-a10e-4dd7-a044-0b783318bae0.jpg,330,403,403 350 402 377 240,0.046698606324250706
data\raw\val\06938_Plantae_Tracheophyta_Magnoliopsida_Asterales_Asteraceae_Pinaropappus_roseus\4efec0da-2028-4523-86f1-65f6c1045981.jpg,330,423,423 334 282 416 314,0.021851848146279544
data\raw\val\06938_Plantae_Tracheophyta_Magnoliopsida_Asterales_Asteraceae_Pinaropappus_roseus\5b774639-54f2-42fb-a512-2a343d7233ea.jpg,330,295,295 465 491 350 282,0.030921066985896993
data\raw\val\06938_Plantae_Tracheophyta_Magnoliopsida_Asterales_Asteraceae_Pinaropappus_roseus\61888f65-83f3-4f0c-be95-62bbb80def9b.jpg,330,147,147 148 173 117 164,0.01442167792799327
data\raw\val\06938_Plantae_Tracheophyta_Magnoliopsida_Asterales_Asteraceae_Pinaropappus_roseus\dd8d289d-ad0f-45bf-8bab-89815588604a.jpg,330,277,277 330 317 390 410,0.016940225419829164
data\raw\val\06938_Plantae_Tracheophyta_Magnoliopsida_Asterales_Asteraceae_Pinaropappus_roseus\6bab4d6b-f875-4c98-b00e-9c2c2e143e7d.jpg,330,491,491 381 377 295 226,0.043496753795822886
data\raw\val\06938_Plantae_Tracheophyta_Magnoliopsida_Asterales_Asteraceae_Pinaropappus_roseus\a3ec93fd-c672-40f5-9a8e-4ab999bf47bb.jpg,330,450,450 285 288 343 429,0.016022252089545178
data\raw\val\06938_Plantae_Tracheophyta_Magnoliopsida_Asterales_Asteraceae_Pinaropappus_roseus\e1f520eb-2405-447e-a8c3-ee4d8764e921.jpg,330,128,128 251 456 23 103,0.025156011482679142
data\raw\val\06938_Plantae_Tracheophyta_Magnoliopsida_Asterales_Asteraceae_Pinaropappus_roseus\cd1e85d8-8fd4-42e5-92de-45d45fca1de4.jpg,330,282,282 36 323 350 330,0.02400655765992614
data\raw\val\06955_Plantae_Tracheophyta_Magnoliopsida_Asterales_Asteraceae_Pterocaulon_pycnostachyum\33c307b1-d5f2-42ad-8316-1e4235460019.jpg,331,226,226 392 201 240 389,0.026551552085256645
data\raw\val\06955_Plantae_Tracheophyta_Magnoliopsida_Asterales_Asteraceae_Pterocaulon_pycnostachyum\4b36d318-618a-4ffa-ab96-0ebc433d3e9e.jpg,331,86,86 93 197 43 231,0.01711492640930713
data\raw\val\06955_Plantae_Tracheophyta_Magnoliopsida_Asterales_Asteraceae_Pterocaulon_pycnostachyum\0efd2d6f-758c-4a56-97f2-ff8929d82d17.jpg,331,429,429 427 138 291 23,0.011950544552081164
data\raw\val\06955_Plantae_Tracheophyta_Magnoliopsida_Asterales_Asteraceae_Pterocaulon_pycnostachyum\bc7e64ed-957e-4674-8305-8fc4bb5138fd.jpg,331,492,492 262 354 331 337,0.022643606412826423
data\raw\val\06955_Plantae_Tracheophyta_Magnoliopsida_Asterales_Asteraceae_Pterocaulon_pycnostachyum\9e069436-0ea0-4961-9dac-be76782eb6de.jpg,331,257,257 422 391 480 354,0.034250611935962974
data\raw\val\06955_Plantae_Tracheophyta_Magnoliopsida_Asterales_Asteraceae_Pterocaulon_pycnostachyum\9cf6166d-6966-4e79-bd52-2354f1374bec.jpg,331,316,316 320 350 442 379,0.020873099486251663
data\raw\val\06955_Plantae_Tracheophyta_Magnoliopsida_Asterales_Asteraceae_Pterocaulon_pycnostachyum\5d21b354-9319-4362-9e42-2a45010ee273.jpg,331,64,64 210 40 175 28,0.01261312121596986
data\raw\val\06955_Plantae_Tracheophyta_Magnoliopsida_Asterales_Asteraceae_Pterocaulon_pycnostachyum\b4fa075a-0211-4485-8c99-943c1a9701a6.jpg,331,309,309 374 355 428 465,0.025355944084777437
data\raw\val\06955_Plantae_Tracheophyta_Magnoliopsida_Asterales_Asteraceae_Pterocaulon_pycnostachyum\53bd7f4d-5329-4088-ad25-1f0878e50f4a.jpg,331,402,402 303 326 403 285,0.03137667238411702
data\raw\val\06955_Plantae_Tracheophyta_Magnoliopsida_Asterales_Asteraceae_Pterocaulon_pycnostachyum\83b44660-d5e4-4397-87f2-56723dac65b8.jpg,331,423,423 359 342 419 414,0.010845236134330577
data\raw\val\06963_Plantae_Tracheophyta_Magnoliopsida_Asterales_Asteraceae_Rudbeckia_hirta\845208f9-3f4d-4d00-abd1-e3f1a9c42cd3.jpg,332,148,148 17 20 23 125,0.013766115721794198
data\raw\val\06963_Plantae_Tracheophyta_Magnoliopsida_Asterales_Asteraceae_Rudbeckia_hirta\38fb29cf-b3b5-4dac-b2b7-ac8db9c2bcdd.jpg,332,333,333 332 340 429 410,0.02451256109698601
data\raw\val\06963_Plantae_Tracheophyta_Magnoliopsida_Asterales_Asteraceae_Rudbeckia_hirta\38f8275f-8905-46ad-91d7-c01274d93e6d.jpg,332,148,148 49 108 66 250,0.024987848412430357
data\raw\val\06963_Plantae_Tracheophyta_Magnoliopsida_Asterales_Asteraceae_Rudbeckia_hirta\c8ab1ec4-d8ae-4de8-8fb4-299db3f1799c.jpg,332,314,314 379 333 361 409,0.023338924479982287
data\raw\val\06963_Plantae_Tracheophyta_Magnoliopsida_Asterales_Asteraceae_Rudbeckia_hirta\9cac7768-1543-4c86-9cec-21d2c3b704f8.jpg,332,332,332 338 447 454 453,0.05159286934532944
data\raw\val\06963_Plantae_Tracheophyta_Magnoliopsida_Asterales_Asteraceae_Rudbeckia_hirta\5ddd863b-4fc6-4cf6-96a3-6c20cc422e26.jpg,332,326,326 403 377 402 350,0.031992391258949544
data\raw\val\06963_Plantae_Tracheophyta_Magnoliopsida_Asterales_Asteraceae_Rudbeckia_hirta\4ed798a9-d047-40dc-825f-2ac37b3898d8.jpg,332,453,453 341 317 410 411,0.024360567715002248
data\raw\val\06963_Plantae_Tracheophyta_Magnoliopsida_Asterales_Asteraceae_Rudbeckia_hirta\b92f329e-0ee1-47d3-84f7-e033a1d548d4.jpg,332,471,471 385 361 364 333,0.03254954420917923
data\raw\val\06963_Plantae_Tracheophyta_Magnoliopsida_Asterales_Asteraceae_Rudbeckia_hirta\799b6979-87b2-4700-8ab5-ef1585b8a2c1.jpg,332,307,307 390 338 473 408,0.018658203624612457
data\raw\val\06963_Plantae_Tracheophyta_Magnoliopsida_Asterales_Asteraceae_Rudbeckia_hirta\0fe6ba32-9399-40fb-9eec-230899929935.jpg,332,421,421 291 365 255 264,0.014190259192901709
data\raw\val\06969_Plantae_Tracheophyta_Magnoliopsida_Asterales_Asteraceae_Senecio_ampullaceus\450faebc-d230-40c0-a476-055be52d06b2.jpg,333,426,426 314 417 325 243,0.013649257513451165
data\raw\val\06969_Plantae_Tracheophyta_Magnoliopsida_Asterales_Asteraceae_Senecio_ampullaceus\f88dcad6-4873-4c0e-a431-80fa15d6c11d.jpg,333,227,227 432 333 463 376,0.01360180624042639
data\raw\val\06969_Plantae_Tracheophyta_Magnoliopsida_Asterales_Asteraceae_Senecio_ampullaceus\fd74f05d-dbf8-4722-8a45-abab8aaa74ba.jpg,333,495,495 494 418 498 372,0.04915590954593601
data\raw\val\06969_Plantae_Tracheophyta_Magnoliopsida_Asterales_Asteraceae_Senecio_ampullaceus\f2d7f9ab-89e5-41ef-ba48-398df855ad9f.jpg,333,327,327 332 320 333 335,0.012097367748557667
data\raw\val\06969_Plantae_Tracheophyta_Magnoliopsida_Asterales_Asteraceae_Senecio_ampullaceus\1459c98d-135c-453e-a4dc-e7fcf896249d.jpg,333,379,379 294 460 350 480,0.03367412493119208
data\raw\val\06969_Plantae_Tracheophyta_Magnoliopsida_Asterales_Asteraceae_Senecio_ampullaceus\ec32e1a9-adfb-4422-86ac-60a09348a1b3.jpg,333,415,415 361 343 445 419,0.02666044316590876
data\raw\val\06969_Plantae_Tracheophyta_Magnoliopsida_Asterales_Asteraceae_Senecio_ampullaceus\07e096e5-ea3f-463a-aa1d-98d262999ff8.jpg,333,498,498 377 418 314 337,0.03760180112098451
data\raw\val\06969_Plantae_Tracheophyta_Magnoliopsida_Asterales_Asteraceae_Senecio_ampullaceus\7b8893f3-46c6-4805-a8c3-e830cce1ce1c.jpg,333,452,452 358 385 471 408,0.02146307679438156
data\raw\val\06969_Plantae_Tracheophyta_Magnoliopsida_Asterales_Asteraceae_Senecio_ampullaceus\b7377208-4da6-4d20-a2b3-b5da2e4bb927.jpg,333,443,443 37 310 383 406,0.022481792449913794
data\raw\val\06969_Plantae_Tracheophyta_Magnoliopsida_Asterales_Asteraceae_Senecio_ampullaceus\3f171d32-f5b7-482d-ad43-b02027a314ed.jpg,333,305,305 325 240 392 461,0.02635680902772581
data\raw\val\07004_Plantae_Tracheophyta_Magnoliopsida_Asterales_Asteraceae_Solidago_rigida\89b56678-de29-4e96-9480-177fcac4a38f.jpg,334,385,385 334 386 423 318,0.021932797142989485
data\raw\val\07004_Plantae_Tracheophyta_Magnoliopsida_Asterales_Asteraceae_Solidago_rigida\527b4343-cbeb-4bf0-bc11-204cbd2a5c94.jpg,334,117,117 69 32 31 122,0.010299787483797194
data\raw\val\07004_Plantae_Tracheophyta_Magnoliopsida_Asterales_Asteraceae_Solidago_rigida\84f36c73-a694-46de-878b-af3ba74c0a20.jpg,334,374,374 426 286 298 282,0.027123142371350443
data\raw\val\07004_Plantae_Tracheophyta_Magnoliopsida_Asterales_Asteraceae_Solidago_rigida\97804162-f52b-4028-9888-a2e0234a4387.jpg,334,410,410 343 361 324 480,0.023284360272396817
data\raw\val\07004_Plantae_Tracheophyta_Magnoliopsida_Asterales_Asteraceae_Solidago_rigida\d34a7cc8-2d7d-4de8-9bc1-85c88160ff79.jpg,334,374,374 282 465 289 297,0.058515252973934936
data\raw\val\07004_Plantae_Tracheophyta_Magnoliopsida_Asterales_Asteraceae_Solidago_rigida\c0c5342f-bba8-49cc-acb2-c22495602f6b.jpg,334,420,420 403 307 296 280,0.013953263246195363
data\raw\val\07004_Plantae_Tracheophyta_Magnoliopsida_Asterales_Asteraceae_Solidago_rigida\bb45c73c-8b91-470c-8914-3209fe7bf41d.jpg,334,226,226 92 304 491 295,0.05857776854074743
data\raw\val\07004_Plantae_Tracheophyta_Magnoliopsida_Asterales_Asteraceae_Solidago_rigida\b9aec108-39db-47ce-aebc-9e8c7cec7e38.jpg,334,14,14 37 329 68 70,0.038325025458796964
data\raw\val\07004_Plantae_Tracheophyta_Magnoliopsida_Asterales_Asteraceae_Solidago_rigida\f6d06b2c-1021-4b9f-978f-db11620ee36a.jpg,334,384,384 334 378 427 288,0.014977354252782541
data\raw\val\07004_Plantae_Tracheophyta_Magnoliopsida_Asterales_Asteraceae_Solidago_rigida\73c36af5-60df-4a03-a9d5-2bb64480c119.jpg,334,295,295 350 303 226 491,0.03621059596313451
data\raw\val\07013_Plantae_Tracheophyta_Magnoliopsida_Asterales_Asteraceae_Sonchus_asper\d991c1a6-7fa2-4e6b-b958-2d2cece9ed79.jpg,335,66,66 40 412 37 23,0.015133018313373539
data\raw\val\07013_Plantae_Tracheophyta_Magnoliopsida_Asterales_Asteraceae_Sonchus_asper\82106a2a-95d0-411b-b2d6-2e5b27a6b5c1.jpg,335,299,299 388 374 385 282,0.022683582104985126
data\raw\val\07013_Plantae_Tracheophyta_Magnoliopsida_Asterales_Asteraceae_Sonchus_asper\5ad5739b-d63b-44ce-a784-be1de59d3b3f.jpg,335,333,333 432 316 327 322,0.022244624242468997
data\raw\val\07013_Plantae_Tracheophyta_Magnoliopsida_Asterales_Asteraceae_Sonchus_asper\84a5a75c-219b-469e-981f-a44e5cf3f804.jpg,335,460,460 379 371 419 417,0.030597544821096615
data\raw\val\07013_Plantae_Tracheophyta_Magnoliopsida_Asterales_Asteraceae_Sonchus_asper\6ad68df8-e6ee-405b-b7af-be3a600b834b.jpg,335,223,223 284 306 303 293,0.019966052484975863
data\raw\val\07013_Plantae_Tracheophyta_Magnoliopsida_Asterales_Asteraceae_Sonchus_asper\1717eff7-dd3a-4f69-9193-479dad642bef.jpg,335,403,403 388 353 378 420,0.019302767021891664
data\raw\val\07013_Plantae_Tracheophyta_Magnoliopsida_Asterales_Asteraceae_Sonchus_asper\36d3be3a-3000-40bc-92f4-45e5b8a48d6c.jpg,335,435,435 222 470 490 394,0.028608765806996266
data\raw\val\07013_Plantae_Tracheophyta_Magnoliopsida_Asterales_Asteraceae_Sonchus_asper\83856fd0-a79a-4b33-924c-72269a695e9b.jpg,335,32,32 34 380 338 137,0.013182778938930712
data\raw\val\07013_Plantae_Tracheophyta_Magnoliopsida_Asterales_Asteraceae_Sonchus_asper\3549b839-9ebe-493b-afc0-0f4c58d489ff.jpg,335,322,322 391 425 488 325,0.01111728079940618
data\raw\val\07013_Plantae_Tracheophyta_Magnoliopsida_Asterales_Asteraceae_Sonchus_asper\ea8d5148-a110-4a80-8298-d06f66069c81.jpg,335,329,329 7 256 438 342,0.022180187019906393
data\raw\val\07024_Plantae_Tracheophyta_Magnoliopsida_Asterales_Asteraceae_Symphyotrichum_lanceolatum\1cede6b6-545a-44c8-933f-908f07967764.jpg,336,336,336 321 410 473 370,0.08940138535425922
data\raw\val\07024_Plantae_Tracheophyta_Magnoliopsida_Asterales_Asteraceae_Symphyotrichum_lanceolatum\852ca550-3d59-491d-a235-271c5affb822.jpg,336,352,352 333 321 340 410,0.025797910229009034
data\raw\val\07024_Plantae_Tracheophyta_Magnoliopsida_Asterales_Asteraceae_Symphyotrichum_lanceolatum\ead9b3c0-91e2-4d15-9705-f0bef93ad929.jpg,336,336,336 372 353 354 386,0.048288639179807906
data\raw\val\07024_Plantae_Tracheophyta_Magnoliopsida_Asterales_Asteraceae_Symphyotrichum_lanceolatum\7e46c7e4-c2f1-4a74-961c-f13e42b8c5d2.jpg,336,370,370 329 321 336 372,0.055827367306446433
data\raw\val\07024_Plantae_Tracheophyta_Magnoliopsida_Asterales_Asteraceae_Symphyotrichum_lanceolatum\92a55db7-6aff-4d2e-948d-3263354c7ca8.jpg,336,394,394 369 222 452 367,0.016176034143682617
data\raw\val\07024_Plantae_Tracheophyta_Magnoliopsida_Asterales_Asteraceae_Symphyotrichum_lanceolatum\8285b424-aef3-42ea-a645-bb70135d7079.jpg,336,338,338 373 447 368 419,0.013341999979189903
data\raw\val\07024_Plantae_Tracheophyta_Magnoliopsida_Asterales_Asteraceae_Symphyotrichum_lanceolatum\59e2bd15-8baf-4fb3-ac75-648e88f8cadc.jpg,336,321,321 328 370 336 340,0.045904654669277754
data\raw\val\07024_Plantae_Tracheophyta_Magnoliopsida_Asterales_Asteraceae_Symphyotrichum_lanceolatum\a02bf96d-329b-4fa2-ba75-f11c66b824f2.jpg,336,321,321 444 455 332 385,0.01982394261468897
data\raw\val\07024_Plantae_Tracheophyta_Magnoliopsida_Asterales_Asteraceae_Symphyotrichum_lanceolatum\0e10d3b5-5a63-4bb9-af29-ca6a0e9cb7c1.jpg,336,329,329 396 416 386 385,0.06085474173705055
data\raw\val\07024_Plantae_Tracheophyta_Magnoliopsida_Asterales_Asteraceae_Symphyotrichum_lanceolatum\df5b71d2-063e-41ef-9a26-b53b012c34d5.jpg,336,366,366 487 382 416 452,0.035645153702504116
data\raw\val\07042_Plantae_Tracheophyta_Magnoliopsida_Asterales_Asteraceae_Tetraneuris_scaposa\83080b0a-1be3-4e7c-ab3c-ac31471053f3.jpg,337,328,328 330 337 484 341,0.03895546450554511
data\raw\val\07042_Plantae_Tracheophyta_Magnoliopsida_Asterales_Asteraceae_Tetraneuris_scaposa\000bfbe2-29db-4cbe-9e40-9285355bac72.jpg,337,61,61 149 456 147 484,0.016127772097920056
data\raw\val\07042_Plantae_Tracheophyta_Magnoliopsida_Asterales_Asteraceae_Tetraneuris_scaposa\44b438ed-4839-49f8-99f0-d021d6291b50.jpg,337,328,328 337 315 329 370,0.18579057128243048
data\raw\val\07042_Plantae_Tracheophyta_Magnoliopsida_Asterales_Asteraceae_Tetraneuris_scaposa\e8c692e6-e6a1-45ce-bdbb-2de8dbd8563d.jpg,337,328,328 337 80 330 148,0.010933372028542445
data\raw\val\07042_Plantae_Tracheophyta_Magnoliopsida_Asterales_Asteraceae_Tetraneuris_scaposa\86c75879-412c-4d15-a6c7-239edce3732d.jpg,337,329,329 148 328 244 147,0.013018059951014474
data\raw\val\07042_Plantae_Tracheophyta_Magnoliopsida_Asterales_Asteraceae_Tetraneuris_scaposa\d31e62da-5168-4c66-b06d-e43d04250dd8.jpg,337,385,385 317 332 337 328,0.018813900551707518
data\raw\val\07042_Plantae_Tracheophyta_Magnoliopsida_Asterales_Asteraceae_Tetraneuris_scaposa\bf26bc4f-9e14-4537-8789-d75c19a65459.jpg,337,366,366 487 369 418 314,0.019901382744169673
data\raw\val\07042_Plantae_Tracheophyta_Magnoliopsida_Asterales_Asteraceae_Tetraneuris_scaposa\8a328a29-b973-4846-9e21-5292d2cdaa55.jpg,337,337,337 353 402 377 243,0.024366863315390674
data\raw\val\07042_Plantae_Tracheophyta_Magnoliopsida_Asterales_Asteraceae_Tetraneuris_scaposa\491abe2a-070d-40e2-8ca5-9feed8144758.jpg,337,149,149 55 62 171 158,0.0790688795949854
data\raw\val\07042_Plantae_Tracheophyta_Magnoliopsida_Asterales_Asteraceae_Tetraneuris_scaposa\428a6738-5029-4725-94ba-58fe9f1ebb2c.jpg,337,35,35 23 37 66 97,0.015003544081086322
data\raw\val\07122_Plantae_Tracheophyta_Magnoliopsida_Asterales_Menyanthaceae_Menyanthes_trifoliata\1a6ae8fe-221a-407c-8151-09c2b9b9ddd4.jpg,338,219,219 1 4 17 136,0.03242006114399617
data\raw\val\07122_Plantae_Tracheophyta_Magnoliopsida_Asterales_Menyanthaceae_Menyanthes_trifoliata\e706e8ab-3923-4e88-a206-f26ae04584c5.jpg,338,23,23 291 80 411 35,0.01103797957139559
data\raw\val\07122_Plantae_Tracheophyta_Magnoliopsida_Asterales_Menyanthaceae_Menyanthes_trifoliata\9a189ef4-7887-41ba-b3a1-999e33682980.jpg,338,170,170 338 308 386 195,0.01077777049212195
data\raw\val\07122_Plantae_Tracheophyta_Magnoliopsida_Asterales_Menyanthaceae_Menyanthes_trifoliata\8a337927-c9ca-45f7-84ed-46c2d8479fc8.jpg,338,334,334 386 335 385 374,0.017824334799388785
data\raw\val\07122_Plantae_Tracheophyta_Magnoliopsida_Asterales_Menyanthaceae_Menyanthes_trifoliata\a6cb7e41-1f1a-48e5-87d3-cf3779600b9b.jpg,338,210,210 454 64 3 396,0.025788032304970957
data\raw\val\07122_Plantae_Tracheophyta_Magnoliopsida_Asterales_Menyanthaceae_Menyanthes_trifoliata\14d650b1-8784-4943-b8a7-6cb57d272452.jpg,338,412,412 406 408 464 407,0.04360450501736666
data\raw\val\07122_Plantae_Tracheophyta_Magnoliopsida_Asterales_Menyanthaceae_Menyanthes_trifoliata\f443c563-b248-48dc-83ea-62d8495a0ae0.jpg,338,66,66 34 453 345 408,0.015912411891251442
data\raw\val\07122_Plantae_Tracheophyta_Magnoliopsida_Asterales_Menyanthaceae_Menyanthes_trifoliata\1172ec99-50ba-4790-8781-6d651923ff33.jpg,338,468,468 97 18 16 80,0.011629235078427542
data\raw\val\07122_Plantae_Tracheophyta_Magnoliopsida_Asterales_Menyanthaceae_Menyanthes_trifoliata\6fe41dd4-9a20-4caf-a364-955cea945c0e.jpg,338,353,353 331 388 372 293,0.05778836919195958
data\raw\val\07122_Plantae_Tracheophyta_Magnoliopsida_Asterales_Menyanthaceae_Menyanthes_trifoliata\cb524d65-2abe-482d-a1a7-2392734f1ef9.jpg,338,279,279 379 377 418 281,0.03007257776369471
data\raw\val\07171_Plantae_Tracheophyta_Magnoliopsida_Boraginales_Boraginaceae_Myosotis_discolor\bbc4b98c-85df-4063-bc6d-70135908533b.jpg,339,40,40 26 130 32 123,0.009621644963499872
data\raw\val\07171_Plantae_Tracheophyta_Magnoliopsida_Boraginales_Boraginaceae_Myosotis_discolor\3d0df179-0d87-4665-a4d1-7d53b6fd6a9e.jpg,339,260,260 439 471 456 412,0.028408961543189976
data\raw\val\07171_Plantae_Tracheophyta_Magnoliopsida_Boraginales_Boraginaceae_Myosotis_discolor\3aeb12a3-d535-44be-8f46-2e0ee8067b66.jpg,339,323,323 12 31 484 19,0.015674333063846465
data\raw\val\07171_Plantae_Tracheophyta_Magnoliopsida_Boraginales_Boraginaceae_Myosotis_discolor\393efe04-b707-4b2e-9d04-541731f9af95.jpg,339,283,283 339 318 278 467,0.019477003656846913
data\raw\val\07171_Plantae_Tracheophyta_Magnoliopsida_Boraginales_Boraginaceae_Myosotis_discolor\f511e341-5c53-45b1-bda4-208c6ee9c664.jpg,339,263,263 402 281 260 326,0.051427950551499256
data\raw\val\07171_Plantae_Tracheophyta_Magnoliopsida_Boraginales_Boraginaceae_Myosotis_discolor\3d394a43-b433-4fa6-96db-c38b2c342dc7.jpg,339,108,108 296 125 193 106,0.013317999489631728
data\raw\val\07171_Plantae_Tracheophyta_Magnoliopsida_Boraginales_Boraginaceae_Myosotis_discolor\f230c69c-7ce0-4df0-9a6f-f7db6ed54759.jpg,339,484,484 432 341 385 471,0.08331722456875885
data\raw\val\07171_Plantae_Tracheophyta_Magnoliopsida_Boraginales_Boraginaceae_Myosotis_discolor\1b5bbfb6-9c97-441a-8dc4-93ab72ffa703.jpg,339,97,97 71 339 63 106,0.017238255870055726
data\raw\val\07171_Plantae_Tracheophyta_Magnoliopsida_Boraginales_Boraginaceae_Myosotis_discolor\9489cede-1319-4ba6-80e8-89f52b3cda20.jpg,339,26,26 111 37 75 40,0.013165678347733632
data\raw\val\07171_Plantae_Tracheophyta_Magnoliopsida_Boraginales_Boraginaceae_Myosotis_discolor\10d33d76-5df3-44fc-8744-d2e89ed932ae.jpg,339,244,244 245 148 277 137,0.012588244825321018
data\raw\val\07202_Plantae_Tracheophyta_Magnoliopsida_Boraginales_Boraginaceae_Pholistoma_membranaceum\06b04258-c2c5-4bc9-87d6-96d5d3e2c54c.jpg,340,442,442 306 281 389 392,0.06758141755730603
data\raw\val\07202_Plantae_Tracheophyta_Magnoliopsida_Boraginales_Boraginaceae_Pholistoma_membranaceum\86f8d534-f78c-47c6-a3d3-b5f68b0ee00b.jpg,340,340,340 484 328 430 387,0.38059631687434237
data\raw\val\07202_Plantae_Tracheophyta_Magnoliopsida_Boraginales_Boraginaceae_Pholistoma_membranaceum\4779c12e-f3fd-4114-8f70-6410520a8571.jpg,340,462,462 411 37 386 415,0.056753958817124826
data\raw\val\07202_Plantae_Tracheophyta_Magnoliopsida_Boraginales_Boraginaceae_Pholistoma_membranaceum\412dec5e-f3f9-40f4-b4e0-5e495868103e.jpg,340,387,387 484 97 449 340,0.013130148181361639
data\raw\val\07202_Plantae_Tracheophyta_Magnoliopsida_Boraginales_Boraginaceae_Pholistoma_membranaceum\b62a6a69-6c68-4215-9912-a8243ccea2f1.jpg,340,340,340 416 484 386 385,0.21196435443946288
data\raw\val\07202_Plantae_Tracheophyta_Magnoliopsida_Boraginales_Boraginaceae_Pholistoma_membranaceum\fde6d682-0248-4670-96ac-e4718316e5a9.jpg,340,66,66 456 448 141 61,0.023973451423082926
data\raw\val\07202_Plantae_Tracheophyta_Magnoliopsida_Boraginales_Boraginaceae_Pholistoma_membranaceum\2f4e1451-6804-4d54-a158-9161ff205b37.jpg,340,481,481 468 340 365 37,0.022019926138246826
data\raw\val\07202_Plantae_Tracheophyta_Magnoliopsida_Boraginales_Boraginaceae_Pholistoma_membranaceum\1062f02f-6f72-4580-a9c5-c133fd737ab8.jpg,340,380,380 338 290 455 410,0.017503308683451797
data\raw\val\07202_Plantae_Tracheophyta_Magnoliopsida_Boraginales_Boraginaceae_Pholistoma_membranaceum\ff79a879-b9ec-439f-8791-1037e968eabc.jpg,340,313,313 468 315 421 340,0.022113010689318993
data\raw\val\07202_Plantae_Tracheophyta_Magnoliopsida_Boraginales_Boraginaceae_Pholistoma_membranaceum\91561457-82aa-4942-a5e0-b59303bc9bbe.jpg,340,97,97 484 80 23 291,0.021537108539567782
data\raw\val\07231_Plantae_Tracheophyta_Magnoliopsida_Brassicales_Brassicaceae_Cardamine_californica\fa270685-fb13-4d3e-ae38-1f52e123c3d1.jpg,341,317,317 411 310 383 373,0.018009235878831964
data\raw\val\07231_Plantae_Tracheophyta_Magnoliopsida_Brassicales_Brassicaceae_Cardamine_californica\f7c3606b-93e9-43d2-b481-82afdf44eead.jpg,341,491,491 374 465 301 428,0.0358562233100836
data\raw\val\07231_Plantae_Tracheophyta_Magnoliopsida_Brassicales_Brassicaceae_Cardamine_californica\51cb2c64-3be7-4ca4-9aca-050ab42637a2.jpg,341,371,371 405 424 266 445,0.034023804738452915
data\raw\val\07231_Plantae_Tracheophyta_Magnoliopsida_Brassicales_Brassicaceae_Cardamine_californica\3679080e-08e0-4ea2-b3e1-a56a29916649.jpg,341,471,471 484 358 421 463,0.03224905778149205
data\raw\val\07231_Plantae_Tracheophyta_Magnoliopsida_Brassicales_Brassicaceae_Cardamine_californica\d7eb91e4-8885-458d-be14-4cd5e350b212.jpg,341,442,442 282 388 267 420,0.04853658104099976
data\raw\val\07231_Plantae_Tracheophyta_Magnoliopsida_Brassicales_Brassicaceae_Cardamine_californica\6fa6f693-803a-4f3e-a4d8-0589d1827f5c.jpg,341,341,341 484 291 438 449,0.03032221953960288
data\raw\val\07231_Plantae_Tracheophyta_Magnoliopsida_Brassicales_Brassicaceae_Cardamine_californica\5fa7e319-d074-4be1-b79c-730395dfe706.jpg,341,382,382 401 360 371 452,0.017382030570774403
data\raw\val\07231_Plantae_Tracheophyta_Magnoliopsida_Brassicales_Brassicaceae_Cardamine_californica\6300381f-5fc8-4e4d-acd6-224c8d29f347.jpg,341,361,361 462 480 460 409,0.020997252377380364
data\raw\val\07231_Plantae_Tracheophyta_Magnoliopsida_Brassicales_Brassicaceae_Cardamine_californica\18d9de39-9587-4992-a623-e4d4e8ae1629.jpg,341,85,85 452 469 401 368,0.015369035146416738
data\raw\val\07231_Plantae_Tracheophyta_Magnoliopsida_Brassicales_Brassicaceae_Cardamine_californica\3e774403-1d4a-4932-b106-df0de484856e.jpg,341,341,341 472 453 317 288,0.057579168063192694
data\raw\val\07279_Plantae_Tracheophyta_Magnoliopsida_Brassicales_Brassicaceae_Streptanthus_tortuosus\0904375f-8820-4227-9287-ac4c95854b23.jpg,342,287,287 455 290 437 390,0.011567411504786167
data\raw\val\07279_Plantae_Tracheophyta_Magnoliopsida_Brassicales_Brassicaceae_Streptanthus_tortuosus\2a10a1a3-e68b-4e74-88f2-f6249367583c.jpg,342,392,392 262 240 190 322,0.018550321374912342
data\raw\val\07279_Plantae_Tracheophyta_Magnoliopsida_Brassicales_Brassicaceae_Streptanthus_tortuosus\3eb01b00-ba49-4094-a6d0-3d875d539bc8.jpg,342,480,480 348 445 431 422,0.009711151629496807
data\raw\val\07279_Plantae_Tracheophyta_Magnoliopsida_Brassicales_Brassicaceae_Streptanthus_tortuosus\fa52ce55-b07c-4696-8e0a-8308d2a939f9.jpg,342,472,472 307 360 258 424,0.014453852923811598
data\raw\val\07279_Plantae_Tracheophyta_Magnoliopsida_Brassicales_Brassicaceae_Streptanthus_tortuosus\aa160361-d9bc-44e5-98c1-719733f42883.jpg,342,457,457 237 238 83 351,0.026900697627430643
data\raw\val\07279_Plantae_Tracheophyta_Magnoliopsida_Brassicales_Brassicaceae_Streptanthus_tortuosus\d26c971c-622e-47f6-af7c-fec161a49d71.jpg,342,359,359 416 414 329 421,0.028348159784090707
data\raw\val\07279_Plantae_Tracheophyta_Magnoliopsida_Brassicales_Brassicaceae_Streptanthus_tortuosus\57b12805-730f-4208-9653-3d3e69225df9.jpg,342,7,7 254 438 238 144,0.03367043713524856
data\raw\val\07279_Plantae_Tracheophyta_Magnoliopsida_Brassicales_Brassicaceae_Streptanthus_tortuosus\688e1aa2-c9cb-4640-a021-7ffe95eed223.jpg,342,39,39 453 182 13 29,0.006500695655235379
data\raw\val\07279_Plantae_Tracheophyta_Magnoliopsida_Brassicales_Brassicaceae_Streptanthus_tortuosus\67a904d3-3276-4f1d-8f1f-e7181f576ef6.jpg,342,402,402 350 372 377 337,0.05896455492897231
data\raw\val\07279_Plantae_Tracheophyta_Magnoliopsida_Brassicales_Brassicaceae_Streptanthus_tortuosus\808d069b-c135-4b66-99bf-e2d1ba3fbc34.jpg,342,10,10 31 36 348 256,0.023905797699451687
data\raw\val\07292_Plantae_Tracheophyta_Magnoliopsida_Brassicales_Limnanthaceae_Floerkea_proserpinacoides\6230b07d-e3e6-4ec7-9aeb-e7da8fa4e9b2.jpg,343,310,310 345 406 412 408,0.01986582846304685
data\raw\val\07292_Plantae_Tracheophyta_Magnoliopsida_Brassicales_Limnanthaceae_Floerkea_proserpinacoides\162a96aa-5cb7-493a-b785-e3bb4c5212e9.jpg,343,430,430 412 485 407 464,0.025628445744829746
data\raw\val\07292_Plantae_Tracheophyta_Magnoliopsida_Brassicales_Limnanthaceae_Floerkea_proserpinacoides\8433b505-54b4-4536-96a2-fc2f4eb25a47.jpg,343,406,406 263 373 407 408,0.025222673700824663
data\raw\val\07292_Plantae_Tracheophyta_Magnoliopsida_Brassicales_Limnanthaceae_Floerkea_proserpinacoides\54b3f4c2-fed7-4c20-b3a2-4140fa52b752.jpg,343,407,407 345 462 406 310,0.043819194431167115
data\raw\val\07292_Plantae_Tracheophyta_Magnoliopsida_Brassicales_Limnanthaceae_Floerkea_proserpinacoides\963284a5-e3cc-4b22-9a9d-a29e55fffc39.jpg,343,343,343 438 344 323 316,0.028087335801402515
data\raw\val\07292_Plantae_Tracheophyta_Magnoliopsida_Brassicales_Limnanthaceae_Floerkea_proserpinacoides\9b83c8f1-d89f-4669-b3f1-b512de752940.jpg,343,11,11 10 59 118 92,0.031201387552157903
data\raw\val\07292_Plantae_Tracheophyta_Magnoliopsida_Brassicales_Limnanthaceae_Floerkea_proserpinacoides\cf1165ed-ba3c-4053-a620-830ec4e657df.jpg,343,90,90 37 443 406 258,0.019298900611133013
data\raw\val\07292_Plantae_Tracheophyta_Magnoliopsida_Brassicales_Limnanthaceae_Floerkea_proserpinacoides\1c7a347a-4d9c-4066-a67f-9d0f633e3fdc.jpg,343,407,407 412 356 443 265,0.028645506799991786
data\raw\val\07292_Plantae_Tracheophyta_Magnoliopsida_Brassicales_Limnanthaceae_Floerkea_proserpinacoides\21808c10-26b0-44a6-b938-09b7dae9de25.jpg,343,343,343 378 495 281 350,0.10564194738443065
data\raw\val\07292_Plantae_Tracheophyta_Magnoliopsida_Brassicales_Limnanthaceae_Floerkea_proserpinacoides\8a8d54e4-ca04-4e3b-9fb8-f3504bb4cded.jpg,343,373,373 343 324 407 333,0.04916420189596954
data\raw\val\07305_Plantae_Tracheophyta_Magnoliopsida_Caryophyllales_Aizoaceae_Mesembryanthemum_crystallinum\a1b6911d-f775-461d-9fd7-1616070aaca2.jpg,344,90,90 68 37 344 345,0.01823922134571717
data\raw\val\07305_Plantae_Tracheophyta_Magnoliopsida_Caryophyllales_Aizoaceae_Mesembryanthemum_crystallinum\3a5bd940-462a-4585-86a2-af003d08e585.jpg,344,7,7 238 351 242 438,0.029845350229360183
data\raw\val\07305_Plantae_Tracheophyta_Magnoliopsida_Caryophyllales_Aizoaceae_Mesembryanthemum_crystallinum\9da5ad22-eed1-4243-b766-756c56aa7be2.jpg,344,222,222 287 308 445 273,0.015870332807471715
data\raw\val\07305_Plantae_Tracheophyta_Magnoliopsida_Caryophyllales_Aizoaceae_Mesembryanthemum_crystallinum\aa7301e5-996e-4310-81df-8344875a6cb1.jpg,344,272,272 344 96 263 403,0.024881313409916145
data\raw\val\07305_Plantae_Tracheophyta_Magnoliopsida_Caryophyllales_Aizoaceae_Mesembryanthemum_crystallinum\53cec7b8-a985-47eb-a102-b8a10a65df66.jpg,344,283,283 381 221 150 253,0.026673960423087565
data\raw\val\07305_Plantae_Tracheophyta_Magnoliopsida_Caryophyllales_Aizoaceae_Mesembryanthemum_crystallinum\0b1c9ae1-212e-4170-9c5d-7e4ab68123b5.jpg,344,257,257 344 379 335 409,0.053918939508575035
data\raw\val\07305_Plantae_Tracheophyta_Magnoliopsida_Caryophyllales_Aizoaceae_Mesembryanthemum_crystallinum\7ab54873-82d0-42b2-afea-021422289751.jpg,344,238,238 351 224 118 329,0.021436839096382054
data\raw\val\07305_Plantae_Tracheophyta_Magnoliopsida_Caryophyllales_Aizoaceae_Mesembryanthemum_crystallinum\f92d53f7-8f55-46f8-adc9-893499f5eca5.jpg,344,480,480 344 481 361 460,0.023923250855771988
data\raw\val\07305_Plantae_Tracheophyta_Magnoliopsida_Caryophyllales_Aizoaceae_Mesembryanthemum_crystallinum\d78c456f-06fc-4b8e-aa20-81249427de22.jpg,344,350,350 402 243 226 295,0.028601080496575164
data\raw\val\07305_Plantae_Tracheophyta_Magnoliopsida_Caryophyllales_Aizoaceae_Mesembryanthemum_crystallinum\816233ae-d696-47db-9855-e6dfdafb570c.jpg,344,344,344 409 343 257 445,0.035834037885819
data\raw\val\07319_Plantae_Tracheophyta_Magnoliopsida_Caryophyllales_Amaranthaceae_Atriplex_prostrata\8d0dd17f-96d1-4c9d-8998-d6c227a545a2.jpg,345,324,324 403 410 273 318,0.04206547039560075
data\raw\val\07319_Plantae_Tracheophyta_Magnoliopsida_Caryophyllales_Amaranthaceae_Atriplex_prostrata\09fd794f-28db-4a02-93d0-e9caad49c5c6.jpg,345,491,491 350 402 353 281,0.035227948478768444
data\raw\val\07319_Plantae_Tracheophyta_Magnoliopsida_Caryophyllales_Amaranthaceae_Atriplex_prostrata\a6c628db-af19-4555-9db7-268830eb98d0.jpg,345,388,388 473 335 480 460,0.016515094234271166
data\raw\val\07319_Plantae_Tracheophyta_Magnoliopsida_Caryophyllales_Amaranthaceae_Atriplex_prostrata\0413f299-00a3-4b69-ac4f-8267d08650b8.jpg,345,120,120 112 322 304 293,0.01333537867545914
data\raw\val\07319_Plantae_Tracheophyta_Magnoliopsida_Caryophyllales_Amaranthaceae_Atriplex_prostrata\31f47e15-c993-4fff-a64d-b1cc6ae9b26c.jpg,345,465,465 491 334 350 318,0.03303046325417738
data\raw\val\07319_Plantae_Tracheophyta_Magnoliopsida_Caryophyllales_Amaranthaceae_Atriplex_prostrata\7c8dc59c-2e6d-4061-b5af-fa9ea0c61906.jpg,345,363,363 292 267 338 261,0.018686235547341584
data\raw\val\07319_Plantae_Tracheophyta_Magnoliopsida_Caryophyllales_Amaranthaceae_Atriplex_prostrata\8cdec239-d71f-43aa-834b-bf96c291ebee.jpg,345,215,215 224 201 351 160,0.02372891700655463
data\raw\val\07319_Plantae_Tracheophyta_Magnoliopsida_Caryophyllales_Amaranthaceae_Atriplex_prostrata\f960ca1c-208f-4320-9e6c-ff1561335889.jpg,345,364,364 363 452 445 430,0.05369820137705582
data\raw\val\07319_Plantae_Tracheophyta_Magnoliopsida_Caryophyllales_Amaranthaceae_Atriplex_prostrata\3d2341bc-ad55-4288-8bd0-c4a7f42cd475.jpg,345,320,320 333 226 425 314,0.03489220732652448
data\raw\val\07319_Plantae_Tracheophyta_Magnoliopsida_Caryophyllales_Amaranthaceae_Atriplex_prostrata\3c219000-fd60-4f24-9d0d-20ca8028e2e1.jpg,345,482,482 462 37 310 419,0.022796114490053112
data\raw\val\07324_Plantae_Tracheophyta_Magnoliopsida_Caryophyllales_Amaranthaceae_Celosia_argentea\7aef51c3-7dac-4f90-b290-6a0da99af1b7.jpg,346,404,404 283 169 225 181,0.011671021483068247
data\raw\val\07324_Plantae_Tracheophyta_Magnoliopsida_Caryophyllales_Amaranthaceae_Celosia_argentea\141441f5-9417-46d1-91c9-dd9fa1889628.jpg,346,460,460 401 382 358 444,0.012417330557249058
data\raw\val\07324_Plantae_Tracheophyta_Magnoliopsida_Caryophyllales_Amaranthaceae_Celosia_argentea\780f8a37-cb10-4ebf-a7ab-c1b7eda0e7e7.jpg,346,333,333 279 320 305 461,0.029621432744396894
data\raw\val\07324_Plantae_Tracheophyta_Magnoliopsida_Caryophyllales_Amaranthaceae_Celosia_argentea\821c305c-4421-43c4-a800-9c2606681c9a.jpg,346,63,63 367 112 111 117,0.01274964188151276
data\raw\val\07324_Plantae_Tracheophyta_Magnoliopsida_Caryophyllales_Amaranthaceae_Celosia_argentea\04b2c1ec-e8be-475d-92b3-66a5774ad3f0.jpg,346,227,227 214 249 238 457,0.017466951265704096
data\raw\val\07324_Plantae_Tracheophyta_Magnoliopsida_Caryophyllales_Amaranthaceae_Celosia_argentea\0d81b3bb-1a0a-44e3-bbe7-d68c3dadb91f.jpg,346,48,48 82 66 412 448,0.01646928795216218
data\raw\val\07324_Plantae_Tracheophyta_Magnoliopsida_Caryophyllales_Amaranthaceae_Celosia_argentea\950d8a12-79ca-447f-a1c5-81ecb6310036.jpg,346,277,277 411 148 147 23,0.012279695282428492
data\raw\val\07324_Plantae_Tracheophyta_Magnoliopsida_Caryophyllales_Amaranthaceae_Celosia_argentea\7821818e-b656-4268-8322-58b9569a8f81.jpg,346,373,373 408 324 419 407,0.14404280066657987
data\raw\val\07324_Plantae_Tracheophyta_Magnoliopsida_Caryophyllales_Amaranthaceae_Celosia_argentea\ed307f6e-ebd1-4a4d-93f8-7f17f677c411.jpg,346,286,286 380 414 426 323,0.01358124834093423
data\raw\val\07324_Plantae_Tracheophyta_Magnoliopsida_Caryophyllales_Amaranthaceae_Celosia_argentea\c98a27de-084e-4cd8-a6ce-9b28df1abf3b.jpg,346,403,403 326 442 418 314,0.021814783824641304
data\raw\val\07349_Plantae_Tracheophyta_Magnoliopsida_Caryophyllales_Cactaceae_Cylindropuntia_fulgida\ff93c3db-660f-44f4-b999-138d87d08591.jpg,347,361,361 414 316 325 327,0.02261840298162131
data\raw\val\07349_Plantae_Tracheophyta_Magnoliopsida_Caryophyllales_Cactaceae_Cylindropuntia_fulgida\b80dc92f-ad82-435f-bedf-79997d13742f.jpg,347,347,347 237 132 11 238,0.06230303314741174
data\raw\val\07349_Plantae_Tracheophyta_Magnoliopsida_Caryophyllales_Cactaceae_Cylindropuntia_fulgida\f59af167-050d-431e-b840-84f19384fd38.jpg,347,347,347 349 227 134 335,0.033280700881879406
data\raw\val\07349_Plantae_Tracheophyta_Magnoliopsida_Caryophyllales_Cactaceae_Cylindropuntia_fulgida\2f0bb692-c80c-4aae-b390-62d35cd10d25.jpg,347,347,347 224 118 344 480,0.05080956438228519
data\raw\val\07349_Plantae_Tracheophyta_Magnoliopsida_Caryophyllales_Cactaceae_Cylindropuntia_fulgida\b07a46bb-6136-4cac-83dc-2d7896bc553d.jpg,347,347,347 489 134 349 283,0.06116133503273267
data\raw\val\07349_Plantae_Tracheophyta_Magnoliopsida_Caryophyllales_Cactaceae_Cylindropuntia_fulgida\a9c4b302-b797-4705-870a-d618de995ec6.jpg,347,312,312 264 255 244 136,0.02257159420931258
data\raw\val\07349_Plantae_Tracheophyta_Magnoliopsida_Caryophyllales_Cactaceae_Cylindropuntia_fulgida\635393ca-f4ed-4a37-b279-1bdad11fb92d.jpg,347,74,74 311 393 220 249,0.013576176705084488
data\raw\val\07349_Plantae_Tracheophyta_Magnoliopsida_Caryophyllales_Cactaceae_Cylindropuntia_fulgida\51332dc0-61d0-40c6-be52-627bb264572e.jpg,347,257,257 379 275 256 480,0.045443012444796246
data\raw\val\07349_Plantae_Tracheophyta_Magnoliopsida_Caryophyllales_Cactaceae_Cylindropuntia_fulgida\5bec2f0a-710b-406e-8f8a-a28b2284df98.jpg,347,490,490 275 366 136 365,0.03166257581695943
data\raw\val\07349_Plantae_Tracheophyta_Magnoliopsida_Caryophyllales_Cactaceae_Cylindropuntia_fulgida\e8d2e3a0-bd04-4d8b-88d9-114124f5d758.jpg,347,349,349 480 460 361 318,0.024462606191877952
data\raw\val\07355_Plantae_Tracheophyta_Magnoliopsida_Caryophyllales_Cactaceae_Cylindropuntia_thurberi\14804657-cba8-441e-a942-523324ee879e.jpg,348,498,498 496 303 348 428,0.0374930425490128
data\raw\val\07355_Plantae_Tracheophyta_Magnoliopsida_Caryophyllales_Cactaceae_Cylindropuntia_thurberi\3d1ff6bb-8979-4256-9a38-09ad31ba6f28.jpg,348,319,319 349 213 243 348,0.04945504153719218
data\raw\val\07355_Plantae_Tracheophyta_Magnoliopsida_Caryophyllales_Cactaceae_Cylindropuntia_thurberi\749f6539-904c-4e57-907d-62ff69154ffd.jpg,348,489,489 490 467 134 222,0.03368476883674553
data\raw\val\07355_Plantae_Tracheophyta_Magnoliopsida_Caryophyllales_Cactaceae_Cylindropuntia_thurberi\ba147f86-e29b-42f4-9b38-bf83ee0ce192.jpg,348,489,489 316 431 451 348,0.03431197174301497
data\raw\val\07355_Plantae_Tracheophyta_Magnoliopsida_Caryophyllales_Cactaceae_Cylindropuntia_thurberi\5ed25ebf-105f-49e9-8ac8-2c04812e51a6.jpg,348,413,413 391 376 322 476,0.02617267817446026
data\raw\val\07355_Plantae_Tracheophyta_Magnoliopsida_Caryophyllales_Cactaceae_Cylindropuntia_thurberi\464d85c5-9e1b-46ff-97fe-7cd398a62e83.jpg,348,369,369 498 293 209 278,0.02670554657140434
data\raw\val\07355_Plantae_Tracheophyta_Magnoliopsida_Caryophyllales_Cactaceae_Cylindropuntia_thurberi\b03d51e4-370d-4379-9ce5-ace0e98ebd43.jpg,348,376,376 83 348 302 243,0.016696336327050643
data\raw\val\07355_Plantae_Tracheophyta_Magnoliopsida_Caryophyllales_Cactaceae_Cylindropuntia_thurberi\76bec2cd-aa67-48eb-ae7c-5c2e08ce80f1.jpg,348,348,348 436 213 319 349,0.027080702911645223
data\raw\val\07355_Plantae_Tracheophyta_Magnoliopsida_Caryophyllales_Cactaceae_Cylindropuntia_thurberi\97a014e8-b8c4-4908-b5d3-ec31d160d92e.jpg,348,354,354 422 275 348 480,0.016275755334645366
data\raw\val\07355_Plantae_Tracheophyta_Magnoliopsida_Caryophyllales_Cactaceae_Cylindropuntia_thurberi\61c8f520-5663-4e61-9804-8d6ea7fb728f.jpg,348,354,354 361 487 492 316,0.023350610954262576
data\raw\val\07367_Plantae_Tracheophyta_Magnoliopsida_Caryophyllales_Cactaceae_Echinocereus_pentalophus\1f3c061e-46c7-4152-a5e9-d51e692b2d35.jpg,349,269,269 83 258 24 264,0.02948366883154738
data\raw\val\07367_Plantae_Tracheophyta_Magnoliopsida_Caryophyllales_Cactaceae_Echinocereus_pentalophus\968fa8ae-5660-44d3-9774-41832183fe9a.jpg,349,269,269 222 227 431 401,0.01048841102066942
data\raw\val\07367_Plantae_Tracheophyta_Magnoliopsida_Caryophyllales_Cactaceae_Echinocereus_pentalophus\24c0659f-77ab-4ad1-b4df-39e7efff262b.jpg,349,335,335 318 480 352 410,0.022450256120879735
data\raw\val\07367_Plantae_Tracheophyta_Magnoliopsida_Caryophyllales_Cactaceae_Echinocereus_pentalophus\f2a11729-b16d-48e2-af38-b64bcd40a048.jpg,349,264,264 269 227 211 349,0.05650915835275808
data\raw\val\07367_Plantae_Tracheophyta_Magnoliopsida_Caryophyllales_Cactaceae_Echinocereus_pentalophus\0a9a52c5-ba87-4aa8-b731-871c394d5e35.jpg,349,124,124 269 9 497 431,0.014848987592255372
data\raw\val\07367_Plantae_Tracheophyta_Magnoliopsida_Caryophyllales_Cactaceae_Echinocereus_pentalophus\e2aab8c2-ccb7-4429-91ba-78c13535cb85.jpg,349,389,389 355 380 309 376,0.0112788253795943
data\raw\val\07367_Plantae_Tracheophyta_Magnoliopsida_Caryophyllales_Cactaceae_Echinocereus_pentalophus\b7531846-e0c2-47ff-9d0f-88607d0fa882.jpg,349,267,267 372 293 120 260,0.03311495312025937
data\raw\val\07367_Plantae_Tracheophyta_Magnoliopsida_Caryophyllales_Cactaceae_Echinocereus_pentalophus\50ce6f7a-4c8d-4976-a17e-83f1aca3134c.jpg,349,349,349 316 318 347 361,0.05301806078341898
data\raw\val\07367_Plantae_Tracheophyta_Magnoliopsida_Caryophyllales_Cactaceae_Echinocereus_pentalophus\3469f76e-88d5-4b0d-b2b2-d62f5571b8f1.jpg,349,349,349 347 316 269 240,0.05001177832962372
data\raw\val\07367_Plantae_Tracheophyta_Magnoliopsida_Caryophyllales_Cactaceae_Echinocereus_pentalophus\89cc8f39-2574-456b-ae24-c8f747bc33d9.jpg,349,318,318 442 460 275 335,0.02555915277131478
data\raw\val\07375_Plantae_Tracheophyta_Magnoliopsida_Caryophyllales_Cactaceae_Escobaria_vivipara\52c57b28-77f7-420a-a34a-5038fcb69e1e.jpg,350,325,325 226 190 240 376,0.024344927977899018
data\raw\val\07375_Plantae_Tracheophyta_Magnoliopsida_Caryophyllales_Cactaceae_Escobaria_vivipara\a8acd094-bf84-4ff1-8d47-659694ac2d7a.jpg,350,344,344 224 316 414 327,0.03191530858495404
data\raw\val\07375_Plantae_Tracheophyta_Magnoliopsida_Caryophyllales_Cactaceae_Escobaria_vivipara\560e94f1-00f5-4a84-a17a-2d25568e384b.jpg,350,350,350 355 402 491 389,0.02761690794329597
data\raw\val\07375_Plantae_Tracheophyta_Magnoliopsida_Caryophyllales_Cactaceae_Escobaria_vivipara\bace6558-5161-446f-aa33-db86f9237e84.jpg,350,402,402 350 491 260 389,0.042681105813666166
data\raw\val\07375_Plantae_Tracheophyta_Magnoliopsida_Caryophyllales_Cactaceae_Escobaria_vivipara\1c39021b-d5fe-4f64-8812-124f281108d1.jpg,350,349,349 378 350 403 343,0.038273214962715296
data\raw\val\07375_Plantae_Tracheophyta_Magnoliopsida_Caryophyllales_Cactaceae_Escobaria_vivipara\6acbe3b9-9294-4f57-adf3-30f16fbe7a8e.jpg,350,377,377 303 350 384 426,0.03065249628436555
data\raw\val\07375_Plantae_Tracheophyta_Magnoliopsida_Caryophyllales_Cactaceae_Escobaria_vivipara\c60c8dbe-b020-45d7-85c4-4653547682bf.jpg,350,353,353 372 260 374 465,0.050910530042633996
data\raw\val\07375_Plantae_Tracheophyta_Magnoliopsida_Caryophyllales_Cactaceae_Escobaria_vivipara\06810954-191b-4303-8848-5349a16d0729.jpg,350,349,349 379 350 318 325,0.04839902242551276
data\raw\val\07375_Plantae_Tracheophyta_Magnoliopsida_Caryophyllales_Cactaceae_Escobaria_vivipara\6e35f2fd-ee7b-46ab-8da8-858cd6daea83.jpg,350,350,350 428 303 353 319,0.028629701785244765
data\raw\val\07375_Plantae_Tracheophyta_Magnoliopsida_Caryophyllales_Cactaceae_Escobaria_vivipara\b7867e28-4533-49d4-9e0f-4c7617fe609b.jpg,350,226,226 491 306 92 355,0.08078815614079497
data\raw\val\07394_Plantae_Tracheophyta_Magnoliopsida_Caryophyllales_Cactaceae_Opuntia_basilaris\6b12b9af-34ce-4170-bb49-27c50be8082a.jpg,351,351,351 248 250 100 5,0.024745467729905813
data\raw\val\07394_Plantae_Tracheophyta_Magnoliopsida_Caryophyllales_Cactaceae_Opuntia_basilaris\b113791a-b20f-4055-8111-3f0ff7171f93.jpg,351,213,213 272 212 86 233,0.016410047348547358
data\raw\val\07394_Plantae_Tracheophyta_Magnoliopsida_Caryophyllales_Cactaceae_Opuntia_basilaris\6d1a4db4-0d64-4cab-9246-6761f16e4edc.jpg,351,280,280 467 431 227 212,0.03645040908099267
data\raw\val\07394_Plantae_Tracheophyta_Magnoliopsida_Caryophyllales_Cactaceae_Opuntia_basilaris\31bf5f33-a470-4b24-9f38-b30b46df4620.jpg,351,351,351 238 227 237 349,0.02454033942977075
data\raw\val\07394_Plantae_Tracheophyta_Magnoliopsida_Caryophyllales_Cactaceae_Opuntia_basilaris\c5fba1d8-789e-47d4-b15a-aa16dbb5695f.jpg,351,7,7 256 438 257 422,0.016618622360903706
data\raw\val\07394_Plantae_Tracheophyta_Magnoliopsida_Caryophyllales_Cactaceae_Opuntia_basilaris\69fcf868-ff7c-4738-af10-968cfad17609.jpg,351,212,212 264 238 262 227,0.025115808072124542
data\raw\val\07394_Plantae_Tracheophyta_Magnoliopsida_Caryophyllales_Cactaceae_Opuntia_basilaris\804b63e1-176c-422b-8632-a6abeb25089a.jpg,351,351,351 457 272 90 227,0.05296610086792252
data\raw\val\07394_Plantae_Tracheophyta_Magnoliopsida_Caryophyllales_Cactaceae_Opuntia_basilaris\22a45e88-e879-4450-99c3-5c6e16954506.jpg,351,457,457 351 257 419 344,0.017879727889709915
data\raw\val\07394_Plantae_Tracheophyta_Magnoliopsida_Caryophyllales_Cactaceae_Opuntia_basilaris\8369379a-8e3a-468c-a95c-c6188534a36d.jpg,351,243,243 351 345 67 409,0.010830094557935231
data\raw\val\07394_Plantae_Tracheophyta_Magnoliopsida_Caryophyllales_Cactaceae_Opuntia_basilaris\fb8d7c93-5c32-4b4a-8d21-a08a73dc94eb.jpg,351,351,351 242 237 457 238,0.05090557196589733
data\raw\val\07450_Plantae_Tracheophyta_Magnoliopsida_Caryophyllales_Caryophyllaceae_Silene_dioica\1b5350e1-9503-46d9-b1f9-a7113200e6f8.jpg,352,333,333 432 335 417 371,0.025995232854083672
data\raw\val\07450_Plantae_Tracheophyta_Magnoliopsida_Caryophyllales_Caryophyllaceae_Silene_dioica\625e589a-a4e9-454d-87af-dd94476a4389.jpg,352,455,455 352 480 416 275,0.01834540114554197
data\raw\val\07450_Plantae_Tracheophyta_Magnoliopsida_Caryophyllales_Caryophyllaceae_Silene_dioica\a485d5ca-0343-4860-a78b-8481b2faf0e7.jpg,352,409,409 445 419 460 480,0.019008377349488504
data\raw\val\07450_Plantae_Tracheophyta_Magnoliopsida_Caryophyllales_Caryophyllaceae_Silene_dioica\44d8c08d-827f-4506-8a5e-f133e2b5eca9.jpg,352,37,37 340 23 387 386,0.018808232763120273
data\raw\val\07450_Plantae_Tracheophyta_Magnoliopsida_Caryophyllales_Caryophyllaceae_Silene_dioica\98c12293-1d3d-4675-aa61-3cc93cceef59.jpg,352,333,333 409 361 352 432,0.026595972711954217
data\raw\val\07450_Plantae_Tracheophyta_Magnoliopsida_Caryophyllales_Caryophyllaceae_Silene_dioica\22330e7f-1e16-4dd2-a376-000ee86c531e.jpg,352,345,345 310 453 311 383,0.025035392209028246
data\raw\val\07450_Plantae_Tracheophyta_Magnoliopsida_Caryophyllales_Caryophyllaceae_Silene_dioica\f1c7d051-7d44-4e79-a1ca-8ebf69df7527.jpg,352,285,285 410 473 294 407,0.03885988612540953
data\raw\val\07450_Plantae_Tracheophyta_Magnoliopsida_Caryophyllales_Caryophyllaceae_Silene_dioica\f2c930f8-9419-44fa-a83f-5f2f7c6bf09c.jpg,352,366,366 418 441 337 335,0.026045852291778308
data\raw\val\07450_Plantae_Tracheophyta_Magnoliopsida_Caryophyllales_Caryophyllaceae_Silene_dioica\4dd24d02-659c-48f5-9bd1-145e3524063f.jpg,352,462,462 311 310 453 357,0.06415894315800884
data\raw\val\07450_Plantae_Tracheophyta_Magnoliopsida_Caryophyllales_Caryophyllaceae_Silene_dioica\5a2ae3a0-fa4e-4a26-b544-587e0bcb29d4.jpg,352,481,481 368 472 460 417,0.033872815088655917
data\raw\val\07477_Plantae_Tracheophyta_Magnoliopsida_Caryophyllales_Droseraceae_Drosera_intermedia\d1635b5d-6a24-417f-8a28-182100d6eca8.jpg,353,480,480 422 349 347 240,0.020248753675071975
data\raw\val\07477_Plantae_Tracheophyta_Magnoliopsida_Caryophyllales_Droseraceae_Drosera_intermedia\860ee867-e805-4ede-86cd-0c671fc147d7.jpg,353,354,354 353 467 397 490,0.041639958134602965
data\raw\val\07477_Plantae_Tracheophyta_Magnoliopsida_Caryophyllales_Droseraceae_Drosera_intermedia\795c5ebd-880a-44c3-9ccf-0286e2011cea.jpg,353,354,354 434 308 266 440,0.018728370272205447
data\raw\val\07477_Plantae_Tracheophyta_Magnoliopsida_Caryophyllales_Droseraceae_Drosera_intermedia\1e82c65b-6e4e-4232-9eb1-2c32ea6e08ad.jpg,353,318,318 361 480 275 423,0.038980302009975716
data\raw\val\07477_Plantae_Tracheophyta_Magnoliopsida_Caryophyllales_Droseraceae_Drosera_intermedia\247819bb-8b3f-4855-a99a-88f9165ac4f4.jpg,353,353,353 297 260 266 446,0.038613475915118704
data\raw\val\07477_Plantae_Tracheophyta_Magnoliopsida_Caryophyllales_Droseraceae_Drosera_intermedia\7c5b2c10-e648-40cf-a9a9-ac588aec261a.jpg,353,262,262 227 190 292 422,0.0179161017742706
data\raw\val\07477_Plantae_Tracheophyta_Magnoliopsida_Caryophyllales_Droseraceae_Drosera_intermedia\7415026f-de44-493b-8d68-78127c0674d8.jpg,353,410,410 294 318 331 299,0.01977780112735743
data\raw\val\07477_Plantae_Tracheophyta_Magnoliopsida_Caryophyllales_Droseraceae_Drosera_intermedia\2a7fc15b-dc1a-42f6-a39a-4f7d801bc4e3.jpg,353,350,350 379 465 326 288,0.02854940665673279
data\raw\val\07477_Plantae_Tracheophyta_Magnoliopsida_Caryophyllales_Droseraceae_Drosera_intermedia\e5a95a46-7507-47da-a38c-99593a6f72ab.jpg,353,465,465 294 350 319 378,0.035857045166014526
data\raw\val\07477_Plantae_Tracheophyta_Magnoliopsida_Caryophyllales_Droseraceae_Drosera_intermedia\f30d4aaf-6870-49f1-99ee-1677068c4a7d.jpg,353,293,293 322 354 376 391,0.011186217228458027
data\raw\val\07480_Plantae_Tracheophyta_Magnoliopsida_Caryophyllales_Droseraceae_Drosera_spatulata\d92771e5-c172-4003-bed9-586cc698b799.jpg,354,487,487 366 327 442 354,0.020225436262573965
data\raw\val\07480_Plantae_Tracheophyta_Magnoliopsida_Caryophyllales_Droseraceae_Drosera_spatulata\213127f1-edbc-4fad-a785-dcd1d7ffa74b.jpg,354,476,476 302 194 90 346,0.015233778931824473
data\raw\val\07480_Plantae_Tracheophyta_Magnoliopsida_Caryophyllales_Droseraceae_Drosera_spatulata\feadb6d2-8081-43a5-b8d7-dfa367164554.jpg,354,308,308 289 285 375 353,0.03867057312198159
data\raw\val\07480_Plantae_Tracheophyta_Magnoliopsida_Caryophyllales_Droseraceae_Drosera_spatulata\55bda323-6976-4547-9445-667418ee2d6b.jpg,354,480,480 353 386 388 378,0.029973788467563395
data\raw\val\07480_Plantae_Tracheophyta_Magnoliopsida_Caryophyllales_Droseraceae_Drosera_spatulata\c1abeb1f-09b9-4766-ac44-410783893fef.jpg,354,267,267 293 233 372 353,0.03667223919077006
data\raw\val\07480_Plantae_Tracheophyta_Magnoliopsida_Caryophyllales_Droseraceae_Drosera_spatulata\409f17d2-8d99-43df-a2cb-3abf511145e3.jpg,354,347,347 132 131 136 135,0.02808031759708819
data\raw\val\07480_Plantae_Tracheophyta_Magnoliopsida_Caryophyllales_Droseraceae_Drosera_spatulata\d96e124e-1af7-4fd9-95fe-a964360952ae.jpg,354,323,323 279 350 318 409,0.03793536825648976
data\raw\val\07480_Plantae_Tracheophyta_Magnoliopsida_Caryophyllales_Droseraceae_Drosera_spatulata\8abb3291-02f8-4068-8e21-de1a454b503a.jpg,354,492,492 249 422 246 269,0.024267109445758977
data\raw\val\07480_Plantae_Tracheophyta_Magnoliopsida_Caryophyllales_Droseraceae_Drosera_spatulata\4f2b9321-8753-47ad-bb56-cdc2c2ec1370.jpg,354,489,489 490 398 366 354,0.02737356103262672
data\raw\val\07480_Plantae_Tracheophyta_Magnoliopsida_Caryophyllales_Droseraceae_Drosera_spatulata\6ea618b8-338f-435f-9b12-e5a4acb41995.jpg,354,313,313 418 327 487 471,0.031682995094945786
data\raw\val\07576_Plantae_Tracheophyta_Magnoliopsida_Celastrales_Celastraceae_Canotia_holacantha\4642e907-7726-4508-9ecd-fcfaec9d831c.jpg,355,355,355 150 151 152 203,0.054984098041641394
data\raw\val\07576_Plantae_Tracheophyta_Magnoliopsida_Celastrales_Celastraceae_Canotia_holacantha\d6e31b6a-e194-4308-b363-97cc2e9788e9.jpg,355,355,355 491 226 392 215,0.04476674150821877
data\raw\val\07576_Plantae_Tracheophyta_Magnoliopsida_Celastrales_Celastraceae_Canotia_holacantha\811bbaec-08ed-4261-af77-ed4c53a11c3a.jpg,355,347,347 134 349 489 136,0.0988191392345337
data\raw\val\07576_Plantae_Tracheophyta_Magnoliopsida_Celastrales_Celastraceae_Canotia_holacantha\00472160-00b8-4026-af1e-9d1d7b0838ea.jpg,355,227,227 215 224 347 211,0.029726056024294664
data\raw\val\07576_Plantae_Tracheophyta_Magnoliopsida_Celastrales_Celastraceae_Canotia_holacantha\238d1ea3-cd6c-48eb-b324-7e4abaee35e6.jpg,355,425,425 199 325 389 163,0.014917943980526708
data\raw\val\07576_Plantae_Tracheophyta_Magnoliopsida_Celastrales_Celastraceae_Canotia_holacantha\d799070e-acaa-43f9-a272-f2fc3b7d162e.jpg,355,347,347 211 155 269 227,0.043520732382197044
data\raw\val\07576_Plantae_Tracheophyta_Magnoliopsida_Celastrales_Celastraceae_Canotia_holacantha\d165ff14-f169-407f-9e29-af98607df55d.jpg,355,274,274 487 327 425 326,0.029585036968671576
data\raw\val\07576_Plantae_Tracheophyta_Magnoliopsida_Celastrales_Celastraceae_Canotia_holacantha\c9d6ddaa-c206-4dea-a363-60b1c83641b4.jpg,355,269,269 270 488 212 199,0.0182001719477237
data\raw\val\07576_Plantae_Tracheophyta_Magnoliopsida_Celastrales_Celastraceae_Canotia_holacantha\f62a4611-983a-4230-a3a6-7dfe9b3b14df.jpg,355,243,243 319 402 353 496,0.017694595847496244
data\raw\val\07576_Plantae_Tracheophyta_Magnoliopsida_Celastrales_Celastraceae_Canotia_holacantha\182b53be-2c0f-4a44-bd09-2e9ea25ff451.jpg,355,306,306 301 498 163 376,0.03826995944099108
data\raw\val\07577_Plantae_Tracheophyta_Magnoliopsida_Celastrales_Celastraceae_Celastrus_orbiculatus\7d9cd8a3-1685-4c8e-bc98-0365ab0db6a2.jpg,356,310,310 408 440 464 285,0.021132103486812628
data\raw\val\07577_Plantae_Tracheophyta_Magnoliopsida_Celastrales_Celastraceae_Celastrus_orbiculatus\8fab6a72-924c-4794-915a-740c8bb845bb.jpg,356,357,357 360 436 470 440,0.020956530850869015
data\raw\val\07577_Plantae_Tracheophyta_Magnoliopsida_Celastrales_Celastraceae_Celastrus_orbiculatus\a81a70e0-1abc-4991-b341-a55c9ac04ead.jpg,356,383,383 462 443 453 310,0.05861869863646454
data\raw\val\07577_Plantae_Tracheophyta_Magnoliopsida_Celastrales_Celastraceae_Celastrus_orbiculatus\5ef85600-7f3d-4bb9-bc21-86fa5934ecd2.jpg,356,412,412 485 408 400 464,0.06777680636334821
data\raw\val\07577_Plantae_Tracheophyta_Magnoliopsida_Celastrales_Celastraceae_Celastrus_orbiculatus\fde9e5f4-1cc3-4006-a311-27f2a5553fe6.jpg,356,412,412 356 485 311 448,0.0481884491287024
data\raw\val\07577_Plantae_Tracheophyta_Magnoliopsida_Celastrales_Celastraceae_Celastrus_orbiculatus\58024cf2-ae62-4c6d-8132-fa42c3e05436.jpg,356,419,419 471 371 379 368,0.026076334604181014
data\raw\val\07577_Plantae_Tracheophyta_Magnoliopsida_Celastrales_Celastraceae_Celastrus_orbiculatus\a7e344b6-b14a-42f1-973c-c8583a59b3e6.jpg,356,447,447 439 272 270 464,0.036878336825535395
data\raw\val\07577_Plantae_Tracheophyta_Magnoliopsida_Celastrales_Celastraceae_Celastrus_orbiculatus\593c24d1-9c68-4fa8-9dbd-41672fb43341.jpg,356,293,293 376 476 391 348,0.0387630486217037
data\raw\val\07577_Plantae_Tracheophyta_Magnoliopsida_Celastrales_Celastraceae_Celastrus_orbiculatus\a31ba900-7f72-4f19-90cf-cb5e71f4f10d.jpg,356,464,464 443 471 482 474,0.015606115341169624
data\raw\val\07577_Plantae_Tracheophyta_Magnoliopsida_Celastrales_Celastraceae_Celastrus_orbiculatus\c5bf3b3c-6b9f-47a1-8bfd-7cbf268a233a.jpg,356,262,262 460 482 397 470,0.015373445995895067
data\raw\val\07609_Plantae_Tracheophyta_Magnoliopsida_Cornales_Hydrangeaceae_Hydrangea_quercifolia\e92fc35b-2a3a-4b4c-871b-117568a435f8.jpg,357,462,462 357 311 37 472,0.12315627549735467
data\raw\val\07609_Plantae_Tracheophyta_Magnoliopsida_Cornales_Hydrangeaceae_Hydrangea_quercifolia\eef78ed4-f19a-411f-97a4-63c56e80fe8e.jpg,357,462,462 357 482 345 311,0.16445921670633606
data\raw\val\07609_Plantae_Tracheophyta_Magnoliopsida_Cornales_Hydrangeaceae_Hydrangea_quercifolia\82f916cf-32b9-4991-92c5-b06c5e105a68.jpg,357,210,210 435 433 363 308,0.01888753201589519
data\raw\val\07609_Plantae_Tracheophyta_Magnoliopsida_Cornales_Hydrangeaceae_Hydrangea_quercifolia\334432cc-4507-4655-afd8-df2b4359114b.jpg,357,341,341 424 405 358 312,0.045517722092987684
data\raw\val\07609_Plantae_Tracheophyta_Magnoliopsida_Cornales_Hydrangeaceae_Hydrangea_quercifolia\6830be91-7e9d-4ef4-b14a-4b7dbc857c5c.jpg,357,358,358 477 439 310 357,0.02090341352263587
data\raw\val\07609_Plantae_Tracheophyta_Magnoliopsida_Cornales_Hydrangeaceae_Hydrangea_quercifolia\05b5bec4-f17e-4ece-9a0a-81a87973a40d.jpg,357,415,415 227 218 270 143,0.029480937248166424
data\raw\val\07609_Plantae_Tracheophyta_Magnoliopsida_Cornales_Hydrangeaceae_Hydrangea_quercifolia\91bba424-507d-472b-b60f-c360f339468d.jpg,357,363,363 308 338 472 353,0.02072748989158535
data\raw\val\07609_Plantae_Tracheophyta_Magnoliopsida_Cornales_Hydrangeaceae_Hydrangea_quercifolia\f465c5d5-e1d8-4f21-81a2-57c7075cf5e5.jpg,357,433,433 481 357 477 453,0.02447846356241441
data\raw\val\07609_Plantae_Tracheophyta_Magnoliopsida_Cornales_Hydrangeaceae_Hydrangea_quercifolia\f0f4ed62-c367-4a9a-a9ca-79b2744e36b1.jpg,357,454,454 96 60 43 64,0.05271158444607694
data\raw\val\07609_Plantae_Tracheophyta_Magnoliopsida_Cornales_Hydrangeaceae_Hydrangea_quercifolia\81fa4b61-d80a-4a54-aae8-0362927f0f12.jpg,357,398,398 490 222 365 397,0.015274022998258585
data\raw\val\07610_Plantae_Tracheophyta_Magnoliopsida_Cornales_Hydrangeaceae_Philadelphus_lewisii\e696962a-f407-4981-b422-0782f40a2545.jpg,358,485,485 364 338 386 455,0.04105526509001382
data\raw\val\07610_Plantae_Tracheophyta_Magnoliopsida_Cornales_Hydrangeaceae_Philadelphus_lewisii\da0d3dab-2616-4335-8a8a-a06c48d6621e.jpg,358,340,340 421 358 468 481,0.041129888466856675
data\raw\val\07610_Plantae_Tracheophyta_Magnoliopsida_Cornales_Hydrangeaceae_Philadelphus_lewisii\782c50bf-0061-4dde-b7c6-0f348938b9b3.jpg,358,310,310 462 345 460 472,0.020185976892080952
data\raw\val\07610_Plantae_Tracheophyta_Magnoliopsida_Cornales_Hydrangeaceae_Philadelphus_lewisii\539fdd94-bbe8-43de-a969-126c2b9719b4.jpg,358,405,405 439 485 358 447,0.03410264763285963
data\raw\val\07610_Plantae_Tracheophyta_Magnoliopsida_Cornales_Hydrangeaceae_Philadelphus_lewisii\50107dbf-c5d7-447f-97da-e5c37c31db98.jpg,358,433,433 406 357 338 477,0.030851151700149276
data\raw\val\07610_Plantae_Tracheophyta_Magnoliopsida_Cornales_Hydrangeaceae_Philadelphus_lewisii\bd09f659-5994-4a2d-828e-bafb567eef4b.jpg,358,291,291 434 474 89 26,0.012293922959301058
data\raw\val\07610_Plantae_Tracheophyta_Magnoliopsida_Cornales_Hydrangeaceae_Philadelphus_lewisii\9846396a-046d-44c1-9808-349fe17dd577.jpg,358,412,412 485 260 448 439,0.021620720326096327
data\raw\val\07610_Plantae_Tracheophyta_Magnoliopsida_Cornales_Hydrangeaceae_Philadelphus_lewisii\0809be82-b420-4c76-9943-002d77cabe8c.jpg,358,431,431 327 316 414 371,0.01907601202975469
data\raw\val\07610_Plantae_Tracheophyta_Magnoliopsida_Cornales_Hydrangeaceae_Philadelphus_lewisii\f2925c7b-3590-460b-8e3c-ab7b5cc85611.jpg,358,358,358 439 398 452 276,0.023301812192344375
data\raw\val\07610_Plantae_Tracheophyta_Magnoliopsida_Cornales_Hydrangeaceae_Philadelphus_lewisii\48baa237-c2a1-4091-8516-48608f5f7662.jpg,358,358,358 430 365 421 452,0.04424395987973255
data\raw\val\07616_Plantae_Tracheophyta_Magnoliopsida_Cornales_Loasaceae_Petalonyx_thurberi\3c7ba25d-13f8-4def-a77f-a50cd44b806b.jpg,359,361,361 335 324 416 273,0.04894050113650558
data\raw\val\07616_Plantae_Tracheophyta_Magnoliopsida_Cornales_Loasaceae_Petalonyx_thurberi\75c19489-5314-406c-bee4-d55099d5d894.jpg,359,256,256 11 118 10 51,0.021866175397641307
data\raw\val\07616_Plantae_Tracheophyta_Magnoliopsida_Cornales_Loasaceae_Petalonyx_thurberi\d6209e70-dc17-43b0-9635-eb747dfc8d31.jpg,359,231,231 196 175 198 197,0.016363918694117897
data\raw\val\07616_Plantae_Tracheophyta_Magnoliopsida_Cornales_Loasaceae_Petalonyx_thurberi\cd3b591d-0656-4b5a-b35a-833d2d1c407e.jpg,359,325,325 316 333 327 314,0.04239350235640936
data\raw\val\07616_Plantae_Tracheophyta_Magnoliopsida_Cornales_Loasaceae_Petalonyx_thurberi\e86e8753-ac6b-40fb-a75f-c24b739714d8.jpg,359,416,416 359 370 315 468,0.04508777830573031
data\raw\val\07616_Plantae_Tracheophyta_Magnoliopsida_Cornales_Loasaceae_Petalonyx_thurberi\ca2f0812-44b1-4fa3-9b09-256b3db90ae5.jpg,359,16,16 446 33 17 18,0.010842642450794688
data\raw\val\07616_Plantae_Tracheophyta_Magnoliopsida_Cornales_Loasaceae_Petalonyx_thurberi\a344780e-3608-4a49-b092-9ef5d3102fea.jpg,359,240,240 161 215 224 325,0.02729169371277817
data\raw\val\07616_Plantae_Tracheophyta_Magnoliopsida_Cornales_Loasaceae_Petalonyx_thurberi\5b0b3632-84b4-4e68-9dd0-f678691cc723.jpg,359,487,487 418 442 327 361,0.035771848696436834
data\raw\val\07616_Plantae_Tracheophyta_Magnoliopsida_Cornales_Loasaceae_Petalonyx_thurberi\0df494ea-e37a-48d0-bcd0-07f57fc26ac2.jpg,359,359,359 224 322 327 330,0.02192362018945078
data\raw\val\07616_Plantae_Tracheophyta_Magnoliopsida_Cornales_Loasaceae_Petalonyx_thurberi\d5f21cc9-28c2-49a8-a6d5-37b126ace792.jpg,359,242,242 232 226 254 224,0.024394155995961522
data\raw\val\07617_Plantae_Tracheophyta_Magnoliopsida_Cornales_Nyssaceae_Nyssa_sylvatica\1a34c472-45f5-415e-b2c0-b62fea2751bb.jpg,360,22,22 211 55 141 60,0.014084472655923379
data\raw\val\07617_Plantae_Tracheophyta_Magnoliopsida_Cornales_Nyssaceae_Nyssa_sylvatica\c5282d18-04c8-4ba5-a342-97b49eabe11f.jpg,360,436,436 476 467 413 243,0.027500627947539692
data\raw\val\07617_Plantae_Tracheophyta_Magnoliopsida_Cornales_Nyssaceae_Nyssa_sylvatica\142cd8fa-9e91-4b81-9dbc-649bd77fab07.jpg,360,477,477 440 434 452 398,0.017330855626349118
data\raw\val\07617_Plantae_Tracheophyta_Magnoliopsida_Cornales_Nyssaceae_Nyssa_sylvatica\0547d510-a903-412c-9689-2c3bef82e5de.jpg,360,258,258 264 261 123 360,0.03244978303530527
data\raw\val\07617_Plantae_Tracheophyta_Magnoliopsida_Cornales_Nyssaceae_Nyssa_sylvatica\2cfee54d-e11c-4d21-8d3e-69f4fb5d3793.jpg,360,346,346 345 310 383 406,0.0174200915415493
data\raw\val\07617_Plantae_Tracheophyta_Magnoliopsida_Cornales_Nyssaceae_Nyssa_sylvatica\2ec35666-9d95-442a-a311-92cdf4a66073.jpg,360,405,405 30 367 96 71,0.020549208645921174
data\raw\val\07617_Plantae_Tracheophyta_Magnoliopsida_Cornales_Nyssaceae_Nyssa_sylvatica\500eb58c-37a8-4020-af9e-c520e41a6370.jpg,360,140,140 393 436 399 400,0.030951771022793964
data\raw\val\07617_Plantae_Tracheophyta_Magnoliopsida_Cornales_Nyssaceae_Nyssa_sylvatica\2108de3b-507d-447c-9242-d62922a92743.jpg,360,404,404 319 168 178 391,0.02278425182379838
data\raw\val\07617_Plantae_Tracheophyta_Magnoliopsida_Cornales_Nyssaceae_Nyssa_sylvatica\1923b11e-df79-4021-b2c5-3a86fc765670.jpg,360,191,191 236 192 168 235,0.03780334089433832
data\raw\val\07617_Plantae_Tracheophyta_Magnoliopsida_Cornales_Nyssaceae_Nyssa_sylvatica\bc77e9d1-23cf-41bd-adee-eb3576b9b38f.jpg,360,270,270 236 475 192 278,0.056007988074231525
data\raw\val\07634_Plantae_Tracheophyta_Magnoliopsida_Dipsacales_Caprifoliaceae_Centranthus_ruber\682aee22-a2c0-42b7-a55e-4febcb841dc4.jpg,361,391,391 361 445 460 324,0.026613902319763922
data\raw\val\07634_Plantae_Tracheophyta_Magnoliopsida_Dipsacales_Caprifoliaceae_Centranthus_ruber\40888552-fab7-4610-b820-75e320acd080.jpg,361,91,91 274 471 313 126,0.016197076555370095
data\raw\val\07634_Plantae_Tracheophyta_Magnoliopsida_Dipsacales_Caprifoliaceae_Centranthus_ruber\51a08a6c-09bb-4f8d-b380-c498253e2c37.jpg,361,452,452 366 487 394 367,0.03731119858422288
data\raw\val\07634_Plantae_Tracheophyta_Magnoliopsida_Dipsacales_Caprifoliaceae_Centranthus_ruber\e9c9ea13-3966-4574-a157-2dfa1d2bdde6.jpg,361,333,333 318 361 403 308,0.019195834403682898
data\raw\val\07634_Plantae_Tracheophyta_Magnoliopsida_Dipsacales_Caprifoliaceae_Centranthus_ruber\f40afb4c-1eda-49c6-b394-8c3f3346459e.jpg,361,116,116 319 428 177 10,0.012749810719788954
data\raw\val\07634_Plantae_Tracheophyta_Magnoliopsida_Dipsacales_Caprifoliaceae_Centranthus_ruber\8b0d7565-e7a4-4842-bb4b-b752fd62e6f1.jpg,361,327,327 320 361 451 274,0.024608803941776263
data\raw\val\07634_Plantae_Tracheophyta_Magnoliopsida_Dipsacales_Caprifoliaceae_Centranthus_ruber\dd959f25-af86-46d9-893f-4f910a108d82.jpg,361,361,361 324 321 414 334,0.028593986700694546
data\raw\val\07634_Plantae_Tracheophyta_Magnoliopsida_Dipsacales_Caprifoliaceae_Centranthus_ruber\00098ce2-e046-4cfd-a5ed-e7c69224aebe.jpg,361,368,368 439 373 469 408,0.029043789532210127
data\raw\val\07634_Plantae_Tracheophyta_Magnoliopsida_Dipsacales_Caprifoliaceae_Centranthus_ruber\c205464a-54ce-4243-bdd9-78a4ce102c00.jpg,361,329,329 421 438 370 416,0.0260191132578056
data\raw\val\07634_Plantae_Tracheophyta_Magnoliopsida_Dipsacales_Caprifoliaceae_Centranthus_ruber\1d136c78-0409-41fa-af6b-da0770fcc6da.jpg,361,325,325 333 232 377 316,0.021507813601789615
data\raw\val\07640_Plantae_Tracheophyta_Magnoliopsida_Dipsacales_Caprifoliaceae_Leycesteria_formosa\cabd5cc7-fd93-42c1-9920-5c424b5716dc.jpg,362,481,481 361 409 344 329,0.019653023113562193
data\raw\val\07640_Plantae_Tracheophyta_Magnoliopsida_Dipsacales_Caprifoliaceae_Leycesteria_formosa\27d1b8f1-ea71-4b0d-bf98-5a237a453c21.jpg,362,293,293 188 186 210 192,0.041799786613008205
data\raw\val\07640_Plantae_Tracheophyta_Magnoliopsida_Dipsacales_Caprifoliaceae_Leycesteria_formosa\a05192a8-c15d-4758-b151-bcd934f55474.jpg,362,442,442 363 490 367 281,0.03402634078434223
data\raw\val\07640_Plantae_Tracheophyta_Magnoliopsida_Dipsacales_Caprifoliaceae_Leycesteria_formosa\6818b4e5-3fe1-4600-a58a-fc66dc9e286c.jpg,362,408,408 412 356 406 485,0.037950967648454625
data\raw\val\07640_Plantae_Tracheophyta_Magnoliopsida_Dipsacales_Caprifoliaceae_Leycesteria_formosa\df7b9790-3147-4c36-9915-8b44c329958a.jpg,362,485,485 464 260 285 412,0.02621915005397747
data\raw\val\07640_Plantae_Tracheophyta_Magnoliopsida_Dipsacales_Caprifoliaceae_Leycesteria_formosa\628af2cc-321d-488e-8b5f-aacf54bf1849.jpg,362,446,446 410 279 331 286,0.027755609959469994
data\raw\val\07640_Plantae_Tracheophyta_Magnoliopsida_Dipsacales_Caprifoliaceae_Leycesteria_formosa\58bbce18-a8e1-4804-ad98-b488d3ca36d7.jpg,362,308,308 307 318 352 410,0.01862610491115076
data\raw\val\07640_Plantae_Tracheophyta_Magnoliopsida_Dipsacales_Caprifoliaceae_Leycesteria_formosa\31b1fb52-6711-46ec-85b4-bf39c8ae0412.jpg,362,265,265 434 440 262 460,0.021278569918886273
data\raw\val\07640_Plantae_Tracheophyta_Magnoliopsida_Dipsacales_Caprifoliaceae_Leycesteria_formosa\169fa66c-907e-49b3-8535-b57b2782c2ad.jpg,362,310,310 474 453 383 357,0.02173780306951062
data\raw\val\07640_Plantae_Tracheophyta_Magnoliopsida_Dipsacales_Caprifoliaceae_Leycesteria_formosa\520b58fc-eeb0-40e5-a996-ee6ed9af891b.jpg,362,433,433 86 40 97 33,0.026170496532174844
data\raw\val\07652_Plantae_Tracheophyta_Magnoliopsida_Dipsacales_Caprifoliaceae_Lonicera_sempervirens\1688c6b8-10d6-4b30-b2d2-0047f1b496e4.jpg,363,281,281 326 377 350 334,0.03195147698068374
data\raw\val\07652_Plantae_Tracheophyta_Magnoliopsida_Dipsacales_Caprifoliaceae_Lonicera_sempervirens\cdb9679b-ad5a-4b23-8bb2-5b3a530d3d63.jpg,363,257,257 471 416 329 370,0.07925682712501493
data\raw\val\07652_Plantae_Tracheophyta_Magnoliopsida_Dipsacales_Caprifoliaceae_Lonicera_sempervirens\33f8805d-c60e-498d-a65e-bbccb704d3ac.jpg,363,405,405 454 406 412 464,0.04281086499508626
data\raw\val\07652_Plantae_Tracheophyta_Magnoliopsida_Dipsacales_Caprifoliaceae_Lonicera_sempervirens\fa3918e4-3b93-473d-b532-5dbe9ecd0f72.jpg,363,323,323 416 423 487 418,0.038024630721402386
data\raw\val\07652_Plantae_Tracheophyta_Magnoliopsida_Dipsacales_Caprifoliaceae_Lonicera_sempervirens\cde51758-dc7a-4895-9f08-957a2ea244a2.jpg,363,397,397 451 487 366 418,0.03236391025038495
data\raw\val\07652_Plantae_Tracheophyta_Magnoliopsida_Dipsacales_Caprifoliaceae_Lonicera_sempervirens\e0cae06d-94da-45a7-b99a-d412ba3b296e.jpg,363,260,260 63 196 114 236,0.022846043079674833
data\raw\val\07652_Plantae_Tracheophyta_Magnoliopsida_Dipsacales_Caprifoliaceae_Lonicera_sempervirens\894c4d8f-05a2-48b9-8ce0-e2bb0356e6a4.jpg,363,454,454 30 96 43 113,0.02009880827263822
data\raw\val\07652_Plantae_Tracheophyta_Magnoliopsida_Dipsacales_Caprifoliaceae_Lonicera_sempervirens\2b5f4342-7220-443d-9b45-0350d33d46b7.jpg,363,452,452 363 358 222 398,0.03811057901864521
data\raw\val\07652_Plantae_Tracheophyta_Magnoliopsida_Dipsacales_Caprifoliaceae_Lonicera_sempervirens\176f13e5-b255-4daf-87d3-120c17d6903c.jpg,363,363,363 435 369 198 367,0.027930544372522518
data\raw\val\07652_Plantae_Tracheophyta_Magnoliopsida_Dipsacales_Caprifoliaceae_Lonicera_sempervirens\d705dd9d-42da-468f-9669-850a8021b4bb.jpg,363,186,186 198 29 194 84,0.02319632241426347
data\raw\val\07713_Plantae_Tracheophyta_Magnoliopsida_Ericales_Ericaceae_Arctostaphylos_uva-ursi\bc3ec7a2-98f1-40a4-b492-527dd06e25b3.jpg,364,379,379 350 279 377 314,0.04036093972917355
data\raw\val\07713_Plantae_Tracheophyta_Magnoliopsida_Ericales_Ericaceae_Arctostaphylos_uva-ursi\606da91c-5230-47e0-8782-6839378d3221.jpg,364,495,495 279 325 379 333,0.031050360868592655
data\raw\val\07713_Plantae_Tracheophyta_Magnoliopsida_Ericales_Ericaceae_Arctostaphylos_uva-ursi\071469c7-c759-44f8-ac58-ebf83122eaad.jpg,364,4,4 113 32 65 50,0.02734669485804633
data\raw\val\07713_Plantae_Tracheophyta_Magnoliopsida_Ericales_Ericaceae_Arctostaphylos_uva-ursi\b55d95b7-775f-426d-afad-9e75329f0f1a.jpg,364,344,344 379 438 345 361,0.11022535618309443
data\raw\val\07713_Plantae_Tracheophyta_Magnoliopsida_Ericales_Ericaceae_Arctostaphylos_uva-ursi\c41bbe10-3230-4b1f-93c8-1922298bfd68.jpg,364,382,382 396 477 245 399,0.03579222928505967
data\raw\val\07713_Plantae_Tracheophyta_Magnoliopsida_Ericales_Ericaceae_Arctostaphylos_uva-ursi\bd39880c-3b2c-4e6e-b322-e46102e5756a.jpg,364,372,372 315 354 353 299,0.038929818586147615
data\raw\val\07713_Plantae_Tracheophyta_Magnoliopsida_Ericales_Ericaceae_Arctostaphylos_uva-ursi\3b5f1d01-9a8d-4745-8216-64e04904ac04.jpg,364,364,364 367 363 369 375,0.021989381088304807
data\raw\val\07713_Plantae_Tracheophyta_Magnoliopsida_Ericales_Ericaceae_Arctostaphylos_uva-ursi\6df27cbc-1aca-4d8d-b8e0-7586a70b0be8.jpg,364,359,359 314 327 366 471,0.024024412696295242
data\raw\val\07713_Plantae_Tracheophyta_Magnoliopsida_Ericales_Ericaceae_Arctostaphylos_uva-ursi\cc290fb2-8640-4c8e-84d8-6bba136f8e50.jpg,364,356,356 405 364 443 272,0.02142444533252303
data\raw\val\07713_Plantae_Tracheophyta_Magnoliopsida_Ericales_Ericaceae_Arctostaphylos_uva-ursi\051f4329-18e9-4fc6-b662-594c84ceb706.jpg,364,267,267 308 363 293 233,0.02414193699273585
data\raw\val\07735_Plantae_Tracheophyta_Magnoliopsida_Ericales_Ericaceae_Erica_imbricata\afeea0c7-503a-4e9c-a116-daeb4289e52b.jpg,365,82,82 148 66 52 81,0.02167469795072933
data\raw\val\07735_Plantae_Tracheophyta_Magnoliopsida_Ericales_Ericaceae_Erica_imbricata\0b2becd0-2a3d-46f7-8ee2-16765d5a31c2.jpg,365,275,275 365 490 366 323,0.02121129509635257
data\raw\val\07735_Plantae_Tracheophyta_Magnoliopsida_Ericales_Ericaceae_Erica_imbricata\6902d2c2-7072-41e8-bd8d-8910acf9b245.jpg,365,196,196 130 66 448 141,0.01990797635681567
data\raw\val\07735_Plantae_Tracheophyta_Magnoliopsida_Ericales_Ericaceae_Erica_imbricata\23f3fafe-aeaf-46dd-b13f-75cdbecff930.jpg,365,252,252 398 365 489 274,0.04124626704439804
data\raw\val\07735_Plantae_Tracheophyta_Magnoliopsida_Ericales_Ericaceae_Erica_imbricata\17909d2a-379a-4961-b5bd-9549a455bf09.jpg,365,493,493 475 368 422 9,0.02655450954778766
data\raw\val\07735_Plantae_Tracheophyta_Magnoliopsida_Ericales_Ericaceae_Erica_imbricata\9f1e2a0f-93f4-4ca8-940d-72279eff3fd2.jpg,365,416,416 315 421 257 275,0.026255300135384716
data\raw\val\07735_Plantae_Tracheophyta_Magnoliopsida_Ericales_Ericaceae_Erica_imbricata\c0ccdbba-dde7-4aaa-b1de-76af7ab75228.jpg,365,264,264 97 439 424 23,0.020851361374343208
data\raw\val\07735_Plantae_Tracheophyta_Magnoliopsida_Ericales_Ericaceae_Erica_imbricata\f8970d7a-b070-4694-bb10-508df6dcb488.jpg,365,495,495 404 243 425 292,0.04519251934714596
data\raw\val\07735_Plantae_Tracheophyta_Magnoliopsida_Ericales_Ericaceae_Erica_imbricata\2c924b13-d810-49ae-a261-c2294b849028.jpg,365,497,497 489 316 269 391,0.03902709205963713
data\raw\val\07735_Plantae_Tracheophyta_Magnoliopsida_Ericales_Ericaceae_Erica_imbricata\273bc8b2-cae1-4388-84ea-64cc21c206a5.jpg,365,365,365 358 359 329 366,0.03665410351039587
data\raw\val\07752_Plantae_Tracheophyta_Magnoliopsida_Ericales_Ericaceae_Leptecophylla_tameiameiae\354ef3c1-7ce7-44e5-be5b-e1275ad752b8.jpg,366,366,366 489 487 359 370,0.0492729131591553
data\raw\val\07752_Plantae_Tracheophyta_Magnoliopsida_Ericales_Ericaceae_Leptecophylla_tameiameiae\695507bc-f69c-44ef-8535-a6313f4b1869.jpg,366,366,366 315 370 371 337,0.11942485175404462
data\raw\val\07752_Plantae_Tracheophyta_Magnoliopsida_Ericales_Ericaceae_Leptecophylla_tameiameiae\9434af0f-6916-4302-9edc-758f187ea34f.jpg,366,366,366 358 396 315 452,0.06637857925904231
data\raw\val\07752_Plantae_Tracheophyta_Magnoliopsida_Ericales_Ericaceae_Leptecophylla_tameiameiae\d238f31c-9657-4cfe-883c-0110d39ee1f5.jpg,366,354,354 371 366 337 353,0.050750904908189634
data\raw\val\07752_Plantae_Tracheophyta_Magnoliopsida_Ericales_Ericaceae_Leptecophylla_tameiameiae\b49971d9-90b0-46d4-92c8-7c2c96e55fa9.jpg,366,497,497 391 499 493 489,0.020484599278767425
data\raw\val\07752_Plantae_Tracheophyta_Magnoliopsida_Ericales_Ericaceae_Leptecophylla_tameiameiae\53cfab20-7587-497e-92bb-6e4b6a70c4d6.jpg,366,369,369 426 423 418 334,0.043309571774435895
data\raw\val\07752_Plantae_Tracheophyta_Magnoliopsida_Ericales_Ericaceae_Leptecophylla_tameiameiae\74fbe1f5-503a-44b6-913d-5c80253aed1c.jpg,366,321,321 487 359 366 416,0.03052914622299961
data\raw\val\07752_Plantae_Tracheophyta_Magnoliopsida_Ericales_Ericaceae_Leptecophylla_tameiameiae\d3456121-b485-4ca9-97a5-9e5099c15c21.jpg,366,33,33 91 468 34 23,0.00916234938655118
data\raw\val\07752_Plantae_Tracheophyta_Magnoliopsida_Ericales_Ericaceae_Leptecophylla_tameiameiae\2497ee81-2adc-4d6d-838a-7baa7bb56508.jpg,366,327,327 487 366 451 418,0.04984512146073538
data\raw\val\07752_Plantae_Tracheophyta_Magnoliopsida_Ericales_Ericaceae_Leptecophylla_tameiameiae\2e062e5a-30d0-4d13-a2f5-be350e61d658.jpg,366,425,425 376 316 320 305,0.01862189104244567
data\raw\val\07756_Plantae_Tracheophyta_Magnoliopsida_Ericales_Ericaceae_Lyonia_lucida\939a464d-d0bf-4cbf-a3b6-b6e4dbd7bc89.jpg,367,344,344 438 361 327 359,0.048548665273807225
data\raw\val\07756_Plantae_Tracheophyta_Magnoliopsida_Ericales_Ericaceae_Lyonia_lucida\ceecbfa0-c06a-486d-b306-b98154919d90.jpg,367,446,446 410 367 307 363,0.02134516250357309
data\raw\val\07756_Plantae_Tracheophyta_Magnoliopsida_Ericales_Ericaceae_Lyonia_lucida\0f157f67-fa86-4ba7-b617-f4d3129d47e7.jpg,367,112,112 113 153 103 195,0.0476266864347848
data\raw\val\07756_Plantae_Tracheophyta_Magnoliopsida_Ericales_Ericaceae_Lyonia_lucida\14600536-e7b1-4c45-9eeb-163c8b01e2df.jpg,367,498,498 353 293 292 375,0.03507249740716368
data\raw\val\07756_Plantae_Tracheophyta_Magnoliopsida_Ericales_Ericaceae_Lyonia_lucida\52bd8e5b-0991-4995-a4e4-57ad471526a0.jpg,367,387,387 437 71 33 339,0.0099035756088139
data\raw\val\07756_Plantae_Tracheophyta_Magnoliopsida_Ericales_Ericaceae_Lyonia_lucida\05aa400c-d592-4333-aaa8-12a8df556c6d.jpg,367,210,210 186 29 112 194,0.013245124799039318
data\raw\val\07756_Plantae_Tracheophyta_Magnoliopsida_Ericales_Ericaceae_Lyonia_lucida\f918b04b-9ff7-414b-a674-e4dbe9292587.jpg,367,363,363 452 401 408 367,0.038607347178267325
data\raw\val\07756_Plantae_Tracheophyta_Magnoliopsida_Ericales_Ericaceae_Lyonia_lucida\01d5f2da-86c0-452b-961a-2e3ba88a8758.jpg,367,19,19 34 35 31 287,0.007167117748943221
data\raw\val\07756_Plantae_Tracheophyta_Magnoliopsida_Ericales_Ericaceae_Lyonia_lucida\199e5e13-3535-4c3f-8b13-b0e3638b2b1a.jpg,367,369,369 359 391 426 324,0.03540831819978754
data\raw\val\07756_Plantae_Tracheophyta_Magnoliopsida_Ericales_Ericaceae_Lyonia_lucida\930e3914-3d09-49a6-a37e-1588f81aa047.jpg,367,478,478 436 470 397 431,0.017764728896187913
data\raw\val\07785_Plantae_Tracheophyta_Magnoliopsida_Ericales_Ericaceae_Rhododendron_periclymenoides\a6c7669d-b40c-4b57-a777-0eb13a59bb3a.jpg,368,194,194 167 177 195 184,0.01916360612077526
data\raw\val\07785_Plantae_Tracheophyta_Magnoliopsida_Ericales_Ericaceae_Rhododendron_periclymenoides\161ca144-e187-4ce7-96ab-eb5799a2ad60.jpg,368,397,397 398 413 492 222,0.017147199368390986
data\raw\val\07785_Plantae_Tracheophyta_Magnoliopsida_Ericales_Ericaceae_Rhododendron_periclymenoides\ee710829-fb81-448a-9faf-ea24b8fd2d60.jpg,368,34,34 358 405 97 33,0.01348659433653131
data\raw\val\07785_Plantae_Tracheophyta_Magnoliopsida_Ericales_Ericaceae_Rhododendron_periclymenoides\4a48ee58-04b5-45b1-8088-f4ae05d379cb.jpg,368,391,391 467 393 476 376,0.0223447405447044
data\raw\val\07785_Plantae_Tracheophyta_Magnoliopsida_Ericales_Ericaceae_Rhododendron_periclymenoides\a7362666-e173-4027-9a8f-2c1603cdac9c.jpg,368,336,336 370 386 421 416,0.018527281316553654
data\raw\val\07785_Plantae_Tracheophyta_Magnoliopsida_Ericales_Ericaceae_Rhododendron_periclymenoides\09a3878c-d039-476f-a5ad-83bda349ab44.jpg,368,478,478 368 452 483 360,0.018861720180913633
data\raw\val\07785_Plantae_Tracheophyta_Magnoliopsida_Ericales_Ericaceae_Rhododendron_periclymenoides\be7a442c-df8b-4687-abd3-05de11d99d50.jpg,368,343,343 409 90 462 348,0.014118677739369296
data\raw\val\07785_Plantae_Tracheophyta_Magnoliopsida_Ericales_Ericaceae_Rhododendron_periclymenoides\a1ccda05-17c7-4ddf-a93e-955926834382.jpg,368,483,483 433 358 443 439,0.011204865579233026
data\raw\val\07785_Plantae_Tracheophyta_Magnoliopsida_Ericales_Ericaceae_Rhododendron_periclymenoides\4f53e750-d814-4750-bf46-8adc34f4871a.jpg,368,368,368 450 341 472 445,0.026092049493657687
data\raw\val\07785_Plantae_Tracheophyta_Magnoliopsida_Ericales_Ericaceae_Rhododendron_periclymenoides\66e3fd4f-08d0-4e74-a7c7-4efc09e15e82.jpg,368,413,413 436 391 493 431,0.03382203012282839
data\raw\val\07802_Plantae_Tracheophyta_Magnoliopsida_Ericales_Ericaceae_Xylococcus_bicolor\724dc6dc-f93d-4a1a-a1d1-fb2a70d58805.jpg,369,266,266 434 261 360 153,0.029299928945838764
data\raw\val\07802_Plantae_Tracheophyta_Magnoliopsida_Ericales_Ericaceae_Xylococcus_bicolor\2e703437-75e9-486d-8ac8-1b4a4f232f09.jpg,369,30,30 434 63 231 435,0.011142505401207136
data\raw\val\07802_Plantae_Tracheophyta_Magnoliopsida_Ericales_Ericaceae_Xylococcus_bicolor\6e66ee3c-9f94-45dd-a454-6fa130729e23.jpg,369,369,369 452 394 367 469,0.0585220431841431
data\raw\val\07802_Plantae_Tracheophyta_Magnoliopsida_Ericales_Ericaceae_Xylococcus_bicolor\d47afea8-8b5d-48e2-92ff-4a81ed8b645c.jpg,369,341,341 265 445 444 407,0.027281909648422954
data\raw\val\07802_Plantae_Tracheophyta_Magnoliopsida_Ericales_Ericaceae_Xylococcus_bicolor\0965423a-6b34-4a3c-8682-0cb856ff5031.jpg,369,209,209 376 293 292 498,0.016787634974153844
data\raw\val\07802_Plantae_Tracheophyta_Magnoliopsida_Ericales_Ericaceae_Xylococcus_bicolor\25197366-5d67-4111-b105-20cb41ab642e.jpg,369,452,452 275 367 442 369,0.018266424296080153
data\raw\val\07802_Plantae_Tracheophyta_Magnoliopsida_Ericales_Ericaceae_Xylococcus_bicolor\d9b1c17c-d03c-4293-9247-012653e720e5.jpg,369,292,292 261 267 406 307,0.02141189156836106
data\raw\val\07802_Plantae_Tracheophyta_Magnoliopsida_Ericales_Ericaceae_Xylococcus_bicolor\5af7aa0d-8279-4894-afb4-0c5b4e8b850b.jpg,369,413,413 391 376 399 441,0.028034784727680694
data\raw\val\07802_Plantae_Tracheophyta_Magnoliopsida_Ericales_Ericaceae_Xylococcus_bicolor\abb41698-7c63-4c7f-aba5-6b192afa7f32.jpg,369,369,369 452 367 442 363,0.06129949793851462
data\raw\val\07802_Plantae_Tracheophyta_Magnoliopsida_Ericales_Ericaceae_Xylococcus_bicolor\a2e0dcf6-1cce-476f-9531-5dda7a8aa2f3.jpg,369,441,441 451 435 394 395,0.025157137180578864
data\raw\val\07819_Plantae_Tracheophyta_Magnoliopsida_Ericales_Polemoniaceae_Leptosiphon_nuttallii\b5664c7d-76ee-40a1-9626-de52bc12fa27.jpg,370,368,368 443 433 452 358,0.039167106984207785
data\raw\val\07819_Plantae_Tracheophyta_Magnoliopsida_Ericales_Polemoniaceae_Leptosiphon_nuttallii\0d6e4be5-8e8d-49d0-8ffc-e381f8745faa.jpg,370,321,321 361 370 371 372,0.024117766854181114
data\raw\val\07819_Plantae_Tracheophyta_Magnoliopsida_Ericales_Polemoniaceae_Leptosiphon_nuttallii\8b1d0ca6-fbd1-4147-aafe-79376094c901.jpg,370,366,366 370 385 371 421,0.027083508519110035
data\raw\val\07819_Plantae_Tracheophyta_Magnoliopsida_Ericales_Polemoniaceae_Leptosiphon_nuttallii\2faceab4-27a9-432e-9753-9443c2bbb4ae.jpg,370,382,382 370 315 144 358,0.026354726806960764
data\raw\val\07819_Plantae_Tracheophyta_Magnoliopsida_Ericales_Polemoniaceae_Leptosiphon_nuttallii\057abb01-38ac-416b-9e4e-c3ae69070f0d.jpg,370,421,421 368 471 277 463,0.012145216144194152
data\raw\val\07819_Plantae_Tracheophyta_Magnoliopsida_Ericales_Polemoniaceae_Leptosiphon_nuttallii\48d3bfda-e77b-4018-a4b9-4b695c2b9a6c.jpg,370,421,421 455 463 328 358,0.017318665236873268
data\raw\val\07819_Plantae_Tracheophyta_Magnoliopsida_Ericales_Polemoniaceae_Leptosiphon_nuttallii\cd74f030-0c8a-4925-b5a3-eb9e8e552289.jpg,370,323,323 423 421 321 394,0.02433959096663289
data\raw\val\07819_Plantae_Tracheophyta_Magnoliopsida_Ericales_Polemoniaceae_Leptosiphon_nuttallii\d0ab7368-c669-4318-99c9-454360bac1e6.jpg,370,370,370 333 444 471 445,0.0691615165987652
data\raw\val\07819_Plantae_Tracheophyta_Magnoliopsida_Ericales_Polemoniaceae_Leptosiphon_nuttallii\fa0de924-4055-4dec-b708-5564ebbf1255.jpg,370,370,370 371 336 417 315,0.07412618772548867
data\raw\val\07819_Plantae_Tracheophyta_Magnoliopsida_Ericales_Polemoniaceae_Leptosiphon_nuttallii\78f8f7d1-3037-4a5e-9716-41eb57f12e46.jpg,370,337,337 333 334 279 378,0.03543412268689467
data\raw\val\07822_Plantae_Tracheophyta_Magnoliopsida_Ericales_Polemoniaceae_Linanthus_dianthiflorus\f57b5e49-8004-4edd-830c-6c480e958685.jpg,371,443,443 257 341 258 424,0.0387679945872505
data\raw\val\07822_Plantae_Tracheophyta_Magnoliopsida_Ericales_Polemoniaceae_Linanthus_dianthiflorus\995ae96e-f936-4641-ae03-0e64a551f872.jpg,371,353,353 299 354 379 350,0.045290912442962496
data\raw\val\07822_Plantae_Tracheophyta_Magnoliopsida_Ericales_Polemoniaceae_Linanthus_dianthiflorus\c59072a4-4928-429b-81a9-08ed1c0cdb4e.jpg,371,481,481 365 341 443 23,0.014530131451092687
data\raw\val\07822_Plantae_Tracheophyta_Magnoliopsida_Ericales_Polemoniaceae_Linanthus_dianthiflorus\dae80b1d-a84c-47b9-bde5-2ff9ea5beeaf.jpg,371,430,430 371 372 460 337,0.058994802456916705
data\raw\val\07822_Plantae_Tracheophyta_Magnoliopsida_Ericales_Polemoniaceae_Linanthus_dianthiflorus\a3ab2964-d67c-4e18-bc67-f182fc7cf25e.jpg,371,358,358 371 430 405 445,0.03407612277090301
data\raw\val\07822_Plantae_Tracheophyta_Magnoliopsida_Ericales_Polemoniaceae_Linanthus_dianthiflorus\f9445e96-f8a3-4b52-a28f-b8abfa9c17e1.jpg,371,274,274 159 163 468 327,0.018067218230299616
data\raw\val\07822_Plantae_Tracheophyta_Magnoliopsida_Ericales_Polemoniaceae_Linanthus_dianthiflorus\fa0c2fb0-0d9d-4323-bb26-bbfbf9446d33.jpg,371,363,363 354 449 442 401,0.02049064640176768
data\raw\val\07822_Plantae_Tracheophyta_Magnoliopsida_Ericales_Polemoniaceae_Linanthus_dianthiflorus\bf6bc582-63af-4c76-921e-d9fafcb4e345.jpg,371,423,423 394 452 367 363,0.025648336638035677
data\raw\val\07822_Plantae_Tracheophyta_Magnoliopsida_Ericales_Polemoniaceae_Linanthus_dianthiflorus\a4146341-2ee5-46fa-8fdf-dfd0d84c78db.jpg,371,329,329 370 371 424 257,0.03716526688643013
data\raw\val\07822_Plantae_Tracheophyta_Magnoliopsida_Ericales_Polemoniaceae_Linanthus_dianthiflorus\e935cd02-66b0-41c0-9cff-84b32ac3ee80.jpg,371,264,264 247 253 249 481,0.021955720176537488
data\raw\val\07831_Plantae_Tracheophyta_Magnoliopsida_Ericales_Polemoniaceae_Phlox_hoodii\f652bed3-7883-4f50-800b-2b42648aff86.jpg,372,445,445 360 357 269 424,0.013882123860373801
data\raw\val\07831_Plantae_Tracheophyta_Magnoliopsida_Ericales_Polemoniaceae_Phlox_hoodii\91a7eb11-db41-4b33-871d-3f409794fa67.jpg,372,403,403 442 392 279 350,0.03276784428412627
data\raw\val\07831_Plantae_Tracheophyta_Magnoliopsida_Ericales_Polemoniaceae_Phlox_hoodii\f1ba653a-a044-4122-a3bc-2197189e507a.jpg,372,11,11 329 257 409 438,0.04089121920789273
data\raw\val\07831_Plantae_Tracheophyta_Magnoliopsida_Ericales_Polemoniaceae_Phlox_hoodii\6d8bfe92-e7ce-49e5-8a8e-b3a4f17155d4.jpg,372,299,299 363 288 374 480,0.016741671204992457
data\raw\val\07831_Plantae_Tracheophyta_Magnoliopsida_Ericales_Polemoniaceae_Phlox_hoodii\7ce21c16-ef6d-434c-99e3-05909a0f6a2e.jpg,372,370,370 405 248 329 387,0.02771041701640573
data\raw\val\07831_Plantae_Tracheophyta_Magnoliopsida_Ericales_Polemoniaceae_Phlox_hoodii\3a71d8d0-01ea-450a-a0de-067711de866e.jpg,372,348,348 495 333 347 316,0.017722301338350538
data\raw\val\07831_Plantae_Tracheophyta_Magnoliopsida_Ericales_Polemoniaceae_Phlox_hoodii\9e916ccf-78e6-4449-a13a-93194497e25e.jpg,372,292,292 352 473 372 287,0.017522902966104512
data\raw\val\07831_Plantae_Tracheophyta_Magnoliopsida_Ericales_Polemoniaceae_Phlox_hoodii\a90dbf21-f305-4507-8d47-d3fe70c666cd.jpg,372,372,372 491 350 402 389,0.0493471690395379
data\raw\val\07831_Plantae_Tracheophyta_Magnoliopsida_Ericales_Polemoniaceae_Phlox_hoodii\7fb31da6-e61b-4537-8254-4474f809e6ff.jpg,372,311,311 269 227 489 481,0.014615912694997197
data\raw\val\07831_Plantae_Tracheophyta_Magnoliopsida_Ericales_Polemoniaceae_Phlox_hoodii\efb11f9a-941c-4d18-9b16-d8fd49922903.jpg,372,370,370 257 416 329 438,0.04773029535216944
data\raw\val\07851_Plantae_Tracheophyta_Magnoliopsida_Ericales_Primulaceae_Lysimachia_clethroides\0b7325d0-fd9e-4d37-a49a-f9de1087d64e.jpg,373,23,23 66 147 148 108,0.017994065389315785
data\raw\val\07851_Plantae_Tracheophyta_Magnoliopsida_Ericales_Primulaceae_Lysimachia_clethroides\16946ce3-c81c-47e1-b231-250e55b31626.jpg,373,308,308 373 273 466 335,0.03944599454784258
data\raw\val\07851_Plantae_Tracheophyta_Magnoliopsida_Ericales_Primulaceae_Lysimachia_clethroides\47f75b87-c211-4ba3-82d3-addeadfe425f.jpg,373,373,373 419 412 408 485,0.1332761987919026
data\raw\val\07851_Plantae_Tracheophyta_Magnoliopsida_Ericales_Primulaceae_Lysimachia_clethroides\cd1ed004-e236-4f2c-b0d3-c1458f540117.jpg,373,373,373 383 433 419 357,0.06666262260198551
data\raw\val\07851_Plantae_Tracheophyta_Magnoliopsida_Ericales_Primulaceae_Lysimachia_clethroides\89007fe1-66c7-471e-acbf-90ee0e59dfeb.jpg,373,373,373 456 454 485 71,0.018650140487258108
data\raw\val\07851_Plantae_Tracheophyta_Magnoliopsida_Ericales_Primulaceae_Lysimachia_clethroides\81189c32-782b-403c-a5d9-e2d6e1ce0b57.jpg,373,23,23 137 66 80 276,0.019040421491916155
data\raw\val\07851_Plantae_Tracheophyta_Magnoliopsida_Ericales_Primulaceae_Lysimachia_clethroides\c6b67a70-13d3-4f08-88e7-f773a837e3f9.jpg,373,337,337 340 279 478 385,0.0157614297776815
data\raw\val\07851_Plantae_Tracheophyta_Magnoliopsida_Ericales_Primulaceae_Lysimachia_clethroides\3eb45820-b0dd-4928-8021-939c1c4c2dd2.jpg,373,373,373 324 454 285 419,0.05619347395811397
data\raw\val\07851_Plantae_Tracheophyta_Magnoliopsida_Ericales_Primulaceae_Lysimachia_clethroides\2e2400ef-f22a-4b10-a4ef-7b03b1e9b74d.jpg,373,373,373 383 317 407 406,0.028104566793549456
data\raw\val\07851_Plantae_Tracheophyta_Magnoliopsida_Ericales_Primulaceae_Lysimachia_clethroides\30e0280b-27ed-49c6-ac86-0207718bfb41.jpg,373,345,345 310 419 360 343,0.01820571753735829
data\raw\val\07858_Plantae_Tracheophyta_Magnoliopsida_Ericales_Primulaceae_Lysimachia_quadriflora\29f9867d-5b33-4104-a277-d048cd367c4b.jpg,374,301,301 428 338 289 201,0.07987131812155424
data\raw\val\07858_Plantae_Tracheophyta_Magnoliopsida_Ericales_Primulaceae_Lysimachia_quadriflora\e4376a4c-2be8-4fdd-9fc9-533628392339.jpg,374,297,297 465 260 374 338,0.0816916286071728
data\raw\val\07858_Plantae_Tracheophyta_Magnoliopsida_Ericales_Primulaceae_Lysimachia_quadriflora\8de6ea73-a1cb-45d9-8b8a-6836d41be65c.jpg,374,456,456 93 206 33 405,0.02335864274868305
data\raw\val\07858_Plantae_Tracheophyta_Magnoliopsida_Ericales_Primulaceae_Lysimachia_quadriflora\ba63c01f-71c6-4bbe-b293-2215f23f2d39.jpg,374,304,304 260 289 285 265,0.03642096262543663
data\raw\val\07858_Plantae_Tracheophyta_Magnoliopsida_Ericales_Primulaceae_Lysimachia_quadriflora\12a9852f-92e5-4851-9c14-dca0ecfddb30.jpg,374,260,260 386 285 296 297,0.026879169174685733
data\raw\val\07858_Plantae_Tracheophyta_Magnoliopsida_Ericales_Primulaceae_Lysimachia_quadriflora\6b8e7467-cdb6-4e8d-83cc-2e96ffc8c016.jpg,374,297,297 296 374 304 277,0.03637162510391431
data\raw\val\07858_Plantae_Tracheophyta_Magnoliopsida_Ericales_Primulaceae_Lysimachia_quadriflora\1aa3e168-9378-46ef-a975-2904fa5b6826.jpg,374,297,297 374 286 330 309,0.030799515695587393
data\raw\val\07858_Plantae_Tracheophyta_Magnoliopsida_Ericales_Primulaceae_Lysimachia_quadriflora\8bbbc95e-1b25-45fe-b83c-c77811b9b19d.jpg,374,297,297 374 299 112 289,0.05408696030327969
data\raw\val\07858_Plantae_Tracheophyta_Magnoliopsida_Ericales_Primulaceae_Lysimachia_quadriflora\d87094f1-cefe-4f8c-8a6b-ebb933e7dc24.jpg,374,374,374 465 297 289 298,0.03688647438198734
data\raw\val\07858_Plantae_Tracheophyta_Magnoliopsida_Ericales_Primulaceae_Lysimachia_quadriflora\7972be2b-e35d-44e0-af3a-3585bc70afeb.jpg,374,490,490 334 423 318 418,0.022975076126863465
data\raw\val\07889_Plantae_Tracheophyta_Magnoliopsida_Fabales_Fabaceae_Acacia_cyclops\8bfffe55-ee1b-4a1b-af73-2b44392f7d85.jpg,375,459,459 428 200 498 284,0.08819854726813448
data\raw\val\07889_Plantae_Tracheophyta_Magnoliopsida_Fabales_Fabaceae_Acacia_cyclops\c07d9ecc-584d-4ad4-8c75-9327a151a868.jpg,375,18,18 405 56 113 439,0.013189320800096441
data\raw\val\07889_Plantae_Tracheophyta_Magnoliopsida_Fabales_Fabaceae_Acacia_cyclops\7599e41d-e903-4034-8afa-4eb097ab601f.jpg,375,263,263 326 466 375 458,0.02279887644961678
data\raw\val\07889_Plantae_Tracheophyta_Magnoliopsida_Fabales_Fabaceae_Acacia_cyclops\f73ac52e-2a81-4034-a823-decb2b833197.jpg,375,458,458 303 498 428 299,0.06451885416866351
data\raw\val\07889_Plantae_Tracheophyta_Magnoliopsida_Fabales_Fabaceae_Acacia_cyclops\878503f5-e2e9-4a80-8a1b-b7316789c086.jpg,375,441,441 423 363 397 322,0.018292084355486717
data\raw\val\07889_Plantae_Tracheophyta_Magnoliopsida_Fabales_Fabaceae_Acacia_cyclops\a8921875-13fa-4b82-893c-3d51b1fba589.jpg,375,425,425 451 498 227 190,0.017094537859637386
data\raw\val\07889_Plantae_Tracheophyta_Magnoliopsida_Fabales_Fabaceae_Acacia_cyclops\44b70cad-10a7-4f35-a289-c89acad844c0.jpg,375,281,281 309 377 389 363,0.023007638527324153
data\raw\val\07889_Plantae_Tracheophyta_Magnoliopsida_Fabales_Fabaceae_Acacia_cyclops\d062bb65-53e2-430c-bb88-47f80b2301e8.jpg,375,460,460 421 222 417 368,0.014047327776068694
data\raw\val\07889_Plantae_Tracheophyta_Magnoliopsida_Fabales_Fabaceae_Acacia_cyclops\0fc7e8a1-9a6b-4436-be59-22ff38697306.jpg,375,260,260 308 263 464 485,0.03861617284997942
data\raw\val\07889_Plantae_Tracheophyta_Magnoliopsida_Fabales_Fabaceae_Acacia_cyclops\f134902b-1f76-4a08-8659-12264d59bf14.jpg,375,220,220 215 18 128 100,0.020114857081500122
data\raw\val\07897_Plantae_Tracheophyta_Magnoliopsida_Fabales_Fabaceae_Acacia_saligna\6a26c51c-7980-4d00-a430-2262d1ff5c44.jpg,376,37,37 23 28 76 258,0.016497975623291077
data\raw\val\07897_Plantae_Tracheophyta_Magnoliopsida_Fabales_Fabaceae_Acacia_saligna\f57e3e97-123d-4b2d-997f-df7c51118170.jpg,376,297,297 285 289 299 331,0.050473889944180964
data\raw\val\07897_Plantae_Tracheophyta_Magnoliopsida_Fabales_Fabaceae_Acacia_saligna\1625bb21-88ee-444e-961e-15dd2450e97a.jpg,376,442,442 262 222 287 434,0.029722664970691284
data\raw\val\07897_Plantae_Tracheophyta_Magnoliopsida_Fabales_Fabaceae_Acacia_saligna\e424d5e9-e495-4325-87b6-8facb7846f98.jpg,376,428,428 303 498 458 459,0.02685180118101031
data\raw\val\07897_Plantae_Tracheophyta_Magnoliopsida_Fabales_Fabaceae_Acacia_saligna\9563ee01-ea26-4c5d-af12-dfaf40d3e800.jpg,376,391,391 413 487 497 488,0.017109408032915524
data\raw\val\07897_Plantae_Tracheophyta_Magnoliopsida_Fabales_Fabaceae_Acacia_saligna\018a71a5-97d0-4536-a26d-f728094eaf23.jpg,376,441,441 326 299 331 296,0.03441247900902866
data\raw\val\07897_Plantae_Tracheophyta_Magnoliopsida_Fabales_Fabaceae_Acacia_saligna\27f4d482-3500-4e5e-9d00-dbc9e045e886.jpg,376,374,374 263 485 386 444,0.03063328498482132
data\raw\val\07897_Plantae_Tracheophyta_Magnoliopsida_Fabales_Fabaceae_Acacia_saligna\bba56376-4ac7-4545-9837-28f7d6dc519b.jpg,376,376,376 337 328 497 472,0.01764608197732117
data\raw\val\07897_Plantae_Tracheophyta_Magnoliopsida_Fabales_Fabaceae_Acacia_saligna\4580fe65-8240-4135-9f55-f21a0e0f0a2a.jpg,376,488,488 489 347 486 274,0.02521541444718347
data\raw\val\07897_Plantae_Tracheophyta_Magnoliopsida_Fabales_Fabaceae_Acacia_saligna\b53772c5-b148-4848-9278-6b4e653497c7.jpg,376,293,293 353 326 377 465,0.027647721872401942
data\raw\val\07912_Plantae_Tracheophyta_Magnoliopsida_Fabales_Fabaceae_Astragalus_crassicarpus\3afb9455-e65e-4843-a7fb-fd629eb2aee8.jpg,377,409,409 294 465 427 352,0.016995689478797378
data\raw\val\07912_Plantae_Tracheophyta_Magnoliopsida_Fabales_Fabaceae_Astragalus_crassicarpus\c1b75959-b091-454a-92b6-c78b14e53203.jpg,377,403,403 326 446 281 240,0.03760838996558966
data\raw\val\07912_Plantae_Tracheophyta_Magnoliopsida_Fabales_Fabaceae_Astragalus_crassicarpus\8e997908-3629-4bc2-a20d-0717f6240417.jpg,377,443,443 367 406 265 285,0.025275280581846308
data\raw\val\07912_Plantae_Tracheophyta_Magnoliopsida_Fabales_Fabaceae_Astragalus_crassicarpus\d8ec2c07-25ee-44a1-8387-d2232f48b6ee.jpg,377,495,495 350 377 295 299,0.04589089815061614
data\raw\val\07912_Plantae_Tracheophyta_Magnoliopsida_Fabales_Fabaceae_Astragalus_crassicarpus\2fdd713f-f9e3-4eba-bc21-adf539a01f0f.jpg,377,288,288 69 26 85 494,0.013908910931630923
data\raw\val\07912_Plantae_Tracheophyta_Magnoliopsida_Fabales_Fabaceae_Astragalus_crassicarpus\073b7e04-f9ce-4908-8ad2-058049909f6f.jpg,377,162,162 473 384 476 415,0.011364864133024078
data\raw\val\07912_Plantae_Tracheophyta_Magnoliopsida_Fabales_Fabaceae_Astragalus_crassicarpus\e349357d-b1f6-4d52-9557-f95ae2557f45.jpg,377,378,378 294 377 285 428,0.021795640525473562
data\raw\val\07912_Plantae_Tracheophyta_Magnoliopsida_Fabales_Fabaceae_Astragalus_crassicarpus\6a40a899-0680-4a4e-9cf7-da70d10de0c0.jpg,377,192,192 142 40 42 112,0.017289853481088677
data\raw\val\07912_Plantae_Tracheophyta_Magnoliopsida_Fabales_Fabaceae_Astragalus_crassicarpus\58c2f31f-9194-4c49-9bf4-b081ad29fdff.jpg,377,403,403 378 402 350 281,0.044089709989958537
data\raw\val\07912_Plantae_Tracheophyta_Magnoliopsida_Fabales_Fabaceae_Astragalus_crassicarpus\a073cc31-0f76-4499-84d0-97464c69874d.jpg,377,314,314 379 418 325 327,0.027454885401269353
data\raw\val\07913_Plantae_Tracheophyta_Magnoliopsida_Fabales_Fabaceae_Astragalus_danicus\50323ef5-e023-41cb-b565-06541f576c4f.jpg,378,370,370 463 421 455 288,0.015156717769646487
data\raw\val\07913_Plantae_Tracheophyta_Magnoliopsida_Fabales_Fabaceae_Astragalus_danicus\6457cec4-433c-47cb-9748-e3054a9b0a41.jpg,378,282,282 378 420 384 318,0.02087641727412602
data\raw\val\07913_Plantae_Tracheophyta_Magnoliopsida_Fabales_Fabaceae_Astragalus_danicus\6c80e6ee-7cee-415b-9b79-4a5769979552.jpg,378,378,378 379 495 333 282,0.02623168522295269
data\raw\val\07913_Plantae_Tracheophyta_Magnoliopsida_Fabales_Fabaceae_Astragalus_danicus\b5b21d43-0179-48a2-8211-bc299a58c8d7.jpg,378,343,343 378 381 324 409,0.03711242616097562
data\raw\val\07913_Plantae_Tracheophyta_Magnoliopsida_Fabales_Fabaceae_Astragalus_danicus\3a1539ab-fdf9-4d22-8feb-ca01ea3f84a2.jpg,378,418,418 299 353 281 378,0.019143605844750847
data\raw\val\07913_Plantae_Tracheophyta_Magnoliopsida_Fabales_Fabaceae_Astragalus_danicus\f3373758-104f-4392-9394-1392f71bf0a0.jpg,378,47,47 147 146 173 148,0.008208590923747743
data\raw\val\07913_Plantae_Tracheophyta_Magnoliopsida_Fabales_Fabaceae_Astragalus_danicus\63d85e1c-9def-408d-864e-86abc9dfc9c6.jpg,378,288,288 368 450 338 369,0.015545703849072745
data\raw\val\07913_Plantae_Tracheophyta_Magnoliopsida_Fabales_Fabaceae_Astragalus_danicus\613aef92-7f6f-40b1-bc14-70d6ba7022ed.jpg,378,443,443 368 445 410 291,0.018795106681569508
data\raw\val\07913_Plantae_Tracheophyta_Magnoliopsida_Fabales_Fabaceae_Astragalus_danicus\7377bf09-4c5a-4b42-9270-fad3701949c5.jpg,378,93,93 153 456 183 197,0.009962646544124824
data\raw\val\07913_Plantae_Tracheophyta_Magnoliopsida_Fabales_Fabaceae_Astragalus_danicus\6b428ec9-7cb4-4346-8dda-f22cfffe73d7.jpg,378,423,423 426 92 359 322,0.022188003506412552
data\raw\val\07918_Plantae_Tracheophyta_Magnoliopsida_Fabales_Fabaceae_Astragalus_purshii\41efdc42-0456-4626-b757-c54ec2c382ea.jpg,379,90,90 409 257 256 11,0.017925099960180494
data\raw\val\07918_Plantae_Tracheophyta_Magnoliopsida_Fabales_Fabaceae_Astragalus_purshii\e03fe154-cb78-49ae-95b2-a6a7bebd47f7.jpg,379,285,285 374 298 288 286,0.011548888832604751
data\raw\val\07918_Plantae_Tracheophyta_Magnoliopsida_Fabales_Fabaceae_Astragalus_purshii\e31160e0-6b44-4acb-9a65-26c030a0057a.jpg,379,429,429 343 387 285 410,0.021226748848146675
data\raw\val\07918_Plantae_Tracheophyta_Magnoliopsida_Fabales_Fabaceae_Astragalus_purshii\3bfe8f69-ff24-48b8-b181-4f91e26a4f08.jpg,379,37,37 68 291 345 5,0.036792349121797886
data\raw\val\07918_Plantae_Tracheophyta_Magnoliopsida_Fabales_Fabaceae_Astragalus_purshii\9182bdd4-7b01-4a7a-ab51-41b38e7018ad.jpg,379,379,379 350 403 402 372,0.062401235555992626
data\raw\val\07918_Plantae_Tracheophyta_Magnoliopsida_Fabales_Fabaceae_Astragalus_purshii\e839b918-682d-40f1-9fad-22eb15df45a2.jpg,379,379,379 333 361 426 409,0.028169061008615368
data\raw\val\07918_Plantae_Tracheophyta_Magnoliopsida_Fabales_Fabaceae_Astragalus_purshii\fc36c581-df0e-4cb7-82bc-80b562f3330d.jpg,379,190,190 226 392 314 279,0.015637388350191073
data\raw\val\07918_Plantae_Tracheophyta_Magnoliopsida_Fabales_Fabaceae_Astragalus_purshii\ec0e2a22-1f80-40dd-b93e-6d64613cd312.jpg,379,379,379 257 438 443 424,0.022445058235429922
data\raw\val\07918_Plantae_Tracheophyta_Magnoliopsida_Fabales_Fabaceae_Astragalus_purshii\a35a005c-8002-4ceb-bc70-110ae3f04d28.jpg,379,371,371 257 275 361 438,0.026074821293428294
data\raw\val\07918_Plantae_Tracheophyta_Magnoliopsida_Fabales_Fabaceae_Astragalus_purshii\96ae9d98-21ce-4893-b05c-ce36cde6941b.jpg,379,445,445 275 371 460 366,0.01946837220314444
data\raw\val\07944_Plantae_Tracheophyta_Magnoliopsida_Fabales_Fabaceae_Dalea_aurea\dfc328e6-2ecb-4117-b5b8-bb8d3a5c5fda.jpg,380,16,16 114 112 18 195,0.008736675041671102
data\raw\val\07944_Plantae_Tracheophyta_Magnoliopsida_Fabales_Fabaceae_Dalea_aurea\b099e21d-e57a-4a37-809e-0bc1547d5660.jpg,380,318,318 420 426 286 410,0.03179701776956265
data\raw\val\07944_Plantae_Tracheophyta_Magnoliopsida_Fabales_Fabaceae_Dalea_aurea\3a47112e-ee2d-45e1-9c84-b2a4d9021eff.jpg,380,320,320 414 333 314 342,0.010631999216800095
data\raw\val\07944_Plantae_Tracheophyta_Magnoliopsida_Fabales_Fabaceae_Dalea_aurea\58f6324d-020e-4246-b258-3a5d1cabe229.jpg,380,306,306 240 392 295 350,0.11100250426124669
data\raw\val\07944_Plantae_Tracheophyta_Magnoliopsida_Fabales_Fabaceae_Dalea_aurea\24aade33-1377-4056-814c-5bfe87208d17.jpg,380,277,277 23 339 135 19,0.01088391786920458
data\raw\val\07944_Plantae_Tracheophyta_Magnoliopsida_Fabales_Fabaceae_Dalea_aurea\1f2ca720-119d-44d1-a6bd-18521b806804.jpg,380,465,465 282 446 491 484,0.03146078774377231
data\raw\val\07944_Plantae_Tracheophyta_Magnoliopsida_Fabales_Fabaceae_Dalea_aurea\f09c672e-5d7c-47d9-ae42-dbff7db69819.jpg,380,434,434 64 196 184 30,0.007594322699960858
data\raw\val\07944_Plantae_Tracheophyta_Magnoliopsida_Fabales_Fabaceae_Dalea_aurea\ca4c7c9e-8973-4dd1-8e86-b4d7b8d3507d.jpg,380,485,485 439 456 405 266,0.017582881330257163
data\raw\val\07944_Plantae_Tracheophyta_Magnoliopsida_Fabales_Fabaceae_Dalea_aurea\11ede1d4-702c-465b-946f-65266a0d49c8.jpg,380,286,286 378 334 374 423,0.022527671674897196
data\raw\val\07944_Plantae_Tracheophyta_Magnoliopsida_Fabales_Fabaceae_Dalea_aurea\79900fc7-d8c1-42ee-b712-7273066cc073.jpg,380,226,226 325 295 423 426,0.04509169895735639
data\raw\val\07950_Plantae_Tracheophyta_Magnoliopsida_Fabales_Fabaceae_Desmanthus_illinoensis\b9dcde44-5e9b-46b1-a25f-fd17fbf6b938.jpg,381,414,414 423 417 316 318,0.023502493339306308
data\raw\val\07950_Plantae_Tracheophyta_Magnoliopsida_Fabales_Fabaceae_Desmanthus_illinoensis\4a0856b4-4a57-49fe-9080-761177205398.jpg,381,381,381 494 229 69 150,0.039860836621150524
data\raw\val\07950_Plantae_Tracheophyta_Magnoliopsida_Fabales_Fabaceae_Desmanthus_illinoensis\bf2a83a0-a945-49c2-868b-47e1416eb1b9.jpg,381,325,325 316 495 226 425,0.022862168182179596
data\raw\val\07950_Plantae_Tracheophyta_Magnoliopsida_Fabales_Fabaceae_Desmanthus_illinoensis\65aaffff-a938-4d06-9461-bdddd73370bb.jpg,381,281,281 425 353 377 381,0.05055028812923321
data\raw\val\07950_Plantae_Tracheophyta_Magnoliopsida_Fabales_Fabaceae_Desmanthus_illinoensis\3a4560a5-1d6a-438c-b34c-2e0b5d7fe2a6.jpg,381,381,381 378 458 384 281,0.05998398720327007
data\raw\val\07950_Plantae_Tracheophyta_Magnoliopsida_Fabales_Fabaceae_Desmanthus_illinoensis\90d074bd-482e-445d-8f99-4d72f7714105.jpg,381,474,474 343 473 90 381,0.015019967395982681
data\raw\val\07950_Plantae_Tracheophyta_Magnoliopsida_Fabales_Fabaceae_Desmanthus_illinoensis\4a4d8d2b-bd0e-492c-a42f-0e88994c52e1.jpg,381,495,495 381 415 466 473,0.023753309158360648
data\raw\val\07950_Plantae_Tracheophyta_Magnoliopsida_Fabales_Fabaceae_Desmanthus_illinoensis\90f143a6-121c-47b8-adf4-7f34e6da6560.jpg,381,377,377 299 350 378 381,0.024912198340007095
data\raw\val\07950_Plantae_Tracheophyta_Magnoliopsida_Fabales_Fabaceae_Desmanthus_illinoensis\16112a41-97b5-4c96-bce6-ed03bf27beda.jpg,381,381,381 350 495 316 491,0.023085666787146648
data\raw\val\07950_Plantae_Tracheophyta_Magnoliopsida_Fabales_Fabaceae_Desmanthus_illinoensis\4770b40b-50d7-4248-9106-cd08198699c2.jpg,381,384,384 334 403 318 332,0.022298607861812928
data\raw\val\07958_Plantae_Tracheophyta_Magnoliopsida_Fabales_Fabaceae_Erythrostemon_mexicanus\45170830-0ce9-4f7d-a17b-31bbae1eee2f.jpg,382,198,198 363 89 364 367,0.01233563562324208
data\raw\val\07958_Plantae_Tracheophyta_Magnoliopsida_Fabales_Fabaceae_Erythrostemon_mexicanus\b56166af-8ff7-4476-931a-6622c35fb2e6.jpg,382,333,333 417 429 307 352,0.019351802365597963
data\raw\val\07958_Plantae_Tracheophyta_Magnoliopsida_Fabales_Fabaceae_Erythrostemon_mexicanus\cfdddb27-b287-4280-be8e-0bba201f2d5c.jpg,382,314,314 359 425 431 418,0.015065690381977501
data\raw\val\07958_Plantae_Tracheophyta_Magnoliopsida_Fabales_Fabaceae_Erythrostemon_mexicanus\6f3e9159-fea2-44db-912a-41eea5acf1f2.jpg,382,407,407 409 388 499 386,0.02293746031294028
data\raw\val\07958_Plantae_Tracheophyta_Magnoliopsida_Fabales_Fabaceae_Erythrostemon_mexicanus\dd517756-0cff-470f-81f5-e0d08d2ac8d3.jpg,382,400,400 436 395 140 393,0.021634682446776025
data\raw\val\07958_Plantae_Tracheophyta_Magnoliopsida_Fabales_Fabaceae_Erythrostemon_mexicanus\de1a9cc0-80d7-4c11-80f4-6f313ffae070.jpg,382,329,329 391 354 414 422,0.017811398124436252
data\raw\val\07958_Plantae_Tracheophyta_Magnoliopsida_Fabales_Fabaceae_Erythrostemon_mexicanus\751cc503-6d77-4475-b16c-266db4cd6a8d.jpg,382,396,396 398 490 435 399,0.041160869026944484
data\raw\val\07958_Plantae_Tracheophyta_Magnoliopsida_Fabales_Fabaceae_Erythrostemon_mexicanus\212256d9-0bee-4af3-a862-f5246e65ecd0.jpg,382,316,316 425 392 376 226,0.014871327465684318
data\raw\val\07958_Plantae_Tracheophyta_Magnoliopsida_Fabales_Fabaceae_Erythrostemon_mexicanus\95f185ed-4ba6-4a6f-8b20-142ad561b2c0.jpg,382,472,472 37 406 481 443,0.02197500744671383
data\raw\val\07958_Plantae_Tracheophyta_Magnoliopsida_Fabales_Fabaceae_Erythrostemon_mexicanus\80b4f51f-8de2-4e64-bf6b-a8401ce4d65d.jpg,382,435,435 382 398 399 440,0.035465584383492677
data\raw\val\07974_Plantae_Tracheophyta_Magnoliopsida_Fabales_Fabaceae_Hylodesmum_glutinosum\aa60930d-991f-4c70-9ae2-b1674b23f9e1.jpg,383,97,97 23 35 148 37,0.014119641504128023
data\raw\val\07974_Plantae_Tracheophyta_Magnoliopsida_Fabales_Fabaceae_Hylodesmum_glutinosum\ef431cc5-20f9-45d6-8518-36f339e151a4.jpg,383,365,365 421 358 463 85,0.022060861914488552
data\raw\val\07974_Plantae_Tracheophyta_Magnoliopsida_Fabales_Fabaceae_Hylodesmum_glutinosum\3d170a55-068a-450f-8f46-ced746db1c64.jpg,383,383,383 317 310 413 481,0.016633517707327943
data\raw\val\07974_Plantae_Tracheophyta_Magnoliopsida_Fabales_Fabaceae_Hylodesmum_glutinosum\36317e57-e7c9-4501-80b2-ef6203fcce11.jpg,383,317,317 335 341 444 387,0.019168857152087205
data\raw\val\07974_Plantae_Tracheophyta_Magnoliopsida_Fabales_Fabaceae_Hylodesmum_glutinosum\306a61f3-609c-4a19-9402-46d855dd6df3.jpg,383,387,387 449 80 37 386,0.009357935397534519
data\raw\val\07974_Plantae_Tracheophyta_Magnoliopsida_Fabales_Fabaceae_Hylodesmum_glutinosum\e0941a21-993f-4782-8666-a6cb1fc0277e.jpg,383,311,311 357 462 481 396,0.035899524190384696
data\raw\val\07974_Plantae_Tracheophyta_Magnoliopsida_Fabales_Fabaceae_Hylodesmum_glutinosum\4c5629c9-1221-43fc-8641-933c1dfc3ed5.jpg,383,452,452 365 421 449 468,0.029890440552347075
data\raw\val\07974_Plantae_Tracheophyta_Magnoliopsida_Fabales_Fabaceae_Hylodesmum_glutinosum\4c415b45-ef35-4011-be41-e2efa004da48.jpg,383,391,391 259 0 5 255,0.008436198127339424
data\raw\val\07974_Plantae_Tracheophyta_Magnoliopsida_Fabales_Fabaceae_Hylodesmum_glutinosum\88c02a29-f82f-4f31-b432-f5ce1cfa8149.jpg,383,310,310 383 474 493 472,0.0512814064909599
data\raw\val\07974_Plantae_Tracheophyta_Magnoliopsida_Fabales_Fabaceae_Hylodesmum_glutinosum\efa61bd9-e1f4-4633-b76c-a8042d83581e.jpg,383,243,243 322 361 425 335,0.010406754428795349
data\raw\val\07989_Plantae_Tracheophyta_Magnoliopsida_Fabales_Fabaceae_Lespedeza_capitata\6b0d7cb7-dd5d-4660-9ff4-3413982821de.jpg,384,387,387 409 335 410 340,0.02859163833209873
data\raw\val\07989_Plantae_Tracheophyta_Magnoliopsida_Fabales_Fabaceae_Lespedeza_capitata\947916ce-658c-44ac-862d-6c40d83be7c6.jpg,384,34,34 71 85 197 63,0.009742567787387945
data\raw\val\07989_Plantae_Tracheophyta_Magnoliopsida_Fabales_Fabaceae_Lespedeza_capitata\a4f0f167-c87a-438e-9ae6-98823881af8b.jpg,384,327,327 333 326 314 461,0.02744374298088668
data\raw\val\07989_Plantae_Tracheophyta_Magnoliopsida_Fabales_Fabaceae_Lespedeza_capitata\56a0fcf0-37eb-4d3a-84e4-280aa3bc924c.jpg,384,465,465 294 286 318 282,0.02304114172618824
data\raw\val\07989_Plantae_Tracheophyta_Magnoliopsida_Fabales_Fabaceae_Lespedeza_capitata\3a4228e6-0783-4a6e-ae9e-7a74896430bc.jpg,384,224,224 347 215 214 316,0.04936143403857087
data\raw\val\07989_Plantae_Tracheophyta_Magnoliopsida_Fabales_Fabaceae_Lespedeza_capitata\685f6d30-3f0d-4e5b-9c8a-9a31101b2ce1.jpg,384,417,417 322 487 370 321,0.019378127436867006
data\raw\val\07989_Plantae_Tracheophyta_Magnoliopsida_Fabales_Fabaceae_Lespedeza_capitata\f6d29672-db42-4efe-ab0f-8f05edf7cb03.jpg,384,369,369 273 418 378 361,0.03203224954705306
data\raw\val\07989_Plantae_Tracheophyta_Magnoliopsida_Fabales_Fabaceae_Lespedeza_capitata\91191d45-0a09-43e1-b595-8e5bdc307597.jpg,384,367,367 63 97 210 454,0.02025094376674619
data\raw\val\07989_Plantae_Tracheophyta_Magnoliopsida_Fabales_Fabaceae_Lespedeza_capitata\97cef0f1-5759-4470-aede-e5a5a9b41f9d.jpg,384,37,37 373 333 450 400,0.011893190158819438
data\raw\val\07989_Plantae_Tracheophyta_Magnoliopsida_Fabales_Fabaceae_Lespedeza_capitata\d8d2f1d8-7d69-4653-91dc-2865af1161a6.jpg,384,465,465 428 226 491 282,0.030040317322118145
data\raw\val\07994_Plantae_Tracheophyta_Magnoliopsida_Fabales_Fabaceae_Lotus_corniculatus\ebeaac53-e618-4afe-a7a2-10cf94265d34.jpg,385,297,297 387 446 298 388,0.021766030775379214
data\raw\val\07994_Plantae_Tracheophyta_Magnoliopsida_Fabales_Fabaceae_Lotus_corniculatus\2ac6732f-9f0b-4e67-a7a1-c90d4cfaebb5.jpg,385,452,452 371 366 315 365,0.033635433433593875
data\raw\val\07994_Plantae_Tracheophyta_Magnoliopsida_Fabales_Fabaceae_Lotus_corniculatus\e1293c9f-27b8-46e3-9604-3d462e6c5cbe.jpg,385,363,363 336 444 385 366,0.026293052122347553
data\raw\val\07994_Plantae_Tracheophyta_Magnoliopsida_Fabales_Fabaceae_Lotus_corniculatus\1b437cfd-b077-4e6f-b37e-ee3652851f7d.jpg,385,260,260 456 55 385 20,0.028487321882571998
data\raw\val\07994_Plantae_Tracheophyta_Magnoliopsida_Fabales_Fabaceae_Lotus_corniculatus\09548309-3f13-46d0-a2c1-537302234fb1.jpg,385,465,465 389 374 282 372,0.029380955314038674
data\raw\val\07994_Plantae_Tracheophyta_Magnoliopsida_Fabales_Fabaceae_Lotus_corniculatus\3d238fe8-9563-417c-ae1e-92a07e519f92.jpg,385,385,385 449 387 341 430,0.04612376183522913
data\raw\val\07994_Plantae_Tracheophyta_Magnoliopsida_Fabales_Fabaceae_Lotus_corniculatus\810738cb-1783-4a7d-a04b-d3d64e803988.jpg,385,372,372 325 316 361 335,0.020577186615227647
data\raw\val\07994_Plantae_Tracheophyta_Magnoliopsida_Fabales_Fabaceae_Lotus_corniculatus\6e36aebe-80f3-43ab-a473-49063750ba6e.jpg,385,377,377 314 441 418 326,0.02848636284764414
data\raw\val\07994_Plantae_Tracheophyta_Magnoliopsida_Fabales_Fabaceae_Lotus_corniculatus\27e7fb51-56da-45e6-afb8-68e1d5fead89.jpg,385,317,317 341 429 409 419,0.03206197705929381
data\raw\val\07994_Plantae_Tracheophyta_Magnoliopsida_Fabales_Fabaceae_Lotus_corniculatus\6153483f-702f-4d0c-abb7-12541a2b7e20.jpg,385,372,372 371 361 352 345,0.016836959733586933
data\raw\val\07995_Plantae_Tracheophyta_Magnoliopsida_Fabales_Fabaceae_Lotus_pedunculatus\77e0572e-3bb8-449d-a41a-02165aee3098.jpg,386,372,372 334 337 379 295,0.020715182698136266
data\raw\val\07995_Plantae_Tracheophyta_Magnoliopsida_Fabales_Fabaceae_Lotus_pedunculatus\a54cbac1-e221-4430-bd05-6eb9c964799a.jpg,386,66,66 148 385 23 411,0.013805666398087814
data\raw\val\07995_Plantae_Tracheophyta_Magnoliopsida_Fabales_Fabaceae_Lotus_pedunculatus\efcf657a-223d-4625-bf01-46867e15a8c1.jpg,386,319,319 10 302 294 83,0.032653089474302614
data\raw\val\07995_Plantae_Tracheophyta_Magnoliopsida_Fabales_Fabaceae_Lotus_pedunculatus\aa7e2081-05dd-4cca-8fdc-4e3be1392119.jpg,386,66,66 80 14 37 108,0.01680138891645061
data\raw\val\07995_Plantae_Tracheophyta_Magnoliopsida_Fabales_Fabaceae_Lotus_pedunculatus\a0e145a8-d4e7-4b4b-93fc-393973acd4f4.jpg,386,298,298 285 297 386 289,0.017855852797076723
data\raw\val\07995_Plantae_Tracheophyta_Magnoliopsida_Fabales_Fabaceae_Lotus_pedunculatus\8ec01bea-1512-4fdb-b1d0-1cca8536552d.jpg,386,485,485 433 447 405 453,0.027196566482901266
data\raw\val\07995_Plantae_Tracheophyta_Magnoliopsida_Fabales_Fabaceae_Lotus_pedunculatus\2e7c85fe-4aaf-4372-8727-fca2aae63206.jpg,386,484,484 147 385 35 148,0.016611164369204467
data\raw\val\07995_Plantae_Tracheophyta_Magnoliopsida_Fabales_Fabaceae_Lotus_pedunculatus\df214fac-d192-4596-8a11-dacad68068ed.jpg,386,125,125 23 147 244 277,0.012024927133531758
data\raw\val\07995_Plantae_Tracheophyta_Magnoliopsida_Fabales_Fabaceae_Lotus_pedunculatus\d75bc6bb-aa4b-485a-a6a0-e288efdc0bfc.jpg,386,232,232 226 359 24 240,0.020145639356558064
data\raw\val\07995_Plantae_Tracheophyta_Magnoliopsida_Fabales_Fabaceae_Lotus_pedunculatus\353a5048-738f-46fd-9990-435b41a0ec1c.jpg,386,363,363 353 323 442 380,0.04959120090712304
data\raw\val\08020_Plantae_Tracheophyta_Magnoliopsida_Fabales_Fabaceae_Medicago_lupulina\0cd0a166-1b2a-4893-af23-1216bf38201f.jpg,387,257,257 416 409 462 386,0.049966376571133335
data\raw\val\08020_Plantae_Tracheophyta_Magnoliopsida_Fabales_Fabaceae_Medicago_lupulina\1d39bb45-0464-426f-8663-20e34bb3b1ea.jpg,387,303,303 260 306 281 384,0.030405554837958353
data\raw\val\08020_Plantae_Tracheophyta_Magnoliopsida_Fabales_Fabaceae_Medicago_lupulina\5c619576-e3d7-484f-984f-e521f28939cd.jpg,387,364,364 363 468 423 358,0.031026137266779646
data\raw\val\08020_Plantae_Tracheophyta_Magnoliopsida_Fabales_Fabaceae_Medicago_lupulina\3d4b5fa6-d0d0-4534-90c3-0768886aa354.jpg,387,340,340 286 318 437 420,0.023671205566839063
data\raw\val\08020_Plantae_Tracheophyta_Magnoliopsida_Fabales_Fabaceae_Medicago_lupulina\a34490d4-a7cf-495f-a8aa-242b2494c035.jpg,387,412,412 66 96 82 37,0.025455835760047046
data\raw\val\08020_Plantae_Tracheophyta_Magnoliopsida_Fabales_Fabaceae_Medicago_lupulina\9f1e7695-6708-4cb1-9321-d994ac391c41.jpg,387,244,244 252 245 448 34,0.03457183789753375
data\raw\val\08020_Plantae_Tracheophyta_Magnoliopsida_Fabales_Fabaceae_Medicago_lupulina\b76a9c46-fbe3-4cde-8923-725368825bf7.jpg,387,345,345 35 462 37 472,0.016614848485215966
data\raw\val\08020_Plantae_Tracheophyta_Magnoliopsida_Fabales_Fabaceae_Medicago_lupulina\3271676f-4303-49af-9f27-18b3d4ee2194.jpg,387,408,408 412 40 108 448,0.009805086058725153
data\raw\val\08020_Plantae_Tracheophyta_Magnoliopsida_Fabales_Fabaceae_Medicago_lupulina\1c3cd447-25a7-4da8-b3f7-663b834466f5.jpg,387,443,443 356 206 37 193,0.018455041388908695
data\raw\val\08020_Plantae_Tracheophyta_Magnoliopsida_Fabales_Fabaceae_Medicago_lupulina\a81af20d-be89-4aa7-aa9f-d2f5d9ff68a2.jpg,387,345,345 279 461 377 326,0.019390995379637357
data\raw\val\08028_Plantae_Tracheophyta_Magnoliopsida_Fabales_Fabaceae_Mimosa_nuttallii\c8fea930-b641-45fc-b723-4d9dd5957d4e.jpg,388,324,324 419 321 307 361,0.03169173053239082
data\raw\val\08028_Plantae_Tracheophyta_Magnoliopsida_Fabales_Fabaceae_Mimosa_nuttallii\38953e97-0435-4029-b625-d623226db2e7.jpg,388,383,383 311 310 357 396,0.028667149809610996
data\raw\val\08028_Plantae_Tracheophyta_Magnoliopsida_Fabales_Fabaceae_Mimosa_nuttallii\f30ac098-b296-412c-bfa1-ca869d5180df.jpg,388,257,257 480 460 341 463,0.020095433652413078
data\raw\val\08028_Plantae_Tracheophyta_Magnoliopsida_Fabales_Fabaceae_Mimosa_nuttallii\09a98477-8c83-435c-858a-f6c75fe7e623.jpg,388,340,340 484 387 410 352,0.03609892011188717
data\raw\val\08028_Plantae_Tracheophyta_Magnoliopsida_Fabales_Fabaceae_Mimosa_nuttallii\9d3dfb0d-2872-4d74-beb0-ce53061fd358.jpg,388,136,136 140 91 253 210,0.015734994512269302
data\raw\val\08028_Plantae_Tracheophyta_Magnoliopsida_Fabales_Fabaceae_Mimosa_nuttallii\b83aa465-13fc-48c9-b34f-78e93c001cac.jpg,388,63,63 48 458 465 282,0.015847655093330214
data\raw\val\08028_Plantae_Tracheophyta_Magnoliopsida_Fabales_Fabaceae_Mimosa_nuttallii\edd531db-3417-4641-ae55-87beb980b633.jpg,388,219,219 151 300 338 297,0.014695568563875145
data\raw\val\08028_Plantae_Tracheophyta_Magnoliopsida_Fabales_Fabaceae_Mimosa_nuttallii\5bb313c7-c50e-497b-81ca-ad6679ae8e63.jpg,388,281,281 309 378 407 473,0.021419352867985984
data\raw\val\08028_Plantae_Tracheophyta_Magnoliopsida_Fabales_Fabaceae_Mimosa_nuttallii\bd005126-406b-416d-a55c-b041ca16c8b1.jpg,388,63,63 297 151 195 170,0.017364174049865254
data\raw\val\08028_Plantae_Tracheophyta_Magnoliopsida_Fabales_Fabaceae_Mimosa_nuttallii\5966aeb2-a791-4244-b246-1312f06b00b9.jpg,388,418,418 426 314 379 316,0.01668293205182111
data\raw\val\08062_Plantae_Tracheophyta_Magnoliopsida_Fabales_Fabaceae_Senna_armata\571872e9-5e04-4d91-bd73-2f56a758a861.jpg,389,226,226 389 92 392 279,0.045663316590512724
data\raw\val\08062_Plantae_Tracheophyta_Magnoliopsida_Fabales_Fabaceae_Senna_armata\1abc53b8-f199-4f9e-af96-b4cc0d449fa0.jpg,389,281,281 389 374 442 465,0.03709034414619289
data\raw\val\08062_Plantae_Tracheophyta_Magnoliopsida_Fabales_Fabaceae_Senna_armata\82ba4c18-caa0-4d41-b5a6-d1fe86710bd5.jpg,389,121,121 108 185 103 19,0.006686072199395086
data\raw\val\08062_Plantae_Tracheophyta_Magnoliopsida_Fabales_Fabaceae_Senna_armata\087f750b-24e1-42ae-ad73-9fc4cceac61b.jpg,389,389,389 355 465 301 300,0.07841535801826187
data\raw\val\08062_Plantae_Tracheophyta_Magnoliopsida_Fabales_Fabaceae_Senna_armata\7d9e7674-658c-4ab7-9aa4-cc110331d1a8.jpg,389,389,389 306 355 376 392,0.0684130615342598
data\raw\val\08062_Plantae_Tracheophyta_Magnoliopsida_Fabales_Fabaceae_Senna_armata\a5b669a4-76ed-42e1-826d-8984f8e343b7.jpg,389,291,291 71 138 287 383,0.01005360050973837
data\raw\val\08062_Plantae_Tracheophyta_Magnoliopsida_Fabales_Fabaceae_Senna_armata\d3954478-cae3-44ea-8152-b15d2b3afcf3.jpg,389,73,73 6 144 24 391,0.024391073687440708
data\raw\val\08062_Plantae_Tracheophyta_Magnoliopsida_Fabales_Fabaceae_Senna_armata\b6633b63-e306-4ae3-8ced-5824f562c52b.jpg,389,257,257 492 371 275 416,0.09444618567070175
data\raw\val\08062_Plantae_Tracheophyta_Magnoliopsida_Fabales_Fabaceae_Senna_armata\2a978cd1-f79c-4b30-9548-317845712fc1.jpg,389,465,465 298 301 201 282,0.027595920977885706
data\raw\val\08062_Plantae_Tracheophyta_Magnoliopsida_Fabales_Fabaceae_Senna_armata\853056bf-c958-401f-b7f4-b9b1e0081f12.jpg,389,354,354 397 449 327 382,0.017971456522053345
data\raw\val\08095_Plantae_Tracheophyta_Magnoliopsida_Fabales_Fabaceae_Trifolium_lupinaster\c7ca9562-5566-466d-80d0-d1fab4b89b35.jpg,390,338,338 464 407 373 265,0.018191112430360847
data\raw\val\08095_Plantae_Tracheophyta_Magnoliopsida_Fabales_Fabaceae_Trifolium_lupinaster\887bfc55-164c-4dd0-ba1f-6337f6a08b42.jpg,390,243,243 214 224 201 381,0.011908817867730345
data\raw\val\08095_Plantae_Tracheophyta_Magnoliopsida_Fabales_Fabaceae_Trifolium_lupinaster\6b6bef05-eb00-4c6e-9e18-639acb48c86e.jpg,390,421,421 287 455 365 290,0.022720801165847238
data\raw\val\08095_Plantae_Tracheophyta_Magnoliopsida_Fabales_Fabaceae_Trifolium_lupinaster\f5c55a48-c09b-4e87-9365-9aa6980860d8.jpg,390,414,414 421 318 359 461,0.02389326497451869
data\raw\val\08095_Plantae_Tracheophyta_Magnoliopsida_Fabales_Fabaceae_Trifolium_lupinaster\8e5b1994-08e4-44b1-9263-6fb125cb6d7b.jpg,390,66,66 390 96 373 93,0.01814468048515949
data\raw\val\08095_Plantae_Tracheophyta_Magnoliopsida_Fabales_Fabaceae_Trifolium_lupinaster\e7264f4e-f08e-4e38-92e6-880e383e6d03.jpg,390,473,473 282 410 384 388,0.032688448208105535
data\raw\val\08095_Plantae_Tracheophyta_Magnoliopsida_Fabales_Fabaceae_Trifolium_lupinaster\ecf15fe5-cb13-498e-893c-239b51e4e1b6.jpg,390,384,384 333 334 381 325,0.02088095712456499
data\raw\val\08095_Plantae_Tracheophyta_Magnoliopsida_Fabales_Fabaceae_Trifolium_lupinaster\0185a89d-9161-435c-8df0-18aa6486c6c9.jpg,390,299,299 465 318 286 384,0.0157416069060923
data\raw\val\08095_Plantae_Tracheophyta_Magnoliopsida_Fabales_Fabaceae_Trifolium_lupinaster\f1ebd319-c652-47ea-ab09-d4222f3d7bf9.jpg,390,425,425 390 466 384 281,0.018287132990982887
data\raw\val\08095_Plantae_Tracheophyta_Magnoliopsida_Fabales_Fabaceae_Trifolium_lupinaster\4125d4a3-6481-4068-b141-f2931bfd462f.jpg,390,410,410 334 403 378 352,0.017480618682929352
data\raw\val\08106_Plantae_Tracheophyta_Magnoliopsida_Fabales_Fabaceae_Vachellia_farnesiana\bfe5b0e6-9cea-40bd-8823-53becadb6d9d.jpg,391,355,355 215 322 224 325,0.013263336403364571
data\raw\val\08106_Plantae_Tracheophyta_Magnoliopsida_Fabales_Fabaceae_Vachellia_farnesiana\30a21fc2-9db5-4cee-964a-a58f4ec10bfa.jpg,391,278,278 284 202 150 39,0.025251370420834137
data\raw\val\08106_Plantae_Tracheophyta_Magnoliopsida_Fabales_Fabaceae_Vachellia_farnesiana\f26b9853-6b5e-4309-88bb-c1ba03da7850.jpg,391,395,395 476 348 391 191,0.015817767839271392
data\raw\val\08106_Plantae_Tracheophyta_Magnoliopsida_Fabales_Fabaceae_Vachellia_farnesiana\6cacff61-6914-443e-b8c0-ce1cdc4220f0.jpg,391,344,344 19 7 18 98,0.018870490716605428
data\raw\val\08106_Plantae_Tracheophyta_Magnoliopsida_Fabales_Fabaceae_Vachellia_farnesiana\a8ab8891-1196-4d11-ad53-bcdab6c7129a.jpg,391,391,391 396 255 395 274,0.030495769256983784
data\raw\val\08106_Plantae_Tracheophyta_Magnoliopsida_Fabales_Fabaceae_Vachellia_farnesiana\6344d652-a304-47a2-a20c-06e5769d9ee7.jpg,391,424,424 492 264 262 371,0.023388309177819495
data\raw\val\08106_Plantae_Tracheophyta_Magnoliopsida_Fabales_Fabaceae_Vachellia_farnesiana\e78b0743-d7df-4708-a9f9-47fd2fdaaa8a.jpg,391,299,299 388 407 403 285,0.02834622427843187
data\raw\val\08106_Plantae_Tracheophyta_Magnoliopsida_Fabales_Fabaceae_Vachellia_farnesiana\230a0faf-dcc9-4fe3-bea9-0ebd564d9bc3.jpg,391,131,131 132 155 160 147,0.011568917577475446
data\raw\val\08106_Plantae_Tracheophyta_Magnoliopsida_Fabales_Fabaceae_Vachellia_farnesiana\2f4e547e-09a1-4164-92f8-9b819c6beeef.jpg,391,242,242 325 240 316 314,0.0223801271563611
data\raw\val\08106_Plantae_Tracheophyta_Magnoliopsida_Fabales_Fabaceae_Vachellia_farnesiana\4cec863d-74d5-4276-bbb4-24c892f66937.jpg,391,413,413 376 322 391 397,0.026334444490701103
data\raw\val\08127_Plantae_Tracheophyta_Magnoliopsida_Fabales_Polygalaceae_Polygala_alba\46845410-3175-44b2-a15d-cc6c6f283007.jpg,392,35,35 14 341 37 68,0.010958713368003772
data\raw\val\08127_Plantae_Tracheophyta_Magnoliopsida_Fabales_Polygalaceae_Polygala_alba\9eae70b9-21c1-4b6b-b2ac-bea7d78fa5f1.jpg,392,258,258 261 267 262 265,0.05778003727454696
data\raw\val\08127_Plantae_Tracheophyta_Magnoliopsida_Fabales_Polygalaceae_Polygala_alba\25ec54cc-bea6-4236-b67d-32a0309b50ab.jpg,392,260,260 332 279 202 204,0.043386681049302246
data\raw\val\08127_Plantae_Tracheophyta_Magnoliopsida_Fabales_Polygalaceae_Polygala_alba\b51de987-156b-44c9-92fc-2274d652fc67.jpg,392,425,425 316 314 418 392,0.022630566498386368
data\raw\val\08127_Plantae_Tracheophyta_Magnoliopsida_Fabales_Polygalaceae_Polygala_alba\04849e58-dead-43ad-8c83-98645e362b7c.jpg,392,318,318 414 333 323 327,0.02244363400586818
data\raw\val\08127_Plantae_Tracheophyta_Magnoliopsida_Fabales_Polygalaceae_Polygala_alba\b027f7ed-3224-4e90-a1d1-3bee8b8d0bce.jpg,392,201,201 166 461 160 432,0.01368207555232498
data\raw\val\08127_Plantae_Tracheophyta_Magnoliopsida_Fabales_Polygalaceae_Polygala_alba\81bf7d7d-7b76-4d1b-aa91-db21115d76ea.jpg,392,226,226 325 306 392 305,0.036213963851135726
data\raw\val\08127_Plantae_Tracheophyta_Magnoliopsida_Fabales_Polygalaceae_Polygala_alba\f1d1c64a-2089-42bd-8e18-d30711159d62.jpg,392,97,97 23 291 16 449,0.01871352191536435
data\raw\val\08127_Plantae_Tracheophyta_Magnoliopsida_Fabales_Polygalaceae_Polygala_alba\b097afc9-01bb-4e64-85ba-6ecd9424f2f1.jpg,392,392,392 334 337 309 281,0.027843525253094838
data\raw\val\08127_Plantae_Tracheophyta_Magnoliopsida_Fabales_Polygalaceae_Polygala_alba\9541f121-7d91-4fa7-9492-16ecc97089c8.jpg,392,416,416 323 359 366 365,0.03700560550317934
data\raw\val\08154_Plantae_Tracheophyta_Magnoliopsida_Fagales_Betulaceae_Carpinus_caroliniana\3c63e20c-0252-4170-b08d-939ad9a3e60e.jpg,393,190,190 431 397 466 322,0.012734457614883263
data\raw\val\08154_Plantae_Tracheophyta_Magnoliopsida_Fagales_Betulaceae_Carpinus_caroliniana\d93a7c88-d3b4-4bc7-8550-7275a83b8916.jpg,393,360,360 162 236 293 190,0.012423092974640334
data\raw\val\08154_Plantae_Tracheophyta_Magnoliopsida_Fagales_Betulaceae_Carpinus_caroliniana\9421b210-f52c-411b-b2dc-1c6435207076.jpg,393,212,212 134 123 258 227,0.011480734000159804
data\raw\val\08154_Plantae_Tracheophyta_Magnoliopsida_Fagales_Betulaceae_Carpinus_caroliniana\677347a2-d98e-4425-90f8-dea85d729807.jpg,393,193,193 1 187 171 146,0.02987787761602241
data\raw\val\08154_Plantae_Tracheophyta_Magnoliopsida_Fagales_Betulaceae_Carpinus_caroliniana\82f3b9a3-f653-4acf-9840-de4b092df2e6.jpg,393,227,227 349 488 78 215,0.01649026462430117
data\raw\val\08154_Plantae_Tracheophyta_Magnoliopsida_Fagales_Betulaceae_Carpinus_caroliniana\f91fb8ec-b792-4511-9df3-bc76af34f83b.jpg,393,421,421 365 358 452 468,0.020406542023612993
data\raw\val\08154_Plantae_Tracheophyta_Magnoliopsida_Fagales_Betulaceae_Carpinus_caroliniana\51694cec-e3d1-488f-aa8e-678d4c58c6ac.jpg,393,93,93 398 433 85 485,0.02469373688898564
data\raw\val\08154_Plantae_Tracheophyta_Magnoliopsida_Fagales_Betulaceae_Carpinus_caroliniana\0ac4547f-d817-4aab-82d7-14f3c95dff5a.jpg,393,494,494 498 278 293 496,0.04937987058269413
data\raw\val\08154_Plantae_Tracheophyta_Magnoliopsida_Fagales_Betulaceae_Carpinus_caroliniana\e4d4af02-6b4b-43c0-bdb1-0147796085e3.jpg,393,66,66 96 35 82 89,0.04017845903663306
data\raw\val\08154_Plantae_Tracheophyta_Magnoliopsida_Fagales_Betulaceae_Carpinus_caroliniana\b543cc5d-2063-4ebc-bb8d-eee6daa2bca8.jpg,393,191,191 24 10 177 475,0.018929881526910303
data\raw\val\08162_Plantae_Tracheophyta_Magnoliopsida_Fagales_Fagaceae_Chrysolepis_chrysophylla\5823cb04-19a3-45f0-8084-6874e2b6060b.jpg,394,403,403 408 307 478 431,0.017755374141733234
data\raw\val\08162_Plantae_Tracheophyta_Magnoliopsida_Fagales_Fagaceae_Chrysolepis_chrysophylla\5ece07bb-b520-488a-b12d-d8764d571d05.jpg,394,433,433 405 96 65 231,0.020335777500744678
data\raw\val\08162_Plantae_Tracheophyta_Magnoliopsida_Fagales_Fagaceae_Chrysolepis_chrysophylla\61751370-decc-44ca-a2f9-17aa161710d8.jpg,394,419,419 345 362 460 478,0.028433285090081976
data\raw\val\08162_Plantae_Tracheophyta_Magnoliopsida_Fagales_Fagaceae_Chrysolepis_chrysophylla\b3a98f3f-9121-4998-b2cf-6342a6c16316.jpg,394,391,391 399 395 293 210,0.0321299338987897
data\raw\val\08162_Plantae_Tracheophyta_Magnoliopsida_Fagales_Fagaceae_Chrysolepis_chrysophylla\9755ef33-3262-4e2e-9953-46477b9797cc.jpg,394,252,252 274 398 276 395,0.03464064009178724
data\raw\val\08162_Plantae_Tracheophyta_Magnoliopsida_Fagales_Fagaceae_Chrysolepis_chrysophylla\a9635030-a9e8-4c2c-9ab9-c299807ed41e.jpg,394,485,485 260 454 451 363,0.03600393198767548
data\raw\val\08162_Plantae_Tracheophyta_Magnoliopsida_Fagales_Fagaceae_Chrysolepis_chrysophylla\a58a43c2-0bf7-4e9f-8f5a-011ea6bc40f6.jpg,394,487,487 431 396 321 366,0.020510072004726484
data\raw\val\08162_Plantae_Tracheophyta_Magnoliopsida_Fagales_Fagaceae_Chrysolepis_chrysophylla\1b3430fd-26a1-44ec-ae4e-570dfe8af60b.jpg,394,363,363 451 394 222 470,0.04014380486808176
data\raw\val\08162_Plantae_Tracheophyta_Magnoliopsida_Fagales_Fagaceae_Chrysolepis_chrysophylla\6543cf9c-5ce1-4bee-b679-0dfe64e18228.jpg,394,429,429 469 255 342 360,0.016039658150459445
data\raw\val\08162_Plantae_Tracheophyta_Magnoliopsida_Fagales_Fagaceae_Chrysolepis_chrysophylla\02166326-a885-401e-9944-34848e2d070c.jpg,394,487,487 274 327 449 396,0.040319732085225456
data\raw\val\08168_Plantae_Tracheophyta_Magnoliopsida_Fagales_Fagaceae_Quercus_alba\ed5e2eb2-3d4c-4b05-b6a7-e92639a9eadf.jpg,395,406,406 433 447 408 96,0.048451359640278246
data\raw\val\08168_Plantae_Tracheophyta_Magnoliopsida_Fagales_Fagaceae_Quercus_alba\e686aaf4-6977-44ed-9d33-eaafffb341ae.jpg,395,330,330 353 337 309 377,0.017355195925527287
data\raw\val\08168_Plantae_Tracheophyta_Magnoliopsida_Fagales_Fagaceae_Quercus_alba\e8c7f0ae-e5c0-4110-ab4d-ff8d9ad50b23.jpg,395,393,393 382 394 470 452,0.019826400490178267
data\raw\val\08168_Plantae_Tracheophyta_Magnoliopsida_Fagales_Fagaceae_Quercus_alba\298f180f-d48d-410c-beac-ac5b42658c95.jpg,395,329,329 256 391 396 497,0.04827014464485548
data\raw\val\08168_Plantae_Tracheophyta_Magnoliopsida_Fagales_Fagaceae_Quercus_alba\a9266fda-2b42-48ff-a909-1acd3dc79521.jpg,395,311,311 424 310 453 462,0.03908429715543437
data\raw\val\08168_Plantae_Tracheophyta_Magnoliopsida_Fagales_Fagaceae_Quercus_alba\0ab2cf76-6990-481e-9aa0-338f51c4576d.jpg,395,373,373 400 403 419 433,0.026641225829567423
data\raw\val\08168_Plantae_Tracheophyta_Magnoliopsida_Fagales_Fagaceae_Quercus_alba\d4faa63a-5384-4385-8cfb-30ba0d9379fb.jpg,395,16,16 32 37 20 4,0.01658508427434718
data\raw\val\08168_Plantae_Tracheophyta_Magnoliopsida_Fagales_Fagaceae_Quercus_alba\e595da34-8123-4edf-bc56-aafc3b9d1fc2.jpg,395,341,341 482 443 310 453,0.02531633454782554
data\raw\val\08168_Plantae_Tracheophyta_Magnoliopsida_Fagales_Fagaceae_Quercus_alba\be43e920-c4dc-40b1-8720-8e93096ac665.jpg,395,391,391 348 360 475 292,0.013970911589941125
data\raw\val\08168_Plantae_Tracheophyta_Magnoliopsida_Fagales_Fagaceae_Quercus_alba\fcde3550-7537-4fa2-8c46-3a0d0888cbb0.jpg,395,191,191 166 187 479 177,0.03690719145785942
data\raw\val\08171_Plantae_Tracheophyta_Magnoliopsida_Fagales_Fagaceae_Quercus_buckleyi\bdc6d911-8210-412d-9544-2060bee43df2.jpg,396,396,396 460 335 416 398,0.026723705649591784
data\raw\val\08171_Plantae_Tracheophyta_Magnoliopsida_Fagales_Fagaceae_Quercus_buckleyi\5ea49fe2-0a72-4db1-80b3-168b5b5cd44b.jpg,396,477,477 398 357 448 358,0.031969432686783775
data\raw\val\08171_Plantae_Tracheophyta_Magnoliopsida_Fagales_Fagaceae_Quercus_buckleyi\783bf795-bab2-4179-84f2-2da52c824f7b.jpg,396,269,269 440 227 262 270,0.02043218271902032
data\raw\val\08171_Plantae_Tracheophyta_Magnoliopsida_Fagales_Fagaceae_Quercus_buckleyi\92109fa5-cc39-480d-a0a3-423ebab887ed.jpg,396,363,363 442 490 441 358,0.06289867933988835
data\raw\val\08171_Plantae_Tracheophyta_Magnoliopsida_Fagales_Fagaceae_Quercus_buckleyi\2ff7ddfc-363b-4cd5-929a-5a475a4cd933.jpg,396,487,487 377 425 314 334,0.031445225816859795
data\raw\val\08171_Plantae_Tracheophyta_Magnoliopsida_Fagales_Fagaceae_Quercus_buckleyi\98bf325b-dd3d-4760-9b74-c1ae2a90cb26.jpg,396,448,448 477 357 447 393,0.020997540627072563
data\raw\val\08171_Plantae_Tracheophyta_Magnoliopsida_Fagales_Fagaceae_Quercus_buckleyi\88a63e70-7755-41d6-828d-ffa99597438b.jpg,396,467,467 269 348 391 425,0.03328904826378199
data\raw\val\08171_Plantae_Tracheophyta_Magnoliopsida_Fagales_Fagaceae_Quercus_buckleyi\fd873411-000f-4ec4-9557-61eba8bd6d3f.jpg,396,357,357 477 311 440 360,0.03347943825868002
data\raw\val\08171_Plantae_Tracheophyta_Magnoliopsida_Fagales_Fagaceae_Quercus_buckleyi\140baa36-3170-4c22-9e7c-b20b3ea0f7ee.jpg,396,382,382 401 358 222 452,0.029227654397276353
data\raw\val\08171_Plantae_Tracheophyta_Magnoliopsida_Fagales_Fagaceae_Quercus_buckleyi\a3500f7a-6cd4-41dd-8700-7f81c1d101c5.jpg,396,412,412 439 456 66 383,0.032251657991941206
data\raw\val\08189_Plantae_Tracheophyta_Magnoliopsida_Fagales_Fagaceae_Quercus_laevis\e911185e-9d1f-408b-be5a-f7ab91db96fc.jpg,397,284,284 435 308 293 496,0.037162324165354046
data\raw\val\08189_Plantae_Tracheophyta_Magnoliopsida_Fagales_Fagaceae_Quercus_laevis\583fd08c-808b-471f-b20e-4c4205244a45.jpg,397,413,413 436 497 417 488,0.033891319355480946
data\raw\val\08189_Plantae_Tracheophyta_Magnoliopsida_Fagales_Fagaceae_Quercus_laevis\9c4e4ceb-1ce1-4ccf-b4cb-467d93456908.jpg,397,415,415 419 473 466 343,0.024049338286759724
data\raw\val\08189_Plantae_Tracheophyta_Magnoliopsida_Fagales_Fagaceae_Quercus_laevis\a193cefc-5b2b-4427-a2d8-27d46aaaa8ab.jpg,397,348,348 497 413 422 391,0.011579320959512755
data\raw\val\08189_Plantae_Tracheophyta_Magnoliopsida_Fagales_Fagaceae_Quercus_laevis\38de7ae9-1da6-4d7a-9a39-b5e3233fef03.jpg,397,487,487 274 249 398 245,0.03309136404776958
data\raw\val\08189_Plantae_Tracheophyta_Magnoliopsida_Fagales_Fagaceae_Quercus_laevis\67ba56bd-39cb-41f7-bb16-7c07f5ac5b13.jpg,397,398,398 396 382 490 252,0.03075040510633516
data\raw\val\08189_Plantae_Tracheophyta_Magnoliopsida_Fagales_Fagaceae_Quercus_laevis\74fee3bf-d690-45e3-b570-c68a555c67b4.jpg,397,308,308 397 478 433 470,0.0315920453924814
data\raw\val\08189_Plantae_Tracheophyta_Magnoliopsida_Fagales_Fagaceae_Quercus_laevis\5e367168-0721-41f6-a6dd-4a4c76360db7.jpg,397,447,447 261 459 307 287,0.017471258522288726
data\raw\val\08189_Plantae_Tracheophyta_Magnoliopsida_Fagales_Fagaceae_Quercus_laevis\4e7e27e4-d1be-41f0-ae50-1901b8c64930.jpg,397,242,242 243 83 325 181,0.016262920294486772
data\raw\val\08189_Plantae_Tracheophyta_Magnoliopsida_Fagales_Fagaceae_Quercus_laevis\d3aba50d-682a-4189-aed8-ef570906ffc8.jpg,397,349,349 402 403 350 491,0.02843137791396357
data\raw\val\08190_Plantae_Tracheophyta_Magnoliopsida_Fagales_Fagaceae_Quercus_lobata\8c03a9e2-2fa3-49a9-80ae-d1a5f5d98a3c.jpg,398,441,441 327 413 397 418,0.022434221671991272
data\raw\val\08190_Plantae_Tracheophyta_Magnoliopsida_Fagales_Fagaceae_Quercus_lobata\06bc7cc5-b84e-4cb0-ae4b-8bf62f1b7835.jpg,398,416,416 371 460 401 321,0.021970315476155376
data\raw\val\08190_Plantae_Tracheophyta_Magnoliopsida_Fagales_Fagaceae_Quercus_lobata\9d396381-7619-4a36-a4cc-187e7483c38b.jpg,398,329,329 396 256 391 398,0.06974800116714887
data\raw\val\08190_Plantae_Tracheophyta_Magnoliopsida_Fagales_Fagaceae_Quercus_lobata\bc71ca4c-6cad-494a-8c84-f1de58911467.jpg,398,269,269 467 497 73 391,0.016938273845875772
data\raw\val\08190_Plantae_Tracheophyta_Magnoliopsida_Fagales_Fagaceae_Quercus_lobata\59e56637-fd23-4cea-890d-37d6647b6771.jpg,398,391,391 413 256 436 191,0.024012127112436183
data\raw\val\08190_Plantae_Tracheophyta_Magnoliopsida_Fagales_Fagaceae_Quercus_lobata\9ef503a1-b5aa-4e25-8937-4154122263a8.jpg,398,356,356 433 196 435 401,0.02288122758877133
data\raw\val\08190_Plantae_Tracheophyta_Magnoliopsida_Fagales_Fagaceae_Quercus_lobata\fc4d3f15-5cd7-4085-a424-4e09e65a0224.jpg,398,34,34 358 481 35 291,0.012320515371357973
data\raw\val\08190_Plantae_Tracheophyta_Magnoliopsida_Fagales_Fagaceae_Quercus_lobata\851317f8-105f-4ca0-a063-38c9c50ea894.jpg,398,462,462 311 329 383 411,0.015406744479650217
data\raw\val\08190_Plantae_Tracheophyta_Magnoliopsida_Fagales_Fagaceae_Quercus_lobata\6c37584b-8829-4215-919d-1813dc39de05.jpg,398,223,223 265 285 440 261,0.021230222951183434
data\raw\val\08190_Plantae_Tracheophyta_Magnoliopsida_Fagales_Fagaceae_Quercus_lobata\9b7ec1d2-c259-4307-b95e-5a27ef3f1c5b.jpg,398,413,413 391 397 436 431,0.06538840274195408
data\raw\val\08196_Plantae_Tracheophyta_Magnoliopsida_Fagales_Fagaceae_Quercus_nigra\4380799d-b210-4ae6-907c-d83e74ca4710.jpg,399,95,95 196 400 197 189,0.02499240699695112
data\raw\val\08196_Plantae_Tracheophyta_Magnoliopsida_Fagales_Fagaceae_Quercus_nigra\ae551327-d851-484f-b70f-84dc90ab4b36.jpg,399,23,23 196 129 206 255,0.019236783274786312
data\raw\val\08196_Plantae_Tracheophyta_Magnoliopsida_Fagales_Fagaceae_Quercus_nigra\adcf295f-bd40-410e-aed8-751892061db1.jpg,399,96,96 66 82 62 41,0.029723585049324708
data\raw\val\08196_Plantae_Tracheophyta_Magnoliopsida_Fagales_Fagaceae_Quercus_nigra\be04b0ef-7144-428a-b4a1-0a15b18e8f07.jpg,399,17,17 61 62 99 55,0.021952642753713027
data\raw\val\08196_Plantae_Tracheophyta_Magnoliopsida_Fagales_Fagaceae_Quercus_nigra\33e3fe28-22e6-423c-8a3f-a88733120259.jpg,399,261,261 292 473 210 338,0.013110960527059694
data\raw\val\08196_Plantae_Tracheophyta_Magnoliopsida_Fagales_Fagaceae_Quercus_nigra\8ce4a738-51eb-41b9-b3c7-362f44ed7e74.jpg,399,391,391 435 393 369 401,0.021768709809971594
data\raw\val\08196_Plantae_Tracheophyta_Magnoliopsida_Fagales_Fagaceae_Quercus_nigra\caa94f1f-daf0-49a5-9466-d5b9f40b3be9.jpg,399,440,440 436 395 139 394,0.027858315694031854
data\raw\val\08196_Plantae_Tracheophyta_Magnoliopsida_Fagales_Fagaceae_Quercus_nigra\9420bf23-87fc-4e9d-bba7-8210b9479a44.jpg,399,311,311 460 292 361 470,0.016033881894313214
data\raw\val\08196_Plantae_Tracheophyta_Magnoliopsida_Fagales_Fagaceae_Quercus_nigra\eb171a3d-544f-4d92-8deb-5611510c1e5e.jpg,399,442,442 331 279 402 461,0.02529704104365582
data\raw\val\08196_Plantae_Tracheophyta_Magnoliopsida_Fagales_Fagaceae_Quercus_nigra\266a0368-80e3-42dc-9df9-af138bfd5372.jpg,399,490,490 488 486 413 398,0.026415573788862456
data\raw\val\08214_Plantae_Tracheophyta_Magnoliopsida_Fagales_Juglandaceae_Carya_tomentosa\4967a9e4-3330-4e00-a8fd-3894faa76f6a.jpg,400,441,441 399 327 469 487,0.03689592144552143
data\raw\val\08214_Plantae_Tracheophyta_Magnoliopsida_Fagales_Juglandaceae_Carya_tomentosa\c70417c7-ca56-4d3c-92a9-ef361f3f7a99.jpg,400,477,477 360 447 357 440,0.01852751237482913
data\raw\val\08214_Plantae_Tracheophyta_Magnoliopsida_Fagales_Juglandaceae_Carya_tomentosa\547fa49e-17e9-472e-b6fd-08a099aff914.jpg,400,398,398 396 382 452 477,0.02614595221175407
data\raw\val\08214_Plantae_Tracheophyta_Magnoliopsida_Fagales_Juglandaceae_Carya_tomentosa\aaeff1fd-a5e5-4899-902a-3e0ac204d947.jpg,400,227,227 269 393 397 240,0.021655615593053183
data\raw\val\08214_Plantae_Tracheophyta_Magnoliopsida_Fagales_Juglandaceae_Carya_tomentosa\3356c03a-6903-4208-80d3-8af3824d536f.jpg,400,236,236 191 192 270 153,0.027469521556578946
data\raw\val\08214_Plantae_Tracheophyta_Magnoliopsida_Fagales_Juglandaceae_Carya_tomentosa\174decf6-6e02-493f-a45a-f5c0bf4566c2.jpg,400,15,15 85 360 71 90,0.009823851785682819
data\raw\val\08214_Plantae_Tracheophyta_Magnoliopsida_Fagales_Juglandaceae_Carya_tomentosa\564192da-77e4-44e3-80ee-5b1d1bb48d4f.jpg,400,96,96 412 141 66 28,0.021487174475797996
data\raw\val\08214_Plantae_Tracheophyta_Magnoliopsida_Fagales_Juglandaceae_Carya_tomentosa\96677a8b-e233-4233-90b1-7fd22f641b65.jpg,400,102,102 58 45 48 28,0.020925654282452064
data\raw\val\08214_Plantae_Tracheophyta_Magnoliopsida_Fagales_Juglandaceae_Carya_tomentosa\687e1df2-a13c-4cf3-b515-9b6d2293da76.jpg,400,1,1 165 25 174 13,0.03913738106434483
data\raw\val\08214_Plantae_Tracheophyta_Magnoliopsida_Fagales_Juglandaceae_Carya_tomentosa\36b3f308-d7b1-457d-aa80-bf4161f0305f.jpg,400,360,360 269 467 393 227,0.01932891261879602
data\raw\val\08227_Plantae_Tracheophyta_Magnoliopsida_Garryales_Garryaceae_Garrya_lindheimeri\dd90e08b-ff60-4aad-830f-6e98679489ba.jpg,401,403,403 324 279 281 337,0.03064671224440785
data\raw\val\08227_Plantae_Tracheophyta_Magnoliopsida_Garryales_Garryaceae_Garrya_lindheimeri\ccf73961-32e8-469d-ae20-fca737531925.jpg,401,333,333 419 341 429 444,0.021021588813637956
data\raw\val\08227_Plantae_Tracheophyta_Magnoliopsida_Garryales_Garryaceae_Garrya_lindheimeri\6ea69b3c-02c3-4449-8fe9-b68f1e0fde7d.jpg,401,452,452 358 401 433 364,0.02563876502641409
data\raw\val\08227_Plantae_Tracheophyta_Magnoliopsida_Garryales_Garryaceae_Garrya_lindheimeri\685ef7d3-f5d5-465d-a5c3-2dcbad6ff718.jpg,401,356,356 96 66 111 412,0.015562610017445343
data\raw\val\08227_Plantae_Tracheophyta_Magnoliopsida_Garryales_Garryaceae_Garrya_lindheimeri\4f04cd31-e6e3-4070-944a-ad2fd5a77769.jpg,401,487,487 274 449 399 396,0.026627847251047835
data\raw\val\08227_Plantae_Tracheophyta_Magnoliopsida_Garryales_Garryaceae_Garrya_lindheimeri\6ff8fd56-97cb-40c6-a65a-866339ec7e84.jpg,401,206,206 71 463 80 35,0.008990253936824278
data\raw\val\08227_Plantae_Tracheophyta_Magnoliopsida_Garryales_Garryaceae_Garrya_lindheimeri\b21ffb1b-9720-4001-86a9-1d5d883f816b.jpg,401,394,394 358 398 364 222,0.02070141189446738
data\raw\val\08227_Plantae_Tracheophyta_Magnoliopsida_Garryales_Garryaceae_Garrya_lindheimeri\9cdd86b0-4e35-4b72-a3cb-884810b487fc.jpg,401,481,481 455 341 365 291,0.021292453948541363
data\raw\val\08227_Plantae_Tracheophyta_Magnoliopsida_Garryales_Garryaceae_Garrya_lindheimeri\7dff865c-9b17-42e4-bf71-d457b864b13d.jpg,401,460,460 341 368 472 478,0.026034824143934748
data\raw\val\08227_Plantae_Tracheophyta_Magnoliopsida_Garryales_Garryaceae_Garrya_lindheimeri\32c65017-cd7d-48ee-866a-d2fbed55ece8.jpg,401,401,401 403 344 387 352,0.018989654968638293
data\raw\val\08235_Plantae_Tracheophyta_Magnoliopsida_Gentianales_Apocynaceae_Asclepias_asperula\d17c3118-7fd6-4387-a5b9-927781204eb1.jpg,402,341,341 317 484 387 291,0.037442678244741956
data\raw\val\08235_Plantae_Tracheophyta_Magnoliopsida_Gentianales_Apocynaceae_Asclepias_asperula\cb99d121-203e-4760-90a3-c6df232305b9.jpg,402,344,344 409 364 316 438,0.03422753891908187
data\raw\val\08235_Plantae_Tracheophyta_Magnoliopsida_Gentianales_Apocynaceae_Asclepias_asperula\c3f02572-940a-4428-909a-914c622817f3.jpg,402,430,430 352 341 272 308,0.02417309146148618
data\raw\val\08235_Plantae_Tracheophyta_Magnoliopsida_Gentianales_Apocynaceae_Asclepias_asperula\bbc591ed-9c12-4b21-bbca-e3b99b89f609.jpg,402,301,301 491 465 428 446,0.07523318194041838
data\raw\val\08235_Plantae_Tracheophyta_Magnoliopsida_Gentianales_Apocynaceae_Asclepias_asperula\1cb0ff93-fe13-4d22-bce9-6b07a2ef737b.jpg,402,372,372 293 350 355 353,0.05599324859098273
data\raw\val\08235_Plantae_Tracheophyta_Magnoliopsida_Gentianales_Apocynaceae_Asclepias_asperula\17a17565-8a2f-46e5-bbb9-0b4433d48ce8.jpg,402,379,379 350 402 378 285,0.03672903151259779
data\raw\val\08235_Plantae_Tracheophyta_Magnoliopsida_Gentianales_Apocynaceae_Asclepias_asperula\28a6700a-b39b-4b07-8ef3-308bbad146f2.jpg,402,374,374 338 363 422 292,0.02845176983303436
data\raw\val\08235_Plantae_Tracheophyta_Magnoliopsida_Gentianales_Apocynaceae_Asclepias_asperula\190fbf7b-ff76-4d85-b1e3-e57aacb5a59c.jpg,402,318,318 379 350 442 403,0.026960874714459352
data\raw\val\08235_Plantae_Tracheophyta_Magnoliopsida_Gentianales_Apocynaceae_Asclepias_asperula\8a725aa1-376f-4ed4-be8e-7c425e374364.jpg,402,363,363 364 367 299 353,0.023926338065956728
data\raw\val\08235_Plantae_Tracheophyta_Magnoliopsida_Gentianales_Apocynaceae_Asclepias_asperula\2fe242ca-96f4-44d2-807d-f77be635042c.jpg,402,403,403 402 279 303 326,0.062064635307837526
data\raw\val\08249_Plantae_Tracheophyta_Magnoliopsida_Gentianales_Apocynaceae_Asclepias_oenotheroides\78996dab-f10c-4bf8-997c-c2f0b52da51c.jpg,403,308,308 460 431 467 473,0.028086048349987673
data\raw\val\08249_Plantae_Tracheophyta_Magnoliopsida_Gentianales_Apocynaceae_Asclepias_oenotheroides\da86b613-3359-465a-8e2a-3617107e57ec.jpg,403,262,262 442 445 422 341,0.017764358514522977
data\raw\val\08249_Plantae_Tracheophyta_Magnoliopsida_Gentianales_Apocynaceae_Asclepias_oenotheroides\604c7858-60f9-4681-b2fb-bf9918b9f2fa.jpg,403,40,40 356 265 66 62,0.011363084734366926
data\raw\val\08249_Plantae_Tracheophyta_Magnoliopsida_Gentianales_Apocynaceae_Asclepias_oenotheroides\24cbd99f-d1ea-46bb-aa37-fcb19f7540ac.jpg,403,491,491 378 402 403 350,0.023656416748362323
data\raw\val\08249_Plantae_Tracheophyta_Magnoliopsida_Gentianales_Apocynaceae_Asclepias_oenotheroides\1ab5fa5c-fd0e-47dd-be96-fd9e8397de69.jpg,403,310,310 333 324 419 340,0.028123121180578425
data\raw\val\08249_Plantae_Tracheophyta_Magnoliopsida_Gentianales_Apocynaceae_Asclepias_oenotheroides\3018f9c8-4036-444d-a98a-d573347457dc.jpg,403,331,331 261 464 289 67,0.014584687618653804
data\raw\val\08249_Plantae_Tracheophyta_Magnoliopsida_Gentianales_Apocynaceae_Asclepias_oenotheroides\33a41218-76bd-4662-9452-347fef133e1d.jpg,403,359,359 322 401 422 391,0.012410242308072618
data\raw\val\08249_Plantae_Tracheophyta_Magnoliopsida_Gentianales_Apocynaceae_Asclepias_oenotheroides\02f563d2-0907-46ad-87e4-52040bcb5c3f.jpg,403,467,467 210 293 162 120,0.020293891122676665
data\raw\val\08249_Plantae_Tracheophyta_Magnoliopsida_Gentianales_Apocynaceae_Asclepias_oenotheroides\9cd7ae9c-2b84-4c55-aa9f-606a5cd5ca18.jpg,403,334,334 303 378 465 403,0.016344104821808224
data\raw\val\08249_Plantae_Tracheophyta_Magnoliopsida_Gentianales_Apocynaceae_Asclepias_oenotheroides\8468b87f-4d28-4c6f-afb1-7dae2a5059eb.jpg,403,403,403 308 445 447 460,0.03693313699964553
data\raw\val\08254_Plantae_Tracheophyta_Magnoliopsida_Gentianales_Apocynaceae_Asclepias_subulata\d3885771-b5a0-4154-aa90-0aee03be8ee9.jpg,404,214,214 351 163 223 242,0.028365961768654507
data\raw\val\08254_Plantae_Tracheophyta_Magnoliopsida_Gentianales_Apocynaceae_Asclepias_subulata\2b76462c-c8e3-44a3-b886-a48a4b529c9f.jpg,404,366,366 327 418 389 315,0.037220072895097045
data\raw\val\08254_Plantae_Tracheophyta_Magnoliopsida_Gentianales_Apocynaceae_Asclepias_subulata\11ccaf26-3ae4-4003-82a5-d95ceb21dc8b.jpg,404,224,224 214 242 250 351,0.03047264893267486
data\raw\val\08254_Plantae_Tracheophyta_Magnoliopsida_Gentianales_Apocynaceae_Asclepias_subulata\ba07418e-65d4-4bc1-9781-ea3571f8db99.jpg,404,226,226 181 215 491 355,0.0385247125423253
data\raw\val\08254_Plantae_Tracheophyta_Magnoliopsida_Gentianales_Apocynaceae_Asclepias_subulata\f1a85368-da75-4ec9-9a48-3e7f9172149c.jpg,404,373,373 412 356 93 265,0.013373206951860256
data\raw\val\08254_Plantae_Tracheophyta_Magnoliopsida_Gentianales_Apocynaceae_Asclepias_subulata\fa302ade-51c9-40b5-ab80-709c0aae5fe0.jpg,404,242,242 351 224 223 214,0.04887175315177165
data\raw\val\08254_Plantae_Tracheophyta_Magnoliopsida_Gentianales_Apocynaceae_Asclepias_subulata\dc3ed5b8-61b9-443c-a407-7e1302f38464.jpg,404,386,386 385 368 321 340,0.018859124848872862
data\raw\val\08254_Plantae_Tracheophyta_Magnoliopsida_Gentianales_Apocynaceae_Asclepias_subulata\aeebfd6c-d742-48c5-8810-b49f375427d3.jpg,404,429,429 449 359 70 409,0.0162748849042414
data\raw\val\08254_Plantae_Tracheophyta_Magnoliopsida_Gentianales_Apocynaceae_Asclepias_subulata\d68503f9-3a0d-4521-8aae-acdae9f1def1.jpg,404,421,421 398 329 315 370,0.02246358900649166
data\raw\val\08254_Plantae_Tracheophyta_Magnoliopsida_Gentianales_Apocynaceae_Asclepias_subulata\865143a6-0f44-476a-9d2e-9b5c5ecefac7.jpg,404,23,23 97 331 267 130,0.007779061554877321
data\raw\val\08267_Plantae_Tracheophyta_Magnoliopsida_Gentianales_Apocynaceae_Catharanthus_roseus\8981bf26-37cd-4c44-861e-0df32c51b4f2.jpg,405,485,485 430 385 272 447,0.04606827313010388
data\raw\val\08267_Plantae_Tracheophyta_Magnoliopsida_Gentianales_Apocynaceae_Catharanthus_roseus\9649b3ba-f47a-4429-9094-aa163f235df7.jpg,405,470,470 394 452 338 435,0.021689689390306972
data\raw\val\08267_Plantae_Tracheophyta_Magnoliopsida_Gentianales_Apocynaceae_Catharanthus_roseus\b80b1ed9-d716-4be3-8884-58aad010fcb7.jpg,405,407,407 405 285 402 352,0.017339516909112403
data\raw\val\08267_Plantae_Tracheophyta_Magnoliopsida_Gentianales_Apocynaceae_Catharanthus_roseus\769a04ec-edda-47f5-af4a-2f4daff84ee1.jpg,405,430,430 341 444 443 405,0.04892767442155707
data\raw\val\08267_Plantae_Tracheophyta_Magnoliopsida_Gentianales_Apocynaceae_Catharanthus_roseus\93bef44d-bbac-4b8a-aa9f-5b61cbd9b152.jpg,405,412,412 356 485 71 96,0.018153964075960243
data\raw\val\08267_Plantae_Tracheophyta_Magnoliopsida_Gentianales_Apocynaceae_Catharanthus_roseus\16193b15-3cd2-4da5-ae4b-ebde494ac588.jpg,405,485,485 456 260 412 356,0.03704883080692173
data\raw\val\08267_Plantae_Tracheophyta_Magnoliopsida_Gentianales_Apocynaceae_Catharanthus_roseus\227ffe6b-0218-419c-9513-7f0853734e67.jpg,405,193,193 187 184 1 198,0.023390096139899095
data\raw\val\08267_Plantae_Tracheophyta_Magnoliopsida_Gentianales_Apocynaceae_Catharanthus_roseus\e5a7809c-1856-4eba-bfb1-b03142991710.jpg,405,96,96 82 65 236 127,0.023706560884112295
data\raw\val\08267_Plantae_Tracheophyta_Magnoliopsida_Gentianales_Apocynaceae_Catharanthus_roseus\c689969f-4ebd-40fd-9b1e-33fbe4cf6a4f.jpg,405,341,341 328 430 471 385,0.08549600364864751
data\raw\val\08267_Plantae_Tracheophyta_Magnoliopsida_Gentianales_Apocynaceae_Catharanthus_roseus\7596b5ce-30c6-43f6-8b99-3c3edf6a9a12.jpg,405,383,383 462 406 407 415,0.019106296454302365
data\raw\val\08283_Plantae_Tracheophyta_Magnoliopsida_Gentianales_Apocynaceae_Vinca_minor\0db14d9b-e1b7-4dad-8af1-9440a8af23fb.jpg,406,406,406 383 408 373 407,0.056204221326872396
data\raw\val\08283_Plantae_Tracheophyta_Magnoliopsida_Gentianales_Apocynaceae_Vinca_minor\f197d150-f73d-4966-9fe1-b1933fd247fb.jpg,406,366,366 490 397 431 417,0.01594655297568958
data\raw\val\08283_Plantae_Tracheophyta_Magnoliopsida_Gentianales_Apocynaceae_Vinca_minor\9eacfd6e-72ef-405c-a17b-c46e461632e1.jpg,406,406,406 443 464 261 408,0.04529566813270877
data\raw\val\08283_Plantae_Tracheophyta_Magnoliopsida_Gentianales_Apocynaceae_Vinca_minor\28311be7-bc2e-40da-9d48-4134060c477f.jpg,406,314,314 333 325 320 313,0.039375665090278275
data\raw\val\08283_Plantae_Tracheophyta_Magnoliopsida_Gentianales_Apocynaceae_Vinca_minor\0884875f-12f7-448c-871c-2c11542dce1d.jpg,406,96,96 406 324 408 14,0.016958173986643572
data\raw\val\08283_Plantae_Tracheophyta_Magnoliopsida_Gentianales_Apocynaceae_Vinca_minor\34767bcd-96a6-4adc-a5bf-977cf510de05.jpg,406,30,30 41 196 96 71,0.019251262706808703
data\raw\val\08283_Plantae_Tracheophyta_Magnoliopsida_Gentianales_Apocynaceae_Vinca_minor\3d4de5e9-8435-4bb4-85a1-342540e3d8e3.jpg,406,406,406 260 443 266 412,0.019739906437342924
data\raw\val\08283_Plantae_Tracheophyta_Magnoliopsida_Gentianales_Apocynaceae_Vinca_minor\4ffa805d-139c-4b8e-bb07-91db26ca1b3c.jpg,406,374,374 297 289 285 304,0.030392376595583113
data\raw\val\08283_Plantae_Tracheophyta_Magnoliopsida_Gentianales_Apocynaceae_Vinca_minor\61de7ad3-170c-4060-8bce-86be2937049f.jpg,406,482,482 443 407 285 474,0.03056005553515343
data\raw\val\08283_Plantae_Tracheophyta_Magnoliopsida_Gentianales_Apocynaceae_Vinca_minor\98de60ed-e6e3-419b-b907-8fb81df28b26.jpg,406,231,231 65 16 172 56,0.02684103441359819
data\raw\val\08344_Plantae_Tracheophyta_Magnoliopsida_Gentianales_Rubiaceae_Galium_triflorum\9845addc-3501-4d5f-b710-36d0304e4d1f.jpg,407,343,343 310 317 373 419,0.025998874270634464
data\raw\val\08344_Plantae_Tracheophyta_Magnoliopsida_Gentianales_Rubiaceae_Galium_triflorum\b9bbc462-db4c-4a7f-a4a1-fcab727ed5e5.jpg,407,139,139 260 374 322 289,0.0199607906309974
data\raw\val\08344_Plantae_Tracheophyta_Magnoliopsida_Gentianales_Rubiaceae_Galium_triflorum\1cc7d410-fa61-4ce5-b0e7-7252c3ff4162.jpg,407,346,346 333 296 317 138,0.00966859598958117
data\raw\val\08344_Plantae_Tracheophyta_Magnoliopsida_Gentianales_Rubiaceae_Galium_triflorum\ab0a5150-c968-489a-b81e-38d11e818355.jpg,407,96,96 407 469 14 66,0.02183911047022106
data\raw\val\08344_Plantae_Tracheophyta_Magnoliopsida_Gentianales_Rubiaceae_Galium_triflorum\7e03c48c-4242-4ab6-a956-3b15fa99baff.jpg,407,407,407 411 383 310 415,0.1069293077877202
data\raw\val\08344_Plantae_Tracheophyta_Magnoliopsida_Gentianales_Rubiaceae_Galium_triflorum\98c02d3c-7065-4bfe-9867-872d08734bf7.jpg,407,407,407 345 411 120 10,0.024920057593343006
data\raw\val\08344_Plantae_Tracheophyta_Magnoliopsida_Gentianales_Rubiaceae_Galium_triflorum\993c0adc-6e05-42ff-a506-502be6eaba6e.jpg,407,316,316 495 494 466 473,0.015540786624680157
data\raw\val\08344_Plantae_Tracheophyta_Magnoliopsida_Gentianales_Rubiaceae_Galium_triflorum\91b859d3-2574-4415-9c46-c75780791f32.jpg,407,407,407 466 285 296 406,0.1603220702641079
data\raw\val\08344_Plantae_Tracheophyta_Magnoliopsida_Gentianales_Rubiaceae_Galium_triflorum\d67d6170-1304-4b73-a4c7-46cd0c78c6d7.jpg,407,407,407 473 466 494 415,0.05239960613912313
data\raw\val\08344_Plantae_Tracheophyta_Magnoliopsida_Gentianales_Rubiaceae_Galium_triflorum\56a59685-678a-4055-a0ce-1d2f6712d056.jpg,407,363,363 464 407 472 406,0.031598621771795246
data\raw\val\08358_Plantae_Tracheophyta_Magnoliopsida_Gentianales_Rubiaceae_Paederia_foetida\6747056c-89fb-4429-9131-aa59bde9d4f6.jpg,408,294,294 402 243 467 427,0.02104028775412102
data\raw\val\08358_Plantae_Tracheophyta_Magnoliopsida_Gentianales_Rubiaceae_Paederia_foetida\c1cf9351-a5e5-48e5-ad4b-2b300e80079a.jpg,408,142,142 235 297 233 374,0.020574606369788154
data\raw\val\08358_Plantae_Tracheophyta_Magnoliopsida_Gentianales_Rubiaceae_Paederia_foetida\ed253cb2-369b-487a-be7a-f17fc365b3d0.jpg,408,266,266 360 262 393 470,0.025556858618645595
data\raw\val\08358_Plantae_Tracheophyta_Magnoliopsida_Gentianales_Rubiaceae_Paederia_foetida\3c0c9db8-f4bc-4457-9385-9d7aa7fd001b.jpg,408,374,374 385 309 386 408,0.019651005458856778
data\raw\val\08358_Plantae_Tracheophyta_Magnoliopsida_Gentianales_Rubiaceae_Paederia_foetida\800e7bf8-4b28-4cb3-8d18-fcdb688344e4.jpg,408,452,452 367 394 475 360,0.01792787855383242
data\raw\val\08358_Plantae_Tracheophyta_Magnoliopsida_Gentianales_Rubiaceae_Paederia_foetida\7610bff5-1061-4a5e-b337-b2a390f70514.jpg,408,401,401 485 434 439 266,0.0209136197326808
data\raw\val\08358_Plantae_Tracheophyta_Magnoliopsida_Gentianales_Rubiaceae_Paederia_foetida\83bc89a7-4ca9-4d7b-810f-9d305b4f1186.jpg,408,222,222 85 401 198 93,0.013514570905054216
data\raw\val\08358_Plantae_Tracheophyta_Magnoliopsida_Gentianales_Rubiaceae_Paederia_foetida\b2b8b681-f1af-4ca9-b19d-5242bc164f66.jpg,408,285,285 482 474 388 407,0.03906056100582849
data\raw\val\08358_Plantae_Tracheophyta_Magnoliopsida_Gentianales_Rubiaceae_Paederia_foetida\5f87d24c-6840-4af7-8d7b-ce0246716c8f.jpg,408,210,210 43 364 454 86,0.017637697710644173
data\raw\val\08358_Plantae_Tracheophyta_Magnoliopsida_Gentianales_Rubiaceae_Paederia_foetida\6b02d934-946a-4a59-9754-5bfb52b65997.jpg,408,406,406 443 412 291 408,0.019704432012930286
data\raw\val\08369_Plantae_Tracheophyta_Magnoliopsida_Geraniales_Geraniaceae_Erodium_texanum\f4f1abe3-3f8c-469a-b578-1eaad6bea07c.jpg,409,438,438 310 257 409 429,0.014120962826575857
data\raw\val\08369_Plantae_Tracheophyta_Magnoliopsida_Geraniales_Geraniaceae_Erodium_texanum\474e2a79-47a2-4282-b702-d99e6fa6da3d.jpg,409,66,66 357 23 34 481,0.021135515697347458
data\raw\val\08369_Plantae_Tracheophyta_Magnoliopsida_Geraniales_Geraniaceae_Erodium_texanum\f562b468-b71a-4960-ae3f-6399bf906ce5.jpg,409,349,349 294 350 379 388,0.03468880584110111
data\raw\val\08369_Plantae_Tracheophyta_Magnoliopsida_Geraniales_Geraniaceae_Erodium_texanum\78a4b596-6539-4f6a-9f1c-a407f1783075.jpg,409,387,387 37 412 443 472,0.012514136493216354
data\raw\val\08369_Plantae_Tracheophyta_Magnoliopsida_Geraniales_Geraniaceae_Erodium_texanum\6bb114ff-a96b-453b-8269-48ab2cc5e943.jpg,409,7,7 438 342 36 406,0.023537497051995707
data\raw\val\08369_Plantae_Tracheophyta_Magnoliopsida_Geraniales_Geraniaceae_Erodium_texanum\3c74ba87-b961-4e38-8e6a-53c290a301ac.jpg,409,472,472 474 272 482 483,0.031474649535584875
data\raw\val\08369_Plantae_Tracheophyta_Magnoliopsida_Geraniales_Geraniaceae_Erodium_texanum\f6693a05-295d-4a81-aada-f052700cae85.jpg,409,409,409 343 379 438 480,0.03715934751261121
data\raw\val\08369_Plantae_Tracheophyta_Magnoliopsida_Geraniales_Geraniaceae_Erodium_texanum\758d9e12-5888-4d0a-87c0-f186d40243aa.jpg,409,472,472 481 34 97 37,0.02049161428298651
data\raw\val\08369_Plantae_Tracheophyta_Magnoliopsida_Geraniales_Geraniaceae_Erodium_texanum\d680a6b5-e0d1-4874-8df6-52f5c5427fd4.jpg,409,366,366 364 418 438 379,0.025610631831479148
data\raw\val\08369_Plantae_Tracheophyta_Magnoliopsida_Geraniales_Geraniaceae_Erodium_texanum\864e232f-8be8-4912-81df-b668d1f93c2f.jpg,409,337,337 282 442 277 350,0.02467360589757666
data\raw\val\08379_Plantae_Tracheophyta_Magnoliopsida_Geraniales_Geraniaceae_Geranium_pratense\4b220590-82df-465e-8cdc-5bf189b009d5.jpg,410,411,411 499 37 410 97,0.026285018491924415
data\raw\val\08379_Plantae_Tracheophyta_Magnoliopsida_Geraniales_Geraniaceae_Geranium_pratense\8b5e7946-d910-4358-b6e6-083025e87321.jpg,410,410,410 473 308 407 299,0.03619746758144283
data\raw\val\08379_Plantae_Tracheophyta_Magnoliopsida_Geraniales_Geraniaceae_Geranium_pratense\63759604-28f9-4763-8e2f-ad49aa1c26c1.jpg,410,333,333 466 361 425 326,0.01953186990098255
data\raw\val\08379_Plantae_Tracheophyta_Magnoliopsida_Geraniales_Geraniaceae_Geranium_pratense\6c9abb1c-6129-4c58-9411-338faa93d8a1.jpg,410,281,281 377 334 273 326,0.04261986690192481
data\raw\val\08379_Plantae_Tracheophyta_Magnoliopsida_Geraniales_Geraniaceae_Geranium_pratense\7c06be18-0ea5-48cf-a3e8-218e512a0525.jpg,410,52,52 19 448 81 41,0.012845352898385573
data\raw\val\08379_Plantae_Tracheophyta_Magnoliopsida_Geraniales_Geraniaceae_Geranium_pratense\3fea5c38-168a-4d1f-90b9-2017134cb74d.jpg,410,407,407 299 420 343 324,0.021811175272966915
data\raw\val\08379_Plantae_Tracheophyta_Magnoliopsida_Geraniales_Geraniaceae_Geranium_pratense\ca6ac0c2-8dc2-4b66-aa4c-37cf200e0a2c.jpg,410,285,285 407 263 381 378,0.039664658283992585
data\raw\val\08379_Plantae_Tracheophyta_Magnoliopsida_Geraniales_Geraniaceae_Geranium_pratense\aff9e8c7-29c4-482e-97d5-0a66750e4f7d.jpg,410,333,333 420 335 379 352,0.018527762845444006
data\raw\val\08379_Plantae_Tracheophyta_Magnoliopsida_Geraniales_Geraniaceae_Geranium_pratense\ab016052-db5e-4516-8b81-2c65bedc908b.jpg,410,420,420 473 390 307 285,0.019274449586464435
data\raw\val\08379_Plantae_Tracheophyta_Magnoliopsida_Geraniales_Geraniaceae_Geranium_pratense\ca0df8f6-0aaf-4990-97ce-fa30728ffa83.jpg,410,23,23 483 85 70 310,0.011804515636979934
data\raw\val\08386_Plantae_Tracheophyta_Magnoliopsida_Geraniales_Geraniaceae_Geranium_sibiricum\d920cbea-fded-43c1-a201-3d881a686e77.jpg,411,1,1 0 185 197 167,0.03200063328583148
data\raw\val\08386_Plantae_Tracheophyta_Magnoliopsida_Geraniales_Geraniaceae_Geranium_sibiricum\d8afd640-4cea-4e9f-af0b-f2fbc1433680.jpg,411,16,16 26 298 28 446,0.008529356714232956
data\raw\val\08386_Plantae_Tracheophyta_Magnoliopsida_Geraniales_Geraniaceae_Geranium_sibiricum\7ef25b8f-06bf-4614-9743-5a1048564fe7.jpg,411,411,411 183 206 34 23,0.010493634184974784
data\raw\val\08386_Plantae_Tracheophyta_Magnoliopsida_Geraniales_Geraniaceae_Geranium_sibiricum\aceb0019-d57b-4e59-9726-2884b930729e.jpg,411,317,317 415 411 407 345,0.04898898917506015
data\raw\val\08386_Plantae_Tracheophyta_Magnoliopsida_Geraniales_Geraniaceae_Geranium_sibiricum\0ba9361e-bcc6-4a29-9a37-b4eb4aaa7554.jpg,411,128,128 103 49 236 133,0.03982107071343241
data\raw\val\08386_Plantae_Tracheophyta_Magnoliopsida_Geraniales_Geraniaceae_Geranium_sibiricum\3f79829f-c5d7-45a4-96d7-59c086d6048f.jpg,411,462,462 411 345 310 37,0.14352545555442428
data\raw\val\08386_Plantae_Tracheophyta_Magnoliopsida_Geraniales_Geraniaceae_Geranium_sibiricum\008a00f5-7c16-4fa9-8e6f-b3a269834c6f.jpg,411,444,444 385 340 332 429,0.02078190960895462
data\raw\val\08386_Plantae_Tracheophyta_Magnoliopsida_Geraniales_Geraniaceae_Geranium_sibiricum\baa4cb6d-b6ee-458b-a1b0-77b8c5cb2bb8.jpg,411,443,443 9 24 262 368,0.01534994881836944
data\raw\val\08386_Plantae_Tracheophyta_Magnoliopsida_Geraniales_Geraniaceae_Geranium_sibiricum\eff13cd1-3a7b-4502-9019-fe4148b9729f.jpg,411,16,16 231 112 197 105,0.017574913044211275
data\raw\val\08386_Plantae_Tracheophyta_Magnoliopsida_Geraniales_Geraniaceae_Geranium_sibiricum\10d4d1a8-3ab3-4e21-b6de-825f1ec890f6.jpg,411,462,462 411 37 453 317,0.053690785788101186
data\raw\val\08410_Plantae_Tracheophyta_Magnoliopsida_Lamiales_Acanthaceae_Thunbergia_alata\be5c2312-ff94-47ba-b0f6-f5debeb41b61.jpg,412,37,37 472 482 89 462,0.016275700666731955
data\raw\val\08410_Plantae_Tracheophyta_Magnoliopsida_Lamiales_Acanthaceae_Thunbergia_alata\c920b4b7-d750-4a97-8f9c-7342b02fceb9.jpg,412,387,387 464 412 263 443,0.024211641920177003
data\raw\val\08410_Plantae_Tracheophyta_Magnoliopsida_Lamiales_Acanthaceae_Thunbergia_alata\a9924b08-0e18-4563-9ccb-e390766621c4.jpg,412,29,29 36 156 30 13,0.01009521189030055
data\raw\val\08410_Plantae_Tracheophyta_Magnoliopsida_Lamiales_Acanthaceae_Thunbergia_alata\af599e7c-3cca-4230-be27-320d19809895.jpg,412,433,433 357 412 406 453,0.03150358871393008
data\raw\val\08410_Plantae_Tracheophyta_Magnoliopsida_Lamiales_Acanthaceae_Thunbergia_alata\d5562a1e-b302-4857-aded-bc8339f32216.jpg,412,357,357 96 33 406 433,0.02405483185834781
data\raw\val\08410_Plantae_Tracheophyta_Magnoliopsida_Lamiales_Acanthaceae_Thunbergia_alata\87d1d291-e78f-49e1-9335-ddbb707cc426.jpg,412,95,95 61 172 49 82,0.015815911944884704
data\raw\val\08410_Plantae_Tracheophyta_Magnoliopsida_Lamiales_Acanthaceae_Thunbergia_alata\a8b3886f-1181-459d-bb46-7ac00b6dc108.jpg,412,276,276 398 448 358 477,0.020262847736974718
data\raw\val\08410_Plantae_Tracheophyta_Magnoliopsida_Lamiales_Acanthaceae_Thunbergia_alata\340599d8-b1d5-4bce-9c2b-66bc2b5ee809.jpg,412,363,363 293 353 490 354,0.028434920731633992
data\raw\val\08410_Plantae_Tracheophyta_Magnoliopsida_Lamiales_Acanthaceae_Thunbergia_alata\8a45004a-1d91-4977-854c-799d6d15f978.jpg,412,368,368 419 373 469 341,0.0273638703490817
data\raw\val\08410_Plantae_Tracheophyta_Magnoliopsida_Lamiales_Acanthaceae_Thunbergia_alata\5317978c-1eba-4473-83f5-e040d680433a.jpg,412,416,416 462 460 481 419,0.023904392844543293
data\raw\val\08419_Plantae_Tracheophyta_Magnoliopsida_Lamiales_Bignoniaceae_Tabebuia_rosea\55289100-f83a-44cc-9533-d8b442db75dd.jpg,413,171,171 194 186 193 175,0.03145490241062439
data\raw\val\08419_Plantae_Tracheophyta_Magnoliopsida_Lamiales_Bignoniaceae_Tabebuia_rosea\f556a9fb-349a-4419-ae93-1f4781f6efca.jpg,413,413,413 431 175 357 209,0.04422200456159578
data\raw\val\08419_Plantae_Tracheophyta_Magnoliopsida_Lamiales_Bignoniaceae_Tabebuia_rosea\0e59237b-6515-4c98-87ee-43616484ebb1.jpg,413,413,413 391 395 171 497,0.08221050512549481
data\raw\val\08419_Plantae_Tracheophyta_Magnoliopsida_Lamiales_Bignoniaceae_Tabebuia_rosea\9cd25dc2-9a9b-448e-96ca-7f7c33afa6a0.jpg,413,413,413 191 171 167 168,0.046634719083019034
data\raw\val\08419_Plantae_Tracheophyta_Magnoliopsida_Lamiales_Bignoniaceae_Tabebuia_rosea\1fb6b3e8-c011-4883-be8a-6c003ea8ee7e.jpg,413,413,413 269 481 73 52,0.02092290700850044
data\raw\val\08419_Plantae_Tracheophyta_Magnoliopsida_Lamiales_Bignoniaceae_Tabebuia_rosea\7a39593b-3e42-4514-b5dd-f9abc3c703cc.jpg,413,168,168 400 436 395 413,0.015882196454591737
data\raw\val\08419_Plantae_Tracheophyta_Magnoliopsida_Lamiales_Bignoniaceae_Tabebuia_rosea\dd4c9e78-b2dd-4d51-ba9a-d1f480b59e4b.jpg,413,481,481 421 97 85 134,0.016999445304624432
data\raw\val\08419_Plantae_Tracheophyta_Magnoliopsida_Lamiales_Bignoniaceae_Tabebuia_rosea\d48e07be-7325-44a8-ac97-ce62cb003fd1.jpg,413,413,413 167 171 476 395,0.05689144469729096
data\raw\val\08419_Plantae_Tracheophyta_Magnoliopsida_Lamiales_Bignoniaceae_Tabebuia_rosea\01b69e20-f899-4258-9305-66513508cd94.jpg,413,408,408 401 454 71 471,0.024781105090833897
data\raw\val\08419_Plantae_Tracheophyta_Magnoliopsida_Lamiales_Bignoniaceae_Tabebuia_rosea\e525f1fc-b92d-46ca-8843-d372e54d5a09.jpg,413,413,413 178 167 171 194,0.09079725283055408
data\raw\val\08437_Plantae_Tracheophyta_Magnoliopsida_Lamiales_Lamiaceae_Condea_emoryi\8cf66077-70fe-40ad-9a7f-dad6cc767a6e.jpg,414,280,280 431 214 212 393,0.020491662487645005
data\raw\val\08437_Plantae_Tracheophyta_Magnoliopsida_Lamiales_Lamiaceae_Condea_emoryi\66408eba-5ee6-4532-b9e6-425d0035eaa9.jpg,414,438,438 316 325 406 344,0.024668878360688647
data\raw\val\08437_Plantae_Tracheophyta_Magnoliopsida_Lamiales_Lamiaceae_Condea_emoryi\0b50bdd8-4850-4719-b8a6-387b4be34692.jpg,414,288,288 97 443 291 449,0.01289789262691969
data\raw\val\08437_Plantae_Tracheophyta_Magnoliopsida_Lamiales_Lamiaceae_Condea_emoryi\fcc3a2ef-4c0f-4d6d-9150-c2773324471a.jpg,414,348,348 155 177 179 283,0.011511201430268828
data\raw\val\08437_Plantae_Tracheophyta_Magnoliopsida_Lamiales_Lamiaceae_Condea_emoryi\00e356f1-9e6c-41a7-9e7b-f4a7a8371580.jpg,414,395,395 490 396 479 398,0.011856669345031915
data\raw\val\08437_Plantae_Tracheophyta_Magnoliopsida_Lamiales_Lamiaceae_Condea_emoryi\e224072f-6688-4e05-ab5f-ab0ba0f5c98a.jpg,414,425,425 314 377 441 397,0.01819516332974191
data\raw\val\08437_Plantae_Tracheophyta_Magnoliopsida_Lamiales_Lamiaceae_Condea_emoryi\908d835c-986a-4a21-9d5f-0e439d174b4d.jpg,414,11,11 224 238 10 36,0.038586398499924325
data\raw\val\08437_Plantae_Tracheophyta_Magnoliopsida_Lamiales_Lamiaceae_Condea_emoryi\919e96a2-8794-4c99-8258-7b8be8cd0c18.jpg,414,391,391 481 361 396 414,0.023667850642800553
data\raw\val\08437_Plantae_Tracheophyta_Magnoliopsida_Lamiales_Lamiaceae_Condea_emoryi\9c3d1682-496a-491b-926f-50aa7ca2f3c3.jpg,414,134,134 34 37 222 28,0.018686776839797144
data\raw\val\08437_Plantae_Tracheophyta_Magnoliopsida_Lamiales_Lamiaceae_Condea_emoryi\d86c5220-9647-4f54-abbd-3511a3c95ba3.jpg,414,366,366 490 452 336 416,0.04026307078095378
data\raw\val\08453_Plantae_Tracheophyta_Magnoliopsida_Lamiales_Lamiaceae_Leonurus_cardiaca\742fc13a-b84b-40dd-b037-c8fdbf8b8e25.jpg,415,357,357 415 431 445 373,0.03469563352969772
data\raw\val\08453_Plantae_Tracheophyta_Magnoliopsida_Lamiales_Lamiaceae_Leonurus_cardiaca\e007353d-02c1-4f27-bc0b-c9fde00ca266.jpg,415,27,27 151 150 12 73,0.018536668156208868
data\raw\val\08453_Plantae_Tracheophyta_Magnoliopsida_Lamiales_Lamiaceae_Leonurus_cardiaca\1bbe9108-f767-42c9-8d63-ade404b4493b.jpg,415,415,415 294 261 496 374,0.017458395906512464
data\raw\val\08453_Plantae_Tracheophyta_Magnoliopsida_Lamiales_Lamiaceae_Leonurus_cardiaca\6fbb571f-da74-4e45-99f4-51895cce7fbf.jpg,415,326,326 321 333 335 281,0.01983037476212078
data\raw\val\08453_Plantae_Tracheophyta_Magnoliopsida_Lamiales_Lamiaceae_Leonurus_cardiaca\a347852b-610b-4e4d-88d3-b1cf621d98be.jpg,415,415,415 495 473 466 482,0.03724612811916771
data\raw\val\08453_Plantae_Tracheophyta_Magnoliopsida_Lamiales_Lamiaceae_Leonurus_cardiaca\11a61465-a714-4ee2-915b-36891ce61bf1.jpg,415,464,464 341 352 482 472,0.02924977792681372
data\raw\val\08453_Plantae_Tracheophyta_Magnoliopsida_Lamiales_Lamiaceae_Leonurus_cardiaca\8d7de70e-5b64-4669-8fa4-a43ff91722c1.jpg,415,424,424 492 272 462 470,0.029471396495537705
data\raw\val\08453_Plantae_Tracheophyta_Magnoliopsida_Lamiales_Lamiaceae_Leonurus_cardiaca\96bb75bb-39c0-490c-b71f-3807a31f4b38.jpg,415,497,497 422 415 499 9,0.013402313448127215
data\raw\val\08453_Plantae_Tracheophyta_Magnoliopsida_Lamiales_Lamiaceae_Leonurus_cardiaca\51f94c05-8299-46f1-bf6e-91eaadcc4507.jpg,415,415,415 443 474 412 357,0.039095190557488176
data\raw\val\08453_Plantae_Tracheophyta_Magnoliopsida_Lamiales_Lamiaceae_Leonurus_cardiaca\95a0754c-40c4-4dc8-861e-7317132991ed.jpg,415,419,419 433 360 434 266,0.033968987424066566
data\raw\val\08475_Plantae_Tracheophyta_Magnoliopsida_Lamiales_Lamiaceae_Origanum_vulgare\72b6b074-8dde-409f-93fa-bfd1684b2a27.jpg,416,468,468 329 70 416 421,0.05418583584357419
data\raw\val\08475_Plantae_Tracheophyta_Magnoliopsida_Lamiales_Lamiaceae_Origanum_vulgare\c80d2317-6f59-4a33-b960-1017a166bca2.jpg,416,416,416 359 37 345 70,0.029975667580094383
data\raw\val\08475_Plantae_Tracheophyta_Magnoliopsida_Lamiales_Lamiaceae_Origanum_vulgare\cfedf021-8a97-43bc-8255-d1763905cc2d.jpg,416,401,401 358 368 398 452,0.026796525636801093
data\raw\val\08475_Plantae_Tracheophyta_Magnoliopsida_Lamiales_Lamiaceae_Origanum_vulgare\44361a9b-d61d-4ae8-b74f-22788cb3bfa4.jpg,416,398,398 468 252 424 421,0.012690506448138357
data\raw\val\08475_Plantae_Tracheophyta_Magnoliopsida_Lamiales_Lamiaceae_Origanum_vulgare\31273da2-9239-4d0f-9d09-4b5e0fa14608.jpg,416,416,416 414 359 366 468,0.04055370106731739
data\raw\val\08475_Plantae_Tracheophyta_Magnoliopsida_Lamiales_Lamiaceae_Origanum_vulgare\f481b301-7394-4289-be1d-3b0e645bb942.jpg,416,416,416 418 324 334 318,0.02987028723187544
data\raw\val\08475_Plantae_Tracheophyta_Magnoliopsida_Lamiales_Lamiaceae_Origanum_vulgare\573b4223-51ed-4b1c-bc81-302647c3f7ce.jpg,416,414,414 417 409 318 391,0.021312306601741916
data\raw\val\08475_Plantae_Tracheophyta_Magnoliopsida_Lamiales_Lamiaceae_Origanum_vulgare\5ec565f6-3e4f-4939-bb61-5b23d6b9685b.jpg,416,416,416 421 365 358 321,0.037306925183051634
data\raw\val\08475_Plantae_Tracheophyta_Magnoliopsida_Lamiales_Lamiaceae_Origanum_vulgare\1c6e0f96-fbfa-4cba-a718-130b6c86736c.jpg,416,462,462 310 453 383 333,0.022663731644105848
data\raw\val\08475_Plantae_Tracheophyta_Magnoliopsida_Lamiales_Lamiaceae_Origanum_vulgare\581f7e26-c56f-4cb0-a378-7e4a27bb5c1c.jpg,416,311,311 246 274 255 249,0.03727736770624119
data\raw\val\08477_Plantae_Tracheophyta_Magnoliopsida_Lamiales_Lamiaceae_Phlomoides_tuberosa\490dcf65-f9c4-4d4d-959e-82cf5c2c0c97.jpg,417,432,432 215 227 425 451,0.025710840993657183
data\raw\val\08477_Plantae_Tracheophyta_Magnoliopsida_Lamiales_Lamiaceae_Phlomoides_tuberosa\5bb8794e-7c28-4d6c-9e1d-d02ca7356cfa.jpg,417,391,391 361 132 487 489,0.023364002704594513
data\raw\val\08477_Plantae_Tracheophyta_Magnoliopsida_Lamiales_Lamiaceae_Phlomoides_tuberosa\5a675b00-bd9a-4195-89d6-06d2161653d1.jpg,417,77,77 164 159 157 22,0.014904573231177965
data\raw\val\08477_Plantae_Tracheophyta_Magnoliopsida_Lamiales_Lamiaceae_Phlomoides_tuberosa\71e7c73c-a223-4778-8d18-65da0b7fd737.jpg,417,310,310 415 311 466 83,0.01254585075997854
data\raw\val\08477_Plantae_Tracheophyta_Magnoliopsida_Lamiales_Lamiaceae_Phlomoides_tuberosa\2c9708b8-b04b-4385-8585-0a75ef3a358d.jpg,417,416,416 366 371 321 385,0.02847128697399399
data\raw\val\08477_Plantae_Tracheophyta_Magnoliopsida_Lamiales_Lamiaceae_Phlomoides_tuberosa\36fdcea3-f852-411b-9a79-00b64174f21a.jpg,417,402,402 213 376 498 349,0.022342503692116465
data\raw\val\08477_Plantae_Tracheophyta_Magnoliopsida_Lamiales_Lamiaceae_Phlomoides_tuberosa\e8bcfb30-971e-4646-822f-ac6c44bec50e.jpg,417,325,325 425 232 163 431,0.0136620535812861
data\raw\val\08477_Plantae_Tracheophyta_Magnoliopsida_Lamiales_Lamiaceae_Phlomoides_tuberosa\8965527f-3cbe-475d-b37a-9faf0291a553.jpg,417,236,236 0 230 360 90,0.008553050690245086
data\raw\val\08477_Plantae_Tracheophyta_Magnoliopsida_Lamiales_Lamiaceae_Phlomoides_tuberosa\c31b78d2-eb7b-4237-8edd-8f432b09826f.jpg,417,292,292 460 417 473 307,0.0176495623415206
data\raw\val\08477_Plantae_Tracheophyta_Magnoliopsida_Lamiales_Lamiaceae_Phlomoides_tuberosa\6aec24bd-6267-4e13-98d5-8b109dd5a5a0.jpg,417,180,180 170 29 177 185,0.013805071635503534
data\raw\val\08492_Plantae_Tracheophyta_Magnoliopsida_Lamiales_Lamiaceae_Salvia_mellifera\911a35fe-aa04-46f2-ad98-313a3ca68b51.jpg,418,418,418 321 333 336 417,0.01566496096198869
data\raw\val\08492_Plantae_Tracheophyta_Magnoliopsida_Lamiales_Lamiaceae_Salvia_mellifera\a7bab384-d84c-42e6-8f66-e1bc74a0803b.jpg,418,498,498 355 392 226 375,0.0338722095485787
data\raw\val\08492_Plantae_Tracheophyta_Magnoliopsida_Lamiales_Lamiaceae_Salvia_mellifera\34070f41-d9d9-4005-a785-3669cd32f919.jpg,418,316,316 318 295 349 403,0.021081060719482334
data\raw\val\08492_Plantae_Tracheophyta_Magnoliopsida_Lamiales_Lamiaceae_Salvia_mellifera\e58998a8-8469-48e1-8f7f-34ea55c1f4d3.jpg,418,359,359 416 291 318 409,0.01887641071786406
data\raw\val\08492_Plantae_Tracheophyta_Magnoliopsida_Lamiales_Lamiaceae_Salvia_mellifera\94211f8e-9bfa-4f69-9ccd-8fddb82f4479.jpg,418,366,366 327 487 449 425,0.02457508749633541
data\raw\val\08492_Plantae_Tracheophyta_Magnoliopsida_Lamiales_Lamiaceae_Salvia_mellifera\ec923208-6f2a-4fc1-b269-e980513c7c32.jpg,418,481,481 37 35 416 358,0.04075468333877655
data\raw\val\08492_Plantae_Tracheophyta_Magnoliopsida_Lamiales_Lamiaceae_Salvia_mellifera\58d99ec9-7c8c-452e-a1dc-a8b710821da2.jpg,418,435,435 479 441 395 396,0.028692734563884832
data\raw\val\08492_Plantae_Tracheophyta_Magnoliopsida_Lamiales_Lamiaceae_Salvia_mellifera\6ef45c16-9d40-4444-b3f9-e7f0e9775c52.jpg,418,314,314 418 313 385 369,0.047367929887331975
data\raw\val\08492_Plantae_Tracheophyta_Magnoliopsida_Lamiales_Lamiaceae_Salvia_mellifera\bacd50d6-6a4e-4ccf-8428-709d899e7429.jpg,418,442,442 353 392 372 306,0.04521885093528605
data\raw\val\08492_Plantae_Tracheophyta_Magnoliopsida_Lamiales_Lamiaceae_Salvia_mellifera\aeb40701-3e62-44d0-adf1-986976b0a8ec.jpg,418,369,369 441 431 320 324,0.01850793531992036
data\raw\val\08515_Plantae_Tracheophyta_Magnoliopsida_Lamiales_Lamiaceae_Teucrium_canadense\d96fef64-cf56-4147-ba6b-1c224fcc3568.jpg,419,291,291 85 481 453 97,0.019662977504912825
data\raw\val\08515_Plantae_Tracheophyta_Magnoliopsida_Lamiales_Lamiaceae_Teucrium_canadense\b1c398f1-e31a-44e7-aae2-14f82c27cf48.jpg,419,318,318 423 282 426 378,0.021087745650999582
data\raw\val\08515_Plantae_Tracheophyta_Magnoliopsida_Lamiales_Lamiaceae_Teucrium_canadense\8d8991d0-b911-4a9a-adee-f9b33cec8129.jpg,419,456,456 96 65 95 105,0.05484210734725265
data\raw\val\08515_Plantae_Tracheophyta_Magnoliopsida_Lamiales_Lamiaceae_Teucrium_canadense\9c9eab63-4d0f-4e20-b8b0-922bc5b3f6b6.jpg,419,280,280 213 223 241 143,0.014308976735737894
data\raw\val\08515_Plantae_Tracheophyta_Magnoliopsida_Lamiales_Lamiaceae_Teucrium_canadense\b6eb213d-38ca-4ac8-92ec-c3921dde91cd.jpg,419,487,487 397 431 451 418,0.025297613980384943
data\raw\val\08515_Plantae_Tracheophyta_Magnoliopsida_Lamiales_Lamiaceae_Teucrium_canadense\57c55fe9-1097-434e-a453-0f66926dcd6b.jpg,419,481,481 453 358 33 34,0.02189949501473128
data\raw\val\08515_Plantae_Tracheophyta_Magnoliopsida_Lamiales_Lamiaceae_Teucrium_canadense\90613e4d-f410-40a5-9139-a765e7427deb.jpg,419,291,291 437 323 352 444,0.013965004352478709
data\raw\val\08515_Plantae_Tracheophyta_Magnoliopsida_Lamiales_Lamiaceae_Teucrium_canadense\0fbaa32a-5566-4583-9bc2-b405f58425f9.jpg,419,419,419 321 324 418 273,0.023077241085915787
data\raw\val\08515_Plantae_Tracheophyta_Magnoliopsida_Lamiales_Lamiaceae_Teucrium_canadense\9b0582b3-c920-4e94-b4df-35172e7d9ef7.jpg,419,414,414 391 318 480 359,0.045137384947195616
data\raw\val\08515_Plantae_Tracheophyta_Magnoliopsida_Lamiales_Lamiaceae_Teucrium_canadense\0f387035-33c6-4dc1-8473-2f62742aff80.jpg,419,37,37 419 409 438 275,0.0222712277097292
data\raw\val\08587_Plantae_Tracheophyta_Magnoliopsida_Lamiales_Orobanchaceae_Castilleja_tenuiflora\dd7292c2-a680-46de-aec2-e36c319271a7.jpg,420,279,279 318 282 314 323,0.02985821608759122
data\raw\val\08587_Plantae_Tracheophyta_Magnoliopsida_Lamiales_Orobanchaceae_Castilleja_tenuiflora\80fe46a8-8f68-4e69-96b3-3da15b3880d8.jpg,420,29,29 170 165 277 200,0.00829841351152471
data\raw\val\08587_Plantae_Tracheophyta_Magnoliopsida_Lamiales_Orobanchaceae_Castilleja_tenuiflora\33591397-4879-43c5-8acd-733827bd11da.jpg,420,388,388 350 426 295 213,0.013178254477089478
data\raw\val\08587_Plantae_Tracheophyta_Magnoliopsida_Lamiales_Orobanchaceae_Castilleja_tenuiflora\c6ee35aa-d2b3-46c1-b23c-f50dad086875.jpg,420,343,343 333 332 321 410,0.03851998643058573
data\raw\val\08587_Plantae_Tracheophyta_Magnoliopsida_Lamiales_Orobanchaceae_Castilleja_tenuiflora\e12638b8-0e8d-4704-905b-57d15997b260.jpg,420,327,327 313 325 418 333,0.041840344174297064
data\raw\val\08587_Plantae_Tracheophyta_Magnoliopsida_Lamiales_Orobanchaceae_Castilleja_tenuiflora\6a896d21-53d0-4506-a459-cd4d85052186.jpg,420,318,318 316 190 361 324,0.030089395570237765
data\raw\val\08587_Plantae_Tracheophyta_Magnoliopsida_Lamiales_Orobanchaceae_Castilleja_tenuiflora\c475c351-94b8-4297-8b79-350054d0a3ca.jpg,420,415,415 407 343 317 409,0.05159863837050449
data\raw\val\08587_Plantae_Tracheophyta_Magnoliopsida_Lamiales_Orobanchaceae_Castilleja_tenuiflora\7358c577-fd11-460c-a891-7f4ce51815a6.jpg,420,231,231 206 85 40 65,0.01972981885772107
data\raw\val\08587_Plantae_Tracheophyta_Magnoliopsida_Lamiales_Orobanchaceae_Castilleja_tenuiflora\19171ecb-63bf-495c-9c41-9768d8728c7a.jpg,420,366,366 487 327 322 389,0.025414992177678775
data\raw\val\08587_Plantae_Tracheophyta_Magnoliopsida_Lamiales_Orobanchaceae_Castilleja_tenuiflora\900c58ea-eb9b-47bb-8850-c58614b9cf84.jpg,420,361,361 333 349 316 318,0.017401705852521463
data\raw\val\08593_Plantae_Tracheophyta_Magnoliopsida_Lamiales_Orobanchaceae_Euphrasia_nemorosa\bb3d7bf3-87a6-467a-8ba7-50f70e5ddc20.jpg,421,172,172 21 19 146 117,0.010303799605883778
data\raw\val\08593_Plantae_Tracheophyta_Magnoliopsida_Lamiales_Orobanchaceae_Euphrasia_nemorosa\e3d9751a-fe04-4493-8543-3d30306ea734.jpg,421,408,408 429 398 469 438,0.015573583958481253
data\raw\val\08593_Plantae_Tracheophyta_Magnoliopsida_Lamiales_Orobanchaceae_Euphrasia_nemorosa\5d2ac9ed-d1a9-4ca1-aa49-8a4e53d56391.jpg,421,335,335 337 354 397 463,0.01218473385148267
data\raw\val\08593_Plantae_Tracheophyta_Magnoliopsida_Lamiales_Orobanchaceae_Euphrasia_nemorosa\840d82b1-9e84-4fdd-880f-c44fe125103f.jpg,421,35,35 16 66 34 63,0.01356002802094808
data\raw\val\08593_Plantae_Tracheophyta_Magnoliopsida_Lamiales_Orobanchaceae_Euphrasia_nemorosa\c17c0a08-fb75-45ed-bea6-e67983382cd9.jpg,421,410,410 294 473 378 308,0.023993742506966034
data\raw\val\08593_Plantae_Tracheophyta_Magnoliopsida_Lamiales_Orobanchaceae_Euphrasia_nemorosa\babf2872-9de9-4e38-990b-30c41638ee64.jpg,421,33,33 338 455 290 29,0.00868601589513031
data\raw\val\08593_Plantae_Tracheophyta_Magnoliopsida_Lamiales_Orobanchaceae_Euphrasia_nemorosa\62b5f3dc-a1fb-4fb4-b337-f462473d1005.jpg,421,385,385 364 315 309 297,0.03127190265548798
data\raw\val\08593_Plantae_Tracheophyta_Magnoliopsida_Lamiales_Orobanchaceae_Euphrasia_nemorosa\c35a3b25-e296-4679-83b5-08e3080550ff.jpg,421,336,336 340 315 385 416,0.06578572346047631
data\raw\val\08593_Plantae_Tracheophyta_Magnoliopsida_Lamiales_Orobanchaceae_Euphrasia_nemorosa\85e85997-22f5-412e-ad0b-137b8658d106.jpg,421,410,410 352 324 378 419,0.021165497593668082
data\raw\val\08593_Plantae_Tracheophyta_Magnoliopsida_Lamiales_Orobanchaceae_Euphrasia_nemorosa\587222ec-a7cf-46db-9065-64ab533ad5a0.jpg,421,329,329 424 416 430 341,0.01654577965497606
data\raw\val\08594_Plantae_Tracheophyta_Magnoliopsida_Lamiales_Orobanchaceae_Hyobanche_sanguinea\06f92d5f-fd09-47a4-8b26-11751c25b425.jpg,422,237,237 224 11 329 457,0.017424744057439993
data\raw\val\08594_Plantae_Tracheophyta_Magnoliopsida_Lamiales_Orobanchaceae_Hyobanche_sanguinea\6c801259-bdd5-4ab2-9945-0e2c8ab7c64e.jpg,422,347,347 269 422 497 467,0.016138920027590372
data\raw\val\08594_Plantae_Tracheophyta_Magnoliopsida_Lamiales_Orobanchaceae_Hyobanche_sanguinea\1045de34-8f09-42f8-ace3-7d4feab1cef9.jpg,422,9,9 129 207 262 449,0.013472425199598256
data\raw\val\08594_Plantae_Tracheophyta_Magnoliopsida_Lamiales_Orobanchaceae_Hyobanche_sanguinea\5188ac48-c95f-4846-a7db-b88fac738e31.jpg,422,257,257 354 190 480 264,0.015693108679032848
data\raw\val\08594_Plantae_Tracheophyta_Magnoliopsida_Lamiales_Orobanchaceae_Hyobanche_sanguinea\60d9098c-afef-47fc-ae76-a87eb262a5d7.jpg,422,341,341 401 429 371 367,0.019018375084281836
data\raw\val\08594_Plantae_Tracheophyta_Magnoliopsida_Lamiales_Orobanchaceae_Hyobanche_sanguinea\974b4bc4-2c1a-485f-86dc-94704353b819.jpg,422,350,350 325 240 392 243,0.028765336659276837
data\raw\val\08594_Plantae_Tracheophyta_Magnoliopsida_Lamiales_Orobanchaceae_Hyobanche_sanguinea\34e4a22c-3f2b-408f-a82c-87e3fd30c2e0.jpg,422,442,442 392 306 267 465,0.024061548912992975
data\raw\val\08594_Plantae_Tracheophyta_Magnoliopsida_Lamiales_Orobanchaceae_Hyobanche_sanguinea\ffdcb4e0-8bd6-49c8-82ab-673df53d4266.jpg,422,60,60 47 52 249 248,0.046740831531930774
data\raw\val\08594_Plantae_Tracheophyta_Magnoliopsida_Lamiales_Orobanchaceae_Hyobanche_sanguinea\2d2850eb-4eeb-461c-8a0f-adcff9e3fdd2.jpg,422,257,257 354 457 480 347,0.04642140181601919
data\raw\val\08594_Plantae_Tracheophyta_Magnoliopsida_Lamiales_Orobanchaceae_Hyobanche_sanguinea\87225c72-acdd-4b83-bddd-3972cf2b3edd.jpg,422,67,67 10 319 427 422,0.024866995825592056
data\raw\val\08607_Plantae_Tracheophyta_Magnoliopsida_Lamiales_Orobanchaceae_Pedicularis_groenlandica\04bd1c65-f824-4f12-a34e-def993e4e337.jpg,423,466,466 415 346 473 162,0.01834330551220485
data\raw\val\08607_Plantae_Tracheophyta_Magnoliopsida_Lamiales_Orobanchaceae_Pedicularis_groenlandica\0c0a98ba-0172-44bc-9e87-933ac27dc86f.jpg,423,391,391 348 238 256 24,0.014596997118754222
data\raw\val\08607_Plantae_Tracheophyta_Magnoliopsida_Lamiales_Orobanchaceae_Pedicularis_groenlandica\aae7e29f-d663-4fc7-b1dd-8f37a4276147.jpg,423,368,368 408 356 373 383,0.018569520092304805
data\raw\val\08607_Plantae_Tracheophyta_Magnoliopsida_Lamiales_Orobanchaceae_Pedicularis_groenlandica\c57f9291-4d67-4ff8-82fd-2b0179b795ae.jpg,423,318,318 426 177 423 294,0.02374305887947412
data\raw\val\08607_Plantae_Tracheophyta_Magnoliopsida_Lamiales_Orobanchaceae_Pedicularis_groenlandica\29c07477-14b6-450e-9f49-cfb95ea25a66.jpg,423,465,465 290 384 378 277,0.021225911955456624
data\raw\val\08607_Plantae_Tracheophyta_Magnoliopsida_Lamiales_Orobanchaceae_Pedicularis_groenlandica\5b933d3c-8329-4d45-8024-aec8e0be32f8.jpg,423,136,136 1 38 437 251,0.013189553621003295
data\raw\val\08607_Plantae_Tracheophyta_Magnoliopsida_Lamiales_Orobanchaceae_Pedicularis_groenlandica\6a447acf-b6a0-429a-8ee3-69593131613c.jpg,423,452,452 468 394 359 366,0.03959746822070731
data\raw\val\08607_Plantae_Tracheophyta_Magnoliopsida_Lamiales_Orobanchaceae_Pedicularis_groenlandica\d3afa818-f6ef-48db-96fd-b1a3d5117992.jpg,423,426,426 290 374 427 465,0.01879729471065544
data\raw\val\08607_Plantae_Tracheophyta_Magnoliopsida_Lamiales_Orobanchaceae_Pedicularis_groenlandica\41fc9054-55ca-441b-9d9d-3301c590c9dd.jpg,423,395,395 391 476 210 398,0.009814211657593604
data\raw\val\08607_Plantae_Tracheophyta_Magnoliopsida_Lamiales_Orobanchaceae_Pedicularis_groenlandica\d308e47c-af9f-40b8-8bea-829ff86f904f.jpg,423,458,458 459 498 496 355,0.030975721596072887
data\raw\val\08641_Plantae_Tracheophyta_Magnoliopsida_Lamiales_Plantaginaceae_Cymbalaria_muralis\ecbdc391-1a59-4025-b22d-61fd425f1eca.jpg,424,97,97 66 35 34 28,0.01842205756061768
data\raw\val\08641_Plantae_Tracheophyta_Magnoliopsida_Lamiales_Plantaginaceae_Cymbalaria_muralis\1d77ac27-6592-45d2-acb5-083a86982207.jpg,424,310,310 462 383 312 474,0.04389152997337651
data\raw\val\08641_Plantae_Tracheophyta_Magnoliopsida_Lamiales_Plantaginaceae_Cymbalaria_muralis\9faee78e-56e1-4834-a538-583f3e98d9fd.jpg,424,430,430 385 341 352 424,0.07479597112465039
data\raw\val\08641_Plantae_Tracheophyta_Magnoliopsida_Lamiales_Plantaginaceae_Cymbalaria_muralis\a68701f6-6d04-436f-be3b-c43e20d0f9d1.jpg,424,312,312 424 387 481 35,0.04299866311906164
data\raw\val\08641_Plantae_Tracheophyta_Magnoliopsida_Lamiales_Plantaginaceae_Cymbalaria_muralis\29f4dfce-767f-4c18-a419-301d3781b612.jpg,424,358,358 37 35 312 472,0.02925782279648288
data\raw\val\08641_Plantae_Tracheophyta_Magnoliopsida_Lamiales_Plantaginaceae_Cymbalaria_muralis\cb0a2805-dd35-4539-ac16-a54c027dc8e6.jpg,424,430,430 341 329 424 416,0.05771193534303069
data\raw\val\08641_Plantae_Tracheophyta_Magnoliopsida_Lamiales_Plantaginaceae_Cymbalaria_muralis\8ce8d3e3-9e1c-4f8e-8c82-17448bace5e8.jpg,424,358,358 481 97 365 439,0.029150948116275992
data\raw\val\08641_Plantae_Tracheophyta_Magnoliopsida_Lamiales_Plantaginaceae_Cymbalaria_muralis\59bd7744-af31-4d94-b854-24481a848c1e.jpg,424,257,257 492 329 256 354,0.04330390104700545
data\raw\val\08641_Plantae_Tracheophyta_Magnoliopsida_Lamiales_Plantaginaceae_Cymbalaria_muralis\e98bec67-7334-4a3e-b7ba-ff4cd55e6123.jpg,424,257,257 144 424 238 329,0.028735615850440974
data\raw\val\08641_Plantae_Tracheophyta_Magnoliopsida_Lamiales_Plantaginaceae_Cymbalaria_muralis\7b3435b3-3161-4b51-9a8c-8b3bbc72e254.jpg,424,351,351 238 118 237 98,0.02839090470282228
data\raw\val\08659_Plantae_Tracheophyta_Magnoliopsida_Lamiales_Plantaginaceae_Penstemon_centranthifolius\ff838bdb-d450-4980-8bfb-286bc7ac1c42.jpg,425,242,242 243 466 225 351,0.018646023528858836
data\raw\val\08659_Plantae_Tracheophyta_Magnoliopsida_Lamiales_Plantaginaceae_Penstemon_centranthifolius\390b804d-6afe-4717-a9bc-35ea33039208.jpg,425,108,108 117 180 165 146,0.01652292100676299
data\raw\val\08659_Plantae_Tracheophyta_Magnoliopsida_Lamiales_Plantaginaceae_Penstemon_centranthifolius\3403ee0c-7388-48e8-abb4-5e77db7b64ed.jpg,425,224,224 160 306 325 199,0.023855100649128977
data\raw\val\08659_Plantae_Tracheophyta_Magnoliopsida_Lamiales_Plantaginaceae_Penstemon_centranthifolius\1a98f5b1-35f3-4a72-beac-7df944b0f894.jpg,425,335,335 318 379 286 334,0.028488386658607454
data\raw\val\08659_Plantae_Tracheophyta_Magnoliopsida_Lamiales_Plantaginaceae_Penstemon_centranthifolius\eaa74e59-4197-42aa-8fb0-a14d59ac537d.jpg,425,432,432 320 442 449 461,0.024956914510199175
data\raw\val\08659_Plantae_Tracheophyta_Magnoliopsida_Lamiales_Plantaginaceae_Penstemon_centranthifolius\a5617ae7-47e3-4702-9358-53c865288d69.jpg,425,294,294 177 374 450 67,0.025686514273324766
data\raw\val\08659_Plantae_Tracheophyta_Magnoliopsida_Lamiales_Plantaginaceae_Penstemon_centranthifolius\67403736-617f-469f-bdc4-931aa8dd5466.jpg,425,232,232 254 7 305 240,0.016793631954026948
data\raw\val\08659_Plantae_Tracheophyta_Magnoliopsida_Lamiales_Plantaginaceae_Penstemon_centranthifolius\6a32d520-7170-486b-98d3-d442c67ac80d.jpg,425,391,391 487 394 423 418,0.015283778305311545
data\raw\val\08659_Plantae_Tracheophyta_Magnoliopsida_Lamiales_Plantaginaceae_Penstemon_centranthifolius\48bfc2d2-5bfb-4e80-90fa-fd1487c9527c.jpg,425,355,355 226 181 232 161,0.03448137486210683
data\raw\val\08659_Plantae_Tracheophyta_Magnoliopsida_Lamiales_Plantaginaceae_Penstemon_centranthifolius\9edaad9d-2eb5-4a38-be28-d846b2e1ea54.jpg,425,425,425 348 376 488 316,0.014870703717478152
data\raw\val\08669_Plantae_Tracheophyta_Magnoliopsida_Lamiales_Plantaginaceae_Penstemon_procerus\4d5b5503-f14f-41fa-9fdf-67b6865561ab.jpg,426,318,318 379 190 423 282,0.02164225273795323
data\raw\val\08669_Plantae_Tracheophyta_Magnoliopsida_Lamiales_Plantaginaceae_Penstemon_procerus\b96f2946-b00e-4e93-b7df-1291543073e3.jpg,426,398,398 19 396 383 342,0.0068503707883142
data\raw\val\08669_Plantae_Tracheophyta_Magnoliopsida_Lamiales_Plantaginaceae_Penstemon_procerus\59367936-fa78-49cc-9911-13ad7df825cf.jpg,426,338,338 308 233 472 374,0.013064070130767616
data\raw\val\08669_Plantae_Tracheophyta_Magnoliopsida_Lamiales_Plantaginaceae_Penstemon_procerus\31036a09-909b-4ac3-af9f-2d8417c5d796.jpg,426,371,371 368 70 410 429,0.010216143813577659
data\raw\val\08669_Plantae_Tracheophyta_Magnoliopsida_Lamiales_Plantaginaceae_Penstemon_procerus\ad5656c1-9a16-4025-8fb4-d8e693fb2fd8.jpg,426,231,231 96 141 196 65,0.014924129649203833
data\raw\val\08669_Plantae_Tracheophyta_Magnoliopsida_Lamiales_Plantaginaceae_Penstemon_procerus\9d823742-3f02-4eb0-8e14-6d079c43ab0c.jpg,426,410,410 367 362 339 89,0.01612472357400754
data\raw\val\08669_Plantae_Tracheophyta_Magnoliopsida_Lamiales_Plantaginaceae_Penstemon_procerus\5e684843-d331-4b9f-bb91-80209af1be2a.jpg,426,316,316 480 378 318 473,0.015008794017866573
data\raw\val\08669_Plantae_Tracheophyta_Magnoliopsida_Lamiales_Plantaginaceae_Penstemon_procerus\6667d790-4a5b-4e12-bb9c-383f88c86fb3.jpg,426,452,452 423 366 324 367,0.0421068687212007
data\raw\val\08669_Plantae_Tracheophyta_Magnoliopsida_Lamiales_Plantaginaceae_Penstemon_procerus\118d59e0-f95d-4041-96cb-edee9eb61d02.jpg,426,369,369 92 423 469 382,0.03549871041006245
data\raw\val\08669_Plantae_Tracheophyta_Magnoliopsida_Lamiales_Plantaginaceae_Penstemon_procerus\7c0c0b3a-69a6-405b-87a9-c84f65825f2e.jpg,426,285,285 482 407 403 353,0.0235841571993292
data\raw\val\08675_Plantae_Tracheophyta_Magnoliopsida_Lamiales_Plantaginaceae_Plantago_erecta\5138ab02-9ff0-475a-9b82-c2f78bb2088d.jpg,427,5,5 21 77 45 46,0.02818479853462279
data\raw\val\08675_Plantae_Tracheophyta_Magnoliopsida_Lamiales_Plantaginaceae_Plantago_erecta\02a849ab-e9e5-4114-af23-336776ba9d8f.jpg,427,374,374 282 297 422 309,0.03445832951236051
data\raw\val\08675_Plantae_Tracheophyta_Magnoliopsida_Lamiales_Plantaginaceae_Plantago_erecta\0dc97ad4-d9db-4dcc-8496-37e381f72c27.jpg,427,498,498 428 377 309 325,0.059466201057803175
data\raw\val\08675_Plantae_Tracheophyta_Magnoliopsida_Lamiales_Plantaginaceae_Plantago_erecta\ba451579-90af-4496-94a3-00e60af20fe6.jpg,427,341,341 427 315 365 449,0.013193537158892836
data\raw\val\08675_Plantae_Tracheophyta_Magnoliopsida_Lamiales_Plantaginaceae_Plantago_erecta\07842176-8171-45bf-99bd-18d9b14d8179.jpg,427,416,416 322 425 449 327,0.014204820987685463
data\raw\val\08675_Plantae_Tracheophyta_Magnoliopsida_Lamiales_Plantaginaceae_Plantago_erecta\63814bdf-58e8-4420-8045-c83b149d8f54.jpg,427,498,498 190 316 325 365,0.033485571711730326
data\raw\val\08675_Plantae_Tracheophyta_Magnoliopsida_Lamiales_Plantaginaceae_Plantago_erecta\b2c296a3-f509-4dcc-8cdb-936d8eba0028.jpg,427,334,334 352 336 340 427,0.024538098844600877
data\raw\val\08675_Plantae_Tracheophyta_Magnoliopsida_Lamiales_Plantaginaceae_Plantago_erecta\118a1589-1172-441a-ab82-77b57a7ac75e.jpg,427,284,284 265 266 262 393,0.02008630214223751
data\raw\val\08675_Plantae_Tracheophyta_Magnoliopsida_Lamiales_Plantaginaceae_Plantago_erecta\81c81a40-6047-491b-9803-f7f00e31cb70.jpg,427,112,112 69 3 26 15,0.023316046732368687
data\raw\val\08675_Plantae_Tracheophyta_Magnoliopsida_Lamiales_Plantaginaceae_Plantago_erecta\1a5d3f96-1cae-4104-88a7-e2bf2527712e.jpg,427,403,403 350 465 402 377,0.0432367352167598
data\raw\val\08678_Plantae_Tracheophyta_Magnoliopsida_Lamiales_Plantaginaceae_Plantago_maritima\4e7968c8-c55b-46b2-9c41-335472a635c6.jpg,428,140,140 496 196 3 435,0.014340504001725223
data\raw\val\08678_Plantae_Tracheophyta_Magnoliopsida_Lamiales_Plantaginaceae_Plantago_maritima\ff639686-82d5-42d2-a95f-d3464bfea162.jpg,428,141,141 196 130 153 235,0.031230145424649036
data\raw\val\08678_Plantae_Tracheophyta_Magnoliopsida_Lamiales_Plantaginaceae_Plantago_maritima\cfd8d5f7-00b9-46c9-a24a-fb98f3136c68.jpg,428,162,162 210 369 490 435,0.017598086201160663
data\raw\val\08678_Plantae_Tracheophyta_Magnoliopsida_Lamiales_Plantaginaceae_Plantago_maritima\93f96dcf-20e2-410f-b952-042f33486b4e.jpg,428,263,263 465 430 446 321,0.05584324505561599
data\raw\val\08678_Plantae_Tracheophyta_Magnoliopsida_Lamiales_Plantaginaceae_Plantago_maritima\084def80-9e7d-442b-886d-ef1e8ba5a5a7.jpg,428,142,142 116 10 111 235,0.022148320372283217
data\raw\val\08678_Plantae_Tracheophyta_Magnoliopsida_Lamiales_Plantaginaceae_Plantago_maritima\19098cd9-6da6-4268-b82c-d326e7d252b2.jpg,428,422,422 292 378 190 261,0.01550121727290479
data\raw\val\08678_Plantae_Tracheophyta_Magnoliopsida_Lamiales_Plantaginaceae_Plantago_maritima\6479bcca-ce78-4cd6-9ae0-3b5691e2d788.jpg,428,301,301 491 465 428 319,0.041649195929281874
data\raw\val\08678_Plantae_Tracheophyta_Magnoliopsida_Lamiales_Plantaginaceae_Plantago_maritima\7b285879-5fab-497f-b390-81a302603fb2.jpg,428,415,415 294 428 94 92,0.04615697501307014
data\raw\val\08678_Plantae_Tracheophyta_Magnoliopsida_Lamiales_Plantaginaceae_Plantago_maritima\37b00324-1bfe-455a-90b4-49b4584a75d5.jpg,428,319,319 294 278 355 293,0.05025021284347501
data\raw\val\08678_Plantae_Tracheophyta_Magnoliopsida_Lamiales_Plantaginaceae_Plantago_maritima\cc1b6611-18fc-49e5-90a6-fd5a611a26a8.jpg,428,304,304 496 293 233 300,0.024570553769446658
data\raw\val\08688_Plantae_Tracheophyta_Magnoliopsida_Lamiales_Plantaginaceae_Veronica_anagallis-aquatica\f68d1c03-addc-464f-872b-d4302da5944a.jpg,429,311,311 357 424 436 262,0.042100801305536104
data\raw\val\08688_Plantae_Tracheophyta_Magnoliopsida_Lamiales_Plantaginaceae_Veronica_anagallis-aquatica\662d5c1c-d408-4edc-912e-c1e4404e6e5a.jpg,429,358,358 485 338 452 398,0.029398536356043132
data\raw\val\08688_Plantae_Tracheophyta_Magnoliopsida_Lamiales_Plantaginaceae_Veronica_anagallis-aquatica\7c37838f-e105-442f-9c60-6c55e8ff15cd.jpg,429,365,365 419 275 416 401,0.03554142188361462
data\raw\val\08688_Plantae_Tracheophyta_Magnoliopsida_Lamiales_Plantaginaceae_Veronica_anagallis-aquatica\7da11882-c024-4a81-bcaf-98485f92ca4f.jpg,429,210,210 421 358 134 481,0.008146223958830707
data\raw\val\08688_Plantae_Tracheophyta_Magnoliopsida_Lamiales_Plantaginaceae_Veronica_anagallis-aquatica\cf0c6783-a336-454b-86d9-fab69da3d292.jpg,429,452,452 382 321 445 481,0.01787568107417966
data\raw\val\08688_Plantae_Tracheophyta_Magnoliopsida_Lamiales_Plantaginaceae_Veronica_anagallis-aquatica\8604e706-3160-414c-ba9b-332b2960e6c6.jpg,429,452,452 371 396 382 397,0.02051964331261788
data\raw\val\08688_Plantae_Tracheophyta_Magnoliopsida_Lamiales_Plantaginaceae_Veronica_anagallis-aquatica\ac7897ad-13b4-4046-827b-7e978fa503eb.jpg,429,113,113 103 112 4 153,0.03769325291052845
data\raw\val\08688_Plantae_Tracheophyta_Magnoliopsida_Lamiales_Plantaginaceae_Veronica_anagallis-aquatica\5f79eab7-434a-46cd-8996-f652c2a25681.jpg,429,374,374 282 297 388 352,0.03384484952103382
data\raw\val\08688_Plantae_Tracheophyta_Magnoliopsida_Lamiales_Plantaginaceae_Veronica_anagallis-aquatica\b7ab22e4-12f7-41f6-bebf-ea983a33ad4d.jpg,429,23,23 421 339 484 468,0.014439051662035999
data\raw\val\08688_Plantae_Tracheophyta_Magnoliopsida_Lamiales_Plantaginaceae_Veronica_anagallis-aquatica\19cbeb7f-8862-4723-8d27-454873972404.jpg,429,257,257 11 344 256 480,0.2123681859651133
data\raw\val\08693_Plantae_Tracheophyta_Magnoliopsida_Lamiales_Plantaginaceae_Veronica_filiformis\298c21a6-c6a4-4feb-a987-426ba3cd5de5.jpg,430,327,327 425 337 314 418,0.02182469805881546
data\raw\val\08693_Plantae_Tracheophyta_Magnoliopsida_Lamiales_Plantaginaceae_Veronica_filiformis\f6f27893-6a51-40e0-b5a1-12b14fb792a2.jpg,430,324,324 273 442 378 402,0.027626008224746954
data\raw\val\08693_Plantae_Tracheophyta_Magnoliopsida_Lamiales_Plantaginaceae_Veronica_filiformis\4cd9be52-6096-4a9d-a512-5559e98da0e4.jpg,430,257,257 430 424 460 481,0.05166894244525686
data\raw\val\08693_Plantae_Tracheophyta_Magnoliopsida_Lamiales_Plantaginaceae_Veronica_filiformis\aa94efa1-d33d-4d26-99fa-4ac8268d96e0.jpg,430,482,482 474 443 310 472,0.06940725768853595
data\raw\val\08693_Plantae_Tracheophyta_Magnoliopsida_Lamiales_Plantaginaceae_Veronica_filiformis\607a2fad-2b5d-4165-9ed5-f87e8ebbc148.jpg,430,407,407 387 406 310 462,0.030096126562579782
data\raw\val\08693_Plantae_Tracheophyta_Magnoliopsida_Lamiales_Plantaginaceae_Veronica_filiformis\16265456-d9a5-44f1-ae87-af59901f2507.jpg,430,337,337 385 371 418 372,0.025620867143874706
data\raw\val\08693_Plantae_Tracheophyta_Magnoliopsida_Lamiales_Plantaginaceae_Veronica_filiformis\901b4b97-6453-4d86-aa98-5742b5bfcb9a.jpg,430,288,288 341 410 291 461,0.01565768266526127
data\raw\val\08693_Plantae_Tracheophyta_Magnoliopsida_Lamiales_Plantaginaceae_Veronica_filiformis\432bf42b-1aa5-445f-a0e6-23367cfad3f6.jpg,430,374,374 285 297 263 309,0.02579345148235584
data\raw\val\08693_Plantae_Tracheophyta_Magnoliopsida_Lamiales_Plantaginaceae_Veronica_filiformis\0519b430-6981-4a74-aad1-9932fb1f35ed.jpg,430,257,257 462 409 317 480,0.03654244786871353
data\raw\val\08693_Plantae_Tracheophyta_Magnoliopsida_Lamiales_Plantaginaceae_Veronica_filiformis\05ebcf50-d7f4-4647-b1ce-d53dbe416af1.jpg,430,484,484 430 405 312 387,0.06662993983798114
data\raw\val\08708_Plantae_Tracheophyta_Magnoliopsida_Lamiales_Scrophulariaceae_Buddleja_cordata\4e512b85-8351-491b-80e4-29f38a3213b2.jpg,431,14,14 68 96 69 71,0.01377529768200916
data\raw\val\08708_Plantae_Tracheophyta_Magnoliopsida_Lamiales_Scrophulariaceae_Buddleja_cordata\1fc90262-5d2a-446c-a50a-04ded868b1f8.jpg,431,361,361 419 416 460 401,0.018927593904985704
data\raw\val\08708_Plantae_Tracheophyta_Magnoliopsida_Lamiales_Scrophulariaceae_Buddleja_cordata\dfef7657-c760-44c7-897a-069c24ffcab4.jpg,431,451,451 394 363 478 382,0.022342595434272316
data\raw\val\08708_Plantae_Tracheophyta_Magnoliopsida_Lamiales_Scrophulariaceae_Buddleja_cordata\38278d99-94e7-4de6-b60a-01104738df3a.jpg,431,314,314 327 418 325 322,0.03536260130970416
data\raw\val\08708_Plantae_Tracheophyta_Magnoliopsida_Lamiales_Scrophulariaceae_Buddleja_cordata\76016cc9-e61c-4587-8897-192edf61a524.jpg,431,396,396 395 399 274 435,0.03466840396501936
data\raw\val\08708_Plantae_Tracheophyta_Magnoliopsida_Lamiales_Scrophulariaceae_Buddleja_cordata\74324c9b-dd20-4831-8804-315bef303d19.jpg,431,227,227 431 347 237 214,0.022989375727901048
data\raw\val\08708_Plantae_Tracheophyta_Magnoliopsida_Lamiales_Scrophulariaceae_Buddleja_cordata\22e3c763-001f-4334-a75f-f2a35b36566d.jpg,431,489,489 316 490 487 467,0.04165279315609615
data\raw\val\08708_Plantae_Tracheophyta_Magnoliopsida_Lamiales_Scrophulariaceae_Buddleja_cordata\d3708335-1ff5-4056-8919-c8db34d362f8.jpg,431,327,327 314 316 313 345,0.03214037612607951
data\raw\val\08708_Plantae_Tracheophyta_Magnoliopsida_Lamiales_Scrophulariaceae_Buddleja_cordata\55cac1b4-3cb7-43b3-bb03-440ed2206a3b.jpg,431,196,196 40 130 141 35,0.011113590134837795
data\raw\val\08708_Plantae_Tracheophyta_Magnoliopsida_Lamiales_Scrophulariaceae_Buddleja_cordata\a481c1ba-3629-42dd-bfbd-fa89711a6d1a.jpg,431,227,227 357 212 443 90,0.016836797420294064
data\raw\val\08717_Plantae_Tracheophyta_Magnoliopsida_Lamiales_Scrophulariaceae_Verbascum_nigrum\2c174a65-b3b8-4c9c-ba44-1ff67c0d79de.jpg,432,314,314 325 316 322 432,0.019583473402261832
data\raw\val\08717_Plantae_Tracheophyta_Magnoliopsida_Lamiales_Scrophulariaceae_Verbascum_nigrum\01757fb8-a349-45d6-92df-59d289c7dd24.jpg,432,272,272 460 349 403 243,0.03686732439976824
data\raw\val\08717_Plantae_Tracheophyta_Magnoliopsida_Lamiales_Scrophulariaceae_Verbascum_nigrum\c5295a99-c8f4-4021-9c72-390191122e9f.jpg,432,403,403 326 350 281 334,0.04836566359673608
data\raw\val\08717_Plantae_Tracheophyta_Magnoliopsida_Lamiales_Scrophulariaceae_Verbascum_nigrum\6ad94561-f2b7-4f30-8f9b-26ac8b76a322.jpg,432,305,305 306 213 316 302,0.0246348324430209
data\raw\val\08717_Plantae_Tracheophyta_Magnoliopsida_Lamiales_Scrophulariaceae_Verbascum_nigrum\d9eb3a1f-531f-4f9b-a93f-adf39f475e61.jpg,432,493,493 438 396 429 499,0.019558254572166478
data\raw\val\08717_Plantae_Tracheophyta_Magnoliopsida_Lamiales_Scrophulariaceae_Verbascum_nigrum\aaf84eda-43f9-4e5c-836b-052cfa5c3ff8.jpg,432,27,27 111 39 12 150,0.03751916591133554
data\raw\val\08717_Plantae_Tracheophyta_Magnoliopsida_Lamiales_Scrophulariaceae_Verbascum_nigrum\82ffa4e3-c65e-43c0-9a5e-f5432f3607c7.jpg,432,252,252 249 276 312 244,0.027617746261247557
data\raw\val\08717_Plantae_Tracheophyta_Magnoliopsida_Lamiales_Scrophulariaceae_Verbascum_nigrum\ce08ce1f-00cf-4546-b2f2-b9d022166b87.jpg,432,213,213 417 280 467 292,0.031028574558623165
data\raw\val\08717_Plantae_Tracheophyta_Magnoliopsida_Lamiales_Scrophulariaceae_Verbascum_nigrum\88cf2b19-d9ad-4451-9e48-5adff86b76a0.jpg,432,302,302 213 214 215 467,0.014889411812545982
data\raw\val\08717_Plantae_Tracheophyta_Magnoliopsida_Lamiales_Scrophulariaceae_Verbascum_nigrum\959a822b-035a-4e14-a0fb-782044ef7515.jpg,432,377,377 334 403 350 402,0.032914717188093565
data\raw\val\08750_Plantae_Tracheophyta_Magnoliopsida_Laurales_Lauraceae_Laurus_nobilis\e90cac8b-b101-491b-9957-9f4d2054ee30.jpg,433,448,448 454 61 439 405,0.029081803721119386
data\raw\val\08750_Plantae_Tracheophyta_Magnoliopsida_Laurales_Lauraceae_Laurus_nobilis\bef07e8a-3319-4a02-8772-56de0d598fcd.jpg,433,462,462 311 310 257 419,0.026812345308645968
data\raw\val\08750_Plantae_Tracheophyta_Magnoliopsida_Laurales_Lauraceae_Laurus_nobilis\7064e587-8deb-4c56-bab9-9053b4559d85.jpg,433,433,433 405 396 356 93,0.030022544636955997
data\raw\val\08750_Plantae_Tracheophyta_Magnoliopsida_Laurales_Lauraceae_Laurus_nobilis\f4af1f68-9f35-4d82-8ad7-7d4ae3912bd8.jpg,433,196,196 406 433 206 97,0.01921885966054466
data\raw\val\08750_Plantae_Tracheophyta_Magnoliopsida_Laurales_Lauraceae_Laurus_nobilis\af9524d8-293d-4406-9905-f31a5195ae25.jpg,433,440,440 477 433 434 311,0.041322577914560794
data\raw\val\08750_Plantae_Tracheophyta_Magnoliopsida_Laurales_Lauraceae_Laurus_nobilis\8f539cfd-5eda-4403-a4a3-ceb9d4c91c67.jpg,433,276,276 252 477 485 478,0.037437272570465044
data\raw\val\08750_Plantae_Tracheophyta_Magnoliopsida_Laurales_Lauraceae_Laurus_nobilis\32ae8c61-ad2c-4c7f-958b-facf7c56c3d2.jpg,433,460,460 310 462 443 453,0.018150524991016357
data\raw\val\08750_Plantae_Tracheophyta_Magnoliopsida_Laurales_Lauraceae_Laurus_nobilis\f85d022e-57e5-4c73-a4aa-c0d6c6f92499.jpg,433,405,405 113 112 105 65,0.049637358555461156
data\raw\val\08750_Plantae_Tracheophyta_Magnoliopsida_Laurales_Lauraceae_Laurus_nobilis\b90d8d4a-ae90-44d8-8c5a-cf94b590a3af.jpg,433,433,433 357 447 85 356,0.042975161156861515
data\raw\val\08750_Plantae_Tracheophyta_Magnoliopsida_Laurales_Lauraceae_Laurus_nobilis\c3dfc7f4-a896-4202-8b0a-cc2e13a1e8c2.jpg,433,462,462 460 481 445 452,0.021390970747070342
data\raw\val\08755_Plantae_Tracheophyta_Magnoliopsida_Laurales_Monimiaceae_Hedycarya_arborea\24036647-fb32-44dd-9868-c4248a09e9a1.jpg,434,222,222 193 483 198 358,0.014522739406990193
data\raw\val\08755_Plantae_Tracheophyta_Magnoliopsida_Laurales_Monimiaceae_Hedycarya_arborea\4e6b6ab6-7322-4b64-a714-2b4a2af85804.jpg,434,483,483 356 470 443 272,0.013122751208626979
data\raw\val\08755_Plantae_Tracheophyta_Magnoliopsida_Laurales_Monimiaceae_Hedycarya_arborea\54f3d015-161c-4ed3-93aa-e76d303eb14e.jpg,434,473,473 346 419 415 476,0.012226312114210505
data\raw\val\08755_Plantae_Tracheophyta_Magnoliopsida_Laurales_Monimiaceae_Hedycarya_arborea\101bdb93-f593-43e2-880b-2784062e1f3f.jpg,434,487,487 382 366 413 316,0.03456348391256077
data\raw\val\08755_Plantae_Tracheophyta_Magnoliopsida_Laurales_Monimiaceae_Hedycarya_arborea\d4bdd6c4-440a-4ffb-b1cc-08ae327cddb7.jpg,434,13,13 193 82 22 28,0.012263688200763331
data\raw\val\08755_Plantae_Tracheophyta_Magnoliopsida_Laurales_Monimiaceae_Hedycarya_arborea\3c002a63-0d95-43ba-bb01-3c1a5f5d8b1f.jpg,434,128,128 251 133 125 21,0.03738968385549006
data\raw\val\08755_Plantae_Tracheophyta_Magnoliopsida_Laurales_Monimiaceae_Hedycarya_arborea\50dbe6b5-242a-4589-b87d-b41dc7c7a8c5.jpg,434,435,435 209 399 395 222,0.04090006445221692
data\raw\val\08755_Plantae_Tracheophyta_Magnoliopsida_Laurales_Monimiaceae_Hedycarya_arborea\6e4122cf-0b7f-40fe-bad6-0a0a04de5646.jpg,434,122,122 128 21 121 104,0.0298984093029551
data\raw\val\08755_Plantae_Tracheophyta_Magnoliopsida_Laurales_Monimiaceae_Hedycarya_arborea\1aced7d9-31ed-40ba-a942-f4a8da142dc9.jpg,434,438,438 7 242 238 144,0.01886477722195011
data\raw\val\08755_Plantae_Tracheophyta_Magnoliopsida_Laurales_Monimiaceae_Hedycarya_arborea\5edc8697-3a83-4df1-8a3e-0b3906e3b78e.jpg,434,358,358 33 85 398 421,0.022070733841043556
data\raw\val\08761_Plantae_Tracheophyta_Magnoliopsida_Magnoliales_Magnoliaceae_Magnolia_grandiflora\8db7ec9e-12ac-4057-b9bb-dcb6203505c7.jpg,435,440,440 434 266 433 393,0.024815884405770677
data\raw\val\08761_Plantae_Tracheophyta_Magnoliopsida_Magnoliales_Magnoliaceae_Magnolia_grandiflora\b32ffd11-4760-4c5b-a5db-5e6a0ce618db.jpg,435,265,265 233 217 292 271,0.015302674784248455
data\raw\val\08761_Plantae_Tracheophyta_Magnoliopsida_Magnoliales_Magnoliaceae_Magnolia_grandiflora\e20a8831-a4b0-4db3-ab8a-de0e983dcdf3.jpg,435,204,204 199 486 476 156,0.01643625575424199
data\raw\val\08761_Plantae_Tracheophyta_Magnoliopsida_Magnoliales_Magnoliaceae_Magnolia_grandiflora\5997a953-747a-4909-8961-2d063d3a5ff8.jpg,435,448,448 140 447 34 436,0.027023990399044937
data\raw\val\08761_Plantae_Tracheophyta_Magnoliopsida_Magnoliales_Magnoliaceae_Magnolia_grandiflora\762440e3-bf1e-4e55-bb22-bd4c093fcecc.jpg,435,496,496 308 369 435 459,0.027780996555396377
data\raw\val\08761_Plantae_Tracheophyta_Magnoliopsida_Magnoliales_Magnoliaceae_Magnolia_grandiflora\a361dab0-dd85-4eb2-acd7-d715b3fb8da5.jpg,435,399,399 441 440 445 360,0.021806099074867785
data\raw\val\08761_Plantae_Tracheophyta_Magnoliopsida_Magnoliales_Magnoliaceae_Magnolia_grandiflora\7a917f42-e52a-44ac-9066-78ad0dc24e91.jpg,435,284,284 162 393 435 210,0.029356674040066297
data\raw\val\08761_Plantae_Tracheophyta_Magnoliopsida_Magnoliales_Magnoliaceae_Magnolia_grandiflora\3e848384-3b5e-49ac-b517-db117798d496.jpg,435,440,440 459 346 261 434,0.027254453920575992
data\raw\val\08761_Plantae_Tracheophyta_Magnoliopsida_Magnoliales_Magnoliaceae_Magnolia_grandiflora\3e7fe9c1-e32c-43c0-8629-4bd862b028be.jpg,435,369,369 441 393 436 190,0.025480908706043946
data\raw\val\08761_Plantae_Tracheophyta_Magnoliopsida_Magnoliales_Magnoliaceae_Magnolia_grandiflora\b6eed00f-6f49-4d4c-8fcf-1c4129d2c719.jpg,435,436,436 440 393 399 470,0.0524073821392357
data\raw\val\08763_Plantae_Tracheophyta_Magnoliopsida_Magnoliales_Magnoliaceae_Magnolia_tripetala\bc874ef7-568f-416b-865b-0ae6b9c0834f.jpg,436,436,436 162 302 393 397,0.028998379155429684
data\raw\val\08763_Plantae_Tracheophyta_Magnoliopsida_Magnoliales_Magnoliaceae_Magnolia_tripetala\9a0d9860-cdbc-4880-b6d3-461d76c14fee.jpg,436,37,37 443 462 424 481,0.027733069377344745
data\raw\val\08763_Plantae_Tracheophyta_Magnoliopsida_Magnoliales_Magnoliaceae_Magnolia_tripetala\cd11422c-c221-490e-9664-ed70ec08db53.jpg,436,394,394 395 252 129 400,0.030543623597552857
data\raw\val\08763_Plantae_Tracheophyta_Magnoliopsida_Magnoliales_Magnoliaceae_Magnolia_tripetala\a32e6a2d-124f-4a76-a582-85834aaa6e44.jpg,436,470,470 440 261 272 262,0.01654432192329102
data\raw\val\08763_Plantae_Tracheophyta_Magnoliopsida_Magnoliales_Magnoliaceae_Magnolia_tripetala\cf44fc3d-659e-41fd-bb26-2f9c6585bc5d.jpg,436,222,222 435 363 358 483,0.02095688451675432
data\raw\val\08763_Plantae_Tracheophyta_Magnoliopsida_Magnoliales_Magnoliaceae_Magnolia_tripetala\1ce89af3-bfe2-451a-b23d-7a19217f0532.jpg,436,397,397 222 210 382 393,0.014511876841795442
data\raw\val\08763_Plantae_Tracheophyta_Magnoliopsida_Magnoliales_Magnoliaceae_Magnolia_tripetala\38879925-3a55-4597-ba88-80d3c4ef8c2f.jpg,436,406,406 363 454 272 367,0.028035261503523735
data\raw\val\08763_Plantae_Tracheophyta_Magnoliopsida_Magnoliales_Magnoliaceae_Magnolia_tripetala\4af38f20-fadd-423c-96aa-f7af5cb7a26e.jpg,436,261,261 464 443 272 265,0.02174191279749924
data\raw\val\08763_Plantae_Tracheophyta_Magnoliopsida_Magnoliales_Magnoliaceae_Magnolia_tripetala\001530ea-e36e-4196-98ec-2e609f408ab5.jpg,436,400,400 66 357 82 96,0.016338292268388503
data\raw\val\08763_Plantae_Tracheophyta_Magnoliopsida_Magnoliales_Magnoliaceae_Magnolia_tripetala\fc54d105-da8d-4bdf-8c44-6e516fbb9dc3.jpg,436,360,360 436 434 311 440,0.03604646271462483
data\raw\val\08800_Plantae_Tracheophyta_Magnoliopsida_Malpighiales_Euphorbiaceae_Euphorbia_misera\75b75a27-1173-4ba6-9572-ef6a18a44de7.jpg,437,76,76 96 68 37 97,0.01398121088669544
data\raw\val\08800_Plantae_Tracheophyta_Magnoliopsida_Malpighiales_Euphorbiaceae_Euphorbia_misera\1e576984-dcf3-4fde-b3d4-508202deb2a8.jpg,437,257,257 387 275 409 341,0.0371526186663721
data\raw\val\08800_Plantae_Tracheophyta_Magnoliopsida_Malpighiales_Euphorbiaceae_Euphorbia_misera\354a6d57-5f21-4010-9f07-922ef1ef2c5c.jpg,437,314,314 327 313 437 418,0.0394664324627219
data\raw\val\08800_Plantae_Tracheophyta_Magnoliopsida_Malpighiales_Euphorbiaceae_Euphorbia_misera\3f5a7f59-8d05-42a4-8e4d-423dfb85b42a.jpg,437,31,31 317 19 89 23,0.014245573047162308
data\raw\val\08800_Plantae_Tracheophyta_Magnoliopsida_Malpighiales_Euphorbiaceae_Euphorbia_misera\dc851dc0-1e3d-48b1-bf38-03fb6596e350.jpg,437,331,331 267 263 291 430,0.021623269025547263
data\raw\val\08800_Plantae_Tracheophyta_Magnoliopsida_Malpighiales_Euphorbiaceae_Euphorbia_misera\1d2a3bd4-e847-42fa-b80b-7d742c3797f0.jpg,437,327,327 314 313 468 389,0.029671771297231603
data\raw\val\08800_Plantae_Tracheophyta_Magnoliopsida_Malpighiales_Euphorbiaceae_Euphorbia_misera\6084a1a5-9871-45b8-9809-2f00997e5f10.jpg,437,23,23 35 291 37 34,0.026958548991655763
data\raw\val\08800_Plantae_Tracheophyta_Magnoliopsida_Malpighiales_Euphorbiaceae_Euphorbia_misera\41bf9471-1d4d-4b94-b409-3402ecace55b.jpg,437,18,18 76 40 28 30,0.0072708432665407495
data\raw\val\08800_Plantae_Tracheophyta_Magnoliopsida_Malpighiales_Euphorbiaceae_Euphorbia_misera\e7a0e885-abd5-4091-8eb6-f1abb640a691.jpg,437,134,134 34 339 85 97,0.01589723530033
data\raw\val\08800_Plantae_Tracheophyta_Magnoliopsida_Malpighiales_Euphorbiaceae_Euphorbia_misera\b55b94b0-55c6-4df9-92a6-710bc5174e61.jpg,437,287,287 288 450 290 374,0.02249921301940689
data\raw\val\08810_Plantae_Tracheophyta_Magnoliopsida_Malpighiales_Euphorbiaceae_Euphorbia_serpillifolia\f3eae872-a4d8-4f3c-a60b-d3b747ea8aca.jpg,438,333,333 314 344 316 340,0.05306124874729075
data\raw\val\08810_Plantae_Tracheophyta_Magnoliopsida_Malpighiales_Euphorbiaceae_Euphorbia_serpillifolia\060b21dd-804b-46c0-9115-c8484288da42.jpg,438,409,409 481 462 460 416,0.03195350314114293
data\raw\val\08810_Plantae_Tracheophyta_Magnoliopsida_Malpighiales_Euphorbiaceae_Euphorbia_serpillifolia\856c7773-d924-4715-8091-9fede3256a32.jpg,438,443,443 438 258 37 472,0.06686351826476727
data\raw\val\08810_Plantae_Tracheophyta_Magnoliopsida_Malpighiales_Euphorbiaceae_Euphorbia_serpillifolia\2922a458-de37-4c84-90f0-e6f0575d770c.jpg,438,337,337 277 442 389 465,0.03597911360205968
data\raw\val\08810_Plantae_Tracheophyta_Magnoliopsida_Malpighiales_Euphorbiaceae_Euphorbia_serpillifolia\637e7f5c-02c1-4430-acb5-34aa63a3ee83.jpg,438,349,349 354 379 353 335,0.03062525157409456
data\raw\val\08810_Plantae_Tracheophyta_Magnoliopsida_Malpighiales_Euphorbiaceae_Euphorbia_serpillifolia\1fa7b690-ef15-4857-8b78-444294c39644.jpg,438,311,311 462 66 412 35,0.036841039837083346
data\raw\val\08810_Plantae_Tracheophyta_Magnoliopsida_Malpighiales_Euphorbiaceae_Euphorbia_serpillifolia\d060af38-4522-42ff-95c5-98bb65838799.jpg,438,470,470 440 447 362 94,0.013225137327294977
data\raw\val\08810_Plantae_Tracheophyta_Magnoliopsida_Malpighiales_Euphorbiaceae_Euphorbia_serpillifolia\22003b76-52e8-4258-a002-f1a0817a728d.jpg,438,343,343 11 409 345 333,0.018049225504726134
data\raw\val\08810_Plantae_Tracheophyta_Magnoliopsida_Malpighiales_Euphorbiaceae_Euphorbia_serpillifolia\a8b3705f-bd6a-4dd8-97d7-f8eb9a021eb2.jpg,438,35,35 66 34 28 16,0.013026159166072724
data\raw\val\08810_Plantae_Tracheophyta_Magnoliopsida_Malpighiales_Euphorbiaceae_Euphorbia_serpillifolia\b94ada06-cfb6-4b6c-9efd-f33bd617a395.jpg,438,257,257 364 471 438 416,0.06264797019918801
data\raw\val\08851_Plantae_Tracheophyta_Magnoliopsida_Malpighiales_Passifloraceae_Turnera_ulmifolia\e13e24b7-48ee-43dc-919a-8ef129505a5f.jpg,439,341,341 462 424 387 430,0.06599844628430158
data\raw\val\08851_Plantae_Tracheophyta_Magnoliopsida_Malpighiales_Passifloraceae_Turnera_ulmifolia\e63c73f9-322b-4ac2-88e0-5206e2646d47.jpg,439,350,350 353 379 402 282,0.028393325202618478
data\raw\val\08851_Plantae_Tracheophyta_Magnoliopsida_Malpighiales_Passifloraceae_Turnera_ulmifolia\ddf3d7d0-13a4-48ed-a85e-fd35f91e0e43.jpg,439,443,443 439 433 419 460,0.029966799267465347
data\raw\val\08851_Plantae_Tracheophyta_Magnoliopsida_Malpighiales_Passifloraceae_Turnera_ulmifolia\08bdcb82-0ce8-427a-a318-cd815645022b.jpg,439,353,353 308 267 299 326,0.020849830790624847
data\raw\val\08851_Plantae_Tracheophyta_Magnoliopsida_Malpighiales_Passifloraceae_Turnera_ulmifolia\ba83eb15-156b-4803-9665-d6cc4609a735.jpg,439,264,264 439 312 424 405,0.06698139801261112
data\raw\val\08851_Plantae_Tracheophyta_Magnoliopsida_Malpighiales_Passifloraceae_Turnera_ulmifolia\9afc3862-fa6d-4737-8e38-57a8d1cb2b34.jpg,439,439,439 485 456 356 260,0.0691646468625827
data\raw\val\08851_Plantae_Tracheophyta_Magnoliopsida_Malpighiales_Passifloraceae_Turnera_ulmifolia\c549450a-c245-42ac-b159-be050b9d6206.jpg,439,454,454 439 456 43 260,0.039910496708610715
data\raw\val\08851_Plantae_Tracheophyta_Magnoliopsida_Malpighiales_Passifloraceae_Turnera_ulmifolia\c6f78c3c-d7d8-4a83-a24f-ac2db5c6b6dc.jpg,439,439,439 405 485 412 456,0.03957365252434023
data\raw\val\08851_Plantae_Tracheophyta_Magnoliopsida_Malpighiales_Passifloraceae_Turnera_ulmifolia\12ce254b-e486-4993-a8e0-f113e19a5a68.jpg,439,456,456 474 482 439 106,0.021881984471898392
data\raw\val\08851_Plantae_Tracheophyta_Magnoliopsida_Malpighiales_Passifloraceae_Turnera_ulmifolia\cd4d48a4-ab2e-4e6a-9139-5c8a89b030ed.jpg,439,270,270 439 261 264 475,0.05386106541689647
data\raw\val\08852_Plantae_Tracheophyta_Magnoliopsida_Malpighiales_Phyllanthaceae_Bischofia_javanica\2c747802-4ac0-46ce-8f33-1b9a452a53a9.jpg,440,274,274 382 362 222 487,0.021094356400927713
data\raw\val\08852_Plantae_Tracheophyta_Magnoliopsida_Malpighiales_Phyllanthaceae_Bischofia_javanica\9a3f9b80-0bf2-4f6f-9a78-2b168a82d2b0.jpg,440,448,448 439 433 383 358,0.0414882259988239
data\raw\val\08852_Plantae_Tracheophyta_Magnoliopsida_Malpighiales_Phyllanthaceae_Bischofia_javanica\63067b9a-71ee-4a56-b759-aa89df1a9d81.jpg,440,198,198 207 206 193 85,0.019066397115766565
data\raw\val\08852_Plantae_Tracheophyta_Magnoliopsida_Malpighiales_Phyllanthaceae_Bischofia_javanica\4cce85e4-7aaf-4594-be4c-4b390478e188.jpg,440,471,471 382 315 363 399,0.022014215172713823
data\raw\val\08852_Plantae_Tracheophyta_Magnoliopsida_Malpighiales_Phyllanthaceae_Bischofia_javanica\2e26df50-c68b-4947-b332-92c402525151.jpg,440,398,398 413 124 486 477,0.023508333621931842
data\raw\val\08852_Plantae_Tracheophyta_Magnoliopsida_Malpighiales_Phyllanthaceae_Bischofia_javanica\070ecbad-06e7-4635-ad94-fda0134e61ab.jpg,440,440,440 398 448 486 477,0.023052578354076623
data\raw\val\08852_Plantae_Tracheophyta_Magnoliopsida_Malpighiales_Phyllanthaceae_Bischofia_javanica\e1310b0f-a1e9-4f97-bb4b-2455ecaaa04e.jpg,440,258,258 308 268 272 464,0.021812088623470154
data\raw\val\08852_Plantae_Tracheophyta_Magnoliopsida_Malpighiales_Phyllanthaceae_Bischofia_javanica\b7825cb5-4bd9-4110-95c4-7e66a599042f.jpg,440,308,308 473 273 307 335,0.02928437418782543
data\raw\val\08852_Plantae_Tracheophyta_Magnoliopsida_Malpighiales_Phyllanthaceae_Bischofia_javanica\48d54969-7424-471c-b24c-c36d98dec13e.jpg,440,478,478 440 464 307 447,0.01866247822594031
data\raw\val\08852_Plantae_Tracheophyta_Magnoliopsida_Malpighiales_Phyllanthaceae_Bischofia_javanica\f0e56d26-9590-4ff6-b68e-a1b60a96a8d7.jpg,440,434,434 478 451 435 433,0.027988787326344886
data\raw\val\08875_Plantae_Tracheophyta_Magnoliopsida_Malpighiales_Salicaceae_Salix_laevigata\054277fe-3477-45c1-8a2a-d3687cfc4ea0.jpg,441,260,260 403 326 331 263,0.04845366350648429
data\raw\val\08875_Plantae_Tracheophyta_Magnoliopsida_Malpighiales_Salicaceae_Salix_laevigata\309567d0-3a6a-4a1e-a209-01c4385a5df1.jpg,441,431,431 441 467 369 425,0.016309986774783684
data\raw\val\08875_Plantae_Tracheophyta_Magnoliopsida_Malpighiales_Salicaceae_Salix_laevigata\112c7b2d-7a6d-4a95-adc0-1d9c7cb2afee.jpg,441,374,374 289 297 338 388,0.027126407126691742
data\raw\val\08875_Plantae_Tracheophyta_Magnoliopsida_Malpighiales_Salicaceae_Salix_laevigata\36b5e199-1de5-4aba-8f08-b084ad7cac96.jpg,441,85,85 390 373 65 93,0.009853294660631914
data\raw\val\08875_Plantae_Tracheophyta_Magnoliopsida_Malpighiales_Salicaceae_Salix_laevigata\93b52e7b-563b-482d-b12c-59a0b8c1a161.jpg,441,440,440 441 451 362 354,0.02852942699929718
data\raw\val\08875_Plantae_Tracheophyta_Magnoliopsida_Malpighiales_Salicaceae_Salix_laevigata\9c2dc21d-dcea-491a-a2ea-6f8f97558304.jpg,441,201,201 479 451 466 361,0.015157014658168657
data\raw\val\08875_Plantae_Tracheophyta_Magnoliopsida_Malpighiales_Salicaceae_Salix_laevigata\68700a33-f221-482e-a9e6-c42611160317.jpg,441,441,441 284 435 369 293,0.018112038473474087
data\raw\val\08875_Plantae_Tracheophyta_Magnoliopsida_Malpighiales_Salicaceae_Salix_laevigata\43f635a4-6150-4c25-8c9a-9473578f7409.jpg,441,30,30 197 111 196 96,0.021473619385209912
data\raw\val\08875_Plantae_Tracheophyta_Magnoliopsida_Malpighiales_Salicaceae_Salix_laevigata\e06b1b42-9068-41f4-bcda-95c8f741f4a6.jpg,441,394,394 369 433 401 434,0.01552028612591397
data\raw\val\08875_Plantae_Tracheophyta_Magnoliopsida_Malpighiales_Salicaceae_Salix_laevigata\68820fb7-29d1-4835-a413-0cc823c687e4.jpg,441,441,441 399 434 397 376,0.03069417419354968
data\raw\val\08882_Plantae_Tracheophyta_Magnoliopsida_Malpighiales_Violaceae_Melicytus_alpinus\b25c3899-17f5-4a2a-80f6-bf7492859aaa.jpg,442,442,442 281 377 334 465,0.02878051373469923
data\raw\val\08882_Plantae_Tracheophyta_Magnoliopsida_Malpighiales_Violaceae_Melicytus_alpinus\e94bbc12-3308-4fde-ac8b-779e5b46e656.jpg,442,326,326 350 442 388 309,0.016250482990045678
data\raw\val\08882_Plantae_Tracheophyta_Magnoliopsida_Malpighiales_Violaceae_Melicytus_alpinus\987a3e89-fb33-4073-a7ce-9d3a2469d19c.jpg,442,258,258 28 285 233 343,0.03155047657407757
data\raw\val\08882_Plantae_Tracheophyta_Magnoliopsida_Malpighiales_Violaceae_Melicytus_alpinus\3b7be997-4cf7-4f98-830d-ff7b00892402.jpg,442,257,257 480 445 335 361,0.03100890778169525
data\raw\val\08882_Plantae_Tracheophyta_Magnoliopsida_Malpighiales_Violaceae_Melicytus_alpinus\789c86d1-500c-42c7-813a-fc8600c5154e.jpg,442,442,442 377 279 281 471,0.04799099717117655
data\raw\val\08882_Plantae_Tracheophyta_Magnoliopsida_Malpighiales_Violaceae_Melicytus_alpinus\588182ec-dbd3-4115-9fa4-1f9f86209fe5.jpg,442,293,293 465 306 200 428,0.04041766060495785
data\raw\val\08882_Plantae_Tracheophyta_Magnoliopsida_Malpighiales_Violaceae_Melicytus_alpinus\7aa378eb-fddb-43ec-ae59-e8f025d112da.jpg,442,272,272 261 349 265 258,0.07927662250606288
data\raw\val\08882_Plantae_Tracheophyta_Magnoliopsida_Malpighiales_Violaceae_Melicytus_alpinus\6fc3ff02-8587-486d-9b3f-15f1a0ccb21e.jpg,442,291,291 340 387 410 352,0.03032879140278389
data\raw\val\08882_Plantae_Tracheophyta_Magnoliopsida_Malpighiales_Violaceae_Melicytus_alpinus\e8bf6bc6-5856-4c60-b718-bb93481acbfd.jpg,442,369,369 275 452 394 367,0.02184839321677948
data\raw\val\08882_Plantae_Tracheophyta_Magnoliopsida_Malpighiales_Violaceae_Melicytus_alpinus\dae02a06-5ece-4c98-88e7-d79959bb264f.jpg,442,442,442 275 490 385 377,0.042771079830916416
data\raw\val\08888_Plantae_Tracheophyta_Magnoliopsida_Malpighiales_Violaceae_Viola_blanda\5965e72f-d372-47d6-b4d5-a18cacc3e40e.jpg,443,406,406 443 412 258 272,0.03638159946476401
data\raw\val\08888_Plantae_Tracheophyta_Magnoliopsida_Malpighiales_Violaceae_Viola_blanda\4b46d32b-c6db-484b-8e3f-3fdfb9cea6fe.jpg,443,383,383 311 310 66 453,0.06267082595655374
data\raw\val\08888_Plantae_Tracheophyta_Magnoliopsida_Malpighiales_Violaceae_Viola_blanda\cba59693-1c05-4c31-9960-37040356b011.jpg,443,462,462 453 408 445 477,0.030171595112084705
data\raw\val\08888_Plantae_Tracheophyta_Magnoliopsida_Malpighiales_Violaceae_Viola_blanda\f4855dd6-4d7d-4c40-9508-45a372be08dc.jpg,443,406,406 469 383 408 443,0.010022643645360615
data\raw\val\08888_Plantae_Tracheophyta_Magnoliopsida_Malpighiales_Violaceae_Viola_blanda\bd59f77a-f162-4ba1-9f70-84561511570f.jpg,443,83,83 90 10 67 36,0.018724927015020775
data\raw\val\08888_Plantae_Tracheophyta_Magnoliopsida_Malpighiales_Violaceae_Viola_blanda\9cc38501-51b0-4faf-bfb0-7c5ae290fcf1.jpg,443,261,261 428 350 232 294,0.030150735964250334
data\raw\val\08888_Plantae_Tracheophyta_Magnoliopsida_Malpighiales_Violaceae_Viola_blanda\8a7a1f85-1e21-42b1-a4b6-9a91cfcfbd48.jpg,443,408,408 448 406 356 443,0.017363607852229845
data\raw\val\08888_Plantae_Tracheophyta_Magnoliopsida_Malpighiales_Violaceae_Viola_blanda\e880e87a-349f-402d-9b9c-1eaa4d52ce04.jpg,443,406,406 71 69 26 28,0.015418033809281712
data\raw\val\08888_Plantae_Tracheophyta_Magnoliopsida_Malpighiales_Violaceae_Viola_blanda\645b92e2-0eca-40a2-93ce-a8d2211ee71e.jpg,443,148,148 147 172 146 149,0.011853553670200216
data\raw\val\08888_Plantae_Tracheophyta_Magnoliopsida_Malpighiales_Violaceae_Viola_blanda\c968198b-660f-40e7-87a6-b5dd8d7a8bfc.jpg,443,405,405 406 454 464 358,0.055192233415861686
data\raw\val\08917_Plantae_Tracheophyta_Magnoliopsida_Malpighiales_Violaceae_Viola_tricolor\83a69685-69f7-42d6-b109-10f04422a0c9.jpg,444,415,415 343 460 368 409,0.049811668032473076
data\raw\val\08917_Plantae_Tracheophyta_Magnoliopsida_Malpighiales_Violaceae_Viola_tricolor\79535cba-9516-4c41-a55d-3e6b42bf02a7.jpg,444,202,202 300 200 195 151,0.010788995386236214
data\raw\val\08917_Plantae_Tracheophyta_Magnoliopsida_Malpighiales_Violaceae_Viola_tricolor\7c9a2cc0-9931-460e-a2ef-8d5a4586f28e.jpg,444,297,297 120 353 446 372,0.0982440885478976
data\raw\val\08917_Plantae_Tracheophyta_Magnoliopsida_Malpighiales_Violaceae_Viola_tricolor\fcc656a0-1c14-41d5-88e1-4eeefe0be8e0.jpg,444,403,403 190 314 279 318,0.019883237066262865
data\raw\val\08917_Plantae_Tracheophyta_Magnoliopsida_Malpighiales_Violaceae_Viola_tricolor\bff8e7e3-8841-4e18-807e-1a6859dbaa4d.jpg,444,353,353 354 268 299 267,0.027694114009968736
data\raw\val\08917_Plantae_Tracheophyta_Magnoliopsida_Malpighiales_Violaceae_Viola_tricolor\b197af3d-650c-4aff-885c-e01ccecf3c9f.jpg,444,368,368 341 424 460 443,0.027928869607408972
data\raw\val\08917_Plantae_Tracheophyta_Magnoliopsida_Malpighiales_Violaceae_Viola_tricolor\6fd11e9f-e21e-4b4a-b95d-9bf6318f7888.jpg,444,452,452 358 468 383 421,0.017215147821977785
data\raw\val\08917_Plantae_Tracheophyta_Magnoliopsida_Malpighiales_Violaceae_Viola_tricolor\f7e54b59-e14f-475b-a845-b6c653a0e626.jpg,444,381,381 92 404 87 319,0.027919128384752488
data\raw\val\08917_Plantae_Tracheophyta_Magnoliopsida_Malpighiales_Violaceae_Viola_tricolor\0dfcfcfa-71fc-46d2-b2a9-18d1ae2012e6.jpg,444,361,361 371 366 327 463,0.034277584592852954
data\raw\val\08917_Plantae_Tracheophyta_Magnoliopsida_Malpighiales_Violaceae_Viola_tricolor\2b6c072a-c7b3-4a05-b5ca-e327ead9d0a8.jpg,444,245,245 147 152 158 148,0.010577368683860437
data\raw\val\08920_Plantae_Tracheophyta_Magnoliopsida_Malvales_Cistaceae_Cistus_albidus\8d420757-05ea-45e3-97e6-6c952b61bf19.jpg,445,124,124 274 269 492 9,0.015467224906734854
data\raw\val\08920_Plantae_Tracheophyta_Magnoliopsida_Malvales_Cistaceae_Cistus_albidus\5af805e2-5e98-49c7-80bd-7afa872789b6.jpg,445,275,275 490 378 321 336,0.02405979267844009
data\raw\val\08920_Plantae_Tracheophyta_Magnoliopsida_Malvales_Cistaceae_Cistus_albidus\c591f446-6954-44d6-91e8-33a76f2e21f6.jpg,445,401,401 367 368 443 387,0.012239390482572981
data\raw\val\08920_Plantae_Tracheophyta_Magnoliopsida_Malvales_Cistaceae_Cistus_albidus\c29484c2-2397-40de-97b4-4fb339f27870.jpg,445,287,287 442 363 369 292,0.02802696299324064
data\raw\val\08920_Plantae_Tracheophyta_Magnoliopsida_Malvales_Cistaceae_Cistus_albidus\f9423dab-cc6e-453b-ab63-f4fc82242337.jpg,445,453,453 310 412 352 407,0.019022862689108147
data\raw\val\08920_Plantae_Tracheophyta_Magnoliopsida_Malvales_Cistaceae_Cistus_albidus\0b72d32c-762d-41bc-ae1b-db271f33173f.jpg,445,97,97 68 447 472 291,0.015747445573629767
data\raw\val\08920_Plantae_Tracheophyta_Magnoliopsida_Malvales_Cistaceae_Cistus_albidus\65826895-7f3d-48e0-bd5b-4be11b645a82.jpg,445,193,193 14 206 96 198,0.02229298149615589
data\raw\val\08920_Plantae_Tracheophyta_Magnoliopsida_Malvales_Cistaceae_Cistus_albidus\c0a9fe4d-abec-4bce-b225-1499540569bb.jpg,445,112,112 364 326 297 105,0.026535061387433643
data\raw\val\08920_Plantae_Tracheophyta_Magnoliopsida_Malvales_Cistaceae_Cistus_albidus\cc6d319c-29e7-4410-9efe-d1f9aebf52df.jpg,445,318,318 282 442 323 287,0.025316653022509072
data\raw\val\08920_Plantae_Tracheophyta_Magnoliopsida_Malvales_Cistaceae_Cistus_albidus\7542089b-031b-4bd3-9677-a01e3eb057c2.jpg,445,310,310 478 470 346 483,0.016091989218326625
data\raw\val\08936_Plantae_Tracheophyta_Magnoliopsida_Malvales_Malvaceae_Callirhoe_pedata\43bdec78-3af6-49e6-bd2b-28a4b54a14c5.jpg,446,260,260 71 62 236 130,0.018963680258573548
data\raw\val\08936_Plantae_Tracheophyta_Magnoliopsida_Malvales_Malvaceae_Callirhoe_pedata\ee04bcd7-80ce-415d-96d0-c272d0a17a59.jpg,446,337,337 333 471 262 326,0.01973744342882109
data\raw\val\08936_Plantae_Tracheophyta_Magnoliopsida_Malvales_Malvaceae_Callirhoe_pedata\521159f0-6f08-456a-8236-42f370e3d343.jpg,446,260,260 374 465 297 282,0.06088300537490687
data\raw\val\08936_Plantae_Tracheophyta_Magnoliopsida_Malvales_Malvaceae_Callirhoe_pedata\bfd4d95d-acd1-4434-953e-4f787b5046a1.jpg,446,45,45 158 75 160 48,0.016556809444290565
data\raw\val\08936_Plantae_Tracheophyta_Magnoliopsida_Malvales_Malvaceae_Callirhoe_pedata\fa247cf0-00e8-4a57-804b-dce0acf63d1c.jpg,446,322,322 359 418 201 423,0.01739050008606202
data\raw\val\08936_Plantae_Tracheophyta_Magnoliopsida_Malvales_Malvaceae_Callirhoe_pedata\158dd89d-0ef0-4369-8050-e3d28839d070.jpg,446,306,306 376 402 389 281,0.028603124059181466
data\raw\val\08936_Plantae_Tracheophyta_Magnoliopsida_Malvales_Malvaceae_Callirhoe_pedata\41cafe2b-6477-434f-948f-3b36f7974eac.jpg,446,23,23 443 123 255 9,0.013889521742752466
data\raw\val\08936_Plantae_Tracheophyta_Magnoliopsida_Malvales_Malvaceae_Callirhoe_pedata\0e026ddc-2bd9-4340-90dd-b91553e714dd.jpg,446,403,403 381 378 446 402,0.028033089878979643
data\raw\val\08936_Plantae_Tracheophyta_Magnoliopsida_Malvales_Malvaceae_Callirhoe_pedata\42b2f57a-acc5-4713-a896-bcd38255463e.jpg,446,157,157 404 173 381 181,0.016119263140724354
data\raw\val\08936_Plantae_Tracheophyta_Magnoliopsida_Malvales_Malvaceae_Callirhoe_pedata\254937d8-20e9-44a5-a6ed-dc1b3a0d11e8.jpg,446,446,446 444 430 263 290,0.024656130781594003
data\raw\val\08946_Plantae_Tracheophyta_Magnoliopsida_Malvales_Malvaceae_Hibiscus_moscheutos\7c55eab5-065c-4dc4-9f60-588a3ca70719.jpg,447,448,448 276 434 477 435,0.03522802364287921
data\raw\val\08946_Plantae_Tracheophyta_Magnoliopsida_Malvales_Malvaceae_Hibiscus_moscheutos\9ffc1e12-6f5a-495f-b804-82b8a0beb637.jpg,447,142,142 374 192 263 284,0.01814485656694881
data\raw\val\08946_Plantae_Tracheophyta_Magnoliopsida_Malvales_Malvaceae_Hibiscus_moscheutos\60067a7b-6c4c-4c00-8450-9b38aa31be3d.jpg,447,448,448 96 85 93 447,0.04393184267393275
data\raw\val\08946_Plantae_Tracheophyta_Magnoliopsida_Malvales_Malvaceae_Hibiscus_moscheutos\518dc858-2b2e-42ce-95ee-8cfd87e4f056.jpg,447,116,116 107 217 111 235,0.014928987871226393
data\raw\val\08946_Plantae_Tracheophyta_Magnoliopsida_Malvales_Malvaceae_Hibiscus_moscheutos\64202f47-f6ff-4f63-9498-69917f24fdc7.jpg,447,338,338 459 374 309 353,0.026259620592835563
data\raw\val\08946_Plantae_Tracheophyta_Magnoliopsida_Malvales_Malvaceae_Hibiscus_moscheutos\3cc6b36d-f225-47cc-8a83-f4ed6b0f8c55.jpg,447,474,474 388 466 381 285,0.01998894293212889
data\raw\val\08946_Plantae_Tracheophyta_Magnoliopsida_Malvales_Malvaceae_Hibiscus_moscheutos\7aa6fd3b-670a-499c-aa96-d71079e65613.jpg,447,455,455 281 326 308 441,0.024679181633075555
data\raw\val\08946_Plantae_Tracheophyta_Magnoliopsida_Malvales_Malvaceae_Hibiscus_moscheutos\fbc4911f-0fb7-4c65-bda7-c95a6882c2c0.jpg,447,445,445 481 471 460 470,0.02395814776118202
data\raw\val\08946_Plantae_Tracheophyta_Magnoliopsida_Malvales_Malvaceae_Hibiscus_moscheutos\a75aef31-0feb-4e30-81c5-9df1d403c054.jpg,447,260,260 128 61 62 55,0.014304282597744277
data\raw\val\08946_Plantae_Tracheophyta_Magnoliopsida_Malvales_Malvaceae_Hibiscus_moscheutos\7be2eadd-3d22-4e05-9434-a47f61e5217c.jpg,447,485,485 448 412 260 400,0.03135392293244287
data\raw\val\08949_Plantae_Tracheophyta_Magnoliopsida_Malvales_Malvaceae_Hibiscus_tiliaceus\00beeeb3-7aff-452a-9f48-1226c756cd10.jpg,448,433,433 485 435 454 85,0.034037306811884466
data\raw\val\08949_Plantae_Tracheophyta_Magnoliopsida_Malvales_Malvaceae_Hibiscus_tiliaceus\0c26a548-27da-4c40-b572-9e5eba8cbb7d.jpg,448,111,111 63 16 26 197,0.010625808838219682
data\raw\val\08949_Plantae_Tracheophyta_Magnoliopsida_Malvales_Malvaceae_Hibiscus_tiliaceus\93b50963-a7fb-4bc6-9b9f-5b39cbc9cedd.jpg,448,245,245 158 20 17 148,0.00963715669648741
data\raw\val\08949_Plantae_Tracheophyta_Magnoliopsida_Malvales_Malvaceae_Hibiscus_tiliaceus\a736f26c-2a27-40ab-8ced-66d41b2aa5a1.jpg,448,485,485 434 448 454 471,0.05413873118116426
data\raw\val\08949_Plantae_Tracheophyta_Magnoliopsida_Malvales_Malvaceae_Hibiscus_tiliaceus\d4ed1474-d1f4-4ddf-9a25-6ba5c0185e4a.jpg,448,440,440 474 448 261 223,0.03497757602307286
data\raw\val\08949_Plantae_Tracheophyta_Magnoliopsida_Malvales_Malvaceae_Hibiscus_tiliaceus\1d29c105-364c-4969-9ca6-45a6d82df69e.jpg,448,454,454 96 64 60 71,0.014093275187903247
data\raw\val\08949_Plantae_Tracheophyta_Magnoliopsida_Malvales_Malvaceae_Hibiscus_tiliaceus\d477a5b9-efb3-413d-b28d-5f2243e929f5.jpg,448,448,448 477 175 93 485,0.04217761431376684
data\raw\val\08949_Plantae_Tracheophyta_Magnoliopsida_Malvales_Malvaceae_Hibiscus_tiliaceus\33f87967-8362-4327-b694-5e63a2c597ac.jpg,448,367,367 454 449 85 438,0.014307129201442172
data\raw\val\08949_Plantae_Tracheophyta_Magnoliopsida_Malvales_Malvaceae_Hibiscus_tiliaceus\b9356422-3636-4595-ab1d-317ab4ce8d32.jpg,448,452,452 382 394 363 222,0.024920743982887596
data\raw\val\08949_Plantae_Tracheophyta_Magnoliopsida_Malvales_Malvaceae_Hibiscus_tiliaceus\c515a57f-2fcc-4f4f-888b-c494c73270fc.jpg,448,487,487 274 371 445 315,0.03883365003562195
data\raw\val\08954_Plantae_Tracheophyta_Magnoliopsida_Malvales_Malvaceae_Malacothamnus_fasciculatus\118a3e40-bddf-40aa-8363-15d8ce6b6d3f.jpg,449,396,396 487 382 399 435,0.04141457587162819
data\raw\val\08954_Plantae_Tracheophyta_Magnoliopsida_Malvales_Malvaceae_Malacothamnus_fasciculatus\e780a31f-5e0a-469e-9d2c-1d4691890db3.jpg,449,361,361 416 438 257 471,0.035999010317996134
data\raw\val\08954_Plantae_Tracheophyta_Magnoliopsida_Malvales_Malvaceae_Malacothamnus_fasciculatus\04d021bc-51fb-40bb-8181-15ba31b32b59.jpg,449,418,418 426 281 369 379,0.01674922217109351
data\raw\val\08954_Plantae_Tracheophyta_Magnoliopsida_Malvales_Malvaceae_Malacothamnus_fasciculatus\63de3081-05ac-4417-bb97-cd602d3cc68a.jpg,449,123,123 62 130 15 18,0.01707891200499998
data\raw\val\08954_Plantae_Tracheophyta_Magnoliopsida_Malvales_Malvaceae_Malacothamnus_fasciculatus\5cb7a55b-cd96-40e3-a8f4-9a5116045753.jpg,449,449,449 364 352 430 468,0.038682296361341434
data\raw\val\08954_Plantae_Tracheophyta_Magnoliopsida_Malvales_Malvaceae_Malacothamnus_fasciculatus\8a681e45-b935-46a4-bf87-9f732fe599a3.jpg,449,416,416 335 460 344 481,0.03002079248085344
data\raw\val\08954_Plantae_Tracheophyta_Magnoliopsida_Malvales_Malvaceae_Malacothamnus_fasciculatus\6084029a-5d49-443a-8275-810c75b4c564.jpg,449,481,481 482 462 312 412,0.0213934606749135
data\raw\val\08954_Plantae_Tracheophyta_Magnoliopsida_Malvales_Malvaceae_Malacothamnus_fasciculatus\7864ee4d-0770-4c4c-a8bd-974dd78a354c.jpg,449,412,412 433 443 356 438,0.015338683955076636
data\raw\val\08954_Plantae_Tracheophyta_Magnoliopsida_Malvales_Malvaceae_Malacothamnus_fasciculatus\47780ca9-2c55-4f78-ab67-831b2ec1374d.jpg,449,34,34 291 97 16 134,0.011513357002003137
data\raw\val\08954_Plantae_Tracheophyta_Magnoliopsida_Malvales_Malvaceae_Malacothamnus_fasciculatus\31568ea5-671d-49b2-bf20-7fd65f3571e0.jpg,449,366,366 359 487 327 315,0.028919042798414105
data\raw\val\09001_Plantae_Tracheophyta_Magnoliopsida_Myrtales_Lythraceae_Lythrum_hyssopifolia\f9ba5c9a-60a2-4017-a84d-c14d025afc6a.jpg,450,334,334 321 385 384 340,0.024482869416933263
data\raw\val\09001_Plantae_Tracheophyta_Magnoliopsida_Myrtales_Lythraceae_Lythrum_hyssopifolia\9414d227-81ec-41d7-86ec-9c5bc57d3f29.jpg,450,496,496 350 498 402 372,0.04291682882956293
data\raw\val\09001_Plantae_Tracheophyta_Magnoliopsida_Myrtales_Lythraceae_Lythrum_hyssopifolia\3745d419-f46d-40ad-a76c-95848929001f.jpg,450,66,66 23 96 196 106,0.011911637341529271
data\raw\val\09001_Plantae_Tracheophyta_Magnoliopsida_Myrtales_Lythraceae_Lythrum_hyssopifolia\2e9419b6-b9bc-4f02-a63b-ec57bcd9ff78.jpg,450,365,365 358 452 421 396,0.04041010505311605
data\raw\val\09001_Plantae_Tracheophyta_Magnoliopsida_Myrtales_Lythraceae_Lythrum_hyssopifolia\bd8176f8-e4d9-4f70-a051-1399602e7b29.jpg,450,197,197 231 196 186 153,0.01705588304426521
data\raw\val\09001_Plantae_Tracheophyta_Magnoliopsida_Myrtales_Lythraceae_Lythrum_hyssopifolia\e1eaf11e-92d4-4bc7-af30-0bb6f5635bfe.jpg,450,419,419 411 410 390 415,0.011628404263298132
data\raw\val\09001_Plantae_Tracheophyta_Magnoliopsida_Myrtales_Lythraceae_Lythrum_hyssopifolia\04ddb9d6-cc25-4ee6-9dc3-f51b69978d12.jpg,450,113,113 356 153 43 112,0.041311267206873226
data\raw\val\09001_Plantae_Tracheophyta_Magnoliopsida_Myrtales_Lythraceae_Lythrum_hyssopifolia\b2b9acec-3bb9-4583-ad70-6c9c297118af.jpg,450,343,343 381 409 317 340,0.04491530694313693
data\raw\val\09001_Plantae_Tracheophyta_Magnoliopsida_Myrtales_Lythraceae_Lythrum_hyssopifolia\e1bb611f-7770-4f5d-850e-238830335e85.jpg,450,455,455 421 339 380 277,0.01034877501667138
data\raw\val\09001_Plantae_Tracheophyta_Magnoliopsida_Myrtales_Lythraceae_Lythrum_hyssopifolia\60c0da15-7fd8-47a4-b64b-ffb4737d3b17.jpg,450,243,243 476 426 376 473,0.011928822983705822
data\raw\val\09021_Plantae_Tracheophyta_Magnoliopsida_Myrtales_Myrtaceae_Metrosideros_umbellata\d47ce0a4-4e29-4e0e-9ba0-f177b8c7069f.jpg,451,333,333 316 314 345 327,0.03075372267681597
data\raw\val\09021_Plantae_Tracheophyta_Magnoliopsida_Myrtales_Myrtaceae_Metrosideros_umbellata\26407621-7d39-4a6d-bb77-4984a06c1ec2.jpg,451,67,67 86 196 284 198,0.016397079887065277
data\raw\val\09021_Plantae_Tracheophyta_Magnoliopsida_Myrtales_Myrtaceae_Metrosideros_umbellata\51951167-774e-4056-a588-32184908d442.jpg,451,428,428 498 334 458 281,0.017584660824610437
data\raw\val\09021_Plantae_Tracheophyta_Magnoliopsida_Myrtales_Myrtaceae_Metrosideros_umbellata\32c30705-0973-41b6-b458-29b0126a9374.jpg,451,51,51 149 146 254 58,0.02496421374822936
data\raw\val\09021_Plantae_Tracheophyta_Magnoliopsida_Myrtales_Myrtaceae_Metrosideros_umbellata\c1556862-8042-4e27-b79c-09407cefac08.jpg,451,96,96 65 103 16 231,0.018308020561157285
data\raw\val\09021_Plantae_Tracheophyta_Magnoliopsida_Myrtales_Myrtaceae_Metrosideros_umbellata\9d52b8b6-4416-4745-a555-ac6ebdb462c2.jpg,451,347,347 349 213 488 467,0.03127880082159152
data\raw\val\09021_Plantae_Tracheophyta_Magnoliopsida_Myrtales_Myrtaceae_Metrosideros_umbellata\a1a45670-9cf9-4016-86ca-34f66740543c.jpg,451,251,251 55 53 128 79,0.04080537395092608
data\raw\val\09021_Plantae_Tracheophyta_Magnoliopsida_Myrtales_Myrtaceae_Metrosideros_umbellata\c3935224-499d-4560-9731-44788eaec390.jpg,451,293,293 309 459 363 308,0.02067941167813067
data\raw\val\09021_Plantae_Tracheophyta_Magnoliopsida_Myrtales_Myrtaceae_Metrosideros_umbellata\3a948e0f-5ef8-4d42-bd87-a77d28297c29.jpg,451,308,308 307 261 403 420,0.039256625662386496
data\raw\val\09021_Plantae_Tracheophyta_Magnoliopsida_Myrtales_Myrtaceae_Metrosideros_umbellata\eae2dcd8-db49-42a8-a018-bb4b9cb62470.jpg,451,210,210 293 209 162 497,0.02088070747541314
data\raw\val\09022_Plantae_Tracheophyta_Magnoliopsida_Myrtales_Myrtaceae_Myrtus_communis\3f77525f-ce29-4fa5-96f6-ae07386b9aa0.jpg,452,264,264 439 43 358 387,0.02145351478669164
data\raw\val\09022_Plantae_Tracheophyta_Magnoliopsida_Myrtales_Myrtaceae_Myrtus_communis\2b6dfbc8-5b01-43bd-8291-ddc03f5ecd61.jpg,452,363,363 367 369 442 394,0.04830253194489874
data\raw\val\09022_Plantae_Tracheophyta_Magnoliopsida_Myrtales_Myrtaceae_Myrtus_communis\42a791b5-ab8a-47b6-be0f-eade26fcb51d.jpg,452,396,396 394 395 452 399,0.0401318822112345
data\raw\val\09022_Plantae_Tracheophyta_Magnoliopsida_Myrtales_Myrtaceae_Myrtus_communis\db8badeb-944a-4c2d-acda-033bb69c9860.jpg,452,433,433 447 362 401 357,0.027092784653795075
data\raw\val\09022_Plantae_Tracheophyta_Magnoliopsida_Myrtales_Myrtaceae_Myrtus_communis\c6760784-8847-4eba-822d-8778f13189dc.jpg,452,361,361 487 275 366 418,0.02950779360840357
data\raw\val\09022_Plantae_Tracheophyta_Magnoliopsida_Myrtales_Myrtaceae_Myrtus_communis\7cc582f9-1c53-4fc5-a0cd-2d9b26432a7e.jpg,452,452,452 43 222 364 368,0.02139342666481928
data\raw\val\09022_Plantae_Tracheophyta_Magnoliopsida_Myrtales_Myrtaceae_Myrtus_communis\f317c1ed-403d-4e8c-a089-b6179d2715f3.jpg,452,394,394 452 469 399 470,0.027051905062424827
data\raw\val\09022_Plantae_Tracheophyta_Magnoliopsida_Myrtales_Myrtaceae_Myrtus_communis\52e9135e-4c29-4847-861c-cb1612e179f9.jpg,452,469,469 317 455 287 408,0.015843569521669935
data\raw\val\09022_Plantae_Tracheophyta_Magnoliopsida_Myrtales_Myrtaceae_Myrtus_communis\655872e9-0d21-4745-8f13-8146b6bd00fb.jpg,452,401,401 367 341 371 452,0.024826048489052236
data\raw\val\09022_Plantae_Tracheophyta_Magnoliopsida_Myrtales_Myrtaceae_Myrtus_communis\7701445e-215a-4528-8e9b-51c4e8f4db0a.jpg,452,452,452 419 423 368 394,0.026471484040836095
data\raw\val\09033_Plantae_Tracheophyta_Magnoliopsida_Myrtales_Onagraceae_Circaea_lutetiana\d7202c61-a240-4c19-9d12-eec7353a82ee.jpg,453,374,374 265 331 97 367,0.016539093492240618
data\raw\val\09033_Plantae_Tracheophyta_Magnoliopsida_Myrtales_Onagraceae_Circaea_lutetiana\e63576e0-447d-4d8c-a507-8ddbadf371bc.jpg,453,487,487 467 436 451 460,0.013435250486116584
data\raw\val\09033_Plantae_Tracheophyta_Magnoliopsida_Myrtales_Onagraceae_Circaea_lutetiana\a3665420-ee3e-4f56-add4-66dd1ebea38c.jpg,453,407,407 352 379 482 349,0.027191803583932597
data\raw\val\09033_Plantae_Tracheophyta_Magnoliopsida_Myrtales_Onagraceae_Circaea_lutetiana\c16c9c8d-56a8-441d-97a2-480a75efaca9.jpg,453,193,193 1 197 184 183,0.014852420794872962
data\raw\val\09033_Plantae_Tracheophyta_Magnoliopsida_Myrtales_Onagraceae_Circaea_lutetiana\3374ddb7-551a-4906-8a15-c1d4f7fed0cd.jpg,453,311,311 310 462 415 412,0.027290403697376477
data\raw\val\09033_Plantae_Tracheophyta_Magnoliopsida_Myrtales_Onagraceae_Circaea_lutetiana\c39c5477-8f2b-444c-b48c-b9760c5a421b.jpg,453,383,383 311 66 456 14,0.01750865833980705
data\raw\val\09033_Plantae_Tracheophyta_Magnoliopsida_Myrtales_Onagraceae_Circaea_lutetiana\843fabee-f18b-4660-b333-7932cafca6eb.jpg,453,2,2 339 194 71 40,0.009418828126013723
data\raw\val\09033_Plantae_Tracheophyta_Magnoliopsida_Myrtales_Onagraceae_Circaea_lutetiana\81bf5042-57ca-4ef6-83ea-c5e8cb115e56.jpg,453,453,453 310 383 462 472,0.031027798301355557
data\raw\val\09033_Plantae_Tracheophyta_Magnoliopsida_Myrtales_Onagraceae_Circaea_lutetiana\9b02a256-1f0f-4c7f-8643-f95dda50a4c7.jpg,453,244,244 80 134 136 408,0.013688938405972944
data\raw\val\09033_Plantae_Tracheophyta_Magnoliopsida_Myrtales_Onagraceae_Circaea_lutetiana\2be8952e-fefe-4013-815f-04fc0194ef31.jpg,453,368,368 439 338 472 85,0.011755634917170023
data\raw\val\09055_Plantae_Tracheophyta_Magnoliopsida_Myrtales_Onagraceae_Ludwigia_peruviana\938f64db-d681-4683-8d85-221fb0b49050.jpg,454,405,405 96 80 454 464,0.0226593013308547
data\raw\val\09055_Plantae_Tracheophyta_Magnoliopsida_Myrtales_Onagraceae_Ludwigia_peruviana\415d2421-497a-4751-bda5-b98e75bbb38e.jpg,454,452,452 291 445 429 405,0.014374062460596587
data\raw\val\09055_Plantae_Tracheophyta_Magnoliopsida_Myrtales_Onagraceae_Ludwigia_peruviana\ca0ac054-bbc9-42ee-9fd7-2d1d625af7a0.jpg,454,61,61 454 456 60 96,0.03339627685822272
data\raw\val\09055_Plantae_Tracheophyta_Magnoliopsida_Myrtales_Onagraceae_Ludwigia_peruviana\0d05d148-3966-4cd8-9834-bd6b36fd0f6a.jpg,454,166,166 174 95 264 149,0.022092132750321392
data\raw\val\09055_Plantae_Tracheophyta_Magnoliopsida_Myrtales_Onagraceae_Ludwigia_peruviana\e1e727ad-ca20-4a8d-9e6e-136b74e83f2d.jpg,454,43,43 405 439 412 44,0.03276153734004983
data\raw\val\09055_Plantae_Tracheophyta_Magnoliopsida_Myrtales_Onagraceae_Ludwigia_peruviana\b163cb53-f186-4d59-a841-22ed8ff61728.jpg,454,66,66 61 96 80 23,0.020860530829402046
data\raw\val\09055_Plantae_Tracheophyta_Magnoliopsida_Myrtales_Onagraceae_Ludwigia_peruviana\08c82bd6-7e90-4c08-b9db-62ee151de12f.jpg,454,96,96 474 26 412 85,0.02033337331291421
data\raw\val\09055_Plantae_Tracheophyta_Magnoliopsida_Myrtales_Onagraceae_Ludwigia_peruviana\982dc5c9-95f4-43bd-ae32-02dba563cf34.jpg,454,441,441 362 418 476 293,0.024728864525588735
data\raw\val\09055_Plantae_Tracheophyta_Magnoliopsida_Myrtales_Onagraceae_Ludwigia_peruviana\8e4cbfdf-64f3-4ab4-b890-74cca4463e6c.jpg,454,320,320 321 322 431 314,0.018804774715457148
data\raw\val\09055_Plantae_Tracheophyta_Magnoliopsida_Myrtales_Onagraceae_Ludwigia_peruviana\ec0a900d-c1f7-42ee-9da2-07a7e04e494a.jpg,454,293,293 350 353 490 363,0.044665443160626324
data\raw\val\09063_Plantae_Tracheophyta_Magnoliopsida_Myrtales_Onagraceae_Oenothera_gaura\c9b05917-bf0f-4e36-be1d-bf1c04c80fd2.jpg,455,273,273 333 318 334 379,0.0397884574534742
data\raw\val\09063_Plantae_Tracheophyta_Magnoliopsida_Myrtales_Onagraceae_Oenothera_gaura\56849f9b-cd75-48f3-b4c0-a000b21de79a.jpg,455,403,403 378 402 281 350,0.0553983921022145
data\raw\val\09063_Plantae_Tracheophyta_Magnoliopsida_Myrtales_Onagraceae_Oenothera_gaura\89526e9f-f470-4515-9309-1977b49fd6d6.jpg,455,63,63 114 111 374 26,0.013574038001557081
data\raw\val\09063_Plantae_Tracheophyta_Magnoliopsida_Myrtales_Onagraceae_Oenothera_gaura\abf0c5b4-cec9-486d-ada2-9df6ebe9397c.jpg,455,414,414 354 366 417 316,0.03183791145371579
data\raw\val\09063_Plantae_Tracheophyta_Magnoliopsida_Myrtales_Onagraceae_Oenothera_gaura\f0729837-7cbc-457b-ba22-398a60675bed.jpg,455,260,260 296 106 450 114,0.022263207175962092
data\raw\val\09063_Plantae_Tracheophyta_Magnoliopsida_Myrtales_Onagraceae_Oenothera_gaura\2c47d0f2-e1a0-418d-851f-ffdbb8766867.jpg,455,281,281 335 308 318 324,0.025116253416812128
data\raw\val\09063_Plantae_Tracheophyta_Magnoliopsida_Myrtales_Onagraceae_Oenothera_gaura\27ed466a-be4f-40f8-b03f-db8881172292.jpg,455,321,321 361 421 417 334,0.039856340063919124
data\raw\val\09063_Plantae_Tracheophyta_Magnoliopsida_Myrtales_Onagraceae_Oenothera_gaura\35d4c4fe-0c3a-4101-98de-592ed476853b.jpg,455,297,297 170 67 112 68,0.012789719711637249
data\raw\val\09063_Plantae_Tracheophyta_Magnoliopsida_Myrtales_Onagraceae_Oenothera_gaura\07c387c2-c5ff-4c3e-88d1-39975f0bdf88.jpg,455,333,333 320 325 461 281,0.02137572980573245
data\raw\val\09063_Plantae_Tracheophyta_Magnoliopsida_Myrtales_Onagraceae_Oenothera_gaura\fbfd1156-a590-4019-be63-a553261336b6.jpg,455,4,4 32 99 112 44,0.010545204107583715
data\raw\val\09085_Plantae_Tracheophyta_Magnoliopsida_Nymphaeales_Nymphaeaceae_Nymphaea_nouchali\8ca301b5-47f4-4dec-9009-f516d7f79b17.jpg,456,66,66 68 147 173 82,0.010531146334248138
data\raw\val\09085_Plantae_Tracheophyta_Magnoliopsida_Nymphaeales_Nymphaeaceae_Nymphaea_nouchali\532ce0ab-c48a-4cae-a060-51394934118e.jpg,456,169,169 51 14 168 143,0.010440943359007214
data\raw\val\09085_Plantae_Tracheophyta_Magnoliopsida_Nymphaeales_Nymphaeaceae_Nymphaea_nouchali\9bc2cc5a-e42e-4f46-8998-29505ba8cac3.jpg,456,411,411 14 173 66 108,0.02648238185490626
data\raw\val\09085_Plantae_Tracheophyta_Magnoliopsida_Nymphaeales_Nymphaeaceae_Nymphaea_nouchali\8d1dfa0c-712a-488b-963e-349646d1cf78.jpg,456,355,355 243 392 498 226,0.05010864009669959
data\raw\val\09085_Plantae_Tracheophyta_Magnoliopsida_Nymphaeales_Nymphaeaceae_Nymphaea_nouchali\1072cfaf-910b-4fea-ac72-8a3ebd9040ff.jpg,456,439,439 456 312 272 447,0.05886365851546085
data\raw\val\09085_Plantae_Tracheophyta_Magnoliopsida_Nymphaeales_Nymphaeaceae_Nymphaea_nouchali\b3feee6b-6d07-49d2-9a30-aa48b505ac9f.jpg,456,148,148 32 147 160 66,0.02276603392690659
data\raw\val\09085_Plantae_Tracheophyta_Magnoliopsida_Nymphaeales_Nymphaeaceae_Nymphaea_nouchali\56c19422-7fa6-454b-b1a1-62e180c67428.jpg,456,369,369 367 423 394 382,0.04049153539505744
data\raw\val\09085_Plantae_Tracheophyta_Magnoliopsida_Nymphaeales_Nymphaeaceae_Nymphaea_nouchali\6f0bc051-9df3-4e43-903e-76f723122492.jpg,456,411,411 37 164 173 147,0.024848069649855947
data\raw\val\09085_Plantae_Tracheophyta_Magnoliopsida_Nymphaeales_Nymphaeaceae_Nymphaea_nouchali\5ae98eba-380d-4bd9-a6d4-cd053494a7b4.jpg,456,456,456 14 439 260 412,0.050701269781403345
data\raw\val\09085_Plantae_Tracheophyta_Magnoliopsida_Nymphaeales_Nymphaeaceae_Nymphaea_nouchali\46642572-49de-4f92-beb4-3afad1f56b64.jpg,456,104,104 66 456 96 14,0.018867469334758066
data\raw\val\09099_Plantae_Tracheophyta_Magnoliopsida_Oxalidales_Oxalidaceae_Oxalis_luteola\a2d802cf-2332-4bde-ade5-1cddbc854f1d.jpg,457,265,265 341 288 267 430,0.029198130191036183
data\raw\val\09099_Plantae_Tracheophyta_Magnoliopsida_Oxalidales_Oxalidaceae_Oxalis_luteola\1cf36018-8a04-4aa9-a20e-4609cea5b80a.jpg,457,403,403 307 419 408 454,0.016443271366160053
data\raw\val\09099_Plantae_Tracheophyta_Magnoliopsida_Oxalidales_Oxalidaceae_Oxalis_luteola\e5361caf-381c-45c9-82e6-649bb328e126.jpg,457,457,457 274 230 342 329,0.02494832916897821
data\raw\val\09099_Plantae_Tracheophyta_Magnoliopsida_Oxalidales_Oxalidaceae_Oxalis_luteola\e9b0f38c-1a99-4106-bc78-9a1b0595dcf7.jpg,457,224,224 10 11 118 242,0.03352950408769878
data\raw\val\09099_Plantae_Tracheophyta_Magnoliopsida_Oxalidales_Oxalidaceae_Oxalis_luteola\cbf88db6-a2fa-4ba9-876f-4a4df596d81a.jpg,457,459,459 308 287 375 458,0.013982965032982846
data\raw\val\09099_Plantae_Tracheophyta_Magnoliopsida_Oxalidales_Oxalidaceae_Oxalis_luteola\98d40740-5934-4eea-a4dd-f95304129833.jpg,457,387,387 343 324 408 331,0.021647479640503488
data\raw\val\09099_Plantae_Tracheophyta_Magnoliopsida_Oxalidales_Oxalidaceae_Oxalis_luteola\55091de8-6f60-41d8-b2b4-ebc24093b6ec.jpg,457,297,297 374 285 298 446,0.025779607548719833
data\raw\val\09099_Plantae_Tracheophyta_Magnoliopsida_Oxalidales_Oxalidaceae_Oxalis_luteola\77ca9ac4-2ec0-4c86-b211-b96be8d2dcd5.jpg,457,471,471 443 408 484 412,0.02239113869132763
data\raw\val\09099_Plantae_Tracheophyta_Magnoliopsida_Oxalidales_Oxalidaceae_Oxalis_luteola\5e688212-2b0f-4603-8973-45da09d06c47.jpg,457,350,350 377 402 379 333,0.029616044039719364
data\raw\val\09099_Plantae_Tracheophyta_Magnoliopsida_Oxalidales_Oxalidaceae_Oxalis_luteola\201e2c21-64ba-4540-9afe-ea5dfa477281.jpg,457,465,465 372 267 309 350,0.0265479620876128
data\raw\val\09130_Plantae_Tracheophyta_Magnoliopsida_Proteales_Proteaceae_Leucadendron_salignum\4b21a5d4-4520-487c-a1f6-1cc801ec6cef.jpg,458,306,306 301 305 392 303,0.05235492379348086
data\raw\val\09130_Plantae_Tracheophyta_Magnoliopsida_Proteales_Proteaceae_Leucadendron_salignum\b966e559-0c89-47c4-9bc9-6933579015d3.jpg,458,373,373 285 289 374 324,0.024290032190584624
data\raw\val\09130_Plantae_Tracheophyta_Magnoliopsida_Proteales_Proteaceae_Leucadendron_salignum\dd1826be-30d8-448a-858e-51ea3db9c2b3.jpg,458,377,377 441 418 498 322,0.03154033864698242
data\raw\val\09130_Plantae_Tracheophyta_Magnoliopsida_Proteales_Proteaceae_Leucadendron_salignum\b1504f0a-2fcf-40d9-b34a-c6faba3f372c.jpg,458,458,458 459 297 338 375,0.0785330426485106
data\raw\val\09130_Plantae_Tracheophyta_Magnoliopsida_Proteales_Proteaceae_Leucadendron_salignum\d2277835-75ef-48cd-a5f1-70f2e5ea664b.jpg,458,274,274 489 244 134 245,0.06619508343291734
data\raw\val\09130_Plantae_Tracheophyta_Magnoliopsida_Proteales_Proteaceae_Leucadendron_salignum\06181e22-9eb1-45d9-8072-111be862c94e.jpg,458,458,458 498 459 303 494,0.08561055705924518
data\raw\val\09130_Plantae_Tracheophyta_Magnoliopsida_Proteales_Proteaceae_Leucadendron_salignum\b465eb09-369d-4a6d-9633-269733b82dbe.jpg,458,459,459 394 209 210 479,0.029606277409806637
data\raw\val\09130_Plantae_Tracheophyta_Magnoliopsida_Proteales_Proteaceae_Leucadendron_salignum\d48fe06c-4e5e-472b-9838-491f1ce52722.jpg,458,280,280 220 223 214 213,0.02183821274494513
data\raw\val\09130_Plantae_Tracheophyta_Magnoliopsida_Proteales_Proteaceae_Leucadendron_salignum\0f348a83-6172-4440-854c-ba5d707601fe.jpg,458,224,224 325 316 214 240,0.04646147308252255
data\raw\val\09130_Plantae_Tracheophyta_Magnoliopsida_Proteales_Proteaceae_Leucadendron_salignum\b10d6811-131c-40d5-91ae-b40e390affff.jpg,458,477,477 394 451 436 448,0.020410912596561432
data\raw\val\09139_Plantae_Tracheophyta_Magnoliopsida_Proteales_Proteaceae_Protea_repens\9821a387-82e7-41ed-9bc4-7d802f338f2e.jpg,459,498,498 459 303 494 375,0.14260662818316952
data\raw\val\09139_Plantae_Tracheophyta_Magnoliopsida_Proteales_Proteaceae_Protea_repens\1c15f3e5-8392-4f87-9fd6-6b332256c0dc.jpg,459,374,374 289 297 263 260,0.031585669285133774
data\raw\val\09139_Plantae_Tracheophyta_Magnoliopsida_Proteales_Proteaceae_Protea_repens\091fef3e-aed9-40f4-aa95-8562eb974a60.jpg,459,142,142 459 263 297 289,0.021840960955390117
data\raw\val\09139_Plantae_Tracheophyta_Magnoliopsida_Proteales_Proteaceae_Protea_repens\2b295a50-5c77-429d-a6da-7a57e23f7087.jpg,459,459,459 284 278 494 476,0.021195366279459345
data\raw\val\09139_Plantae_Tracheophyta_Magnoliopsida_Proteales_Proteaceae_Protea_repens\9243fc53-81ab-410b-8421-7616edf825bd.jpg,459,459,459 263 338 364 363,0.02040001702226696
data\raw\val\09139_Plantae_Tracheophyta_Magnoliopsida_Proteales_Proteaceae_Protea_repens\d29b94ca-c97f-4224-9df0-8f8ce34260e9.jpg,459,410,410 343 409 480 288,0.018734015352323472
data\raw\val\09139_Plantae_Tracheophyta_Magnoliopsida_Proteales_Proteaceae_Protea_repens\809abe43-f90c-4e99-9536-7434895c8ff5.jpg,459,458,458 294 303 319 428,0.03451749911451055
data\raw\val\09139_Plantae_Tracheophyta_Magnoliopsida_Proteales_Proteaceae_Protea_repens\06adb6b9-907d-4e2a-b4df-36279429c6cc.jpg,459,458,458 381 295 309 491,0.027281601921477296
data\raw\val\09139_Plantae_Tracheophyta_Magnoliopsida_Proteales_Proteaceae_Protea_repens\c2c1d2bd-c1e4-4ad9-a902-83c56a0196ce.jpg,459,458,458 489 355 199 160,0.026577106826250335
data\raw\val\09139_Plantae_Tracheophyta_Magnoliopsida_Proteales_Proteaceae_Protea_repens\6a349686-2638-472c-9238-760c5c3c196e.jpg,459,263,263 273 459 326 289,0.039814191582045494
data\raw\val\09142_Plantae_Tracheophyta_Magnoliopsida_Ranunculales_Berberidaceae_Berberis_aquifolium\d82521ef-3a5f-4ffd-adff-107d46febf3c.jpg,460,246,246 244 424 255 429,0.022039277369850892
data\raw\val\09142_Plantae_Tracheophyta_Magnoliopsida_Ranunculales_Berberidaceae_Berberis_aquifolium\dc189786-0b02-4eb0-a597-27eb87374f56.jpg,460,443,443 453 424 482 257,0.03385782364831488
data\raw\val\09142_Plantae_Tracheophyta_Magnoliopsida_Ranunculales_Berberidaceae_Berberis_aquifolium\f0fa2c78-e842-4cfd-9183-2e88ba02fd09.jpg,460,481,481 23 34 80 206,0.013996721138542279
data\raw\val\09142_Plantae_Tracheophyta_Magnoliopsida_Ranunculales_Berberidaceae_Berberis_aquifolium\2b697a80-5a94-4b25-87ab-9e2f503a754e.jpg,460,460,460 492 257 480 315,0.02417541309245061
data\raw\val\09142_Plantae_Tracheophyta_Magnoliopsida_Ranunculales_Berberidaceae_Berberis_aquifolium\e1b19fc4-55ae-4e7b-a0aa-1af117b10b7e.jpg,460,460,460 443 387 405 424,0.026996603622027823
data\raw\val\09142_Plantae_Tracheophyta_Magnoliopsida_Ranunculales_Berberidaceae_Berberis_aquifolium\483d6428-d878-4627-9856-d8b19c476441.jpg,460,452,452 360 429 396 394,0.038564622401826426
data\raw\val\09142_Plantae_Tracheophyta_Magnoliopsida_Ranunculales_Berberidaceae_Berberis_aquifolium\3fbd3a8c-0269-4ece-b83e-3762ddbbe82c.jpg,460,435,435 452 399 382 397,0.04253572730856288
data\raw\val\09142_Plantae_Tracheophyta_Magnoliopsida_Ranunculales_Berberidaceae_Berberis_aquifolium\89bcf806-2fda-47d3-a495-8a6032226d3e.jpg,460,491,491 306 295 465 428,0.03982815251574993
data\raw\val\09142_Plantae_Tracheophyta_Magnoliopsida_Ranunculales_Berberidaceae_Berberis_aquifolium\9dd6a69b-2e76-4134-8473-916c0d9c4733.jpg,460,481,481 37 357 68 460,0.03172491119397574
data\raw\val\09142_Plantae_Tracheophyta_Magnoliopsida_Ranunculales_Berberidaceae_Berberis_aquifolium\9dbea741-d4f9-4be4-bded-31a2b8077e4b.jpg,460,460,460 338 288 368 421,0.015342748569471678
data\raw\val\09186_Plantae_Tracheophyta_Magnoliopsida_Ranunculales_Papaveraceae_Papaver_rhoeas\76fa0581-74d2-483e-9a7e-54dea0d41826.jpg,461,363,363 293 385 297 120,0.027897038293071066
data\raw\val\09186_Plantae_Tracheophyta_Magnoliopsida_Ranunculales_Papaveraceae_Papaver_rhoeas\62a58b9f-815a-45ac-b2e9-59ccf04eada9.jpg,461,291,291 35 472 312 483,0.01686289446456929
data\raw\val\09186_Plantae_Tracheophyta_Magnoliopsida_Ranunculales_Papaveraceae_Papaver_rhoeas\6e68e0fd-38b7-4141-9337-7dd3114ae9b9.jpg,461,314,314 320 327 333 313,0.03525707869494399
data\raw\val\09186_Plantae_Tracheophyta_Magnoliopsida_Ranunculales_Papaveraceae_Papaver_rhoeas\304d841f-6422-4b9d-81ee-2ef663719a3c.jpg,461,37,37 411 310 482 344,0.03015010698427904
data\raw\val\09186_Plantae_Tracheophyta_Magnoliopsida_Ranunculales_Papaveraceae_Papaver_rhoeas\8df90e42-af2b-4202-80f8-90b9894cf55f.jpg,461,469,469 423 354 394 478,0.01646019375624228
data\raw\val\09186_Plantae_Tracheophyta_Magnoliopsida_Ranunculales_Papaveraceae_Papaver_rhoeas\53fa3594-2894-4a33-80ac-b61b53ed0561.jpg,461,461,461 90 387 384 432,0.012848598964207019
data\raw\val\09186_Plantae_Tracheophyta_Magnoliopsida_Ranunculales_Papaveraceae_Papaver_rhoeas\9cccff8f-732d-458d-9106-2d76e3274c8f.jpg,461,254,254 438 314 7 359,0.023373295537518043
data\raw\val\09186_Plantae_Tracheophyta_Magnoliopsida_Ranunculales_Papaveraceae_Papaver_rhoeas\6dac18d3-f84c-4696-a6ee-0639d5e82eaf.jpg,461,376,376 467 262 292 287,0.018451898045878063
data\raw\val\09186_Plantae_Tracheophyta_Magnoliopsida_Ranunculales_Papaveraceae_Papaver_rhoeas\d349e183-17c1-44ff-9a5d-87d4c6501501.jpg,461,335,335 333 273 429 473,0.022021614262135742
data\raw\val\09186_Plantae_Tracheophyta_Magnoliopsida_Ranunculales_Papaveraceae_Papaver_rhoeas\98750789-308c-4b0b-9823-1d4d677f76e0.jpg,461,243,243 466 292 227 162,0.014418033473663775
data\raw\val\09192_Plantae_Tracheophyta_Magnoliopsida_Ranunculales_Papaveraceae_Stylophorum_diphyllum\e7b413db-e806-41fe-9a5d-3508e61a7c46.jpg,462,443,443 258 474 269 261,0.027083594983035027
data\raw\val\09192_Plantae_Tracheophyta_Magnoliopsida_Ranunculales_Papaveraceae_Stylophorum_diphyllum\6487e89e-4721-4217-b504-79fbc21b8f25.jpg,462,310,310 462 345 409 383,0.03707373860428361
data\raw\val\09192_Plantae_Tracheophyta_Magnoliopsida_Ranunculales_Papaveraceae_Stylophorum_diphyllum\21abb9dd-2d71-4a3e-81ad-ba8764547d3d.jpg,462,311,311 462 412 439 485,0.03135226314573024
data\raw\val\09192_Plantae_Tracheophyta_Magnoliopsida_Ranunculales_Papaveraceae_Stylophorum_diphyllum\16c982f9-24e2-496d-948e-6a72501a9181.jpg,462,409,409 340 414 437 416,0.014809786987134633
data\raw\val\09192_Plantae_Tracheophyta_Magnoliopsida_Ranunculales_Papaveraceae_Stylophorum_diphyllum\b7a9703b-e6f7-43b1-a861-dc58c85333f8.jpg,462,311,311 357 82 66 412,0.03733797665101478
data\raw\val\09192_Plantae_Tracheophyta_Magnoliopsida_Ranunculales_Papaveraceae_Stylophorum_diphyllum\3d620c5c-d015-4b68-892d-92e36e153c59.jpg,462,416,416 341 445 257 449,0.02218124805238351
data\raw\val\09192_Plantae_Tracheophyta_Magnoliopsida_Ranunculales_Papaveraceae_Stylophorum_diphyllum\f5209b20-78a8-4933-a7af-276f969ba587.jpg,462,411,411 462 317 415 311,0.12704282961816
data\raw\val\09192_Plantae_Tracheophyta_Magnoliopsida_Ranunculales_Papaveraceae_Stylophorum_diphyllum\d0eb3c88-2eb0-42cc-a333-d6e95878431c.jpg,462,489,489 487 396 391 371,0.03426921931646043
data\raw\val\09192_Plantae_Tracheophyta_Magnoliopsida_Ranunculales_Papaveraceae_Stylophorum_diphyllum\1149bbdf-b39b-4270-aa7c-2ec46f38bddf.jpg,462,439,439 356 433 93 85,0.03320914473978323
data\raw\val\09192_Plantae_Tracheophyta_Magnoliopsida_Ranunculales_Papaveraceae_Stylophorum_diphyllum\f2e9f17b-59f7-486d-b595-56188ded817b.jpg,462,462,462 383 453 310 311,0.18434456819655817
data\raw\val\09219_Plantae_Tracheophyta_Magnoliopsida_Ranunculales_Ranunculaceae_Aquilegia_flavescens\eab6e796-cdfd-4578-a308-85b339e7de5e.jpg,463,363,363 455 323 386 421,0.02948367922761575
data\raw\val\09219_Plantae_Tracheophyta_Magnoliopsida_Ranunculales_Ranunculaceae_Aquilegia_flavescens\b10b4144-adca-4433-ae3b-7485596cfe5b.jpg,463,382,382 363 386 429 371,0.025345779538806828
data\raw\val\09219_Plantae_Tracheophyta_Magnoliopsida_Ranunculales_Ranunculaceae_Aquilegia_flavescens\8caebc4e-b6f4-49ef-893b-17f7c6eb87c9.jpg,463,460,460 445 473 481 499,0.0350299299526316
data\raw\val\09219_Plantae_Tracheophyta_Magnoliopsida_Ranunculales_Ranunculaceae_Aquilegia_flavescens\9281710d-4f3a-422a-8b2d-d81a70a55dae.jpg,463,23,23 80 19 66 125,0.010167903494026955
data\raw\val\09219_Plantae_Tracheophyta_Magnoliopsida_Ranunculales_Ranunculaceae_Aquilegia_flavescens\dec02080-dfba-4fb4-847d-37d3d51b9d47.jpg,463,65,65 66 16 48 23,0.03145832955876218
data\raw\val\09219_Plantae_Tracheophyta_Magnoliopsida_Ranunculales_Ranunculaceae_Aquilegia_flavescens\d2175c46-4c99-4615-a8d3-1eea1cb64860.jpg,463,471,471 341 484 385 291,0.017623860265129056
data\raw\val\09219_Plantae_Tracheophyta_Magnoliopsida_Ranunculales_Ranunculaceae_Aquilegia_flavescens\fe71457b-b2ad-445f-a104-6386b0ce5d57.jpg,463,340,340 317 411 68 453,0.017998266999116403
data\raw\val\09219_Plantae_Tracheophyta_Magnoliopsida_Ranunculales_Ranunculaceae_Aquilegia_flavescens\0495ea9e-4086-4dbb-8f9f-af0f6f7867bf.jpg,463,452,452 361 366 445 371,0.01927980300150354
data\raw\val\09219_Plantae_Tracheophyta_Magnoliopsida_Ranunculales_Ranunculaceae_Aquilegia_flavescens\36f9912f-25a6-4eb8-8caa-85e954d485c7.jpg,463,452,452 394 367 449 421,0.024646126698379924
data\raw\val\09219_Plantae_Tracheophyta_Magnoliopsida_Ranunculales_Ranunculaceae_Aquilegia_flavescens\967f1f19-06fe-4a5f-8958-10475f240d3a.jpg,463,317,317 462 411 14 409,0.022035347522440175
data\raw\val\09230_Plantae_Tracheophyta_Magnoliopsida_Ranunculales_Ranunculaceae_Clematis_occidentalis\78b184b0-b430-4164-bd4f-1db49b4ee2e9.jpg,464,10,10 68 26 87 474,0.010647395598277902
data\raw\val\09230_Plantae_Tracheophyta_Magnoliopsida_Ranunculales_Ranunculaceae_Clematis_occidentalis\9622f2ce-a51e-4b97-b653-31d140df226a.jpg,464,265,265 464 261 374 289,0.03234958144228701
data\raw\val\09230_Plantae_Tracheophyta_Magnoliopsida_Ranunculales_Ranunculaceae_Clematis_occidentalis\1d971e87-705f-40bc-bfca-1f5d83dacfbf.jpg,464,373,373 412 419 408 310,0.04211252392967239
data\raw\val\09230_Plantae_Tracheophyta_Magnoliopsida_Ranunculales_Ranunculaceae_Clematis_occidentalis\491dff05-074a-4534-b542-2255dc3026f5.jpg,464,415,415 346 478 310 360,0.015632623141086287
data\raw\val\09230_Plantae_Tracheophyta_Magnoliopsida_Ranunculales_Ranunculaceae_Clematis_occidentalis\b174c180-3d69-49aa-ab3b-2a200b96ab23.jpg,464,464,464 96 412 408 406,0.028322570186691046
data\raw\val\09230_Plantae_Tracheophyta_Magnoliopsida_Ranunculales_Ranunculaceae_Clematis_occidentalis\4db62e95-5674-46de-9778-f157e3da8225.jpg,464,406,406 96 462 68 317,0.022914284493324468
data\raw\val\09230_Plantae_Tracheophyta_Magnoliopsida_Ranunculales_Ranunculaceae_Clematis_occidentalis\e61f5fb7-07e9-4f6b-bd28-d748ca13ee67.jpg,464,347,347 274 344 414 361,0.03066582852312252
data\raw\val\09230_Plantae_Tracheophyta_Magnoliopsida_Ranunculales_Ranunculaceae_Clematis_occidentalis\b9a20da9-bf4a-4923-85b7-fd129e835177.jpg,464,194,194 293 142 186 116,0.01057087933196352
data\raw\val\09230_Plantae_Tracheophyta_Magnoliopsida_Ranunculales_Ranunculaceae_Clematis_occidentalis\1efc47f5-7cff-4cce-a595-1b3bba12ac51.jpg,464,448,448 436 470 398 477,0.04039832375085056
data\raw\val\09230_Plantae_Tracheophyta_Magnoliopsida_Ranunculales_Ranunculaceae_Clematis_occidentalis\48c2e97a-19f2-414e-a1af-af48ca071f94.jpg,464,297,297 388 465 446 472,0.06529339232821701
data\raw\val\09256_Plantae_Tracheophyta_Magnoliopsida_Ranunculales_Ranunculaceae_Pulsatilla_nuttalliana\e7a1374f-2cdf-4ffe-a14e-ca584500957d.jpg,465,491,491 226 350 240 446,0.033995109852796135
data\raw\val\09256_Plantae_Tracheophyta_Magnoliopsida_Ranunculales_Ranunculaceae_Pulsatilla_nuttalliana\d4817916-4291-40c2-ad67-081d485e329f.jpg,465,426,426 281 490 243 369,0.015754538327420763
data\raw\val\09256_Plantae_Tracheophyta_Magnoliopsida_Ranunculales_Ranunculaceae_Pulsatilla_nuttalliana\6282ff3e-580b-477c-a4e5-7f8c439bee21.jpg,465,107,107 174 115 186 116,0.020519389031982003
data\raw\val\09256_Plantae_Tracheophyta_Magnoliopsida_Ranunculales_Ranunculaceae_Pulsatilla_nuttalliana\20b73876-2329-4f0a-bc73-7934c2f3bc5c.jpg,465,267,267 293 442 385 260,0.02484879836595233
data\raw\val\09256_Plantae_Tracheophyta_Magnoliopsida_Ranunculales_Ranunculaceae_Pulsatilla_nuttalliana\f114b63d-782b-4c5a-b08e-b7b4f9a30de2.jpg,465,466,466 325 316 498 489,0.027331172920003585
data\raw\val\09256_Plantae_Tracheophyta_Magnoliopsida_Ranunculales_Ranunculaceae_Pulsatilla_nuttalliana\c9483c61-4d35-4b47-b4bc-5b997105cc5b.jpg,465,297,297 446 285 298 374,0.07987401499034648
data\raw\val\09256_Plantae_Tracheophyta_Magnoliopsida_Ranunculales_Ranunculaceae_Pulsatilla_nuttalliana\d88a39ce-842f-4a5c-aa77-cb31da8d356a.jpg,465,263,263 289 285 444 374,0.04495696953025741
data\raw\val\09256_Plantae_Tracheophyta_Magnoliopsida_Ranunculales_Ranunculaceae_Pulsatilla_nuttalliana\d765560a-fdf2-441a-997a-d2704a0de064.jpg,465,260,260 374 265 292 446,0.06929213614476083
data\raw\val\09256_Plantae_Tracheophyta_Magnoliopsida_Ranunculales_Ranunculaceae_Pulsatilla_nuttalliana\6d551826-787a-4dbf-89a1-3b31598c7753.jpg,465,353,353 350 465 372 374,0.048842262107714265
data\raw\val\09256_Plantae_Tracheophyta_Magnoliopsida_Ranunculales_Ranunculaceae_Pulsatilla_nuttalliana\a573bd81-e210-487f-bc15-8880470cd1d6.jpg,465,294,294 428 36 293 261,0.030173868644086
data\raw\val\09288_Plantae_Tracheophyta_Magnoliopsida_Rosales_Cannabaceae_Cannabis_sativa\f7a06f38-c325-4730-be26-19befaf49203.jpg,466,66,66 14 474 472 443,0.03107806638987154
data\raw\val\09288_Plantae_Tracheophyta_Magnoliopsida_Rosales_Cannabaceae_Cannabis_sativa\7b558354-5da1-4fff-84fb-c84c67e9dd40.jpg,466,458,458 284 309 303 326,0.04424272070982317
data\raw\val\09288_Plantae_Tracheophyta_Magnoliopsida_Rosales_Cannabaceae_Cannabis_sativa\f2cac33f-60a9-4b51-930f-9c5e0315d1d5.jpg,466,107,107 278 497 15 472,0.0133738500388395
data\raw\val\09288_Plantae_Tracheophyta_Magnoliopsida_Rosales_Cannabaceae_Cannabis_sativa\9ad71fb1-7dc2-482b-8377-b2b42d548542.jpg,466,92,92 87 466 162 36,0.0358762481439328
data\raw\val\09288_Plantae_Tracheophyta_Magnoliopsida_Rosales_Cannabaceae_Cannabis_sativa\9dd385e4-778c-4145-8f0c-43186ba30b99.jpg,466,331,331 267 388 294 308,0.0219543683224721
data\raw\val\09288_Plantae_Tracheophyta_Magnoliopsida_Rosales_Cannabaceae_Cannabis_sativa\532d2876-812d-4d4b-ad4c-4179cfe4dd18.jpg,466,394,394 452 336 222 423,0.020793394748105657
data\raw\val\09288_Plantae_Tracheophyta_Magnoliopsida_Rosales_Cannabaceae_Cannabis_sativa\4f68e3bb-1ed8-42ef-9955-f31243927b0d.jpg,466,326,326 418 281 392 333,0.021439096765502163
data\raw\val\09288_Plantae_Tracheophyta_Magnoliopsida_Rosales_Cannabaceae_Cannabis_sativa\ccdadd56-a4f8-4928-abbe-4061168ec732.jpg,466,425,425 349 488 389 347,0.0161255491319953
data\raw\val\09288_Plantae_Tracheophyta_Magnoliopsida_Rosales_Cannabaceae_Cannabis_sativa\f2640255-e18e-4521-916b-079c2f5b8271.jpg,466,466,466 407 285 346 343,0.04391321564544888
data\raw\val\09288_Plantae_Tracheophyta_Magnoliopsida_Rosales_Cannabaceae_Cannabis_sativa\33cc6331-17d1-4c12-bf71-93cf3f9f1d5e.jpg,466,447,447 485 263 289 412,0.03401208378430723
data\raw\val\09309_Plantae_Tracheophyta_Magnoliopsida_Rosales_Moraceae_Ficus_petiolaris\8a365cd8-e48c-4679-af5c-9830c366dbe2.jpg,467,327,327 451 316 487 325,0.033723618500558494
data\raw\val\09309_Plantae_Tracheophyta_Magnoliopsida_Rosales_Moraceae_Ficus_petiolaris\839dcc1a-f6d2-4bd5-96b4-a246c6bd1840.jpg,467,347,347 422 227 488 348,0.035590830940038995
data\raw\val\09309_Plantae_Tracheophyta_Magnoliopsida_Rosales_Moraceae_Ficus_petiolaris\a83b9725-eac8-483c-8838-c453ab44d488.jpg,467,363,363 364 197 338 358,0.03772987691696381
data\raw\val\09309_Plantae_Tracheophyta_Magnoliopsida_Rosales_Moraceae_Ficus_petiolaris\65177d9b-9ce7-4d2e-a79f-4d85784a3217.jpg,467,316,316 487 334 490 361,0.01994400076271732
data\raw\val\09309_Plantae_Tracheophyta_Magnoliopsida_Rosales_Moraceae_Ficus_petiolaris\632cb222-410e-4279-80b1-d9b29e837a2a.jpg,467,303,303 428 278 223 319,0.07645336341751682
data\raw\val\09309_Plantae_Tracheophyta_Magnoliopsida_Rosales_Moraceae_Ficus_petiolaris\f6328e41-0d17-44ff-825f-b906309813a9.jpg,467,490,490 435 467 399 440,0.027181850315611482
data\raw\val\09309_Plantae_Tracheophyta_Magnoliopsida_Rosales_Moraceae_Ficus_petiolaris\b26835a2-2704-4983-b816-c78b404479b9.jpg,467,433,433 37 412 445 345,0.012671347293955484
data\raw\val\09309_Plantae_Tracheophyta_Magnoliopsida_Rosales_Moraceae_Ficus_petiolaris\c6067b88-82b6-4563-9b34-011792dd7fc2.jpg,467,363,363 293 394 467 353,0.024309021396729368
data\raw\val\09309_Plantae_Tracheophyta_Magnoliopsida_Rosales_Moraceae_Ficus_petiolaris\827ac79c-1999-4d31-a7b3-2981b56c4d9d.jpg,467,139,139 241 3 153 218,0.011373537005311497
data\raw\val\09309_Plantae_Tracheophyta_Magnoliopsida_Rosales_Moraceae_Ficus_petiolaris\2ed503e6-f6bd-4f88-ac8a-55d98e8c8fe8.jpg,467,214,214 215 213 224 467,0.02388897799409575
data\raw\val\09333_Plantae_Tracheophyta_Magnoliopsida_Rosales_Rhamnaceae_Ceanothus_verrucosus\ba0970b4-edd1-41cd-9f69-87842518ac22.jpg,468,37,37 28 477 291 23,0.02125945125732278
data\raw\val\09333_Plantae_Tracheophyta_Magnoliopsida_Rosales_Rhamnaceae_Ceanothus_verrucosus\00f6891d-2dc0-4886-aee1-cf0416a1ba33.jpg,468,468,468 340 370 421 315,0.049073573656103396
data\raw\val\09333_Plantae_Tracheophyta_Magnoliopsida_Rosales_Rhamnaceae_Ceanothus_verrucosus\3abae90e-1fbc-4270-92c2-c64ebc928e7a.jpg,468,315,315 322 358 274 366,0.023825299655450455
data\raw\val\09333_Plantae_Tracheophyta_Magnoliopsida_Rosales_Rhamnaceae_Ceanothus_verrucosus\8164841f-811e-4d69-96e0-04b9e057179a.jpg,468,438,438 226 7 406 359,0.020886107510622802
data\raw\val\09333_Plantae_Tracheophyta_Magnoliopsida_Rosales_Rhamnaceae_Ceanothus_verrucosus\3a38b570-78cf-4c6a-91ba-34153e0823d2.jpg,468,196,196 130 263 40 66,0.012318582553171583
data\raw\val\09333_Plantae_Tracheophyta_Magnoliopsida_Rosales_Rhamnaceae_Ceanothus_verrucosus\1e8310db-df43-47ec-b313-82ef4f0b03e9.jpg,468,442,442 313 337 323 314,0.10197080763250013
data\raw\val\09333_Plantae_Tracheophyta_Magnoliopsida_Rosales_Rhamnaceae_Ceanothus_verrucosus\38652bb4-050b-4a5b-85e8-c234576ce1a3.jpg,468,468,468 327 487 322 274,0.030087495480873375
data\raw\val\09333_Plantae_Tracheophyta_Magnoliopsida_Rosales_Rhamnaceae_Ceanothus_verrucosus\320bc2a6-f397-4803-b5d0-1cea0ff780a3.jpg,468,468,468 449 461 335 327,0.023646098101000282
data\raw\val\09333_Plantae_Tracheophyta_Magnoliopsida_Rosales_Rhamnaceae_Ceanothus_verrucosus\577dceec-017f-4c64-840f-e1ad6a0de371.jpg,468,468,468 320 449 254 139,0.023145669148610666
data\raw\val\09333_Plantae_Tracheophyta_Magnoliopsida_Rosales_Rhamnaceae_Ceanothus_verrucosus\269672b3-07e1-4f1d-992d-e50586a728a2.jpg,468,389,389 385 325 313 442,0.05998730746698328
data\raw\val\09338_Plantae_Tracheophyta_Magnoliopsida_Rosales_Rhamnaceae_Frangula_californica\22445a9f-c6fe-46fe-a509-79ad0b9a2d36.jpg,469,327,327 314 418 441 438,0.03340786518809662
data\raw\val\09338_Plantae_Tracheophyta_Magnoliopsida_Rosales_Rhamnaceae_Frangula_californica\9cbf8940-b372-4ef4-af7c-d5e34bb94312.jpg,469,96,96 82 66 412 95,0.04991322526812513
data\raw\val\09338_Plantae_Tracheophyta_Magnoliopsida_Rosales_Rhamnaceae_Frangula_californica\4de2b9a1-55ef-4157-a639-724f9d570951.jpg,469,265,265 440 266 373 261,0.05924647697291567
data\raw\val\09338_Plantae_Tracheophyta_Magnoliopsida_Rosales_Rhamnaceae_Frangula_californica\0c95f8d4-4a1f-4e07-b029-ac60c902e6e7.jpg,469,394,394 452 419 368 421,0.013259270590426654
data\raw\val\09338_Plantae_Tracheophyta_Magnoliopsida_Rosales_Rhamnaceae_Frangula_californica\c9a283ac-f20c-4ab4-8fe2-4f906fcf911f.jpg,469,383,383 406 310 311 356,0.04150395296592934
data\raw\val\09338_Plantae_Tracheophyta_Magnoliopsida_Rosales_Rhamnaceae_Frangula_californica\f10f3d76-9f9c-4045-a592-70f81b98aeaa.jpg,469,317,317 409 414 346 437,0.037622758736893046
data\raw\val\09338_Plantae_Tracheophyta_Magnoliopsida_Rosales_Rhamnaceae_Frangula_californica\af915332-867d-442a-99fd-0ba17efb38f0.jpg,469,452,452 394 401 469 408,0.0351151192267895
data\raw\val\09338_Plantae_Tracheophyta_Magnoliopsida_Rosales_Rhamnaceae_Frangula_californica\43571e29-5a78-40f0-bf2a-e416a1cd5386.jpg,469,293,293 363 309 353 472,0.03062914740807365
data\raw\val\09338_Plantae_Tracheophyta_Magnoliopsida_Rosales_Rhamnaceae_Frangula_californica\75e68870-882c-4aa9-9f68-f67df810cf58.jpg,469,363,363 469 435 369 394,0.03753610174491752
data\raw\val\09338_Plantae_Tracheophyta_Magnoliopsida_Rosales_Rhamnaceae_Frangula_californica\8f7070eb-d3ec-4593-be8f-51070586b3f8.jpg,469,413,413 382 399 487 366,0.040911920353555134
data\raw\val\09404_Plantae_Tracheophyta_Magnoliopsida_Rosales_Rosaceae_Photinia_serratifolia\0281aff1-b9de-447d-9c1f-aabe9ec6cb72.jpg,470,196,196 206 153 434 40,0.01686547535075711
data\raw\val\09404_Plantae_Tracheophyta_Magnoliopsida_Rosales_Rosaceae_Photinia_serratifolia\bf476747-c56b-46b4-8060-92d0b3255266.jpg,470,321,321 489 445 366 336,0.019984164935440377
data\raw\val\09404_Plantae_Tracheophyta_Magnoliopsida_Rosales_Rosaceae_Photinia_serratifolia\345d7be8-de6c-4575-812a-bdb71a2500fd.jpg,470,481,481 474 470 264 439,0.02807598307847052
data\raw\val\09404_Plantae_Tracheophyta_Magnoliopsida_Rosales_Rosaceae_Photinia_serratifolia\234f64ea-0a75-41f1-9532-18669eff1746.jpg,470,404,404 221 225 243 319,0.025112723971934554
data\raw\val\09404_Plantae_Tracheophyta_Magnoliopsida_Rosales_Rosaceae_Photinia_serratifolia\93fc9f73-62d7-4696-8aec-c8fd97076cdb.jpg,470,315,315 421 492 371 341,0.019334347618716354
data\raw\val\09404_Plantae_Tracheophyta_Magnoliopsida_Rosales_Rosaceae_Photinia_serratifolia\219d8163-26c1-4228-9330-040570830534.jpg,470,460,460 419 472 462 481,0.04292081848812209
data\raw\val\09404_Plantae_Tracheophyta_Magnoliopsida_Rosales_Rosaceae_Photinia_serratifolia\8ade64ef-6c39-4ce9-b6a2-45086a45f80a.jpg,470,470,470 440 460 475 362,0.019630664885802066
data\raw\val\09404_Plantae_Tracheophyta_Magnoliopsida_Rosales_Rosaceae_Photinia_serratifolia\d46c624b-bdd7-4c7b-9a6c-a393c2397d1e.jpg,470,426,426 390 333 364 470,0.012620668467828732
data\raw\val\09404_Plantae_Tracheophyta_Magnoliopsida_Rosales_Rosaceae_Photinia_serratifolia\cf617091-81f3-4c1e-9ec1-6151767ef889.jpg,470,435,435 395 396 399 393,0.03723817992011135
data\raw\val\09404_Plantae_Tracheophyta_Magnoliopsida_Rosales_Rosaceae_Photinia_serratifolia\13cbd704-7aa4-4e0e-8e05-9ed7b0a30e56.jpg,470,295,295 491 226 301 428,0.03970652027570341
data\raw\val\09444_Plantae_Tracheophyta_Magnoliopsida_Rosales_Rosaceae_Rosa_bracteata\22e95361-b026-4786-8630-3d0f0fdbadbe.jpg,471,366,366 471 487 371 418,0.04656377960556745
data\raw\val\09444_Plantae_Tracheophyta_Magnoliopsida_Rosales_Rosaceae_Rosa_bracteata\0b2e6592-20ae-438d-b953-e423a2ef6102.jpg,471,337,337 471 484 341 444,0.027360957251217663
data\raw\val\09444_Plantae_Tracheophyta_Magnoliopsida_Rosales_Rosaceae_Rosa_bracteata\1de720f7-f04e-4dc5-ace8-463e1c4fd883.jpg,471,257,257 366 246 274 489,0.05165677256127019
data\raw\val\09444_Plantae_Tracheophyta_Magnoliopsida_Rosales_Rosaceae_Rosa_bracteata\c92fae20-0589-40e0-a03c-6edf41470951.jpg,471,401,401 371 341 360 266,0.02700904020539955
data\raw\val\09444_Plantae_Tracheophyta_Magnoliopsida_Rosales_Rosaceae_Rosa_bracteata\7f9e92a6-83d9-4b12-9e56-ff86ccd3c999.jpg,471,405,405 341 363 358 471,0.046978721405294195
data\raw\val\09444_Plantae_Tracheophyta_Magnoliopsida_Rosales_Rosaceae_Rosa_bracteata\18a317e5-6a25-407d-b679-fcfed2ead970.jpg,471,385,385 281 471 353 309,0.037350930852546434
data\raw\val\09444_Plantae_Tracheophyta_Magnoliopsida_Rosales_Rosaceae_Rosa_bracteata\e565241d-9ae9-47e7-b517-92b889e68d49.jpg,471,363,363 358 364 449 485,0.043876997466553935
data\raw\val\09444_Plantae_Tracheophyta_Magnoliopsida_Rosales_Rosaceae_Rosa_bracteata\70b9f122-b1cd-4d41-ab8d-eacf2eca92ff.jpg,471,327,327 413 359 418 437,0.023462720180754734
data\raw\val\09444_Plantae_Tracheophyta_Magnoliopsida_Rosales_Rosaceae_Rosa_bracteata\ef72218b-293d-4b3f-a4e3-6bfef77d4817.jpg,471,471,471 260 125 386 332,0.0195876902752779
data\raw\val\09444_Plantae_Tracheophyta_Magnoliopsida_Rosales_Rosaceae_Rosa_bracteata\83878fe5-68b1-4c4b-952a-a2f4a983b02c.jpg,471,487,487 321 366 397 489,0.035204916582847974
data\raw\val\09460_Plantae_Tracheophyta_Magnoliopsida_Rosales_Rosaceae_Rubus_bifrons\aadaafee-4fbe-4fb1-b63b-0beb441d1461.jpg,472,474,474 311 310 383 472,0.0675714391620348
data\raw\val\09460_Plantae_Tracheophyta_Magnoliopsida_Rosales_Rosaceae_Rubus_bifrons\f581858a-6dce-44d3-9def-04a14b486658.jpg,472,148,148 66 32 97 244,0.0137733180736651
data\raw\val\09460_Plantae_Tracheophyta_Magnoliopsida_Rosales_Rosaceae_Rubus_bifrons\58758649-ae8b-4797-a16b-919cb2ad03bf.jpg,472,356,356 198 93 96 175,0.027157076915463506
data\raw\val\09460_Plantae_Tracheophyta_Magnoliopsida_Rosales_Rosaceae_Rubus_bifrons\c37015c9-7fd4-4631-8e93-0e5d4888f8b4.jpg,472,294,294 381 304 465 200,0.036957451954105026
data\raw\val\09460_Plantae_Tracheophyta_Magnoliopsida_Rosales_Rosaceae_Rubus_bifrons\72033db7-cedc-4211-b36c-94c1e3c5cc51.jpg,472,369,369 287 362 442 308,0.02998278016360794
data\raw\val\09460_Plantae_Tracheophyta_Magnoliopsida_Rosales_Rosaceae_Rubus_bifrons\719726e1-1857-4b3a-b43f-3cb976cc3c5b.jpg,472,378,378 288 381 423 480,0.01917124604019746
data\raw\val\09460_Plantae_Tracheophyta_Magnoliopsida_Rosales_Rosaceae_Rubus_bifrons\c66858d7-111d-4e5a-9975-225aa73a751d.jpg,472,424,424 312 401 472 371,0.03949350249847703
data\raw\val\09460_Plantae_Tracheophyta_Magnoliopsida_Rosales_Rosaceae_Rubus_bifrons\040f7fef-98ab-4e50-86f7-2096c546ff5c.jpg,472,494,494 472 497 253 288,0.025120299407551977
data\raw\val\09460_Plantae_Tracheophyta_Magnoliopsida_Rosales_Rosaceae_Rubus_bifrons\4887abd8-3575-4425-83a6-2235c39bf9d9.jpg,472,311,311 462 383 310 453,0.044422826038865236
data\raw\val\09460_Plantae_Tracheophyta_Magnoliopsida_Rosales_Rosaceae_Rubus_bifrons\52f71fd9-c56b-4452-acde-6e2d35532e84.jpg,472,453,453 482 310 472 383,0.0290155926689641
data\raw\val\09468_Plantae_Tracheophyta_Magnoliopsida_Rosales_Rosaceae_Rubus_laciniatus\9872d8ef-5a07-43d8-bef9-084c60040a72.jpg,473,344,344 409 379 438 343,0.0343267260167721
data\raw\val\09468_Plantae_Tracheophyta_Magnoliopsida_Rosales_Rosaceae_Rubus_laciniatus\66bd7ef8-ae88-4250-aa3d-714db7b9d7e0.jpg,473,445,445 481 453 460 462,0.030836545079300098
data\raw\val\09468_Plantae_Tracheophyta_Magnoliopsida_Rosales_Rosaceae_Rubus_laciniatus\26553bc2-639b-47f2-8504-15cd061b2b48.jpg,473,407,407 310 345 411 343,0.029582360522351813
data\raw\val\09468_Plantae_Tracheophyta_Magnoliopsida_Rosales_Rosaceae_Rubus_laciniatus\4d5a7eb4-a2c7-4a29-b2db-1f812986470b.jpg,473,415,415 473 261 499 466,0.056827281582138685
data\raw\val\09468_Plantae_Tracheophyta_Magnoliopsida_Rosales_Rosaceae_Rubus_laciniatus\ba07c373-2e13-4b71-9a35-1d2c930e5939.jpg,473,415,415 310 406 433 111,0.02544215896621592
data\raw\val\09468_Plantae_Tracheophyta_Magnoliopsida_Rosales_Rosaceae_Rubus_laciniatus\bcd64498-6b44-4dae-b814-b2732846e912.jpg,473,415,415 473 499 411 410,0.15512123204644493
data\raw\val\09468_Plantae_Tracheophyta_Magnoliopsida_Rosales_Rosaceae_Rubus_laciniatus\60db9243-1ece-4162-9be1-df7494c242c7.jpg,473,443,443 406 356 383 469,0.029245691317298712
data\raw\val\09468_Plantae_Tracheophyta_Magnoliopsida_Rosales_Rosaceae_Rubus_laciniatus\68c0e1ae-8892-4ce0-9262-62748fe4b645.jpg,473,411,411 37 33 34 111,0.023839647703539812
data\raw\val\09468_Plantae_Tracheophyta_Magnoliopsida_Rosales_Rosaceae_Rubus_laciniatus\9f006a54-e2b5-4498-b2da-2e295d59a0eb.jpg,473,28,28 310 37 475 66,0.017610579201850825
data\raw\val\09468_Plantae_Tracheophyta_Magnoliopsida_Rosales_Rosaceae_Rubus_laciniatus\8457e46e-2815-4a77-a78d-53045230203f.jpg,473,294,294 285 473 353 288,0.03201019511133583
data\raw\val\09476_Plantae_Tracheophyta_Magnoliopsida_Rosales_Rosaceae_Rubus_saxatilis\69bf4aaf-9f57-4b81-8f58-f1600153a4a5.jpg,474,353,353 354 372 308 363,0.03304182089253221
data\raw\val\09476_Plantae_Tracheophyta_Magnoliopsida_Rosales_Rosaceae_Rubus_saxatilis\bccec1c5-c3cd-481f-b279-a571ce01ec46.jpg,474,268,268 272 354 363 233,0.03446949070886289
data\raw\val\09476_Plantae_Tracheophyta_Magnoliopsida_Rosales_Rosaceae_Rubus_saxatilis\02e96774-2e71-4de7-ba54-1a5284e7b1ea.jpg,474,472,472 482 443 409 341,0.01998264241288416
data\raw\val\09476_Plantae_Tracheophyta_Magnoliopsida_Rosales_Rosaceae_Rubus_saxatilis\c9863420-612c-4bda-8c2f-83bbfc957b70.jpg,474,474,474 294 472 443 482,0.03181860014273876
data\raw\val\09476_Plantae_Tracheophyta_Magnoliopsida_Rosales_Rosaceae_Rubus_saxatilis\03fceb70-5495-4582-b4ee-6dfaa1768e91.jpg,474,265,265 464 474 443 472,0.023894528914407305
data\raw\val\09476_Plantae_Tracheophyta_Magnoliopsida_Rosales_Rosaceae_Rubus_saxatilis\2454ae16-ef7d-4f25-ae7f-5e9e855fc6a9.jpg,474,303,303 294 319 422 190,0.019260753393288244
data\raw\val\09476_Plantae_Tracheophyta_Magnoliopsida_Rosales_Rosaceae_Rubus_saxatilis\5c30ef65-8d61-47f3-b5d7-92908eb2ad47.jpg,474,439,439 447 485 474 475,0.047514431302245495
data\raw\val\09476_Plantae_Tracheophyta_Magnoliopsida_Rosales_Rosaceae_Rubus_saxatilis\9de73f95-9216-4af0-a45e-5cec72cb3409.jpg,474,261,261 464 142 474 272,0.02394289691927419
data\raw\val\09476_Plantae_Tracheophyta_Magnoliopsida_Rosales_Rosaceae_Rubus_saxatilis\2109dbc0-a97e-4d04-8a42-6db0fe39f593.jpg,474,482,482 464 415 352 474,0.018605991227965545
data\raw\val\09476_Plantae_Tracheophyta_Magnoliopsida_Rosales_Rosaceae_Rubus_saxatilis\81194746-2b4d-4196-86a9-0ec1846951e7.jpg,474,361,361 275 418 364 327,0.025006785709347803
data\raw\val\09499_Plantae_Tracheophyta_Magnoliopsida_Rosales_Ulmaceae_Ulmus_americana\6627d367-f74b-4001-886a-e80a91ba2a3a.jpg,475,474,474 472 310 453 37,0.02810682956667533
data\raw\val\09499_Plantae_Tracheophyta_Magnoliopsida_Rosales_Ulmaceae_Ulmus_americana\e9f72628-8187-47e6-958f-9c9d74ad987e.jpg,475,429,429 391 329 33 322,0.01384887629082375
data\raw\val\09499_Plantae_Tracheophyta_Magnoliopsida_Rosales_Ulmaceae_Ulmus_americana\ecf710e5-8773-4aef-9880-e1b508ec9d7c.jpg,475,147,147 159 108 61 46,0.024410569960921356
data\raw\val\09499_Plantae_Tracheophyta_Magnoliopsida_Rosales_Ulmaceae_Ulmus_americana\f5588fd3-a3a2-43e8-ad3c-70a96719d998.jpg,475,399,399 470 357 419 477,0.012376077024690652
data\raw\val\09499_Plantae_Tracheophyta_Magnoliopsida_Rosales_Ulmaceae_Ulmus_americana\8fae50f9-e1b3-43f8-a247-ee74d3054ec4.jpg,475,176,176 119 158 254 113,0.014149187950809055
data\raw\val\09499_Plantae_Tracheophyta_Magnoliopsida_Rosales_Ulmaceae_Ulmus_americana\d5111bdc-20dc-444c-8ec2-33b446f2d3b1.jpg,475,254,254 51 182 58 53,0.023748179916212152
data\raw\val\09499_Plantae_Tracheophyta_Magnoliopsida_Rosales_Ulmaceae_Ulmus_americana\555c8462-0ea1-4ec1-8b79-fe55d8295cab.jpg,475,320,320 254 314 234 438,0.02307309587094386
data\raw\val\09499_Plantae_Tracheophyta_Magnoliopsida_Rosales_Ulmaceae_Ulmus_americana\d28ceb15-e1a3-404e-9a50-7017ce97c956.jpg,475,443,443 265 419 373 475,0.025245850460462297
data\raw\val\09499_Plantae_Tracheophyta_Magnoliopsida_Rosales_Ulmaceae_Ulmus_americana\d6756489-618b-4055-9df0-202ce9e314d3.jpg,475,350,350 381 377 378 309,0.02217856014753278
data\raw\val\09499_Plantae_Tracheophyta_Magnoliopsida_Rosales_Ulmaceae_Ulmus_americana\381340cb-0b4e-4236-ac42-b0ee57808c3e.jpg,475,470,470 243 466 310 440,0.016217641027765656
data\raw\val\09541_Plantae_Tracheophyta_Magnoliopsida_Sapindales_Anacardiaceae_Rhus_typhina\13dd74ae-855a-41a9-bbcd-3c228653d5a4.jpg,476,479,479 497 431 362 489,0.015239795268935754
data\raw\val\09541_Plantae_Tracheophyta_Magnoliopsida_Sapindales_Anacardiaceae_Rhus_typhina\c0162f5f-7443-4110-a393-50a3d9320cfb.jpg,476,459,459 476 479 284 498,0.07986290585830291
data\raw\val\09541_Plantae_Tracheophyta_Magnoliopsida_Sapindales_Anacardiaceae_Rhus_typhina\f52b0d93-95a8-49ca-abd0-a65785cba568.jpg,476,17,17 107 13 114 235,0.015080986182911815
data\raw\val\09541_Plantae_Tracheophyta_Magnoliopsida_Sapindales_Anacardiaceae_Rhus_typhina\ed59394e-962d-4441-a1db-be92277c23fd.jpg,476,474,474 116 456 14 28,0.026919976092932462
data\raw\val\09541_Plantae_Tracheophyta_Magnoliopsida_Sapindales_Anacardiaceae_Rhus_typhina\4f14d69b-4b9f-4081-aadc-1a8f0f9dc38c.jpg,476,363,363 358 394 364 452,0.029129754096187822
data\raw\val\09541_Plantae_Tracheophyta_Magnoliopsida_Sapindales_Anacardiaceae_Rhus_typhina\e364183c-d81c-4a5a-adf2-dee09fa05266.jpg,476,15,15 64 141 65 105,0.01396705855794193
data\raw\val\09541_Plantae_Tracheophyta_Magnoliopsida_Sapindales_Anacardiaceae_Rhus_typhina\f4c6ac0b-f6de-4d61-97ff-8e99490b3b57.jpg,476,477,477 358 451 435 436,0.02038437121240604
data\raw\val\09541_Plantae_Tracheophyta_Magnoliopsida_Sapindales_Anacardiaceae_Rhus_typhina\007a9983-bdf1-4893-ad39-e2da05073ce9.jpg,476,478,478 85 362 483 307,0.01177775226317099
data\raw\val\09541_Plantae_Tracheophyta_Magnoliopsida_Sapindales_Anacardiaceae_Rhus_typhina\70d3b981-52b9-42f6-a2f7-1ec377886e31.jpg,476,432,432 160 220 224 19,0.018378562676176945
data\raw\val\09541_Plantae_Tracheophyta_Magnoliopsida_Sapindales_Anacardiaceae_Rhus_typhina\6b05d77f-7336-4569-b280-ed1ca0a632de.jpg,476,391,391 354 467 24 342,0.011772177827965892
data\raw\val\09573_Plantae_Tracheophyta_Magnoliopsida_Sapindales_Sapindaceae_Acer_nigrum\1135213d-92e0-4bc5-baa1-25261f7b35ca.jpg,477,460,460 424 497 396 357,0.015764311784925277
data\raw\val\09573_Plantae_Tracheophyta_Magnoliopsida_Sapindales_Sapindaceae_Acer_nigrum\cd42c39c-6472-4fe5-85e5-983213ceaafa.jpg,477,415,415 495 411 396 462,0.015354777052672023
data\raw\val\09573_Plantae_Tracheophyta_Magnoliopsida_Sapindales_Sapindaceae_Acer_nigrum\a96d35e0-476e-4d74-b9b9-8e16fd51e795.jpg,477,28,28 233 228 412 48,0.01890486953274234
data\raw\val\09573_Plantae_Tracheophyta_Magnoliopsida_Sapindales_Sapindaceae_Acer_nigrum\feb23d56-0b4e-49bf-8321-1904c1269b9b.jpg,477,400,400 485 412 464 356,0.016240793149492488
data\raw\val\09573_Plantae_Tracheophyta_Magnoliopsida_Sapindales_Sapindaceae_Acer_nigrum\07f2fea7-8a3c-4327-80a6-ba0881941a87.jpg,477,397,397 464 470 308 120,0.013682244315566845
data\raw\val\09573_Plantae_Tracheophyta_Magnoliopsida_Sapindales_Sapindaceae_Acer_nigrum\c6124b1d-0aec-4d31-8405-3f5977f69475.jpg,477,253,253 221 283 151 150,0.11578976753872171
data\raw\val\09573_Plantae_Tracheophyta_Magnoliopsida_Sapindales_Sapindaceae_Acer_nigrum\013af47c-b343-4850-b299-77178f7b556d.jpg,477,144,144 438 6 7 10,0.03972054022974911
data\raw\val\09573_Plantae_Tracheophyta_Magnoliopsida_Sapindales_Sapindaceae_Acer_nigrum\f11f436d-8d2e-4a5f-906e-857d7474e637.jpg,477,435,435 399 395 467 398,0.02889210040314793
data\raw\val\09573_Plantae_Tracheophyta_Magnoliopsida_Sapindales_Sapindaceae_Acer_nigrum\b0eaa4ed-f54a-47ef-9b63-f57e3fd4c750.jpg,477,397,397 395 435 396 391,0.025758368794093888
data\raw\val\09573_Plantae_Tracheophyta_Magnoliopsida_Sapindales_Sapindaceae_Acer_nigrum\effb5d40-bcfa-4546-b170-908cf2645f1a.jpg,477,395,395 399 222 382 435,0.020656369121351287
data\raw\val\09584_Plantae_Tracheophyta_Magnoliopsida_Sapindales_Sapindaceae_Aesculus_glabra\59943210-24e2-44db-adaa-9c958db1ff13.jpg,478,351,351 221 242 90 162,0.025835246476677447
data\raw\val\09584_Plantae_Tracheophyta_Magnoliopsida_Sapindales_Sapindaceae_Aesculus_glabra\956be45f-d459-4148-a677-c05941e8d8b3.jpg,478,400,400 436 395 435 433,0.0401745201978097
data\raw\val\09584_Plantae_Tracheophyta_Magnoliopsida_Sapindales_Sapindaceae_Aesculus_glabra\cbb1505b-a581-4c6a-90a7-cb727c75d782.jpg,478,412,412 406 196 469 373,0.016033001208221542
data\raw\val\09584_Plantae_Tracheophyta_Magnoliopsida_Sapindales_Sapindaceae_Aesculus_glabra\a64a5d8c-a322-440d-9a10-d1c181115e35.jpg,478,425,425 316 376 325 190,0.021624968908452672
data\raw\val\09584_Plantae_Tracheophyta_Magnoliopsida_Sapindales_Sapindaceae_Aesculus_glabra\5ee4c730-bf4c-4c30-a6fd-767a5ef2c987.jpg,478,375,375 170 293 299 420,0.011987275972342991
data\raw\val\09584_Plantae_Tracheophyta_Magnoliopsida_Sapindales_Sapindaceae_Aesculus_glabra\722d7aff-8798-4207-a34a-fc402d6df9e7.jpg,478,478,478 445 369 367 473,0.019442102980070868
data\raw\val\09584_Plantae_Tracheophyta_Magnoliopsida_Sapindales_Sapindaceae_Aesculus_glabra\507618bb-2740-491e-b5fc-f1d311f2038b.jpg,478,186,186 198 171 194 209,0.03897588787335498
data\raw\val\09584_Plantae_Tracheophyta_Magnoliopsida_Sapindales_Sapindaceae_Aesculus_glabra\2d595419-3a8a-40cc-b807-bfc494c692a3.jpg,478,233,233 478 308 363 406,0.011999531846236835
data\raw\val\09584_Plantae_Tracheophyta_Magnoliopsida_Sapindales_Sapindaceae_Aesculus_glabra\770fda9b-d2e3-47fa-851e-e34e2547cbca.jpg,478,368,368 443 419 478 433,0.021366066227832034
data\raw\val\09584_Plantae_Tracheophyta_Magnoliopsida_Sapindales_Sapindaceae_Aesculus_glabra\84a70250-060a-4f6d-9138-d01f7ad63cf8.jpg,478,475,475 429 23 70 34,0.009455680870764682
data\raw\val\09593_Plantae_Tracheophyta_Magnoliopsida_Sapindales_Simaroubaceae_Ailanthus_altissima\c6ce3d65-7a91-4b3f-b99b-abd7b2f02fb6.jpg,479,310,310 311 345 383 407,0.061886140618953554
data\raw\val\09593_Plantae_Tracheophyta_Magnoliopsida_Sapindales_Simaroubaceae_Ailanthus_altissima\cc0025e3-343e-4334-b4f2-32a873c2cd91.jpg,479,464,464 478 406 433 308,0.04094614718158239
data\raw\val\09593_Plantae_Tracheophyta_Magnoliopsida_Sapindales_Simaroubaceae_Ailanthus_altissima\2f95c17f-7695-4981-b7b7-4d7051a970a7.jpg,479,459,459 494 293 369 478,0.03177773631121005
data\raw\val\09593_Plantae_Tracheophyta_Magnoliopsida_Sapindales_Simaroubaceae_Ailanthus_altissima\dd0a2685-f407-408c-a087-243adc9f7ce2.jpg,479,191,191 187 209 171 178,0.0387471022418511
data\raw\val\09593_Plantae_Tracheophyta_Magnoliopsida_Sapindales_Simaroubaceae_Ailanthus_altissima\16bc3dff-56b9-4659-b999-de16663a0d92.jpg,479,37,37 68 67 97 26,0.03224536013986558
data\raw\val\09593_Plantae_Tracheophyta_Magnoliopsida_Sapindales_Simaroubaceae_Ailanthus_altissima\81ac8c2d-cb5e-4e8f-acad-85908bf70404.jpg,479,495,495 221 283 351 494,0.05102037486938682
data\raw\val\09593_Plantae_Tracheophyta_Magnoliopsida_Sapindales_Simaroubaceae_Ailanthus_altissima\66e2072f-4f82-4e96-a2ee-547e0b95f7d9.jpg,479,473,473 479 435 280 308,0.03600015009260448
data\raw\val\09593_Plantae_Tracheophyta_Magnoliopsida_Sapindales_Simaroubaceae_Ailanthus_altissima\6b37940a-445a-4f92-b15f-78dc7f43465d.jpg,479,451,451 487 399 366 435,0.028207884034268584
data\raw\val\09593_Plantae_Tracheophyta_Magnoliopsida_Sapindales_Simaroubaceae_Ailanthus_altissima\a43da66b-53de-445d-8260-98df1cc35732.jpg,479,488,488 349 132 131 280,0.018854541563417267
data\raw\val\09593_Plantae_Tracheophyta_Magnoliopsida_Sapindales_Simaroubaceae_Ailanthus_altissima\5dfdc451-efdf-4f31-98d9-8571be9efac7.jpg,479,346,346 499 396 473 431,0.013784763122902003
data\raw\val\09615_Plantae_Tracheophyta_Magnoliopsida_Saxifragales_Crassulaceae_Sedum_lanceolatum\6259768a-7857-4a67-8859-2a76c87ffabd.jpg,480,328,328 315 353 354 386,0.03156051020502539
data\raw\val\09615_Plantae_Tracheophyta_Magnoliopsida_Saxifragales_Crassulaceae_Sedum_lanceolatum\56efbf56-9f5a-4062-beaa-132e9273d0cb.jpg,480,256,256 227 480 422 269,0.02709668405252165
data\raw\val\09615_Plantae_Tracheophyta_Magnoliopsida_Saxifragales_Crassulaceae_Sedum_lanceolatum\44e45b46-5503-457c-9b52-16b1bfffe1c4.jpg,480,385,385 418 337 366 314,0.029248515504666037
data\raw\val\09615_Plantae_Tracheophyta_Magnoliopsida_Saxifragales_Crassulaceae_Sedum_lanceolatum\835bc0ed-8d21-442a-abb1-7fd370033a1e.jpg,480,354,354 480 307 408 331,0.01843726861414593
data\raw\val\09615_Plantae_Tracheophyta_Magnoliopsida_Saxifragales_Crassulaceae_Sedum_lanceolatum\6e91b8a8-d04f-4c50-8182-d5f97ddc504a.jpg,480,10,10 223 238 67 319,0.01756100082414182
data\raw\val\09615_Plantae_Tracheophyta_Magnoliopsida_Saxifragales_Crassulaceae_Sedum_lanceolatum\e60b5021-eb81-4d59-a660-af0dc72a126b.jpg,480,492,492 487 371 490 486,0.0347052029297455
data\raw\val\09615_Plantae_Tracheophyta_Magnoliopsida_Saxifragales_Crassulaceae_Sedum_lanceolatum\d768e6b6-b947-487b-8db0-91e755329542.jpg,480,350,350 465 491 427 372,0.026759867405268627
data\raw\val\09615_Plantae_Tracheophyta_Magnoliopsida_Saxifragales_Crassulaceae_Sedum_lanceolatum\73bc9d21-814f-436f-89e1-4e00ae36de21.jpg,480,354,354 353 293 418 299,0.03300293141243477
data\raw\val\09615_Plantae_Tracheophyta_Magnoliopsida_Saxifragales_Crassulaceae_Sedum_lanceolatum\546d302e-e0f8-454a-be73-3bd55a87661f.jpg,480,83,83 406 379 36 228,0.012853964699316283
data\raw\val\09615_Plantae_Tracheophyta_Magnoliopsida_Saxifragales_Crassulaceae_Sedum_lanceolatum\6d0d516b-4587-4a38-9a97-68b55460813e.jpg,480,368,368 391 450 475 342,0.025973097912644256
data\raw\val\09636_Plantae_Tracheophyta_Magnoliopsida_Saxifragales_Grossulariaceae_Ribes_rubrum\e8469c79-bc9b-4d3a-9efa-d9bec5fa8e71.jpg,481,462,462 311 312 481 383,0.14842575490216067
data\raw\val\09636_Plantae_Tracheophyta_Magnoliopsida_Saxifragales_Grossulariaceae_Ribes_rubrum\05c93158-62a6-4e31-a268-3517addb50d3.jpg,481,460,460 481 311 391 396,0.019120922904207922
data\raw\val\09636_Plantae_Tracheophyta_Magnoliopsida_Saxifragales_Grossulariaceae_Ribes_rubrum\f62f3e49-360e-4f1f-8aa9-76115287c12e.jpg,481,396,396 497 316 489 431,0.01898620567995466
data\raw\val\09636_Plantae_Tracheophyta_Magnoliopsida_Saxifragales_Grossulariaceae_Ribes_rubrum\03f622cb-49a9-43c5-9fc8-1e663236e721.jpg,481,467,467 362 369 287 361,0.02065419820259515
data\raw\val\09636_Plantae_Tracheophyta_Magnoliopsida_Saxifragales_Grossulariaceae_Ribes_rubrum\397f43ca-9afe-4804-81d4-a3bfd862395a.jpg,481,433,433 85 485 447 448,0.0375008858538376
data\raw\val\09636_Plantae_Tracheophyta_Magnoliopsida_Saxifragales_Grossulariaceae_Ribes_rubrum\8e8d6328-e466-4831-a02a-86f8122182f1.jpg,481,23,23 80 39 34 3,0.009657672161611432
data\raw\val\09636_Plantae_Tracheophyta_Magnoliopsida_Saxifragales_Grossulariaceae_Ribes_rubrum\07bec2f0-890b-40d0-a289-4a57b07d356f.jpg,481,462,462 310 453 424 443,0.1078228911147965
data\raw\val\09636_Plantae_Tracheophyta_Magnoliopsida_Saxifragales_Grossulariaceae_Ribes_rubrum\ab559409-45c7-46f0-b1e0-05b217c1b2db.jpg,481,85,85 66 97 96 412,0.022208371953800123
data\raw\val\09636_Plantae_Tracheophyta_Magnoliopsida_Saxifragales_Grossulariaceae_Ribes_rubrum\b3e83bb7-1e35-4a19-bbdb-cbb7287f8dc7.jpg,481,412,412 464 447 96 443,0.03561685602013622
data\raw\val\09636_Plantae_Tracheophyta_Magnoliopsida_Saxifragales_Grossulariaceae_Ribes_rubrum\19a403d6-1415-42d1-844e-189d17300a81.jpg,481,382,382 398 477 481 460,0.039531788232595524
data\raw\val\09639_Plantae_Tracheophyta_Magnoliopsida_Saxifragales_Grossulariaceae_Ribes_triste\3021c4cd-9a2b-496a-8f5a-7cc1c9774ad0.jpg,482,410,410 307 374 482 465,0.017962192011348167
data\raw\val\09639_Plantae_Tracheophyta_Magnoliopsida_Saxifragales_Grossulariaceae_Ribes_triste\f20dabc1-2c31-47e1-b393-6fcc01c1e45d.jpg,482,288,288 465 318 422 480,0.013116551714353495
data\raw\val\09639_Plantae_Tracheophyta_Magnoliopsida_Saxifragales_Grossulariaceae_Ribes_triste\88a579b3-10d0-4a0f-beec-cbd56f7a809d.jpg,482,482,482 474 406 407 388,0.034394457543280035
data\raw\val\09639_Plantae_Tracheophyta_Magnoliopsida_Saxifragales_Grossulariaceae_Ribes_triste\3f3c8eb4-c1f7-4e60-bf3f-e4a0cf3ef2ec.jpg,482,424,424 443 262 357 356,0.046459996417239934
data\raw\val\09639_Plantae_Tracheophyta_Magnoliopsida_Saxifragales_Grossulariaceae_Ribes_triste\76250043-f61d-4142-ba41-68ccea5a60e6.jpg,482,409,409 335 480 482 345,0.023172410901433762
data\raw\val\09639_Plantae_Tracheophyta_Magnoliopsida_Saxifragales_Grossulariaceae_Ribes_triste\644322f5-34e1-487d-8084-0b5e057d3144.jpg,482,482,482 443 462 472 412,0.024971308732403802
data\raw\val\09639_Plantae_Tracheophyta_Magnoliopsida_Saxifragales_Grossulariaceae_Ribes_triste\5d9d3bbd-7b6f-4659-a852-7a45a15e05a9.jpg,482,293,293 353 284 369 363,0.03857231596842657
data\raw\val\09639_Plantae_Tracheophyta_Magnoliopsida_Saxifragales_Grossulariaceae_Ribes_triste\2e04dfe4-7b10-4a4c-b657-aa34dee8230d.jpg,482,438,438 366 359 314 416,0.023734482683576356
data\raw\val\09639_Plantae_Tracheophyta_Magnoliopsida_Saxifragales_Grossulariaceae_Ribes_triste\f52f1f07-0c25-4027-b649-4b4bd62e3194.jpg,482,341,341 288 335 318 480,0.03837221308508262
data\raw\val\09639_Plantae_Tracheophyta_Magnoliopsida_Saxifragales_Grossulariaceae_Ribes_triste\cba98bab-92ef-412d-9d15-ba9cf3ae7b8d.jpg,482,482,482 462 310 474 66,0.04960416736685232
data\raw\val\09644_Plantae_Tracheophyta_Magnoliopsida_Saxifragales_Hamamelidaceae_Hamamelis_virginiana\6bf76fe0-e61e-4ace-8b12-23c5e34044ce.jpg,483,371,371 436 438 396 370,0.01945647476940252
data\raw\val\09644_Plantae_Tracheophyta_Magnoliopsida_Saxifragales_Hamamelidaceae_Hamamelis_virginiana\be5f06e9-02b2-49e3-a961-7286ef306f8b.jpg,483,414,414 364 426 361 418,0.021848605851830273
data\raw\val\09644_Plantae_Tracheophyta_Magnoliopsida_Saxifragales_Hamamelidaceae_Hamamelis_virginiana\f57e4795-7922-4516-8d70-ece0d50343eb.jpg,483,447,447 470 475 433 162,0.03134225799691599
data\raw\val\09644_Plantae_Tracheophyta_Magnoliopsida_Saxifragales_Hamamelidaceae_Hamamelis_virginiana\d97a3f73-8315-4421-8b3a-8bfa3e8fe33d.jpg,483,11,11 10 310 14 383,0.01534326363926218
data\raw\val\09644_Plantae_Tracheophyta_Magnoliopsida_Saxifragales_Hamamelidaceae_Hamamelis_virginiana\b226e74f-7ccd-4362-b302-afdce7425705.jpg,483,481,481 462 472 357 310,0.03272876957607671
data\raw\val\09644_Plantae_Tracheophyta_Magnoliopsida_Saxifragales_Hamamelidaceae_Hamamelis_virginiana\b71a174e-c819-4b0e-9dd2-b3663ce09a1d.jpg,483,483,483 433 272 357 434,0.016042799249446626
data\raw\val\09644_Plantae_Tracheophyta_Magnoliopsida_Saxifragales_Hamamelidaceae_Hamamelis_virginiana\bf2043ba-5bfb-4257-a012-811e5aa7b541.jpg,483,194,194 184 177 198 195,0.013977750083269585
data\raw\val\09644_Plantae_Tracheophyta_Magnoliopsida_Saxifragales_Hamamelidaceae_Hamamelis_virginiana\0548e1b1-5363-43f8-8086-6642a9dc8b55.jpg,483,65,65 103 40 105 43,0.021064071345396757
data\raw\val\09644_Plantae_Tracheophyta_Magnoliopsida_Saxifragales_Hamamelidaceae_Hamamelis_virginiana\582e06e4-707c-4b61-aad1-4815f74dad8b.jpg,483,228,228 353 139 354 331,0.014352414595471239
data\raw\val\09644_Plantae_Tracheophyta_Magnoliopsida_Saxifragales_Hamamelidaceae_Hamamelis_virginiana\9271f2aa-7a85-4f1c-a71e-42a29e08b214.jpg,483,153,153 194 196 207 191,0.013798095141193139
data\raw\val\09659_Plantae_Tracheophyta_Magnoliopsida_Saxifragales_Saxifragaceae_Micranthes_californica\1bfa212f-d5f5-430b-aba2-6fe47b01069b.jpg,484,148,148 20 32 16 18,0.013897047702381279
data\raw\val\09659_Plantae_Tracheophyta_Magnoliopsida_Saxifragales_Saxifragaceae_Micranthes_californica\029eb23f-315a-4bdd-b9f2-9fd0b9a174ae.jpg,484,385,385 380 297 388 282,0.022370517150971304
data\raw\val\09659_Plantae_Tracheophyta_Magnoliopsida_Saxifragales_Saxifragaceae_Micranthes_californica\44afd2f1-156b-4ec3-bca2-0138e05fbd3c.jpg,484,421,421 427 370 328 288,0.03143700401688809
data\raw\val\09659_Plantae_Tracheophyta_Magnoliopsida_Saxifragales_Saxifragaceae_Micranthes_californica\dbad83ca-5ff3-40ad-b071-8a377e2433a4.jpg,484,421,421 468 366 365 455,0.06121140740348628
data\raw\val\09659_Plantae_Tracheophyta_Magnoliopsida_Saxifragales_Saxifragaceae_Micranthes_californica\56dfe6f7-ac4e-4986-8f7f-0c75b0b30791.jpg,484,296,296 265 408 450 23,0.014875181066737488
data\raw\val\09659_Plantae_Tracheophyta_Magnoliopsida_Saxifragales_Saxifragaceae_Micranthes_californica\29a5d3c3-ac3c-48ce-99ea-cf8f685bcae7.jpg,484,471,471 38 363 421 468,0.018506177543875107
data\raw\val\09659_Plantae_Tracheophyta_Magnoliopsida_Saxifragales_Saxifragaceae_Micranthes_californica\37afc4fe-f08b-4234-82fc-68b7e01dde6f.jpg,484,416,416 468 452 315 359,0.041781179645221225
data\raw\val\09659_Plantae_Tracheophyta_Magnoliopsida_Saxifragales_Saxifragaceae_Micranthes_californica\be929f1b-f67d-4abc-ace3-38551f08fb67.jpg,484,328,328 385 341 471 337,0.038278251086274785
data\raw\val\09659_Plantae_Tracheophyta_Magnoliopsida_Saxifragales_Saxifragaceae_Micranthes_californica\ced095b1-98b9-4f45-b136-15be46cd7684.jpg,484,353,353 354 234 139 322,0.02884436131175467
data\raw\val\09659_Plantae_Tracheophyta_Magnoliopsida_Saxifragales_Saxifragaceae_Micranthes_californica\5855f8fe-592c-45d7-b68b-e3a24417c657.jpg,484,449,449 97 484 341 421,0.01914746721899007
data\raw\val\09677_Plantae_Tracheophyta_Magnoliopsida_Solanales_Convolvulaceae_Calystegia_sepium\d46b7512-45e7-4e7b-bb64-15de3007c670.jpg,485,363,363 469 452 445 485,0.0234001692345203
data\raw\val\09677_Plantae_Tracheophyta_Magnoliopsida_Solanales_Convolvulaceae_Calystegia_sepium\639ce297-d27e-47bf-b094-ef79252bf485.jpg,485,66,66 311 412 82 400,0.04356738063127508
data\raw\val\09677_Plantae_Tracheophyta_Magnoliopsida_Solanales_Convolvulaceae_Calystegia_sepium\be064e13-5b0a-42bc-bf53-bc214d2ade74.jpg,485,412,412 439 447 66 357,0.040469621633688335
data\raw\val\09677_Plantae_Tracheophyta_Magnoliopsida_Solanales_Convolvulaceae_Calystegia_sepium\675d52ad-c0c2-49cb-b4e8-1d8b99ab2d0c.jpg,485,453,453 307 410 408 343,0.013309477611052676
data\raw\val\09677_Plantae_Tracheophyta_Magnoliopsida_Solanales_Convolvulaceae_Calystegia_sepium\b1240060-a2b8-47cb-972a-fa571ba4d138.jpg,485,410,410 433 335 310 412,0.022283185198143114
data\raw\val\09677_Plantae_Tracheophyta_Magnoliopsida_Solanales_Convolvulaceae_Calystegia_sepium\53bec666-327b-4045-93c5-2b1300a264d3.jpg,485,264,264 272 356 439 262,0.03854314196387148
data\raw\val\09677_Plantae_Tracheophyta_Magnoliopsida_Solanales_Convolvulaceae_Calystegia_sepium\e455b44b-5cd7-4dea-b1eb-a897a069c88e.jpg,485,439,439 485 311 448 412,0.07416258761623999
data\raw\val\09677_Plantae_Tracheophyta_Magnoliopsida_Solanales_Convolvulaceae_Calystegia_sepium\cbd70072-c69d-4fbb-a51f-7eb3600f637c.jpg,485,85,85 206 448 87 412,0.041000106203930096
data\raw\val\09677_Plantae_Tracheophyta_Magnoliopsida_Solanales_Convolvulaceae_Calystegia_sepium\1a048de3-0037-4eed-89b3-0cf2aa25c702.jpg,485,260,260 388 374 263 403,0.05312597154656444
data\raw\val\09677_Plantae_Tracheophyta_Magnoliopsida_Solanales_Convolvulaceae_Calystegia_sepium\a48beb88-1c48-491d-abd1-c2c33c85156a.jpg,485,166,166 61 174 128 250,0.01700097496867472
data\raw\val\09776_Plantae_Tracheophyta_Pinopsida_Pinales_Cupressaceae_Cupressus_macrocarpa\c4349458-ab83-4f8b-b38c-d2a1467f8885.jpg,486,443,443 9 472 258 368,0.01589413666021874
data\raw\val\09776_Plantae_Tracheophyta_Pinopsida_Pinales_Cupressaceae_Cupressus_macrocarpa\796970de-d39b-45ba-9715-66d655f94e6f.jpg,486,270,270 162 391 393 488,0.01821753418209365
data\raw\val\09776_Plantae_Tracheophyta_Pinopsida_Pinales_Cupressaceae_Cupressus_macrocarpa\0512f624-5f13-44e4-9f47-24de651a0316.jpg,486,486,486 395 489 357 488,0.02266220896406292
data\raw\val\09776_Plantae_Tracheophyta_Pinopsida_Pinales_Cupressaceae_Cupressus_macrocarpa\b2a8f288-d168-45b9-a23a-077e08a210a8.jpg,486,486,486 489 488 209 497,0.09490527163951211
data\raw\val\09776_Plantae_Tracheophyta_Pinopsida_Pinales_Cupressaceae_Cupressus_macrocarpa\0b8216e8-bd57-4b39-abd5-04026820a654.jpg,486,435,435 182 231 436 209,0.024551130615268302
data\raw\val\09776_Plantae_Tracheophyta_Pinopsida_Pinales_Cupressaceae_Cupressus_macrocarpa\53551490-c7da-45ac-b360-b53392494651.jpg,486,486,486 439 206 207 447,0.019620939597156273
data\raw\val\09776_Plantae_Tracheophyta_Pinopsida_Pinales_Cupressaceae_Cupressus_macrocarpa\9fe9b38a-1a9e-4a62-a487-11fee0b800dc.jpg,486,391,391 369 487 393 397,0.01769609985221024
data\raw\val\09776_Plantae_Tracheophyta_Pinopsida_Pinales_Cupressaceae_Cupressus_macrocarpa\bce3d540-64a3-41b8-b504-1742f182c504.jpg,486,369,369 423 318 316 426,0.029759963869438154
data\raw\val\09776_Plantae_Tracheophyta_Pinopsida_Pinales_Cupressaceae_Cupressus_macrocarpa\dd515404-002c-4ed5-837f-670b0d116e18.jpg,486,188,188 278 210 459 153,0.0652453588676968
data\raw\val\09776_Plantae_Tracheophyta_Pinopsida_Pinales_Cupressaceae_Cupressus_macrocarpa\bb86ef11-67c7-423d-b4eb-028b1c05b1d7.jpg,486,123,123 130 134 32 488,0.01231685633965711
data\raw\val\09786_Plantae_Tracheophyta_Pinopsida_Pinales_Cupressaceae_Juniperus_osteosperma\d2ed435a-4a26-428e-af03-6be4b1d9c04b.jpg,487,314,314 437 318 350 345,0.027653343455331936
data\raw\val\09786_Plantae_Tracheophyta_Pinopsida_Pinales_Cupressaceae_Juniperus_osteosperma\7f4ce063-94e6-497e-bb20-6025a7d488f5.jpg,487,37,37 291 68 342 409,0.023546710968718586
data\raw\val\09786_Plantae_Tracheophyta_Pinopsida_Pinales_Cupressaceae_Juniperus_osteosperma\121e8d8a-519b-4898-9535-62e350ef7279.jpg,487,327,327 487 313 316 318,0.03214794369425589
data\raw\val\09786_Plantae_Tracheophyta_Pinopsida_Pinales_Cupressaceae_Juniperus_osteosperma\237e33c5-2141-478d-b0dd-0881b9b98530.jpg,487,487,487 274 252 451 486,0.036610393993692945
data\raw\val\09786_Plantae_Tracheophyta_Pinopsida_Pinales_Cupressaceae_Juniperus_osteosperma\2c6207c7-33c9-48a8-9db4-bf701a5bbb2c.jpg,487,487,487 369 287 366 371,0.019257671032815882
data\raw\val\09786_Plantae_Tracheophyta_Pinopsida_Pinales_Cupressaceae_Juniperus_osteosperma\8fce9c7d-fd54-4fe6-81b4-3ce9fc49246b.jpg,487,366,366 452 469 359 314,0.029824785587385414
data\raw\val\09786_Plantae_Tracheophyta_Pinopsida_Pinales_Cupressaceae_Juniperus_osteosperma\175cfbce-ccc0-4fed-b422-019036492227.jpg,487,308,308 260 233 305 267,0.02762763573118069
data\raw\val\09786_Plantae_Tracheophyta_Pinopsida_Pinales_Cupressaceae_Juniperus_osteosperma\dd1e996e-f676-4123-a410-d14720063570.jpg,487,441,441 399 396 395 479,0.031066362399335013
data\raw\val\09786_Plantae_Tracheophyta_Pinopsida_Pinales_Cupressaceae_Juniperus_osteosperma\15b37202-3bf4-41d2-9604-6bf3175aeb57.jpg,487,477,477 371 482 447 357,0.01265038442154097
data\raw\val\09786_Plantae_Tracheophyta_Pinopsida_Pinales_Cupressaceae_Juniperus_osteosperma\58f100f7-2351-419a-b9fb-b6700d594bcd.jpg,487,315,315 281 366 372 353,0.021781626252776413
data\raw\val\09825_Plantae_Tracheophyta_Pinopsida_Pinales_Pinaceae_Pinus_lambertiana\fc17dd84-bb54-4e7e-bb6c-bbf6fcb91503.jpg,488,488,488 311 477 486 357,0.03739181516249816
data\raw\val\09825_Plantae_Tracheophyta_Pinopsida_Pinales_Pinaceae_Pinus_lambertiana\d4e160b7-9d84-4896-9572-90890f2aa4f9.jpg,488,162,162 124 488 397 280,0.011854764366052945
data\raw\val\09825_Plantae_Tracheophyta_Pinopsida_Pinales_Pinaceae_Pinus_lambertiana\307f889b-03db-4408-8435-f900ff005658.jpg,488,488,488 489 391 497 348,0.04747322990198426
data\raw\val\09825_Plantae_Tracheophyta_Pinopsida_Pinales_Pinaceae_Pinus_lambertiana\40249d97-3f7b-43d6-bf78-3833a32e19cb.jpg,488,488,488 311 486 462 463,0.04714923463653736
data\raw\val\09825_Plantae_Tracheophyta_Pinopsida_Pinales_Pinaceae_Pinus_lambertiana\a0fcca74-f999-4919-8aed-db83448bedde.jpg,488,474,474 482 88 488 192,0.010940401993623141
data\raw\val\09825_Plantae_Tracheophyta_Pinopsida_Pinales_Pinaceae_Pinus_lambertiana\4692046a-5db4-4292-81a5-591fc8976385.jpg,488,391,391 488 311 497 348,0.024592239162457483
data\raw\val\09825_Plantae_Tracheophyta_Pinopsida_Pinales_Pinaceae_Pinus_lambertiana\6a008e38-bac3-422a-8d85-468e1a923a72.jpg,488,467,467 391 497 275 487,0.02115844830997887
data\raw\val\09825_Plantae_Tracheophyta_Pinopsida_Pinales_Pinaceae_Pinus_lambertiana\53a611cf-c078-4739-b50a-a12ee64ab0a6.jpg,488,497,497 476 413 293 210,0.035087210417972865
data\raw\val\09825_Plantae_Tracheophyta_Pinopsida_Pinales_Pinaceae_Pinus_lambertiana\26f1acd2-0907-4985-a079-ba0b57b3d937.jpg,488,488,488 269 497 472 210,0.029233997309921475
data\raw\val\09825_Plantae_Tracheophyta_Pinopsida_Pinales_Pinaceae_Pinus_lambertiana\a51318c6-231b-43c2-8e50-e07181c206e0.jpg,488,489,489 497 486 210 391,0.07732997965274616
data\raw\val\09847_Plantae_Tracheophyta_Pinopsida_Pinales_Pinaceae_Tsuga_mertensiana\bc0e03cb-0c10-4e19-a469-5300b281a7bc.jpg,489,489,489 487 366 490 486,0.11187648211320571
data\raw\val\09847_Plantae_Tracheophyta_Pinopsida_Pinales_Pinaceae_Tsuga_mertensiana\3b075d80-05ae-4cfd-aa22-23d52bfeaee7.jpg,489,226,226 333 279 392 325,0.02265349882717443
data\raw\val\09847_Plantae_Tracheophyta_Pinopsida_Pinales_Pinaceae_Tsuga_mertensiana\17b44868-6001-4730-b3d2-97c67c6bb69c.jpg,489,459,459 498 489 458 278,0.046187713156354344
data\raw\val\09847_Plantae_Tracheophyta_Pinopsida_Pinales_Pinaceae_Tsuga_mertensiana\30ef6e9c-40e7-45c5-8c99-ff2a9acf5d9b.jpg,489,283,283 488 288 365 486,0.024412714146430606
data\raw\val\09847_Plantae_Tracheophyta_Pinopsida_Pinales_Pinaceae_Tsuga_mertensiana\8c3389f6-a362-4bef-960e-d77109f91994.jpg,489,366,366 487 451 489 327,0.036492097203798646
data\raw\val\09847_Plantae_Tracheophyta_Pinopsida_Pinales_Pinaceae_Tsuga_mertensiana\2ec2c64c-735e-4099-be2f-4b6a9c632756.jpg,489,459,459 496 278 494 284,0.07878117836655911
data\raw\val\09847_Plantae_Tracheophyta_Pinopsida_Pinales_Pinaceae_Tsuga_mertensiana\bba3569f-95ef-4bed-8014-218120a97687.jpg,489,487,487 274 131 488 347,0.059152733396251024
data\raw\val\09847_Plantae_Tracheophyta_Pinopsida_Pinales_Pinaceae_Tsuga_mertensiana\a52d4cec-9ef3-43f5-9c61-e7a51b413634.jpg,489,486,486 398 477 434 436,0.017932039674068527
data\raw\val\09847_Plantae_Tracheophyta_Pinopsida_Pinales_Pinaceae_Tsuga_mertensiana\a38f715b-f332-401e-bb1d-67366595b233.jpg,489,327,327 333 487 316 314,0.04671961437758015
data\raw\val\09847_Plantae_Tracheophyta_Pinopsida_Pinales_Pinaceae_Tsuga_mertensiana\6000dea1-de8f-474e-ac80-51dd4529b084.jpg,489,410,410 273 473 499 321,0.013948668568800907
data\raw\val\09855_Plantae_Tracheophyta_Pinopsida_Pinales_Podocarpaceae_Prumnopitys_taxifolia\818d4975-a3b2-480e-ae3a-5e49db92a173.jpg,490,366,366 321 391 327 487,0.027935285268851376
data\raw\val\09855_Plantae_Tracheophyta_Pinopsida_Pinales_Podocarpaceae_Prumnopitys_taxifolia\1de8d16f-2cd9-4e32-8e9f-6fcaec6070ec.jpg,490,146,146 167 194 175 171,0.022017506742493028
data\raw\val\09855_Plantae_Tracheophyta_Pinopsida_Pinales_Podocarpaceae_Prumnopitys_taxifolia\a258ddee-7b3d-4954-80db-f0a44d51c12c.jpg,490,297,297 385 388 364 380,0.03614853932953318
data\raw\val\09855_Plantae_Tracheophyta_Pinopsida_Pinales_Podocarpaceae_Prumnopitys_taxifolia\f2ab92cb-00a8-49c3-b11f-c08667c0c8e5.jpg,490,479,479 489 486 425 490,0.01781065490917809
data\raw\val\09855_Plantae_Tracheophyta_Pinopsida_Pinales_Podocarpaceae_Prumnopitys_taxifolia\024cecc2-9576-42a7-a588-8fef033b7a44.jpg,490,391,391 368 493 382 429,0.03019377107027399
data\raw\val\09855_Plantae_Tracheophyta_Pinopsida_Pinales_Podocarpaceae_Prumnopitys_taxifolia\25c1cb91-80f7-4623-a59d-32a80bb0e206.jpg,490,281,281 263 321 490 388,0.03338398894580023
data\raw\val\09855_Plantae_Tracheophyta_Pinopsida_Pinales_Podocarpaceae_Prumnopitys_taxifolia\8f8b74cb-6371-4ede-aeec-4ff8dab22584.jpg,490,487,487 366 246 274 416,0.03474416217588151
data\raw\val\09855_Plantae_Tracheophyta_Pinopsida_Pinales_Podocarpaceae_Prumnopitys_taxifolia\53e35a39-f772-4c70-a259-43aefffded87.jpg,490,398,398 222 486 396 435,0.022437721575371845
data\raw\val\09855_Plantae_Tracheophyta_Pinopsida_Pinales_Podocarpaceae_Prumnopitys_taxifolia\9d182a42-5005-47b3-9077-ded031afd72c.jpg,490,316,316 295 282 425 461,0.021289713365566267
data\raw\val\09855_Plantae_Tracheophyta_Pinopsida_Pinales_Podocarpaceae_Prumnopitys_taxifolia\4e608a7e-d2c4-45d2-bcb6-058f2e4c7ee3.jpg,490,350,350 279 402 326 281,0.020948346792000395
data\raw\val\09870_Plantae_Tracheophyta_Polypodiopsida_Equisetales_Equisetaceae_Equisetum_pratense\da42300e-d51f-40b8-bfe8-ca2412ebde24.jpg,491,489,489 490 369 418 473,0.033040030272015186
data\raw\val\09870_Plantae_Tracheophyta_Polypodiopsida_Equisetales_Equisetaceae_Equisetum_pratense\77443d01-a7a1-44ad-8d96-53e35fb7a4fd.jpg,491,279,279 326 372 350 432,0.02303251221044721
data\raw\val\09870_Plantae_Tracheophyta_Polypodiopsida_Equisetales_Equisetaceae_Equisetum_pratense\53468692-5e0d-4ab4-89a4-937b68447748.jpg,491,295,295 491 349 403 306,0.0310178292375448
data\raw\val\09870_Plantae_Tracheophyta_Polypodiopsida_Equisetales_Equisetaceae_Equisetum_pratense\0c479a8b-1ec9-4de3-b2fe-4401acf820b0.jpg,491,287,287 273 378 473 334,0.024641931714490087
data\raw\val\09870_Plantae_Tracheophyta_Polypodiopsida_Equisetales_Equisetaceae_Equisetum_pratense\3706f61e-4459-4c83-961c-4bfc5b6717b7.jpg,491,219,219 151 209 204 216,0.011136029165188752
data\raw\val\09870_Plantae_Tracheophyta_Polypodiopsida_Equisetales_Equisetaceae_Equisetum_pratense\52f9f4ee-ad0d-42f1-a0b3-568b6118f3fe.jpg,491,415,415 407 466 310 345,0.03150186571221897
data\raw\val\09870_Plantae_Tracheophyta_Polypodiopsida_Equisetales_Equisetaceae_Equisetum_pratense\f05aa3b4-454d-4d19-b1a5-bcb124ca9f0d.jpg,491,171,171 195 146 187 194,0.03479406111293964
data\raw\val\09870_Plantae_Tracheophyta_Polypodiopsida_Equisetales_Equisetaceae_Equisetum_pratense\bacdcafa-e05b-4dae-9645-58e5877a6f24.jpg,491,350,350 491 309 381 495,0.023883105921440054
data\raw\val\09870_Plantae_Tracheophyta_Polypodiopsida_Equisetales_Equisetaceae_Equisetum_pratense\0e0fbf7c-0292-45f2-9245-0d962b090fd4.jpg,491,491,491 465 282 389 428,0.06048340233317468
data\raw\val\09870_Plantae_Tracheophyta_Polypodiopsida_Equisetales_Equisetaceae_Equisetum_pratense\04c69973-6789-4002-ac17-0a8d285f4dae.jpg,491,381,381 465 378 282 384,0.027930970150092268
data\raw\val\09907_Plantae_Tracheophyta_Polypodiopsida_Polypodiales_Aspleniaceae_Asplenium_viride\5d5a0b6f-91f9-4675-91cf-e4abc4437430.jpg,492,323,323 480 386 359 414,0.018027167697674422
data\raw\val\09907_Plantae_Tracheophyta_Polypodiopsida_Polypodiales_Aspleniaceae_Asplenium_viride\4d45baee-0995-4dcc-adb3-54c82577d0df.jpg,492,217,217 72 216 211 82,0.02913702433276754
data\raw\val\09907_Plantae_Tracheophyta_Polypodiopsida_Polypodiales_Aspleniaceae_Asplenium_viride\d0c3f690-ff36-45b2-be8d-350b38239aa0.jpg,492,492,492 489 257 275 354,0.20096577839630608
data\raw\val\09907_Plantae_Tracheophyta_Polypodiopsida_Polypodiales_Aspleniaceae_Asplenium_viride\6ed8b1f6-c1e2-4694-9f7e-467364e610a8.jpg,492,492,492 489 361 490 497,0.04350259717582043
data\raw\val\09907_Plantae_Tracheophyta_Polypodiopsida_Polypodiales_Aspleniaceae_Asplenium_viride\8fb9023b-c0e0-4d8c-841c-117ba0d5dd67.jpg,492,492,492 257 424 269 264,0.037532875678400385
data\raw\val\09907_Plantae_Tracheophyta_Polypodiopsida_Polypodiales_Aspleniaceae_Asplenium_viride\d77b9d31-c0ff-4d57-8fa0-bf90fcfa3761.jpg,492,472,472 293 364 372 465,0.027192604875520165
data\raw\val\09907_Plantae_Tracheophyta_Polypodiopsida_Polypodiales_Aspleniaceae_Asplenium_viride\191baff8-0c06-47e6-98c9-e8473f81e98b.jpg,492,257,257 492 480 145 422,0.13614196721603583
data\raw\val\09907_Plantae_Tracheophyta_Polypodiopsida_Polypodiales_Aspleniaceae_Asplenium_viride\33fa487e-6b8c-4918-9514-5b7db7ca0076.jpg,492,272,272 371 312 424 266,0.052273701680703444
data\raw\val\09907_Plantae_Tracheophyta_Polypodiopsida_Polypodiales_Aspleniaceae_Asplenium_viride\7973e5a6-2d61-41c4-87f1-2b547e21712f.jpg,492,366,366 492 487 361 371,0.029012649031057325
data\raw\val\09907_Plantae_Tracheophyta_Polypodiopsida_Polypodiales_Aspleniaceae_Asplenium_viride\d1b521b2-939d-448c-85bd-5db6d686fe99.jpg,492,492,492 9 269 264 257,0.11066713915476596
data\raw\val\09912_Plantae_Tracheophyta_Polypodiopsida_Polypodiales_Blechnaceae_Blechnum_filiforme\9a662301-b7b3-402e-bb5c-65c6d84b2069.jpg,493,312,312 439 472 276 405,0.04308733601158878
data\raw\val\09912_Plantae_Tracheophyta_Polypodiopsida_Polypodiales_Blechnaceae_Blechnum_filiforme\0c55551e-b4ce-4d18-a656-0c202170fba4.jpg,493,310,310 472 443 482 406,0.034417958485585314
data\raw\val\09912_Plantae_Tracheophyta_Polypodiopsida_Polypodiales_Blechnaceae_Blechnum_filiforme\2543345b-a1e8-4727-9c3f-6fc309fb8338.jpg,493,85,85 398 481 460 365,0.01833050339412444
data\raw\val\09912_Plantae_Tracheophyta_Polypodiopsida_Polypodiales_Blechnaceae_Blechnum_filiforme\7fb4e617-9194-4510-bda9-3b89108a38c9.jpg,493,398,398 490 486 252 244,0.05248985845154132
data\raw\val\09912_Plantae_Tracheophyta_Polypodiopsida_Polypodiales_Blechnaceae_Blechnum_filiforme\f892dd5b-571b-4d06-8a82-556c6880f27a.jpg,493,496,496 494 283 278 498,0.03193436850382945
data\raw\val\09912_Plantae_Tracheophyta_Polypodiopsida_Polypodiales_Blechnaceae_Blechnum_filiforme\911637ac-fcc0-490d-9c16-6f33c2bba9b7.jpg,493,480,480 422 299 354 190,0.016260900347808804
data\raw\val\09912_Plantae_Tracheophyta_Polypodiopsida_Polypodiales_Blechnaceae_Blechnum_filiforme\1b250507-999a-47d9-a23f-f2025aec8b2c.jpg,493,480,480 492 432 489 495,0.03555588948648587
data\raw\val\09912_Plantae_Tracheophyta_Polypodiopsida_Polypodiales_Blechnaceae_Blechnum_filiforme\4c5e7566-6252-486e-bbc2-6777c9c9d2a3.jpg,493,316,316 325 333 495 494,0.02525889837346179
data\raw\val\09912_Plantae_Tracheophyta_Polypodiopsida_Polypodiales_Blechnaceae_Blechnum_filiforme\85f68c9b-fda1-4506-9f1b-2631d75487e3.jpg,493,480,480 257 379 499 317,0.03408036698138466
data\raw\val\09912_Plantae_Tracheophyta_Polypodiopsida_Polypodiales_Blechnaceae_Blechnum_filiforme\73d3d051-e56a-4c82-baf1-42e9de36ccca.jpg,493,472,472 498 308 353 482,0.01724000654881065
data\raw\val\09920_Plantae_Tracheophyta_Polypodiopsida_Polypodiales_Blechnaceae_Telmatoblechnum_serrulatum\7065a90b-00e5-4a15-8864-d7f9f6f460b1.jpg,494,217,217 26 10 228 456,0.014865207452726176
data\raw\val\09920_Plantae_Tracheophyta_Polypodiopsida_Polypodiales_Blechnaceae_Telmatoblechnum_serrulatum\0f33d69e-c36e-4f5b-972e-b1d55eaf901f.jpg,494,494,494 278 283 221 395,0.07907778845314091
data\raw\val\09920_Plantae_Tracheophyta_Polypodiopsida_Polypodiales_Blechnaceae_Telmatoblechnum_serrulatum\628295d0-8fef-4977-b78e-d4e16531dfe5.jpg,494,308,308 284 375 459 496,0.026770648648960477
data\raw\val\09920_Plantae_Tracheophyta_Polypodiopsida_Polypodiales_Blechnaceae_Telmatoblechnum_serrulatum\7e4fa682-3947-4326-a7f4-813302948d4d.jpg,494,307,307 393 399 419 403,0.01484979323950729
data\raw\val\09920_Plantae_Tracheophyta_Polypodiopsida_Polypodiales_Blechnaceae_Telmatoblechnum_serrulatum\71572310-253f-43ed-9b8c-cf00bd30f960.jpg,494,242,242 314 325 240 438,0.02241737048848055
data\raw\val\09920_Plantae_Tracheophyta_Polypodiopsida_Polypodiales_Blechnaceae_Telmatoblechnum_serrulatum\d1062d65-dace-4885-b2ee-7a78f5e63476.jpg,494,112,112 105 356 113 231,0.04519169816369428
data\raw\val\09920_Plantae_Tracheophyta_Polypodiopsida_Polypodiales_Blechnaceae_Telmatoblechnum_serrulatum\2463330f-f8e3-4226-8bd4-41e2873cce05.jpg,494,494,494 278 270 456 221,0.0988942351270722
data\raw\val\09920_Plantae_Tracheophyta_Polypodiopsida_Polypodiales_Blechnaceae_Telmatoblechnum_serrulatum\e4843d71-1bce-4c88-babc-a964efc98cb7.jpg,494,393,393 207 435 162 130,0.012767265926033847
data\raw\val\09920_Plantae_Tracheophyta_Polypodiopsida_Polypodiales_Blechnaceae_Telmatoblechnum_serrulatum\b5405f28-512c-49ab-85bd-642b434b0c18.jpg,494,377,377 325 418 226 314,0.01895146045176486
data\raw\val\09920_Plantae_Tracheophyta_Polypodiopsida_Polypodiales_Blechnaceae_Telmatoblechnum_serrulatum\880a0c92-801b-446c-b56e-f50869bf4c10.jpg,494,494,494 278 381 498 495,0.06407218032160887
data\raw\val\09932_Plantae_Tracheophyta_Polypodiopsida_Polypodiales_Dennstaedtiaceae_Pteridium_aquilinum\4d42813d-ac4b-409c-a26d-6a351454f5ce.jpg,495,495,495 479 499 346 333,0.040272823303752564
data\raw\val\09932_Plantae_Tracheophyta_Polypodiopsida_Polypodiales_Dennstaedtiaceae_Pteridium_aquilinum\c7463265-4d88-433f-8dd6-741c9028006a.jpg,495,258,258 196 145 76 41,0.010806656177860733
data\raw\val\09932_Plantae_Tracheophyta_Polypodiopsida_Polypodiales_Dennstaedtiaceae_Pteridium_aquilinum\f5a83683-9b6a-43df-b940-2fffc8d47fc0.jpg,495,495,495 499 415 474 407,0.01594939544520936
data\raw\val\09932_Plantae_Tracheophyta_Polypodiopsida_Polypodiales_Dennstaedtiaceae_Pteridium_aquilinum\1d2cca59-e149-4b81-8b02-10bd760b7e5a.jpg,495,495,495 378 381 499 473,0.08074607329947338
data\raw\val\09932_Plantae_Tracheophyta_Polypodiopsida_Polypodiales_Dennstaedtiaceae_Pteridium_aquilinum\dd5abe94-59de-4fb0-9a28-93257c46ed82.jpg,495,493,493 495 436 497 499,0.028809959500571893
data\raw\val\09932_Plantae_Tracheophyta_Polypodiopsida_Polypodiales_Dennstaedtiaceae_Pteridium_aquilinum\3d2d5289-b333-45bc-aae9-1eb8bd7b409b.jpg,495,311,311 462 499 317 415,0.05033526309894747
data\raw\val\09932_Plantae_Tracheophyta_Polypodiopsida_Polypodiales_Dennstaedtiaceae_Pteridium_aquilinum\20775e58-90f9-493d-bdac-1a740d40cfb7.jpg,495,377,377 350 372 281 334,0.03315781814483069
data\raw\val\09932_Plantae_Tracheophyta_Polypodiopsida_Polypodiales_Dennstaedtiaceae_Pteridium_aquilinum\267f9691-a789-47d5-b40d-ffe1e47a7201.jpg,495,371,371 494 370 361 325,0.01889866446609184
data\raw\val\09932_Plantae_Tracheophyta_Polypodiopsida_Polypodiales_Dennstaedtiaceae_Pteridium_aquilinum\4655c4cf-0350-45fe-8a84-6475d37e82ff.jpg,495,495,495 497 351 494 466,0.02456879418263358
data\raw\val\09932_Plantae_Tracheophyta_Polypodiopsida_Polypodiales_Dennstaedtiaceae_Pteridium_aquilinum\f4bdc98a-9ba6-43b5-8230-bcd3db8e104e.jpg,495,495,495 494 498 283 278,0.13021413574462107
data\raw\val\09955_Plantae_Tracheophyta_Polypodiopsida_Polypodiales_Polypodiaceae_Microsorum_scandens\ce403fb6-aa9f-4687-ac2a-1ce4f3f1b83b.jpg,496,496,496 459 494 297 142,0.050909009426723745
data\raw\val\09955_Plantae_Tracheophyta_Polypodiopsida_Polypodiales_Polypodiaceae_Microsorum_scandens\37638f0d-aa93-4a21-aae1-af7946d76617.jpg,496,349,349 156 316 243 240,0.03443711656016553
data\raw\val\09955_Plantae_Tracheophyta_Polypodiopsida_Polypodiales_Polypodiaceae_Microsorum_scandens\a2895fb5-ec27-494e-98da-5b0629c2b37a.jpg,496,66,66 16 96 28 496,0.04101332017764576
data\raw\val\09955_Plantae_Tracheophyta_Polypodiopsida_Polypodiales_Polypodiaceae_Microsorum_scandens\40dcb29a-bfbe-4ed3-a0fa-66ee989e9be5.jpg,496,369,369 363 293 435 287,0.04904627082340027
data\raw\val\09955_Plantae_Tracheophyta_Polypodiopsida_Polypodiales_Polypodiaceae_Microsorum_scandens\e0952fcf-3005-496e-b3e9-c1ade8e72302.jpg,496,494,494 305 496 331 498,0.026335769212463205
data\raw\val\09955_Plantae_Tracheophyta_Polypodiopsida_Polypodiales_Polypodiaceae_Microsorum_scandens\11c8c820-56dc-4542-9d9c-8a1543ba33dc.jpg,496,308,308 435 434 364 363,0.04438762211803609
data\raw\val\09955_Plantae_Tracheophyta_Polypodiopsida_Polypodiales_Polypodiaceae_Microsorum_scandens\df7c5c82-8167-45f7-ba9e-149ab06e3e7c.jpg,496,496,496 428 458 309 459,0.05628526623487459
data\raw\val\09955_Plantae_Tracheophyta_Polypodiopsida_Polypodiales_Polypodiaceae_Microsorum_scandens\56e0e4cb-982a-4cc4-9028-dc72450c054a.jpg,496,496,496 309 498 428 465,0.03625810033118742
data\raw\val\09955_Plantae_Tracheophyta_Polypodiopsida_Polypodiales_Polypodiaceae_Microsorum_scandens\798e268d-9654-4df1-8819-235f387570e2.jpg,496,496,496 303 494 466 294,0.05154732253970139
data\raw\val\09955_Plantae_Tracheophyta_Polypodiopsida_Polypodiales_Polypodiaceae_Microsorum_scandens\25ceaff3-fc26-4cdc-aaea-3b060da58045.jpg,496,42,42 172 27 113 152,0.022730403233833938
data\raw\val\09958_Plantae_Tracheophyta_Polypodiopsida_Polypodiales_Polypodiaceae_Pleopeltis_michauxiana\28c6f146-70f1-47e2-83ab-53733014d552.jpg,497,436,436 311 360 393 399,0.03164986031271803
data\raw\val\09958_Plantae_Tracheophyta_Polypodiopsida_Polypodiales_Polypodiaceae_Pleopeltis_michauxiana\b2bd729c-4e2a-4682-b8e5-90283a1ce4d5.jpg,497,476,476 310 0 182 413,0.012736545328477318
data\raw\val\09958_Plantae_Tracheophyta_Polypodiopsida_Polypodiales_Polypodiaceae_Pleopeltis_michauxiana\0e49b5a9-1788-4b44-bd74-94f9aa2cbc5a.jpg,497,486,486 396 398 395 365,0.027350647692400216
data\raw\val\09958_Plantae_Tracheophyta_Polypodiopsida_Polypodiales_Polypodiaceae_Pleopeltis_michauxiana\4097be7a-74ee-485d-bb3e-7e4fa4457f70.jpg,497,363,363 309 293 233 364,0.03922805075112092
data\raw\val\09958_Plantae_Tracheophyta_Polypodiopsida_Polypodiales_Polypodiaceae_Pleopeltis_michauxiana\0ec38ede-edb5-4426-992e-103f4e19ce9c.jpg,497,256,256 144 413 497 492,0.036297069713523686
data\raw\val\09958_Plantae_Tracheophyta_Polypodiopsida_Polypodiales_Polypodiaceae_Pleopeltis_michauxiana\c572ac77-0bf1-477b-9a75-60241af62a96.jpg,497,497,497 335 499 415 462,0.025580005408685453
data\raw\val\09958_Plantae_Tracheophyta_Polypodiopsida_Polypodiales_Polypodiaceae_Pleopeltis_michauxiana\86a5b4c4-30aa-4c80-9290-7ceac16bca9f.jpg,497,110,110 456 116 14 13,0.02010461245113201
data\raw\val\09958_Plantae_Tracheophyta_Polypodiopsida_Polypodiales_Polypodiaceae_Pleopeltis_michauxiana\1dd37e8b-b23d-4424-b704-d724421a792f.jpg,497,255,255 398 123 246 124,0.031130001628911556
data\raw\val\09958_Plantae_Tracheophyta_Polypodiopsida_Polypodiales_Polypodiaceae_Pleopeltis_michauxiana\ac1cc78f-2d69-48b7-97b5-21acbb0fb38b.jpg,497,270,270 355 209 210 191,0.043900589131670144
data\raw\val\09958_Plantae_Tracheophyta_Polypodiopsida_Polypodiales_Polypodiaceae_Pleopeltis_michauxiana\7336835f-2ce6-4d88-8818-9c831b711ef2.jpg,497,497,497 493 391 348 269,0.037199187444719034
data\raw\val\09965_Plantae_Tracheophyta_Polypodiopsida_Polypodiales_Pteridaceae_Acrostichum_danaeifolium\c2be6d16-72fa-47b0-96cf-86266ce979d2.jpg,498,498,498 316 489 425 423,0.03944887237130693
data\raw\val\09965_Plantae_Tracheophyta_Polypodiopsida_Polypodiales_Pteridaceae_Acrostichum_danaeifolium\b1bcf430-6712-4bb5-9838-ac8ad41092f5.jpg,498,459,459 434 284 139 223,0.023865632846129806
data\raw\val\09965_Plantae_Tracheophyta_Polypodiopsida_Polypodiales_Pteridaceae_Acrostichum_danaeifolium\bd7ac085-3c80-44e6-a209-4bec74f8f74d.jpg,498,459,459 496 498 278 309,0.07519690322391862
data\raw\val\09965_Plantae_Tracheophyta_Polypodiopsida_Polypodiales_Pteridaceae_Acrostichum_danaeifolium\2db90bd3-d8e3-4b9a-b267-ef656272272b.jpg,498,498,498 425 376 489 459,0.03418014897937771
data\raw\val\09965_Plantae_Tracheophyta_Polypodiopsida_Polypodiales_Pteridaceae_Acrostichum_danaeifolium\dd481bcd-6660-4bf9-a27f-2c246f8c1a37.jpg,498,440,440 310 478 466 476,0.02398930500167274
data\raw\val\09965_Plantae_Tracheophyta_Polypodiopsida_Polypodiales_Pteridaceae_Acrostichum_danaeifolium\7d226142-bfce-46b0-9ab1-54a5c5b02943.jpg,498,494,494 498 381 459 473,0.04350965615954725
data\raw\val\09965_Plantae_Tracheophyta_Polypodiopsida_Polypodiales_Pteridaceae_Acrostichum_danaeifolium\500d3a70-e619-4701-9ca8-9e6f821e379f.jpg,498,423,423 421 429 365 478,0.012102015131367293
data\raw\val\09965_Plantae_Tracheophyta_Polypodiopsida_Polypodiales_Pteridaceae_Acrostichum_danaeifolium\0365b971-e9ef-41d6-a3ed-fb57788927a2.jpg,498,459,459 284 188 458 309,0.06298052034233144
data\raw\val\09965_Plantae_Tracheophyta_Polypodiopsida_Polypodiales_Pteridaceae_Acrostichum_danaeifolium\3b32d2f4-8aca-4fbf-9441-ee441aa61609.jpg,498,489,489 210 459 490 322,0.020592998021976918
data\raw\val\09965_Plantae_Tracheophyta_Polypodiopsida_Polypodiales_Pteridaceae_Acrostichum_danaeifolium\6380aea8-bcd1-4f6e-b4ba-fd7e1aba229d.jpg,498,316,316 425 479 318 325,0.024994098451164525
data\raw\val\09985_Plantae_Tracheophyta_Polypodiopsida_Polypodiales_Pteridaceae_Pteris_macilenta\a9fb2048-755e-4876-afdf-44e13c57cf6a.jpg,499,499,499 473 493 415 495,0.0811440338298831
data\raw\val\09985_Plantae_Tracheophyta_Polypodiopsida_Polypodiales_Pteridaceae_Pteris_macilenta\f5742ce7-2d87-420b-88ed-062f5a0d9634.jpg,499,495,495 499 319 10 181,0.04452194503094058
data\raw\val\09985_Plantae_Tracheophyta_Polypodiopsida_Polypodiales_Pteridaceae_Pteris_macilenta\c10bf765-8aa7-4295-9183-fc27d763e0bf.jpg,499,499,499 317 411 415 346,0.07556015033518794
data\raw\val\09985_Plantae_Tracheophyta_Polypodiopsida_Polypodiales_Pteridaceae_Pteris_macilenta\4a2068a2-eba4-43cc-904b-2971c6d8e343.jpg,499,272,272 472 268 388 233,0.06409802267746698
data\raw\val\09985_Plantae_Tracheophyta_Polypodiopsida_Polypodiales_Pteridaceae_Pteris_macilenta\322022ba-634a-4f8f-b63f-02227f08c6bc.jpg,499,499,499 310 317 311 415,0.0377038504322659
data\raw\val\09985_Plantae_Tracheophyta_Polypodiopsida_Polypodiales_Pteridaceae_Pteris_macilenta\69b3671a-9439-4906-af38-b3b064bb4dbe.jpg,499,499,499 411 357 317 37,0.023141780321358805
data\raw\val\09985_Plantae_Tracheophyta_Polypodiopsida_Polypodiales_Pteridaceae_Pteris_macilenta\44e236dd-6eb9-4a0d-bb97-b2b96e7941c0.jpg,499,499,499 411 317 456 415,0.05611489796807183
data\raw\val\09985_Plantae_Tracheophyta_Polypodiopsida_Polypodiales_Pteridaceae_Pteris_macilenta\61610822-8e23-491c-83d7-115ca8960411.jpg,499,316,316 431 425 314 362,0.01437818336225082
data\raw\val\09985_Plantae_Tracheophyta_Polypodiopsida_Polypodiales_Pteridaceae_Pteris_macilenta\96f3572c-23e2-46b7-ab00-0b5ac0a9b111.jpg,499,499,499 495 497 493 415,0.28112957812806433
data\raw\val\09985_Plantae_Tracheophyta_Polypodiopsida_Polypodiales_Pteridaceae_Pteris_macilenta\e7f91b13-03c4-492b-a4fe-6edcc4735869.jpg,499,495,495 499 480 415 333,0.09851103199249613
